customer_id,churn,age,gender,country,subscription_status,total_orders,total_quantity,total_revenue,average_order_value,average_unit_price,average_rating,total_cancellations,average_purchase_frequency,max_purchase_frequency,min_purchase_frequency,first_purchase_date,last_purchase_date,signup_date,tenure_days,orders_per_month,average_quantity_per_order,product_diversity,category_diversity,product_name_diversity,cancellation_rate,revenue_per_order,revenue_per_unit,purchase_activity_ratio,customer_value,revenue_per_month,quantity_per_month,cancellation_per_order,rating_adjusted_value,frequency_consistency,purchase_intensity,revenue_intensity,quantity_intensity,customer_value_per_month,tenure_years,orders_per_tenure_year,revenue_per_order_month,revenue_x_frequency,orders_x_purchase_activity,value_x_purchase_activity,cancellation_x_frequency,diversity_ratio,recency_band,value_band,frequency_band
CUST1000,0,39,Female,Canada,active,1,5,391.05,391.05,78.21,4.2,0,37.0,37,37,2023-02-21,2023-02-21,2021-07-01,600,0.0476190476190476,5.0,1,1,1,0.0,391.05,78.21,0.0016638935108153,719.5319999999999,19.5525,0.25,0.0,964.17288,1.0,0.6083333333333334,237.88875,3.041666666666667,35.9766,1.643835616438356,0.6083333333333334,19.5525,14859.899999999998,0.0016638935108153,1.19722462562396,0.0,2.0,Long Inactive,Low Value,Low Frequency
CUST1001,1,61,Female,USA,active,1,8,512.16,512.16,64.02,4.0,0,35.0,35,35,2021-08-12,2021-08-12,2020-10-19,297,0.091743119266055,8.0,1,1,1,0.0,512.16,64.02,0.0033557046979865,921.888,51.73333333333333,0.8080808080808081,0.0,1198.4544,1.0,1.228956228956229,629.4222222222222,9.831649831649832,93.12,0.8136986301369863,1.228956228956229,51.73333333333333,18437.76,0.0033557046979865,3.093583892617449,0.0,2.0,Long Inactive,Low Value,Low Frequency
CUST1002,0,26,Female,Pakistan,cancelled,1,2,1208.28,1208.28,604.14,3.9,3,44.0,44,44,2023-04-09,2023-04-09,2023-10-06,0,1.0,2.0,1,1,1,3.0,1208.28,604.14,1.0,2150.7384,12082.8,20.0,3.0,2752.945152,1.0,365.0,441022.2,730.0,21507.384,0.0,365.0,12082.8,54372.6,1.0,2150.7384,135.0,2.0,Long Inactive,High Value,Low Frequency
CUST1003,0,54,Male,India,paused,1,4,338.64,338.64,84.66,4.2,4,1.0,1,1,2024-02-20,2024-02-20,2023-07-30,205,0.1276595744680851,4.0,1,1,1,4.0,338.64,84.66,0.0048543689320388,623.0976,49.557073170731705,0.5853658536585367,4.0,834.9507840000001,1.0,1.7804878048780488,602.9443902439024,7.121951219512195,91.18501463414636,0.5616438356164384,1.7804878048780488,49.557073170731705,677.28,0.0048543689320388,3.024745631067961,8.0,2.0,Long Inactive,Low Value,Low Frequency
CUST1004,0,50,Male,India,active,1,7,438.62,438.62,62.66,4.2,0,35.0,35,35,2024-09-14,2024-09-14,2020-09-12,1463,0.0200937709310113,7.0,1,1,1,0.0,438.62,62.66,0.0006830601092896,807.0608000000001,8.994258373205742,0.1435406698564593,0.0,1081.4614720000002,1.0,0.2494873547505126,109.43014354066985,1.7464114832535884,16.549435406698567,4.008219178082192,0.2494873547505126,8.994258373205742,15790.32,0.0006830601092896,0.5512710382513661,0.0,2.0,Long Inactive,Low Value,Low Frequency
CUST1005,0,46,Male,Pakistan,active,1,8,1772.88,1772.88,221.61,3.9,2,16.0,16,16,2025-08-13,2025-08-13,2023-05-16,820,0.0352941176470588,8.0,1,1,1,2.0,1772.88,221.61,0.0012180267965895,3155.7264000000005,64.86146341463416,0.2926829268292683,2.0,4039.329792000001,1.0,0.4451219512195122,789.1478048780488,3.5609756097560976,115.4534048780488,2.246575342465753,0.4451219512195122,64.86146341463416,30138.960000000003,0.0012180267965895,3.843759317904994,34.0,2.0,At Risk,Very High Value,Low Frequency
CUST1006,0,29,Female,Germany,active,1,4,702.96,702.96,175.74,4.1,1,7.0,7,7,2025-07-15,2025-07-15,2023-10-04,650,0.0441176470588235,4.0,1,1,1,1.0,702.96,175.74,0.0015360983102918,1279.3872,32.44430769230769,0.1846153846153846,1.0,1688.7911039999997,1.0,0.5615384615384615,394.73907692307694,2.246153846153846,59.04863999999999,1.7808219178082192,0.5615384615384615,32.44430769230769,5623.68,0.0015360983102918,1.965264516129032,8.0,2.0,At Risk,Medium Value,Low Frequency
CUST1007,0,24,Female,UK,active,1,5,47.8,47.8,9.56,4.3,2,34.0,34,34,2024-12-31,2024-12-31,2022-11-07,785,0.0368098159509202,5.0,1,1,1,2.0,47.8,9.56,0.0012722646310432,88.908,1.826751592356688,0.1910828025477706,2.0,120.91488,1.0,0.464968152866242,22.22547770700637,2.32484076433121,3.3977579617834395,2.150684931506849,0.464968152866242,1.826751592356688,1673.0000000000002,0.0012722646310432,0.1131145038167939,70.0,2.0,Long Inactive,Low Value,Low Frequency
CUST1008,0,53,Female,Pakistan,paused,1,1,1525.8,1525.8,1525.8,4.2,4,32.0,32,32,2024-12-26,2024-12-26,2021-04-25,1341,0.0218818380743982,1.0,1,1,1,4.0,1525.8,1525.8,0.0007451564828614,2807.472,34.13422818791946,0.0223713646532438,4.0,3762.01248,1.0,0.2721849366144668,415.2997762863535,0.2721849366144668,62.806979865771815,3.673972602739726,0.2721849366144668,34.13422818791946,50351.4,0.0007451564828614,2.092005961251863,132.0,2.0,Long Inactive,Very High Value,Low Frequency
CUST1009,0,38,Male,Germany,active,1,4,1348.96,1348.96,337.24,4.0,2,6.0,6,6,2024-11-29,2024-11-29,2021-09-12,1174,0.0249169435215946,4.0,1,1,1,2.0,1348.96,337.24,0.0008510638297872,2428.128,34.470868824531514,0.1022146507666098,2.0,3156.5664,1.0,0.3109028960817717,419.3955706984668,1.243611584327087,62.04756388415674,3.2164383561643834,0.3109028960817717,34.470868824531514,9442.72,0.0008510638297872,2.066491914893617,14.0,2.0,Long Inactive,High Value,Low Frequency
CUST1010,1,41,Female,UK,active,1,6,1218.3000000000002,1218.3000000000002,203.05,4.3,2,38.0,38,38,2022-02-08,2022-02-08,2020-04-10,669,0.0429184549356223,6.0,1,1,1,2.0,1218.3000000000002,203.05000000000004,0.0014925373134328,2266.038,54.6322869955157,0.2690582959641255,2.0,3081.81168,1.0,0.5455904334828102,664.6928251121078,3.273542600896861,101.6160538116592,1.832876712328767,0.5455904334828102,54.6322869955157,47513.7,0.0014925373134328,3.3821462686567165,78.0,2.0,Long Inactive,High Value,Low Frequency
CUST1011,0,24,Female,Canada,active,1,1,940.17,940.17,940.17,4.2,1,24.0,24,24,2025-12-03,2025-12-03,2022-12-02,1097,0.0266193433895297,1.0,1,1,1,1.0,940.17,940.17,0.0009107468123861,1729.9128,25.71112123974476,0.0273473108477666,1.0,2318.083152,1.0,0.332725615314494,312.81864175022787,0.332725615314494,47.30846308113036,3.0054794520547947,0.332725615314494,25.71112123974476,23504.25,0.0009107468123861,1.575512568306011,25.0,2.0,Very Recent,Medium Value,Low Frequency
CUST1012,1,39,Female,Canada,active,1,9,1519.11,1519.11,168.79,4.4,2,36.0,36,36,2023-01-16,2023-01-16,2020-12-20,757,0.0381194409148665,9.0,1,1,1,2.0,1519.11,168.79,0.0013192612137203,2855.9268,60.20250990752972,0.35667107001321,2.0,3941.1789840000006,1.0,0.4821664464993395,732.4638705416115,4.339498018494055,113.18071862615588,2.073972602739726,0.4821664464993395,60.20250990752972,56207.07,0.0013192612137203,3.76771345646438,74.0,2.0,Long Inactive,Very High Value,Low Frequency
CUST1013,0,61,Female,USA,active,1,8,1894.16,1894.16,236.77,4.2,3,5.0,5,5,2024-09-12,2024-09-12,2021-02-19,1301,0.0225394440270473,8.0,1,1,1,3.0,1894.16,236.77,0.0007680491551459,3485.2544000000003,43.67778631821676,0.1844734819369715,3.0,4670.240896,1.0,0.2805534204458109,531.4130668716372,2.244427363566487,80.36712682551884,3.564383561643836,0.2805534204458109,43.67778631821676,11364.96,0.0007680491551459,2.676846697388633,18.0,2.0,Long Inactive,Very High Value,Low Frequency
CUST1014,0,64,Female,UK,active,1,6,781.92,781.92,130.32,4.1,1,20.0,20,20,2025-04-24,2025-04-24,2021-02-27,1517,0.0193923723335488,6.0,1,1,1,1.0,781.92,130.32,0.0006587615283267,1423.0943999999995,15.46315095583388,0.1186552406064601,1.0,1878.4846079999995,1.0,0.2406064601186552,188.1350032959789,1.4436387607119314,28.142934739617655,4.156164383561644,0.2406064601186552,15.46315095583388,16420.32,0.0006587615283267,0.9374798418972332,21.0,2.0,Long Inactive,Medium Value,Low Frequency
CUST1015,0,28,Female,UK,cancelled,1,3,1001.97,1001.97,333.99,4.4,5,27.0,27,27,2023-11-15,2023-11-15,2021-12-31,684,0.042016806722689,3.0,1,1,1,5.0,1001.97,333.99,0.0014598540145985,1883.7036000000005,43.946052631578944,0.131578947368421,5.0,2599.5109680000005,1.0,0.533625730994152,534.6769736842106,1.600877192982456,82.61857894736843,1.873972602739726,0.533625730994152,43.946052631578944,28055.16,0.0014598540145985,2.749932262773723,140.0,2.0,Long Inactive,Medium Value,Low Frequency
CUST1016,0,34,Female,USA,active,1,1,1875.08,1875.08,1875.08,4.2,1,31.0,31,31,2025-02-08,2025-02-08,2021-06-07,1342,0.0218658892128279,1.0,1,1,1,1.0,1875.08,1875.08,0.0007446016381236,3450.1472,41.916840536512666,0.022354694485842,1.0,4623.197248,1.0,0.2719821162444113,509.9882265275708,0.2719821162444113,77.12698658718331,3.676712328767124,0.2719821162444113,41.916840536512666,60002.56,0.0007446016381236,2.568985256887565,32.0,2.0,Long Inactive,Very High Value,Low Frequency
CUST1017,0,22,Male,Pakistan,cancelled,1,6,1267.44,1267.44,211.24,4.0,0,18.0,18,18,2024-04-08,2024-04-08,2021-09-14,937,0.031023784901758,6.0,1,1,1,0.0,1267.44,211.24,0.0010660980810234,2281.3920000000003,40.57972251867663,0.192102454642476,0.0,2965.8096000000005,1.0,0.3895410885805763,493.7199573105657,2.337246531483458,73.04350053361793,2.5671232876712327,0.3895410885805763,40.57972251867663,24081.36,0.0010660980810234,2.4321876332622603,0.0,2.0,Long Inactive,High Value,Low Frequency
CUST1018,0,42,Male,USA,paused,1,1,1702.39,1702.39,1702.39,4.1,5,14.0,14,14,2025-09-01,2025-09-01,2023-05-25,830,0.0348837209302325,1.0,1,1,1,5.0,1702.39,1702.39,0.0012033694344163,3098.3498,61.5321686746988,0.036144578313253,5.0,4089.821736,1.0,0.4397590361445783,748.6413855421687,0.4397590361445783,111.9885469879518,2.2739726027397262,0.4397590361445783,61.5321686746988,25535.85,0.0012033694344163,3.728459446450061,75.0,2.0,At Risk,Very High Value,Low Frequency
CUST1019,0,51,Female,India,paused,1,8,1596.64,1596.64,199.58,4.3,0,41.0,41,41,2025-08-13,2025-08-13,2022-09-14,1064,0.0274223034734917,8.0,1,1,1,0.0,1596.64,199.58,0.0009389671361502,2969.7504,45.01804511278196,0.225563909774436,0.0,4038.860544,1.0,0.3430451127819549,547.7195488721804,2.744360902255639,83.73356390977443,2.915068493150685,0.3430451127819549,45.01804511278196,67058.88,0.0009389671361502,2.788498028169014,0.0,2.0,At Risk,Very High Value,Low Frequency
CUST1020,0,64,Female,Canada,active,1,6,1452.18,1452.18,242.03,4.5,4,2.0,2,2,2024-01-23,2024-01-23,2022-03-13,681,0.0421940928270042,6.0,1,1,1,4.0,1452.18,242.03,0.001466275659824,2759.142,63.972687224669606,0.2643171806167401,4.0,3862.7988,1.0,0.5359765051395007,778.3343612334802,3.2158590308370045,121.54810572687224,1.8657534246575345,0.5359765051395007,63.972687224669606,4356.54,0.001466275659824,4.04566275659824,12.0,2.0,Long Inactive,High Value,Low Frequency
CUST1021,1,52,Male,Germany,paused,1,7,355.46000000000004,355.46000000000004,50.78,3.7,1,9.0,9,9,2022-06-20,2022-06-20,2021-02-02,503,0.0562851782363977,7.0,1,1,1,1.0,355.46000000000004,50.78000000000001,0.0019841269841269,618.5004,21.20039761431412,0.4174950298210735,1.0,766.940496,1.0,0.7256461232604374,257.93817097415507,5.079522862823062,36.88869184890656,1.378082191780822,0.7256461232604374,21.20039761431412,3554.6000000000004,0.0019841269841269,1.2271833333333333,10.0,2.0,Long Inactive,Low Value,Low Frequency
CUST1022,1,28,Female,Germany,active,1,6,539.22,539.22,89.87,4.3,2,39.0,39,39,2022-05-08,2022-05-08,2022-09-06,0,1.0,6.0,1,1,1,2.0,539.22,89.87,1.0,1002.9492,5392.2,60.0,2.0,1364.010912,1.0,365.0,196815.3,2190.0,10029.492,0.0,365.0,5392.2,21568.800000000003,1.0,1002.9492,80.0,2.0,Long Inactive,Low Value,Low Frequency
CUST1023,0,25,Male,Germany,active,1,8,418.72,418.72,52.34,4.0,5,16.0,16,16,2025-11-06,2025-11-06,2021-04-05,1676,0.0175849941383352,8.0,1,1,1,5.0,418.72,52.34,0.0005963029218843,753.696,7.494988066825776,0.1431980906921241,5.0,979.8048,1.0,0.217780429594272,91.1890214797136,1.7422434367541766,13.490978520286395,4.5917808219178085,0.217780429594272,7.494988066825776,7118.240000000001,0.0005963029218843,0.4494311270125223,85.0,2.0,Recent,Low Value,Low Frequency
CUST1024,1,45,Male,Germany,active,1,3,698.01,698.01,232.67,4.3,2,20.0,20,20,2023-01-29,2023-01-29,2022-04-14,290,0.09375,3.0,1,1,1,2.0,698.01,232.67,0.0034364261168384,1298.2986,72.20793103448277,0.3103448275862069,2.0,1765.6860959999997,1.0,1.2586206896551724,878.5298275862069,3.775862068965517,134.3067517241379,0.7945205479452054,1.2586206896551724,72.20793103448277,14658.21,0.0034364261168384,4.461507216494844,42.0,2.0,Long Inactive,Medium Value,Low Frequency
CUST1025,1,49,Male,India,cancelled,1,5,714.4499999999999,714.4499999999999,142.89,4.2,3,40.0,40,40,2022-09-06,2022-09-06,2021-07-11,422,0.0663716814159292,5.0,1,1,1,3.0,714.4499999999999,142.89,0.0023640661938534,1314.588,50.79028436018957,0.3554502369668246,3.0,1761.54792,1.0,0.8649289099526067,617.9484597156398,4.3246445497630335,93.45412322274882,1.1561643835616435,0.8649289099526067,50.79028436018957,29292.45,0.0023640661938534,3.10777304964539,123.0,2.0,Long Inactive,Medium Value,Low Frequency
CUST1026,0,27,Male,Germany,paused,1,7,312.83,312.83,44.69,4.2,0,28.0,28,28,2025-05-05,2025-05-05,2023-05-15,721,0.0399467376830892,7.0,1,1,1,0.0,312.83,44.69,0.0013850415512465,575.6072,13.01650485436893,0.2912621359223301,0.0,771.3136480000001,1.0,0.5062413314840499,158.36747572815534,3.5436893203883497,23.950368932038835,1.9753424657534249,0.5062413314840499,13.01650485436893,9072.07,0.0013850415512465,0.797239889196676,0.0,2.0,Long Inactive,Low Value,Low Frequency
CUST1027,1,69,Male,Pakistan,cancelled,1,7,975.1,975.1,139.3,4.0,4,42.0,42,42,2022-02-25,2022-02-25,2021-03-23,339,0.08130081300813,7.0,1,1,1,4.0,975.1,139.3,0.0029411764705882,1755.1800000000003,86.2920353982301,0.6194690265486725,4.0,2281.7340000000004,1.0,1.0766961651917404,1049.8864306784662,7.536873156342184,155.32566371681418,0.9287671232876712,1.0766961651917404,86.2920353982301,41929.3,0.0029411764705882,5.162294117647059,172.0,2.0,Long Inactive,Medium Value,Low Frequency
CUST1028,0,66,Male,India,active,1,8,1197.2,1197.2,149.65,4.4,1,45.0,45,45,2025-03-04,2025-03-04,2021-02-06,1487,0.01977587343441,8.0,1,1,1,1.0,1197.2,149.65,0.0006720430107526,2250.7360000000003,24.153328850033624,0.1613987895090786,1.0,3106.015680000001,1.0,0.2454606590450571,293.86550100874246,1.9636852723604568,45.40825823806322,4.073972602739726,0.2454606590450571,24.153328850033624,55071.2,0.0006720430107526,1.5125913978494627,46.0,2.0,Long Inactive,High Value,Low Frequency
CUST1029,0,43,Female,Canada,cancelled,1,6,942.6,942.6,157.1,4.3,3,14.0,14,14,2024-03-22,2024-03-22,2020-08-22,1308,0.0224215246636771,6.0,1,1,1,3.0,942.6,157.1,0.0007639419404125,1753.2359999999996,21.61926605504587,0.1376146788990825,3.0,2384.4009599999995,1.0,0.2790519877675841,263.0344036697247,1.6743119266055049,40.21183486238531,3.5835616438356164,0.2790519877675841,21.61926605504587,14138.999999999998,0.0007639419404125,1.3393705118410997,45.0,2.0,Long Inactive,Medium Value,Low Frequency
CUST1030,1,18,Male,Germany,active,1,9,1642.77,1642.77,182.53,4.5,5,24.0,24,24,2021-01-06,2021-01-06,2021-04-19,0,1.0,9.0,1,1,1,5.0,1642.77,182.53,1.0,3121.263,16427.699999999997,90.0,5.0,4369.7682,1.0,365.0,599611.05,3285.0,31212.63,0.0,365.0,16427.699999999997,41069.25,1.0,3121.263,125.0,2.0,Long Inactive,Very High Value,Low Frequency
CUST1031,0,37,Male,Canada,paused,1,1,31.95,31.95,31.95,4.0,4,9.0,9,9,2023-07-22,2023-07-22,2021-08-19,702,0.040983606557377,1.0,1,1,1,4.0,31.95,31.95,0.0014224751066856,57.51,1.3653846153846154,0.0427350427350427,4.0,74.763,1.0,0.51994301994302,16.612179487179485,0.51994301994302,2.457692307692308,1.9232876712328768,0.51994301994302,1.3653846153846154,319.5,0.0014224751066856,0.0818065433854907,40.0,2.0,Long Inactive,Low Value,Low Frequency
CUST1032,1,52,Female,Germany,cancelled,1,2,1609.54,1609.54,804.77,4.3,0,26.0,26,26,2021-07-27,2021-07-27,2021-09-02,0,1.0,2.0,1,1,1,0.0,1609.54,804.77,1.0,2993.7444,16095.4,20.0,0.0,4071.492383999999,1.0,365.0,587482.1,730.0,29937.444,0.0,365.0,16095.4,43457.58,1.0,2993.7444,0.0,2.0,Long Inactive,Very High Value,Low Frequency
CUST1033,1,50,Male,Canada,active,1,5,1661.9,1661.9,332.38,4.3,5,29.0,29,29,2022-09-25,2022-09-25,2022-03-25,184,0.1401869158878504,5.0,1,1,1,5.0,1661.9,332.38,0.0054054054054054,3091.134,270.9619565217391,0.8152173913043478,5.0,4203.942239999999,1.0,1.9836956521739129,3296.703804347826,9.918478260869565,503.9892391304347,0.5041095890410959,1.9836956521739129,270.9619565217391,49857.0,0.0054054054054054,16.708832432432434,150.0,2.0,Long Inactive,Very High Value,Low Frequency
CUST1034,0,49,Female,UK,active,1,1,1292.65,1292.65,1292.65,3.9,5,12.0,12,12,2025-04-22,2025-04-22,2021-02-26,1516,0.019404915912031,1.0,1,1,1,5.0,1292.65,1292.65,0.000659195781147,2300.9170000000004,25.580145118733512,0.0197889182058047,5.0,2945.1737600000006,1.0,0.2407651715039577,311.225098944591,0.2407651715039577,45.532658311345656,4.153424657534247,0.2407651715039577,25.580145118733512,16804.45,0.000659195781147,1.5167547791694134,65.0,2.0,Long Inactive,High Value,Low Frequency
CUST1035,0,48,Female,India,active,1,7,254.73,254.73,36.39,3.9,3,24.0,24,24,2023-11-23,2023-11-23,2021-11-07,746,0.0386597938144329,7.0,1,1,1,3.0,254.73,36.39,0.001338688085676,453.41940000000005,10.24383378016086,0.2815013404825737,3.0,580.376832,1.0,0.4892761394101877,124.63331099195712,3.424932975871314,18.23402412868633,2.043835616438356,0.4892761394101877,10.24383378016086,6368.25,0.001338688085676,0.6069871485943775,75.0,2.0,Long Inactive,Low Value,Low Frequency
CUST1036,0,42,Male,UK,paused,1,7,554.3299999999999,554.3299999999999,79.19,4.4,0,13.0,13,13,2024-01-14,2024-01-14,2023-03-08,312,0.087719298245614,7.0,1,1,1,0.0,554.3299999999999,79.18999999999998,0.0031948881789137,1042.1404,53.30096153846153,0.673076923076923,0.0,1438.1537520000002,1.0,1.1698717948717947,648.4950320512819,8.189102564102564,100.20580769230769,0.8547945205479452,1.1698717948717947,53.30096153846153,7760.619999999999,0.0031948881789137,3.329522044728434,0.0,2.0,Long Inactive,Medium Value,Low Frequency
CUST1037,0,66,Male,India,active,1,4,376.24,376.24,94.06,4.0,3,48.0,48,48,2023-05-16,2023-05-16,2023-03-25,52,0.3658536585365853,4.0,1,1,1,3.0,376.24,94.06,0.0188679245283018,677.2320000000001,217.06153846153845,2.3076923076923075,3.0,880.4016000000001,1.0,7.019230769230769,2640.915384615385,28.07692307692308,390.7107692307693,0.1424657534246575,7.019230769230769,217.06153846153845,18435.76,0.0188679245283018,12.777962264150943,147.0,2.0,Long Inactive,Low Value,Low Frequency
CUST1038,0,25,Female,Pakistan,paused,1,2,1572.96,1572.96,786.48,4.2,3,11.0,11,11,2023-06-29,2023-06-29,2022-02-17,497,0.0569259962049335,2.0,1,1,1,3.0,1572.96,786.48,0.002008032128514,2894.2464,94.94728370221328,0.1207243460764587,3.0,3878.290176,1.0,0.7344064386317907,1155.1919517102615,1.4688128772635811,174.70300201207243,1.3616438356164384,0.7344064386317907,94.94728370221328,18875.52,0.002008032128514,5.811739759036144,36.0,2.0,Long Inactive,Very High Value,Low Frequency
CUST1039,0,40,Female,India,active,1,6,123.3,123.3,20.55,4.2,5,47.0,47,47,2024-12-13,2024-12-13,2022-04-12,976,0.0298210735586481,6.0,1,1,1,5.0,123.3,20.55,0.0010235414534288,226.87200000000004,3.789959016393443,0.1844262295081967,5.0,304.0084800000001,1.0,0.3739754098360655,46.111168032786885,2.2438524590163933,6.973524590163936,2.673972602739726,0.3739754098360655,3.789959016393443,5918.400000000001,0.0010235414534288,0.2322128966223132,240.0,2.0,Long Inactive,Low Value,Low Frequency
CUST1040,0,31,Male,USA,active,1,5,1016.15,1016.15,203.23,4.5,3,45.0,45,45,2025-06-08,2025-06-08,2023-08-05,673,0.0426742532005689,5.0,1,1,1,3.0,1016.15,203.23,0.0014836795252225,1930.685,45.2964338781575,0.2228826151560178,3.0,2702.959,1.0,0.5423476968796433,551.1066121842496,2.7117384843982166,86.06322436849925,1.8438356164383565,0.5423476968796433,45.2964338781575,46742.9,0.0014836795252225,2.864517804154303,138.0,2.0,Long Inactive,Medium Value,Low Frequency
CUST1041,0,55,Female,Pakistan,active,1,7,455.49,455.49,65.07,4.3,5,5.0,5,5,2025-03-28,2025-03-28,2022-07-19,983,0.0296150049358341,7.0,1,1,1,5.0,455.49,65.07,0.0010162601626016,847.2113999999998,13.901017293997963,0.2136317395727365,5.0,1152.2075039999995,1.0,0.3713123092573754,169.1290437436419,2.599186164801628,25.85589216683621,2.6931506849315068,0.3713123092573754,13.901017293997963,2732.94,0.0010162601626016,0.8609871951219511,30.0,2.0,Long Inactive,Low Value,Low Frequency
CUST1042,0,57,Other,Germany,paused,1,1,1954.64,1954.64,1954.64,4.2,4,36.0,36,36,2025-03-15,2025-03-15,2023-05-23,662,0.0433526011560693,1.0,1,1,1,4.0,1954.64,1954.64,0.0015082956259426,3596.537600000001,88.57885196374623,0.0453172205438066,4.0,4819.360384000001,1.0,0.5513595166163142,1077.7093655589124,0.5513595166163142,162.98508761329308,1.8136986301369864,0.5513595166163142,88.57885196374623,72321.68000000001,0.0015082956259426,5.424641930618402,148.0,2.0,Long Inactive,Very High Value,Low Frequency
CUST1043,0,55,Female,UK,active,1,7,132.86,132.86,18.98,4.3,4,45.0,45,45,2024-05-28,2024-05-28,2023-04-22,402,0.0694444444444444,7.0,1,1,1,4.0,132.86,18.98,0.0024813895781637,247.1196,9.914925373134327,0.5223880597014925,4.0,336.082656,1.0,0.9079601990049752,120.63159203980102,6.355721393034826,18.44176119402985,1.1013698630136983,0.9079601990049752,9.914925373134327,6111.56,0.0024813895781637,0.6132000000000001,184.0,2.0,Long Inactive,Low Value,Low Frequency
CUST1044,0,47,Male,Germany,cancelled,1,3,1963.68,1963.68,654.56,4.0,5,48.0,48,48,2023-11-12,2023-11-12,2022-11-03,374,0.0742574257425742,3.0,1,1,1,5.0,1963.68,654.56,0.0026666666666666,3534.624,157.51443850267378,0.2406417112299465,5.0,4595.0112,1.0,0.9759358288770054,1916.4256684491977,2.927807486631016,283.5259893048128,1.0246575342465754,0.9759358288770054,157.51443850267378,96220.32,0.0026666666666666,9.425664,245.0,2.0,Long Inactive,Very High Value,Low Frequency
CUST1045,1,29,Male,Pakistan,active,1,5,1670.85,1670.85,334.17,3.3,0,6.0,6,6,2022-05-22,2022-05-22,2020-11-30,538,0.0528169014084507,5.0,1,1,1,0.0,1670.85,334.17,0.0018552875695732,2773.611,93.1700743494424,0.2788104089219331,0.0,3217.38876,1.0,0.6784386617100372,1133.5692379182158,3.392193308550186,154.66232342007433,1.473972602739726,0.6784386617100372,93.1700743494424,11695.95,0.0018552875695732,5.1458460111317255,0.0,2.0,Long Inactive,Very High Value,Low Frequency
CUST1046,0,19,Female,Pakistan,active,1,5,1098.75,1098.75,219.75,4.1,0,37.0,37,37,2025-01-14,2025-01-14,2023-03-21,665,0.0431654676258992,5.0,1,1,1,0.0,1098.75,219.75,0.0015015015015015,1999.725,49.56766917293233,0.225563909774436,0.0,2639.637,1.0,0.5488721804511278,603.0733082706768,2.744360902255639,90.21315789473684,1.821917808219178,0.5488721804511278,49.56766917293233,41752.5,0.0015015015015015,3.00259009009009,0.0,2.0,Long Inactive,High Value,Low Frequency
CUST1047,1,38,Male,Canada,active,1,7,1561.35,1561.35,223.05,4.4,1,23.0,23,23,2022-09-07,2022-09-07,2021-07-13,421,0.0665188470066518,7.0,1,1,1,1.0,1561.35,223.05,0.0023696682464454,2935.3380000000006,111.2600950118765,0.498812351543943,1.0,4050.766440000001,1.0,0.8669833729216152,1353.664489311164,6.068883610451306,209.16897862232784,1.1534246575342466,0.8669833729216152,111.2600950118765,37472.4,0.0023696682464454,6.955777251184836,24.0,2.0,Long Inactive,Very High Value,Low Frequency
CUST1048,0,48,Male,Pakistan,paused,1,4,599.52,599.52,149.88,3.6,5,35.0,35,35,2025-04-18,2025-04-18,2023-10-04,562,0.0506756756756756,4.0,1,1,1,5.0,599.52,149.88,0.0017761989342806,1031.1744,32.002846975088964,0.2135231316725978,5.0,1258.0327679999998,1.0,0.6494661921708186,389.3679715302491,2.5978647686832743,55.044896797153015,1.5397260273972602,0.6494661921708186,32.002846975088964,21582.72,0.0017761989342806,1.8315708703374776,180.0,2.0,Long Inactive,Medium Value,Low Frequency
CUST1049,0,58,Male,Germany,active,1,9,1487.43,1487.43,165.27,4.2,4,30.0,30,30,2025-04-01,2025-04-01,2022-06-17,1019,0.0285986653956148,9.0,1,1,1,4.0,1487.43,165.27,0.0009803921568627,2736.8712,43.79087340529932,0.2649656526005888,4.0,3667.407408000001,1.0,0.3581943081452404,532.788959764475,3.223748773307164,80.57520706575073,2.791780821917808,0.3581943081452404,43.79087340529932,46110.33,0.0009803921568627,2.683207058823529,124.0,2.0,Long Inactive,High Value,Low Frequency
CUST1050,0,27,Female,Pakistan,paused,1,8,1780.96,1780.96,222.62,4.4,0,37.0,37,37,2024-08-15,2024-08-15,2020-08-29,1447,0.0203114421123899,8.0,1,1,1,0.0,1780.96,222.62,0.0006906077348066,3348.2048000000004,36.92384243261921,0.165860400829302,0.0,4620.522624000001,1.0,0.2522460262612301,449.2400829302004,2.017968210089841,69.41682377332413,3.964383561643836,0.2522460262612301,36.92384243261921,67676.48,0.0006906077348066,2.312296132596685,0.0,2.0,Long Inactive,Very High Value,Low Frequency
CUST1051,0,54,Male,Canada,active,1,2,90.34,90.34,45.17,4.2,2,14.0,14,14,2023-07-13,2023-07-13,2022-05-12,427,0.0656455142231947,2.0,1,1,1,2.0,90.34,45.17,0.0023364485981308,166.2256,6.347072599531616,0.1405152224824356,2.0,222.742304,1.0,0.8548009367681499,77.22271662763467,1.7096018735363,11.678613583138176,1.16986301369863,0.8548009367681499,6.347072599531616,1355.1,0.0023364485981308,0.3883775700934579,30.0,2.0,Long Inactive,Low Value,Low Frequency
CUST1052,0,67,Female,USA,active,1,8,1095.6,1095.6,136.95,4.3,3,4.0,4,4,2025-05-28,2025-05-28,2020-09-09,1722,0.0171232876712328,8.0,1,1,1,3.0,1095.6,136.95,0.0005803830528148,2037.816,19.08710801393728,0.1393728222996515,3.0,2771.4297599999995,1.0,0.2119628339140534,232.2264808362369,1.6957026713124272,35.502020905923345,4.717808219178083,0.2119628339140534,19.08710801393728,5478.0,0.0005803830528148,1.182713871154962,15.0,2.0,Long Inactive,High Value,Low Frequency
CUST1053,1,51,Female,Canada,cancelled,1,3,969.12,969.12,323.04,4.2,4,8.0,8,8,2021-08-16,2021-08-16,2020-05-10,463,0.0608519269776876,3.0,1,1,1,4.0,969.12,323.04,0.0021551724137931,1783.1808000000003,62.793952483801306,0.1943844492440604,4.0,2389.4622720000007,1.0,0.7883369330453563,763.9930885529159,2.365010799136069,115.5408725701944,1.2684931506849315,0.7883369330453563,62.793952483801306,8722.080000000002,0.0021551724137931,3.843062068965518,36.0,2.0,Long Inactive,Medium Value,Low Frequency
CUST1054,0,59,Male,UK,cancelled,1,3,312.0,312.0,104.0,4.1,0,1.0,1,1,2024-04-26,2024-04-26,2023-03-05,418,0.0669642857142857,3.0,1,1,1,0.0,312.0,104.0,0.0023866348448687,567.8399999999999,22.392344497607656,0.2153110047846889,0.0,749.5487999999998,1.0,0.8732057416267943,272.4401913875598,2.619617224880383,40.75406698564593,1.1452054794520548,0.8732057416267943,22.392344497607656,624.0,0.0023866348448687,1.3552267303102623,0.0,2.0,Long Inactive,Low Value,Low Frequency
CUST1055,1,42,Female,USA,cancelled,1,3,754.8,754.8,251.6,3.7,4,23.0,23,23,2022-04-08,2022-04-08,2022-09-04,0,1.0,3.0,1,1,1,4.0,754.8,251.6,1.0,1313.352,7547.999999999999,30.0,4.0,1628.5564799999995,1.0,365.0,275502.0,1095.0,13133.52,0.0,365.0,7547.999999999999,18115.2,1.0,1313.352,96.0,2.0,Long Inactive,Medium Value,Low Frequency
CUST1056,0,38,Male,USA,active,1,2,944.08,944.08,472.04,4.2,0,17.0,17,17,2023-12-28,2023-12-28,2023-08-15,135,0.1818181818181818,2.0,1,1,1,0.0,944.08,472.04,0.0073529411764705,1737.1072,209.79555555555555,0.4444444444444444,0.0,2327.723648,1.0,2.703703703703704,2552.5125925925927,5.407407407407407,386.02382222222224,0.3698630136986301,2.703703703703704,209.79555555555555,16993.440000000002,0.0073529411764705,12.77284705882353,0.0,2.0,Long Inactive,Medium Value,Low Frequency
CUST1057,0,23,Female,Germany,active,1,8,174.8,174.8,21.85,4.2,5,1.0,1,1,2025-11-02,2025-11-02,2023-02-27,979,0.0297324083250743,8.0,1,1,1,5.0,174.8,21.85,0.0010204081632653,321.63200000000006,5.356486210418795,0.2451481103166496,5.0,430.9868800000001,1.0,0.372829417773238,65.17058222676201,2.982635342185904,9.855934627170583,2.682191780821918,0.372829417773238,5.356486210418795,349.6,0.0010204081632653,0.328195918367347,10.0,2.0,Recent,Low Value,Low Frequency
CUST1058,0,18,Male,USA,active,1,5,1476.1,1476.1,295.22,4.2,3,18.0,18,18,2023-05-18,2023-05-18,2021-04-22,756,0.0381679389312977,5.0,1,1,1,3.0,1476.1,295.22,0.0013210039630118,2716.0240000000003,58.57539682539683,0.1984126984126984,3.0,3639.4721600000007,1.0,0.4828042328042328,712.6673280423281,2.414021164021164,107.77873015873016,2.0712328767123287,0.4828042328042328,58.57539682539683,28045.9,0.0013210039630118,3.587878467635403,57.0,2.0,Long Inactive,High Value,Low Frequency
CUST1059,1,41,Female,Canada,paused,1,5,1811.3,1811.3,362.26,4.3,0,13.0,13,13,2023-02-09,2023-02-09,2020-08-30,893,0.0325027085590465,5.0,1,1,1,0.0,1811.3,362.26,0.0011185682326621,3369.018,60.849944008958566,0.167973124300112,0.0,4581.864479999999,1.0,0.4087346024636059,740.3409854423293,2.0436730123180293,113.18089585666291,2.4465753424657533,0.4087346024636059,60.849944008958566,25358.2,0.0011185682326621,3.7684765100671136,0.0,2.0,Long Inactive,Very High Value,Low Frequency
CUST1060,1,35,Female,Canada,cancelled,1,6,1720.38,1720.38,286.73,3.7,1,42.0,42,42,2021-09-21,2021-09-21,2021-08-16,36,0.4545454545454545,6.0,1,1,1,1.0,1720.38,286.73,0.027027027027027,2993.4612,1433.65,5.0,1.0,3711.891888,1.0,10.13888888888889,17442.74166666667,60.833333333333336,2494.5510000000004,0.0986301369863013,10.13888888888889,1433.65,73976.34000000001,0.027027027027027,80.90435675675677,43.0,2.0,Long Inactive,Very High Value,Low Frequency
CUST1061,0,39,Female,Canada,active,1,9,312.12,312.12,34.68,4.3,3,2.0,2,2,2024-10-01,2024-10-01,2021-12-29,1007,0.0289296046287367,9.0,1,1,1,3.0,312.12,34.68,0.0009920634920634,580.5432,9.298510427010925,0.2681231380337636,3.0,789.5387519999998,1.0,0.362462760675273,113.13187686196623,3.2621648460774577,17.295229394240316,2.758904109589041,0.362462760675273,9.298510427010925,936.36,0.0009920634920634,0.5759357142857142,9.0,2.0,Long Inactive,Low Value,Low Frequency
CUST1062,0,33,Female,UK,paused,1,4,1483.88,1483.88,370.97,4.0,4,13.0,13,13,2024-02-02,2024-02-02,2021-09-09,876,0.0331125827814569,4.0,1,1,1,4.0,1483.88,370.97,0.0011402508551881,2670.9840000000004,50.81780821917809,0.136986301369863,4.0,3472.2792000000004,1.0,0.4166666666666667,618.2833333333334,1.6666666666666667,91.47205479452056,2.4,0.4166666666666667,50.81780821917809,20774.32,0.0011402508551881,3.045591790193843,56.0,2.0,Long Inactive,High Value,Low Frequency
CUST1063,1,34,Female,Canada,active,1,2,1683.9,1683.9,841.95,4.2,4,9.0,9,9,2022-10-03,2022-10-03,2020-11-26,676,0.0424929178470254,2.0,1,1,1,4.0,1683.9,841.95,0.001477104874446,3098.376,74.7292899408284,0.0887573964497041,4.0,4151.823840000001,1.0,0.5399408284023669,909.2063609467456,1.0798816568047338,137.50189349112426,1.852054794520548,0.5399408284023669,74.7292899408284,16839.0,0.001477104874446,4.5766262924667656,40.0,2.0,Long Inactive,Very High Value,Low Frequency
CUST1064,0,22,Female,Germany,cancelled,1,1,1795.65,1795.65,1795.65,4.2,4,16.0,16,16,2023-03-02,2023-03-02,2022-08-07,207,0.1265822784810126,1.0,1,1,1,4.0,1795.65,1795.65,0.0048076923076923,3303.996,260.2391304347826,0.144927536231884,4.0,4427.3546400000005,1.0,1.7632850241545894,3166.2427536231885,1.7632850241545894,478.84,0.5671232876712329,1.7632850241545894,260.2391304347826,30526.050000000003,0.0048076923076923,15.884596153846156,68.0,2.0,Long Inactive,Very High Value,Low Frequency
CUST1065,0,56,Male,Pakistan,paused,1,3,1378.68,1378.68,459.56,4.4,1,7.0,7,7,2025-12-06,2025-12-06,2020-11-16,1846,0.0159914712153518,3.0,1,1,1,1.0,1378.68,459.56,0.0005414185165132,2591.9184000000005,22.405417118093176,0.0487540628385698,1.0,3576.847392000001,1.0,0.1977248104008667,272.59924160346696,0.5931744312026002,42.122184182015175,5.057534246575343,0.1977248104008667,22.405417118093176,11029.44,0.0005414185165132,1.403312615051435,8.0,2.0,Very Recent,High Value,Low Frequency
CUST1066,0,54,Female,Pakistan,cancelled,1,5,969.3,969.3,193.86,4.1,3,9.0,9,9,2024-10-04,2024-10-04,2023-07-13,449,0.0626304801670146,5.0,1,1,1,3.0,969.3,193.86,0.0022222222222222,1764.126,64.76391982182628,0.3340757238307349,3.0,2328.64632,1.0,0.8129175946547884,787.9610244988866,4.064587973273943,117.87033407572385,1.2301369863013698,0.8129175946547884,64.76391982182628,9693.0,0.0022222222222222,3.92028,30.0,2.0,Long Inactive,Medium Value,Low Frequency
CUST1067,0,66,Female,UK,active,1,3,541.89,541.89,180.63,4.3,4,39.0,39,39,2024-10-30,2024-10-30,2021-09-24,1132,0.0258175559380378,3.0,1,1,1,4.0,541.89,180.63,0.0008826125330979,1007.9154,14.361042402826854,0.0795053003533568,4.0,1370.7649439999998,1.0,0.3224381625441695,174.72601590106007,0.9673144876325088,26.711538869257947,3.1013698630136988,0.3224381625441695,14.361042402826854,21675.6,0.0008826125330979,0.8895987643424536,160.0,2.0,Long Inactive,Low Value,Low Frequency
CUST1068,0,45,Other,Canada,active,1,1,1217.67,1217.67,1217.67,4.2,5,40.0,40,40,2024-11-09,2024-11-09,2023-05-27,532,0.0533807829181494,1.0,1,1,1,5.0,1217.67,1217.67,0.0018761726078799,2240.5128000000004,68.6656015037594,0.056390977443609,5.0,3002.287152000001,1.0,0.6860902255639098,835.4314849624061,0.6860902255639098,126.34470676691733,1.4575342465753425,0.6860902255639098,68.6656015037594,49924.47,0.0018761726078799,4.203588742964354,205.0,2.0,Long Inactive,High Value,Low Frequency
CUST1069,0,19,Male,Canada,active,1,6,1572.6,1572.6,262.1,4.3,4,33.0,33,33,2025-06-29,2025-06-29,2022-01-25,1251,0.0234192037470725,6.0,1,1,1,4.0,1572.6,262.1,0.0007987220447284,2925.036,37.71223021582734,0.1438848920863309,4.0,3978.04896,1.0,0.2917665867306155,458.832134292566,1.750599520383693,70.14474820143884,3.4273972602739726,0.2917665867306155,37.71223021582734,53468.4,0.0007987220447284,2.336290734824281,136.0,2.0,At Risk,Very High Value,Low Frequency
CUST1070,0,33,Female,India,active,1,3,1398.39,1398.39,466.13,4.5,3,25.0,25,25,2024-12-18,2024-12-18,2023-07-29,508,0.0557620817843866,3.0,1,1,1,3.0,1398.39,466.13,0.0019646365422396,2656.941,82.58208661417322,0.1771653543307086,3.0,3719.7174,1.0,0.718503937007874,1004.7487204724408,2.1555118110236218,156.90596456692913,1.3917808219178085,0.718503937007874,82.58208661417322,36358.14,0.0019646365422396,5.219923379174852,78.0,2.0,Long Inactive,High Value,Low Frequency
CUST1071,0,62,Female,India,active,1,3,1095.48,1095.48,365.16,4.1,2,13.0,13,13,2024-01-03,2024-01-03,2021-09-10,845,0.0342857142857142,3.0,1,1,1,2.0,1095.48,365.16,0.0011820330969267,1993.7736,38.89278106508876,0.1065088757396449,2.0,2631.781152,1.0,0.4319526627218935,473.1955029585799,1.2958579881656804,70.78486153846153,2.315068493150685,0.4319526627218935,38.89278106508876,15336.72,0.0011820330969267,2.356706382978723,28.0,2.0,Long Inactive,High Value,Low Frequency
CUST1072,1,34,Male,Canada,active,1,5,120.4,120.4,24.08,4.2,3,28.0,28,28,2021-01-04,2021-01-04,2020-12-14,21,0.5882352941176471,5.0,1,1,1,3.0,120.4,24.08,0.0454545454545454,221.536,172.0,7.142857142857143,3.0,296.85824,1.0,17.38095238095238,2092.6666666666665,86.90476190476191,316.48,0.0575342465753424,17.38095238095238,172.0,3491.6,0.0454545454545454,10.069818181818182,87.0,2.0,Long Inactive,Low Value,Low Frequency
CUST1073,1,57,Male,Pakistan,cancelled,1,5,837.35,837.35,167.47,4.0,0,13.0,13,13,2022-10-20,2022-10-20,2021-01-11,647,0.0443131462333825,5.0,1,1,1,0.0,837.35,167.47,0.0015432098765432,1507.23,38.826120556414224,0.231839258114374,0.0,1959.399,1.0,0.5641421947449768,472.3844667697064,2.8207109737248843,69.8870170015456,1.772602739726027,0.5641421947449768,38.826120556414224,11722.9,0.0015432098765432,2.325972222222222,0.0,2.0,Long Inactive,Medium Value,Low Frequency
CUST1074,0,21,Female,India,active,1,6,266.16,266.16,44.36,4.1,2,27.0,27,27,2025-05-21,2025-05-21,2021-08-19,1371,0.0214132762312633,6.0,1,1,1,2.0,266.16,44.35999999999999,0.0007288629737609,484.4111999999999,5.824070021881837,0.1312910284463894,2.0,639.4227839999998,1.0,0.2662290299051787,70.85951859956235,1.5973741794310723,10.599807439824945,3.756164383561644,0.2662290299051787,5.824070021881837,7452.48,0.0007288629737609,0.3530693877551019,56.0,2.0,Long Inactive,Low Value,Low Frequency
CUST1075,0,43,Female,USA,cancelled,1,5,788.5,788.5,157.7,4.1,1,32.0,32,32,2024-02-20,2024-02-20,2022-08-20,549,0.0518134715025906,5.0,1,1,1,1.0,788.5,157.7,0.0018181818181818,1435.07,43.08743169398907,0.2732240437158469,1.0,1894.2924,1.0,0.6648451730418944,524.2304189435338,3.324225865209472,78.4191256830601,1.5041095890410958,0.6648451730418944,43.08743169398907,26020.5,0.0018181818181818,2.6092181818181817,33.0,2.0,Long Inactive,Medium Value,Low Frequency
CUST1076,1,63,Male,USA,cancelled,1,6,1467.0,1467.0,244.5,4.0,5,19.0,19,19,2022-06-08,2022-06-08,2021-03-05,460,0.0612244897959183,6.0,1,1,1,5.0,1467.0,244.5,0.0021691973969631,2640.6,95.67391304347824,0.3913043478260869,5.0,3432.78,1.0,0.7934782608695653,1164.0326086956522,4.760869565217392,172.21304347826086,1.2602739726027397,0.7934782608695653,95.67391304347824,29340.0,0.0021691973969631,5.727982646420824,100.0,2.0,Long Inactive,High Value,Low Frequency
CUST1077,0,35,Female,UK,cancelled,1,1,1519.11,1519.11,1519.11,4.1,2,47.0,47,47,2024-08-12,2024-08-12,2021-07-17,1122,0.0260416666666666,1.0,1,1,1,2.0,1519.11,1519.11,0.0008904719501335,2764.7802,40.61791443850267,0.0267379679144385,2.0,3649.509863999999,1.0,0.3253119429590018,494.18462566844914,0.3253119429590018,73.92460427807487,3.073972602739726,0.3253119429590018,40.61791443850267,72917.28,0.0008904719501335,2.461959216384684,96.0,2.0,Long Inactive,Very High Value,Low Frequency
CUST1078,0,55,Female,UK,cancelled,1,8,1282.08,1282.08,160.26,3.9,2,44.0,44,44,2023-12-29,2023-12-29,2021-11-04,785,0.0368098159509202,8.0,1,1,1,2.0,1282.08,160.26,0.0012722646310432,2282.1024,48.99668789808917,0.3057324840764331,2.0,2921.091072,1.0,0.464968152866242,596.1263694267515,3.719745222929936,87.21410445859871,2.150684931506849,0.464968152866242,48.99668789808917,57693.6,0.0012722646310432,2.903438167938931,90.0,2.0,Long Inactive,High Value,Low Frequency
CUST1079,0,54,Male,Germany,active,1,7,1078.0,1078.0,154.0,4.0,5,21.0,21,21,2025-05-21,2025-05-21,2020-05-10,1837,0.0160685591858596,7.0,1,1,1,5.0,1078.0,154.0,0.000544069640914,1940.4,17.604790419161677,0.1143168209036472,5.0,2522.52,1.0,0.1986935220468154,214.19161676646704,1.390854654327708,31.688622754491018,5.032876712328767,0.1986935220468154,17.604790419161677,23716.0,0.000544069640914,1.0557127312295975,110.0,2.0,Long Inactive,High Value,Low Frequency
CUST1080,0,53,Male,Germany,active,1,7,834.12,834.12,119.16,4.2,0,4.0,4,4,2023-10-10,2023-10-10,2021-02-11,971,0.0299700299700299,7.0,1,1,1,0.0,834.12,119.16,0.0010288065843621,1534.7808,25.770957775489187,0.2162718846549948,0.0,2056.606272,1.0,0.3759011328527291,313.5466529351184,2.631307929969104,47.4185623069001,2.66027397260274,0.3759011328527291,25.770957775489187,4170.6,0.0010288065843621,1.5789925925925927,0.0,2.0,Long Inactive,Medium Value,Low Frequency
CUST1081,0,20,Male,USA,active,1,5,341.04999999999995,341.04999999999995,68.21,4.0,5,8.0,8,8,2023-12-18,2023-12-18,2023-01-07,345,0.08,5.0,1,1,1,5.0,341.04999999999995,68.21,0.0028901734104046,613.89,29.65652173913043,0.4347826086956521,5.0,798.057,1.0,1.0579710144927537,360.8210144927536,5.2898550724637685,53.38173913043478,0.9452054794520548,1.0579710144927537,29.65652173913043,3069.45,0.0028901734104046,1.7742485549132947,45.0,2.0,Long Inactive,Low Value,Low Frequency
CUST1082,1,18,Male,UK,active,1,7,788.41,788.41,112.63,3.4,0,20.0,20,20,2022-02-20,2022-02-20,2021-09-23,150,0.1666666666666666,7.0,1,1,1,0.0,788.41,112.63,0.0066225165562913,1324.5287999999998,157.682,1.4,0.0,1562.9439839999998,1.0,2.4333333333333336,1918.4643333333331,17.033333333333335,264.90576,0.410958904109589,2.4333333333333336,157.682,16556.61,0.0066225165562913,8.771713907284767,0.0,2.0,Long Inactive,Medium Value,Low Frequency
CUST1083,0,44,Female,UK,active,1,6,1616.16,1616.16,269.36,4.4,0,16.0,16,16,2023-08-11,2023-08-11,2021-03-10,884,0.0328227571115973,6.0,1,1,1,0.0,1616.16,269.36,0.0011299435028248,3038.3808000000004,54.847058823529416,0.2036199095022624,0.0,4192.965504000001,1.0,0.41289592760181,667.3058823529412,2.47737556561086,103.11247058823533,2.421917808219178,0.41289592760181,54.847058823529416,27474.72,0.0011299435028248,3.4331986440677973,0.0,2.0,Long Inactive,Very High Value,Low Frequency
CUST1084,0,20,Male,Pakistan,active,1,1,1032.49,1032.49,1032.49,4.2,0,1.0,1,1,2025-04-26,2025-04-26,2021-02-12,1534,0.0191815856777493,1.0,1,1,1,0.0,1032.49,1032.49,0.0006514657980456,1899.7816,20.19211212516297,0.0195567144719687,0.0,2545.7073440000004,1.0,0.2379400260756193,245.6706975228161,0.2379400260756193,37.15348631029987,4.2027397260273975,0.2379400260756193,20.19211212516297,2064.98,0.0006514657980456,1.2376427361563518,0.0,2.0,Long Inactive,Medium Value,Low Frequency
CUST1085,0,51,Female,Germany,active,1,2,506.14,506.14,253.07,4.2,0,7.0,7,7,2023-11-27,2023-11-27,2021-04-04,967,0.0300902708124373,2.0,1,1,1,0.0,506.14,253.07,0.0010330578512396,931.2976,15.7023784901758,0.062047569803516,0.0,1247.9387840000002,1.0,0.3774560496380558,191.0456049638056,0.7549120992761117,28.892376421923476,2.649315068493151,0.3774560496380558,15.7023784901758,4049.12,0.0010330578512396,0.9620842975206612,0.0,2.0,Long Inactive,Low Value,Low Frequency
CUST1086,0,55,Female,Germany,active,1,8,1515.28,1515.28,189.41,4.3,1,3.0,3,3,2024-06-21,2024-06-21,2021-01-15,1253,0.0233826968043647,8.0,1,1,1,1.0,1515.28,189.41,0.0007974481658692,2818.4208,36.27964884277733,0.1915403032721468,1.0,3833.052288,1.0,0.2913008778930566,441.4023942537909,2.330407023144453,67.48014684756583,3.432876712328768,0.2913008778930566,36.27964884277733,6061.12,0.0007974481658692,2.2475444976076555,4.0,2.0,Long Inactive,Very High Value,Low Frequency
CUST1087,0,52,Female,Pakistan,cancelled,1,1,1495.51,1495.51,1495.51,4.3,1,45.0,45,45,2023-06-20,2023-06-20,2022-05-04,412,0.0678733031674208,1.0,1,1,1,1.0,1495.51,1495.51,0.0024213075060532,2781.6486,108.89635922330098,0.0728155339805825,1.0,3783.042096,1.0,0.8859223300970873,1324.905703883495,0.8859223300970873,202.5472281553398,1.1287671232876713,0.8859223300970873,108.89635922330098,68793.46,0.0024213075060532,6.735226634382567,46.0,2.0,Long Inactive,Very High Value,Low Frequency
CUST1088,1,31,Female,Germany,cancelled,1,2,769.4,769.4,384.7,4.5,4,38.0,38,38,2022-08-11,2022-08-11,2021-10-16,299,0.0911854103343465,2.0,1,1,1,4.0,769.4,384.7,0.0033333333333333,1461.86,77.19732441471571,0.2006688963210702,4.0,2046.604,1.0,1.220735785953177,939.2341137123746,2.4414715719063547,146.67491638795985,0.8191780821917808,1.220735785953177,77.19732441471571,30006.6,0.0033333333333333,4.872866666666667,156.0,2.0,Long Inactive,Medium Value,Low Frequency
CUST1089,0,46,Male,India,active,1,6,1538.4,1538.4,256.4,4.2,5,29.0,29,29,2023-07-09,2023-07-09,2021-08-28,680,0.0422535211267605,6.0,1,1,1,5.0,1538.4,256.4,0.0014684287812041,2830.656,67.87058823529411,0.2647058823529412,5.0,3793.07904,1.0,0.5367647058823529,825.7588235294118,3.2205882352941178,124.88188235294116,1.8630136986301369,0.5367647058823529,67.87058823529411,46151.99999999999,0.0014684287812041,4.156616740088105,150.0,2.0,Long Inactive,Very High Value,Low Frequency
CUST1090,0,61,Female,Pakistan,active,1,4,1158.8,1158.8,289.7,3.6,0,14.0,14,14,2023-08-08,2023-08-08,2023-07-07,32,0.4838709677419355,4.0,1,1,1,0.0,1158.8,289.7,0.0303030303030303,1993.136,1086.375,3.75,0.0,2431.62592,1.0,11.40625,13217.5625,45.625,1868.565,0.0876712328767123,11.40625,1086.375,17382.0,0.0303030303030303,60.39806060606061,0.0,2.0,Long Inactive,High Value,Low Frequency
CUST1091,0,30,Female,Canada,active,1,5,135.0,135.0,27.0,4.2,2,8.0,8,8,2023-06-26,2023-06-26,2021-02-27,849,0.0341296928327645,5.0,1,1,1,2.0,135.0,27.0,0.0011764705882352,248.4,4.770318021201414,0.1766784452296819,2.0,332.85600000000005,1.0,0.4299175500588928,58.03886925795053,2.1495877502944643,8.777385159010601,2.326027397260274,0.4299175500588928,4.770318021201414,1215.0,0.0011764705882352,0.292235294117647,18.0,2.0,Long Inactive,Low Value,Low Frequency
CUST1092,1,56,Female,Canada,active,1,3,839.49,839.49,279.83,4.2,2,28.0,28,28,2022-05-22,2022-05-22,2021-09-13,251,0.1067615658362989,3.0,1,1,1,2.0,839.49,279.83,0.0039682539682539,1544.6616,100.3374501992032,0.3585657370517928,2.0,2069.8465440000004,1.0,1.454183266932271,1220.7723107569725,4.362549800796813,184.62090836653388,0.6876712328767123,1.454183266932271,100.3374501992032,24345.21,0.0039682539682539,6.129609523809524,58.0,2.0,Long Inactive,Medium Value,Low Frequency
CUST1093,0,24,Male,Canada,paused,1,5,1451.45,1451.45,290.29,4.1,0,30.0,30,30,2024-06-28,2024-06-28,2023-05-29,396,0.0704225352112676,5.0,1,1,1,0.0,1451.45,290.29,0.0025188916876574,2641.639,109.95833333333334,0.3787878787878788,0.0,3486.963479999999,1.0,0.9217171717171716,1337.826388888889,4.608585858585859,200.12416666666664,1.084931506849315,0.9217171717171716,109.95833333333334,44994.95,0.0025188916876574,6.654002518891686,0.0,2.0,Long Inactive,High Value,Low Frequency
CUST1094,0,68,Female,Pakistan,active,1,6,1555.56,1555.56,259.26,4.2,2,38.0,38,38,2024-12-25,2024-12-25,2022-07-14,895,0.0324324324324324,6.0,1,1,1,2.0,1555.56,259.26,0.0011160714285714,2862.2304,52.141675977653634,0.2011173184357542,2.0,3835.388736,1.0,0.4078212290502793,634.3903910614525,2.446927374301676,95.94068379888267,2.452054794520548,0.4078212290502793,52.141675977653634,60666.84,0.0011160714285714,3.194453571428572,78.0,2.0,Long Inactive,Very High Value,Low Frequency
CUST1095,0,52,Male,Canada,cancelled,1,5,796.25,796.25,159.25,3.7,5,40.0,40,40,2024-11-11,2024-11-11,2022-10-20,753,0.0383141762452107,5.0,1,1,1,5.0,796.25,159.25,0.0013262599469496,1385.475,31.723107569721115,0.199203187250996,5.0,1717.9889999999998,1.0,0.4847277556440902,385.9644754316069,2.423638778220452,55.198207171314735,2.063013698630137,0.4847277556440902,31.723107569721115,32646.25,0.0013262599469496,1.8375,205.0,2.0,Long Inactive,Medium Value,Low Frequency
CUST1096,1,43,Female,USA,active,1,3,187.23,187.23,62.41,3.8,0,30.0,30,30,2021-10-19,2021-10-19,2021-02-15,246,0.108695652173913,3.0,1,1,1,0.0,187.23,62.41,0.0040485829959514,329.5248,22.83292682926829,0.3658536585365854,0.0,415.201248,1.0,1.483739837398374,277.8006097560975,4.451219512195122,40.1859512195122,0.673972602739726,1.483739837398374,22.83292682926829,5804.13,0.0040485829959514,1.334108502024291,0.0,2.0,Long Inactive,Low Value,Low Frequency
CUST1097,1,35,Male,Pakistan,active,1,5,538.65,538.65,107.73,3.7,4,26.0,26,26,2022-11-21,2022-11-21,2021-03-31,600,0.0476190476190476,5.0,1,1,1,4.0,538.65,107.73,0.0016638935108153,937.251,26.9325,0.25,4.0,1162.19124,1.0,0.6083333333333334,327.67875,3.041666666666667,46.86255,1.643835616438356,0.6083333333333334,26.9325,14543.55,0.0016638935108153,1.5594858569051582,108.0,2.0,Long Inactive,Low Value,Low Frequency
CUST1098,1,66,Male,Germany,paused,1,2,1113.14,1113.14,556.57,4.5,5,40.0,40,40,2022-07-08,2022-07-08,2021-09-15,296,0.0920245398773006,2.0,1,1,1,5.0,1113.14,556.57,0.0033670033670033,2114.966,112.81824324324324,0.2027027027027027,5.0,2960.9524,1.0,1.233108108108108,1372.6219594594595,2.466216216216216,214.35466216216213,0.810958904109589,1.233108108108108,112.81824324324324,45638.740000000005,0.0033670033670033,7.1210976430976425,205.0,2.0,Long Inactive,High Value,Low Frequency
CUST1099,1,32,Female,UK,active,1,1,990.57,990.57,990.57,4.1,2,5.0,5,5,2022-04-15,2022-04-15,2021-09-18,209,0.1255230125523012,1.0,1,1,1,2.0,990.57,990.57,0.0047619047619047,1802.8374,142.18708133971293,0.1435406698564593,2.0,2379.7453679999994,1.0,1.7464114832535886,1729.9428229665073,1.7464114832535886,258.7804880382775,0.5726027397260274,1.7464114832535886,142.18708133971293,5943.42,0.0047619047619047,8.58494,12.0,2.0,Long Inactive,Medium Value,Low Frequency
CUST1100,0,57,Female,UK,cancelled,1,6,844.26,844.26,140.71,4.3,2,26.0,26,26,2024-01-20,2024-01-20,2020-11-28,1148,0.0254668930390492,6.0,1,1,1,2.0,844.26,140.71,0.000870322019147,1570.3236,22.062543554006968,0.156794425087108,2.0,2135.640096,1.0,0.3179442508710801,268.4276132404181,1.9076655052264808,41.03633101045296,3.1452054794520548,0.3179442508710801,22.062543554006968,22795.02,0.000870322019147,1.3666872062663185,54.0,2.0,Long Inactive,Medium Value,Low Frequency
CUST1101,0,49,Male,USA,active,1,9,347.31000000000006,347.31000000000006,38.59,4.3,2,48.0,48,48,2024-09-20,2024-09-20,2022-04-15,889,0.0326441784548422,9.0,1,1,1,2.0,347.31000000000006,38.59,0.0011235955056179,645.9966000000001,11.720247469066368,0.3037120359955005,2.0,878.555376,1.0,0.4105736782902137,142.59634420697415,3.695163104611924,21.799660292463443,2.4356164383561643,0.4105736782902137,11.720247469066368,17018.190000000002,0.0011235955056179,0.7258388764044945,98.0,2.0,Long Inactive,Low Value,Low Frequency
CUST1102,0,62,Female,USA,active,1,8,1574.32,1574.32,196.79,4.0,1,35.0,35,35,2024-08-07,2024-08-07,2023-08-14,359,0.0771208226221079,8.0,1,1,1,1.0,1574.32,196.79,0.0027777777777777,2833.776,131.55877437325904,0.6685236768802229,1.0,3683.9088,1.0,1.0167130919220055,1600.6317548746515,8.133704735376044,236.80579387186629,0.9835616438356164,1.0167130919220055,131.55877437325904,56675.52,0.0027777777777777,7.8716,36.0,2.0,Long Inactive,Very High Value,Low Frequency
CUST1103,0,36,Female,Germany,active,1,5,421.7000000000001,421.7000000000001,84.34,4.2,4,41.0,41,41,2025-06-04,2025-06-04,2023-06-18,717,0.0401606425702811,5.0,1,1,1,4.0,421.7000000000001,84.34,0.0013927576601671,775.9280000000001,17.64435146443515,0.2092050209205021,4.0,1039.7435200000002,1.0,0.509065550906555,214.6729428172943,2.5453277545327757,32.46560669456068,1.964383561643836,0.509065550906555,17.64435146443515,17711.4,0.0013927576601671,1.0806796657381617,168.0,2.0,Long Inactive,Low Value,Low Frequency
CUST1104,0,51,Male,USA,paused,1,1,760.96,760.96,760.96,4.2,2,13.0,13,13,2023-10-17,2023-10-17,2022-07-27,447,0.0628930817610062,1.0,1,1,1,2.0,760.96,760.96,0.0022321428571428,1400.1664,51.07114093959731,0.0671140939597315,2.0,1876.222976,1.0,0.8165548098434005,621.365548098434,0.8165548098434005,93.97089932885906,1.2246575342465753,0.8165548098434005,51.07114093959731,10653.44,0.0022321428571428,3.1253714285714285,28.0,2.0,Long Inactive,Medium Value,Low Frequency
CUST1105,0,54,Female,India,active,1,2,1432.6,1432.6,716.3,4.3,4,24.0,24,24,2024-10-11,2024-10-11,2022-01-10,1005,0.0289855072463768,2.0,1,1,1,4.0,1432.6,716.3,0.0009940357852882,2664.6359999999995,42.76417910447761,0.0597014925373134,4.0,3623.904959999999,1.0,0.36318407960199,520.297512437811,0.7263681592039801,79.54137313432834,2.7534246575342465,0.36318407960199,42.76417910447761,35815.0,0.0009940357852882,2.6487435387673948,100.0,2.0,Long Inactive,High Value,Low Frequency
CUST1106,0,27,Female,UK,cancelled,1,5,1981.8,1981.8,396.36,4.2,0,34.0,34,34,2025-02-21,2025-02-21,2022-09-15,890,0.0326086956521739,5.0,1,1,1,0.0,1981.8,396.36,0.0011223344556677,3646.5120000000006,66.80224719101123,0.1685393258426966,0.0,4886.326080000001,1.0,0.4101123595505618,812.7606741573035,2.050561797752809,122.9161348314607,2.4383561643835616,0.4101123595505618,66.80224719101123,69363.0,0.0011223344556677,4.0926060606060615,0.0,2.0,Long Inactive,Very High Value,Low Frequency
CUST1107,1,42,Female,Germany,active,1,2,1611.68,1611.68,805.84,4.3,0,39.0,39,39,2022-08-03,2022-08-03,2020-10-16,656,0.0437317784256559,2.0,1,1,1,0.0,1611.68,805.84,0.0015220700152207,2997.7248,73.70487804878049,0.0914634146341463,0.0,4076.905728,1.0,0.5564024390243902,896.7426829268293,1.1128048780487805,137.0910731707317,1.797260273972603,0.5564024390243902,73.70487804878049,64467.2,0.0015220700152207,4.56274703196347,0.0,2.0,Long Inactive,Very High Value,Low Frequency
CUST1108,0,51,Other,India,cancelled,1,4,430.68,430.68,107.67,4.3,3,26.0,26,26,2024-11-11,2024-11-11,2022-04-07,949,0.0306435137895812,4.0,1,1,1,3.0,430.68,107.67,0.0010526315789473,801.0648,13.614752370916754,0.1264488935721812,3.0,1089.448128,1.0,0.3846153846153846,165.64615384615385,1.5384615384615383,25.323439409905163,2.6,0.3846153846153846,13.614752370916754,11628.36,0.0010526315789473,0.8432261052631579,81.0,2.0,Long Inactive,Low Value,Low Frequency
CUST1109,0,39,Male,India,cancelled,1,6,1400.04,1400.04,233.34,3.9,1,44.0,44,44,2024-05-04,2024-05-04,2022-06-11,693,0.0414937759336099,6.0,1,1,1,1.0,1400.04,233.34,0.0014409221902017,2492.0712,60.6077922077922,0.2597402597402597,1.0,3189.851136,1.0,0.5266955266955267,737.3948051948051,3.16017316017316,107.88187012987012,1.8986301369863012,0.5266955266955267,60.6077922077922,63001.8,0.0014409221902017,3.590880691642651,45.0,2.0,Long Inactive,High Value,Low Frequency
CUST1110,0,23,Female,Canada,active,1,3,1061.4,1061.4,353.8,4.1,1,11.0,11,11,2023-08-21,2023-08-21,2022-10-29,296,0.0920245398773006,3.0,1,1,1,1.0,1061.4,353.8,0.0033670033670033,1931.748,107.57432432432432,0.304054054054054,1.0,2549.90736,1.0,1.233108108108108,1308.820945945946,3.699324324324324,195.78527027027027,0.810958904109589,1.233108108108108,107.57432432432432,12736.8,0.0033670033670033,6.50420202020202,12.0,2.0,Long Inactive,High Value,Low Frequency
CUST1111,0,59,Female,India,paused,1,8,1770.24,1770.24,221.28,4.3,0,41.0,41,41,2023-12-26,2023-12-26,2023-01-27,333,0.0826446280991735,8.0,1,1,1,0.0,1770.24,221.28,0.0029940119760479,3292.6464,159.4810810810811,0.7207207207207208,0.0,4477.999104,1.0,1.0960960960960962,1940.353153153153,8.76876876876877,296.6348108108108,0.9123287671232876,1.0960960960960962,159.4810810810811,74350.08,0.0029940119760479,9.858222754491017,0.0,2.0,Long Inactive,Very High Value,Low Frequency
CUST1112,0,29,Female,Canada,paused,1,8,1982.24,1982.24,247.78,4.3,4,28.0,28,28,2023-05-10,2023-05-10,2021-02-13,816,0.0354609929078014,8.0,1,1,1,4.0,1982.24,247.78,0.0012239902080783,3686.9664,72.87647058823529,0.2941176470588235,4.0,5014.274304,1.0,0.4473039215686274,886.663725490196,3.5784313725490198,135.55023529411764,2.2356164383561645,0.4473039215686274,72.87647058823529,57484.96,0.0012239902080783,4.512810771113831,116.0,2.0,Long Inactive,Very High Value,Low Frequency
CUST1113,0,50,Male,India,cancelled,1,1,1810.76,1810.76,1810.76,4.1,0,13.0,13,13,2025-07-03,2025-07-03,2023-11-08,603,0.0473933649289099,1.0,1,1,1,0.0,1810.76,1810.76,0.0016556291390728,3295.5832,90.08756218905472,0.0497512437810945,0.0,4350.169823999999,1.0,0.6053067993366501,1096.0653399668324,0.6053067993366501,163.95936318407956,1.652054794520548,0.6053067993366501,90.08756218905472,25350.64,0.0016556291390728,5.45626357615894,0.0,2.0,At Risk,Very High Value,Low Frequency
CUST1114,0,31,Female,Pakistan,active,1,6,987.72,987.72,164.62,4.5,3,15.0,15,15,2023-05-27,2023-05-27,2021-12-16,527,0.0538599640933572,6.0,1,1,1,3.0,987.72,164.62,0.0018939393939393,1876.668,56.226944971537,0.3415559772296015,3.0,2627.3351999999995,1.0,0.6925996204933587,684.0944971537002,4.155597722960152,106.8311954459203,1.443835616438356,0.6925996204933587,56.226944971537,15803.52,0.0018939393939393,3.5542954545454544,48.0,2.0,Long Inactive,Medium Value,Low Frequency
CUST1115,1,65,Female,Canada,active,1,5,287.4,287.4,57.48,4.1,3,42.0,42,42,2022-01-10,2022-01-10,2022-07-26,0,1.0,5.0,1,1,1,3.0,287.4,57.48,1.0,523.0679999999999,2873.9999999999995,50.0,3.0,690.4497599999997,1.0,365.0,104901.0,1825.0,5230.679999999999,0.0,365.0,2873.9999999999995,12358.2,1.0,523.0679999999999,129.0,2.0,Long Inactive,Low Value,Low Frequency
CUST1116,0,28,Female,Canada,active,1,3,1293.78,1293.78,431.26,3.6,0,3.0,3,3,2024-09-28,2024-09-28,2022-11-29,669,0.0429184549356223,3.0,1,1,1,0.0,1293.78,431.26,0.0014925373134328,2225.3016,58.01704035874439,0.1345291479820627,0.0,2714.867952,1.0,0.5455904334828102,705.8739910313901,1.6367713004484306,99.78930941704034,1.832876712328767,0.5455904334828102,58.01704035874439,5175.12,0.0014925373134328,3.3213456716417906,0.0,2.0,Long Inactive,High Value,Low Frequency
CUST1117,1,31,Male,Germany,cancelled,1,8,1645.52,1645.52,205.69,3.5,0,7.0,7,7,2021-09-06,2021-09-06,2020-12-30,250,0.1071428571428571,8.0,1,1,1,0.0,1645.52,205.69,0.0039840637450199,2797.384,197.4624,0.96,0.0,3356.8608,1.0,1.4600000000000002,2402.4592,11.68,335.68608,0.684931506849315,1.4600000000000002,197.4624,13164.16,0.0039840637450199,11.144956175298804,0.0,2.0,Long Inactive,Very High Value,Low Frequency
CUST1118,0,45,Male,Canada,active,1,1,338.72,338.72,338.72,4.0,1,22.0,22,22,2024-09-17,2024-09-17,2022-01-03,988,0.0294695481335952,1.0,1,1,1,1.0,338.72,338.72,0.0010111223458038,609.696,10.285020242914982,0.0303643724696356,1.0,792.6048000000001,1.0,0.3694331983805668,125.1344129554656,0.3694331983805668,18.513036437246967,2.706849315068493,0.3694331983805668,10.285020242914982,7790.56,0.0010111223458038,0.6164772497472195,23.0,2.0,Long Inactive,Low Value,Low Frequency
CUST1119,0,19,Female,USA,active,1,9,1570.41,1570.41,174.49,3.8,1,25.0,25,25,2024-06-28,2024-06-28,2021-12-09,932,0.0311850311850311,9.0,1,1,1,1.0,1570.41,174.49,0.0010718113612004,2763.9216,50.54967811158799,0.2896995708154506,1.0,3482.541216,1.0,0.3916309012875536,615.0210836909871,3.5246781115879826,88.96743347639486,2.5534246575342467,0.3916309012875536,50.54967811158799,40830.66,0.0010718113612004,2.962402572347267,26.0,2.0,Long Inactive,Very High Value,Low Frequency
CUST1120,1,64,Male,Pakistan,cancelled,1,6,612.0600000000001,612.0600000000001,102.01,4.4,5,1.0,1,1,2022-06-08,2022-06-08,2020-11-16,569,0.0500834724540901,6.0,1,1,1,5.0,612.0600000000001,102.01,0.0017543859649122,1150.6728000000005,32.270298769771536,0.3163444639718805,5.0,1587.9284640000003,1.0,0.6414762741652021,392.6219683655536,3.8488576449912126,60.668161687170496,1.558904109589041,0.6414762741652021,32.270298769771536,1224.12,0.0017543859649122,2.018724210526316,10.0,2.0,Long Inactive,Medium Value,Low Frequency
CUST1121,0,23,Male,UK,active,1,5,1949.95,1949.95,389.99,3.7,5,3.0,3,3,2024-04-27,2024-04-27,2022-10-30,545,0.0521739130434782,5.0,1,1,1,5.0,1949.95,389.99,0.0018315018315018,3392.913,107.3366972477064,0.2752293577981651,5.0,4207.21212,1.0,0.6697247706422018,1305.9298165137616,3.3486238532110093,186.7658532110092,1.4931506849315068,0.6697247706422018,107.3366972477064,7799.8,0.0018315018315018,6.214126373626374,20.0,2.0,Long Inactive,Very High Value,Low Frequency
CUST1122,0,22,Male,UK,cancelled,1,6,129.42000000000002,129.42000000000002,21.57,4.3,2,49.0,49,49,2024-12-19,2024-12-19,2022-03-12,1013,0.0287631831255992,6.0,1,1,1,2.0,129.42000000000002,21.570000000000004,0.0009861932938856,240.7212,3.832773938795657,0.1776900296150049,2.0,327.380832,1.0,0.3603158933859822,46.63208292201383,2.161895360315893,7.128959526159922,2.7753424657534245,0.3603158933859822,3.832773938795657,6471.000000000001,0.0009861932938856,0.2373976331360947,100.0,2.0,Long Inactive,Low Value,Low Frequency
CUST1123,0,68,Male,USA,cancelled,1,2,1298.36,1298.36,649.18,4.1,1,38.0,38,38,2024-09-24,2024-09-24,2023-04-25,518,0.0547445255474452,2.0,1,1,1,1.0,1298.36,649.18,0.001926782273603,2363.0152,75.19459459459459,0.1158301158301158,1.0,3119.180063999999,1.0,0.7046332046332047,914.8675675675676,1.4092664092664091,136.85416216216217,1.4191780821917808,0.7046332046332047,75.19459459459459,50636.03999999999,0.001926782273603,4.553015799614643,39.0,2.0,Long Inactive,High Value,Low Frequency
CUST1124,0,61,Female,Canada,cancelled,1,2,1929.76,1929.76,964.88,4.2,3,5.0,5,5,2025-04-23,2025-04-23,2023-02-19,794,0.0364077669902912,2.0,1,1,1,3.0,1929.76,964.88,0.0012578616352201,3550.7584,72.91284634760706,0.0755667506297229,3.0,4758.016256000001,1.0,0.459697732997481,887.1062972292191,0.919395465994962,134.15963727959698,2.175342465753425,0.459697732997481,72.91284634760706,11578.56,0.0012578616352201,4.466362767295598,18.0,2.0,Long Inactive,Very High Value,Low Frequency
CUST1125,0,52,Male,UK,active,1,8,1608.48,1608.48,201.06,4.1,0,28.0,28,28,2024-08-02,2024-08-02,2023-05-20,440,0.0638297872340425,8.0,1,1,1,0.0,1608.48,201.06,0.0022675736961451,2927.4336,109.66909090909093,0.5454545454545455,0.0,3864.212351999999,1.0,0.8295454545454546,1334.307272727273,6.636363636363637,199.59774545454545,1.2054794520547945,0.8295454545454546,109.66909090909093,46645.92,0.0022675736961451,6.638171428571428,0.0,2.0,Long Inactive,Very High Value,Low Frequency
CUST1126,0,35,Female,UK,active,1,1,178.81,178.81,178.81,4.3,1,41.0,41,41,2024-10-18,2024-10-18,2021-09-06,1138,0.0256849315068493,1.0,1,1,1,1.0,178.81,178.81,0.0008779631255487,332.5866,4.713796133567663,0.0263620386643233,1.0,452.3177759999999,1.0,0.320738137082601,57.3511862917399,0.320738137082601,8.767660808435853,3.117808219178082,0.320738137082601,4.713796133567663,7510.02,0.0008779631255487,0.2919987708516242,42.0,2.0,Long Inactive,Low Value,Low Frequency
CUST1127,0,45,Female,Germany,cancelled,1,5,838.45,838.45,167.69,4.2,2,49.0,49,49,2023-02-27,2023-02-27,2022-07-25,217,0.1214574898785424,5.0,1,1,1,2.0,838.45,167.69,0.0045871559633027,1542.748,115.9147465437788,0.6912442396313364,2.0,2067.2823200000003,1.0,1.6820276497695852,1410.2960829493088,8.410138248847927,213.283133640553,0.5945205479452055,1.6820276497695852,115.9147465437788,41922.5,0.0045871559633027,7.076825688073395,100.0,2.0,Long Inactive,Medium Value,Low Frequency
CUST1128,1,49,Female,Germany,active,1,6,117.36,117.36,19.56,4.2,2,43.0,43,43,2022-12-10,2022-12-10,2022-09-28,73,0.2912621359223301,6.0,1,1,1,2.0,117.36,19.56,0.0135135135135135,215.9424,48.23013698630137,2.4657534246575343,2.0,289.362816,1.0,5.0,586.7999999999998,30.0,88.74345205479453,0.2,5.0,48.23013698630137,5163.839999999999,0.0135135135135135,2.9181405405405405,88.0,2.0,Long Inactive,Low Value,Low Frequency
CUST1129,0,31,Male,UK,active,1,3,510.81000000000006,510.81000000000006,170.27,4.4,0,34.0,34,34,2024-10-01,2024-10-01,2021-04-24,1256,0.0233281493001555,3.0,1,1,1,0.0,510.81000000000006,170.27,0.0007955449482895,960.3228,12.200875796178345,0.071656050955414,0.0,1325.2454640000003,1.0,0.2906050955414013,148.4439888535032,0.8718152866242038,22.93764649681529,3.441095890410959,0.2906050955414013,12.200875796178345,17878.350000000002,0.0007955449482895,0.7639799522673032,0.0,2.0,Long Inactive,Low Value,Low Frequency
CUST1130,0,33,Male,Germany,cancelled,1,2,1936.1,1936.1,968.05,4.3,3,3.0,3,3,2024-07-08,2024-07-08,2022-10-20,627,0.045662100456621,2.0,1,1,1,3.0,1936.1,968.05,0.001592356687898,3601.146,92.63636363636364,0.0956937799043062,3.0,4897.55856,1.0,0.5821371610845295,1127.0757575757575,1.164274322169059,172.30363636363637,1.717808219178082,0.5821371610845295,92.63636363636364,7744.4,0.001592356687898,5.734308917197452,12.0,2.0,Long Inactive,Very High Value,Low Frequency
CUST1131,0,21,Female,UK,cancelled,1,6,1106.04,1106.04,184.34,4.3,0,13.0,13,13,2025-01-25,2025-01-25,2021-08-11,1263,0.0232018561484918,6.0,1,1,1,0.0,1106.04,184.34,0.0007911392405063,2057.2344,26.27173396674584,0.1425178147268408,0.0,2797.838784,1.0,0.2889944576405384,319.6394299287411,1.7339667458432304,48.86542517814726,3.46027397260274,0.2889944576405384,26.27173396674584,15484.56,0.0007911392405063,1.6275588607594935,0.0,2.0,Long Inactive,High Value,Low Frequency
CUST1132,0,59,Female,USA,active,1,4,1328.56,1328.56,332.14,4.0,3,3.0,3,3,2023-12-06,2023-12-06,2022-07-13,511,0.055452865064695,4.0,1,1,1,3.0,1328.56,332.14,0.001953125,2391.408,77.99765166340508,0.2348336594911937,3.0,3108.8304,1.0,0.7142857142857143,948.9714285714286,2.857142857142857,140.39577299412915,1.4,0.7142857142857143,77.99765166340508,5314.24,0.001953125,4.67071875,12.0,2.0,Long Inactive,High Value,Low Frequency
CUST1133,1,46,Female,Germany,active,1,5,213.25,213.25,42.65,3.9,2,34.0,34,34,2022-04-11,2022-04-11,2021-06-29,286,0.0949367088607595,5.0,1,1,1,2.0,213.25,42.65,0.0034843205574912,379.585,22.36888111888112,0.5244755244755245,2.0,485.8688,1.0,1.2762237762237765,272.15472027972027,6.381118881118881,39.81660839160839,0.7835616438356164,1.2762237762237765,22.36888111888112,7463.75,0.0034843205574912,1.3225958188153308,70.0,2.0,Long Inactive,Low Value,Low Frequency
CUST1134,0,35,Male,UK,active,1,9,191.7,191.7,21.3,4.2,1,43.0,43,43,2024-11-18,2024-11-18,2021-05-09,1289,0.0227445034116755,9.0,1,1,1,1.0,191.7,21.3,0.0007751937984496,352.72800000000007,4.461598138091544,0.2094647013188518,1.0,472.65552000000014,1.0,0.2831652443754849,54.282777346780456,2.548487199379364,8.209340574088442,3.5315068493150683,0.2831652443754849,4.461598138091544,8434.800000000001,0.0007751937984496,0.2734325581395349,44.0,2.0,Long Inactive,Low Value,Low Frequency
CUST1135,0,51,Male,USA,cancelled,1,7,782.46,782.46,111.78,4.3,5,28.0,28,28,2024-05-17,2024-05-17,2023-05-20,363,0.0763358778625954,7.0,1,1,1,5.0,782.46,111.78,0.0027472527472527,1455.3756,64.66611570247935,0.578512396694215,5.0,1979.310816,1.0,1.0055096418732783,786.7710743801653,7.038567493112947,120.27897520661158,0.9945205479452056,1.0055096418732783,64.66611570247935,22691.34,0.0027472527472527,3.998284615384616,145.0,2.0,Long Inactive,Medium Value,Low Frequency
CUST1136,1,51,Female,India,active,1,7,722.82,722.82,103.26,3.9,1,25.0,25,25,2022-08-07,2022-08-07,2022-10-01,0,1.0,7.0,1,1,1,1.0,722.82,103.26,1.0,1286.6196000000002,7228.2,70.0,1.0,1646.8730880000005,1.0,365.0,263829.3,2555.0,12866.196000000002,0.0,365.0,7228.2,18793.32,1.0,1286.6196000000002,26.0,2.0,Long Inactive,Medium Value,Low Frequency
CUST1137,0,39,Female,USA,active,1,9,49.32000000000001,49.32000000000001,5.48,4.6,3,11.0,11,11,2024-11-07,2024-11-07,2021-02-05,1371,0.0214132762312633,9.0,1,1,1,3.0,49.32000000000001,5.48,0.0007288629737609,94.69440000000002,1.0792122538293218,0.1969365426695842,3.0,134.46604800000003,1.0,0.2662290299051787,13.130415754923416,2.396061269146608,2.0720875273522976,3.756164383561644,0.2662290299051787,1.0792122538293218,591.8400000000001,0.0007288629737609,0.0690192419825072,36.0,2.0,Long Inactive,Low Value,Low Frequency
CUST1138,0,36,Female,Germany,active,1,5,759.8000000000001,759.8000000000001,151.96,3.9,3,16.0,16,16,2023-09-05,2023-09-05,2023-07-04,63,0.3225806451612903,5.0,1,1,1,3.0,759.8000000000001,151.96,0.015625,1352.4440000000002,361.8095238095239,2.380952380952381,3.0,1731.1283200000005,1.0,5.7936507936507935,4402.015873015873,28.968253968253965,644.0209523809524,0.1726027397260274,5.7936507936507935,361.8095238095239,12916.6,0.015625,21.131937500000003,51.0,2.0,Long Inactive,Medium Value,Low Frequency
CUST1139,0,49,Female,Pakistan,active,1,9,1375.02,1375.02,152.78,4.3,3,12.0,12,12,2023-07-19,2023-07-19,2023-07-06,13,0.6976744186046512,9.0,1,1,1,3.0,1375.02,152.78,0.0714285714285714,2557.5372,3173.123076923077,20.76923076923077,3.0,3478.2505919999994,1.0,28.07692307692308,38606.33076923077,252.6923076923077,5902.008923076923,0.0356164383561643,28.07692307692308,3173.123076923077,17875.26,0.0714285714285714,182.68122857142853,39.0,2.0,Long Inactive,High Value,Low Frequency
CUST1140,0,55,Male,UK,active,1,7,1259.02,1259.02,179.86,4.1,2,3.0,3,3,2024-02-25,2024-02-25,2022-02-14,741,0.0389105058365758,7.0,1,1,1,2.0,1259.02,179.86,0.0013477088948787,2291.4164,50.97246963562753,0.2834008097165992,2.0,3024.669647999999,1.0,0.4925775978407556,620.1650472334682,3.44804318488529,92.76989473684208,2.03013698630137,0.4925775978407556,50.97246963562753,5036.08,0.0013477088948787,3.088162264150943,8.0,2.0,Long Inactive,High Value,Low Frequency
CUST1141,0,19,Female,Germany,cancelled,1,8,1749.76,1749.76,218.72,4.4,4,9.0,9,9,2024-03-11,2024-03-11,2023-03-24,353,0.0783289817232375,8.0,1,1,1,4.0,1749.76,218.72,0.0028248587570621,3289.5488,148.70481586402266,0.6798866855524078,4.0,4539.577344,1.0,1.0339943342776203,1809.241926345609,8.271954674220963,279.56505382436256,0.9671232876712328,1.0339943342776203,148.70481586402266,17497.6,0.0028248587570621,9.292510734463276,40.0,2.0,Long Inactive,Very High Value,Low Frequency
CUST1142,0,47,Female,UK,cancelled,1,4,710.88,710.88,177.72,3.2,0,46.0,46,46,2025-03-28,2025-03-28,2023-02-06,781,0.0369913686806411,4.0,1,1,1,0.0,710.88,177.72,0.0012787723785166,1165.8432,27.30653008962868,0.1536491677336747,0.0,1329.0612480000002,1.0,0.467349551856594,332.2294494238156,1.869398207426376,44.78270934699104,2.1397260273972605,0.467349551856594,27.30653008962868,33411.36,0.0012787723785166,1.4908480818414325,0.0,2.0,Long Inactive,Medium Value,Low Frequency
CUST1143,0,53,Female,India,active,1,4,897.48,897.48,224.37,4.2,5,30.0,30,30,2025-04-26,2025-04-26,2021-10-20,1284,0.0228310502283105,4.0,1,1,1,5.0,897.48,224.37,0.0007782101167315,1651.3632,20.969158878504675,0.0934579439252336,5.0,2212.826688,1.0,0.2842679127725857,255.12476635514017,1.1370716510903427,38.5832523364486,3.5178082191780824,0.2842679127725857,20.969158878504675,27821.88,0.0007782101167315,1.2851075486381325,155.0,2.0,Long Inactive,Medium Value,Low Frequency
CUST1144,0,46,Female,India,active,1,7,1985.2000000000005,1985.2000000000005,283.6,4.2,3,18.0,18,18,2024-06-26,2024-06-26,2021-10-11,989,0.029440628066732,7.0,1,1,1,3.0,1985.2000000000005,283.6,0.001010101010101,3652.768000000001,60.21840242669364,0.2123356926188068,3.0,4894.709120000001,1.0,0.3690596562184024,732.6572295247726,2.583417593528817,110.80186046511628,2.7095890410958905,0.3690596562184024,60.21840242669364,37718.8,0.001010101010101,3.689664646464647,57.0,2.0,Long Inactive,Very High Value,Low Frequency
CUST1145,0,48,Male,Germany,cancelled,1,9,1503.0,1503.0,167.0,3.7,2,23.0,23,23,2024-05-09,2024-05-09,2021-07-08,1036,0.0281425891181988,9.0,1,1,1,2.0,1503.0,167.0,0.0009643201542912,2615.22,43.52316602316603,0.2606177606177606,2.0,3242.8728,1.0,0.3523166023166023,529.5318532818533,3.170849420849421,75.73030888030888,2.838356164383561,0.3523166023166023,43.52316602316603,36072.0,0.0009643201542912,2.5219093539054964,48.0,2.0,Long Inactive,Very High Value,Low Frequency
CUST1146,0,47,Female,USA,active,1,6,726.36,726.36,121.06,4.5,1,24.0,24,24,2023-10-30,2023-10-30,2021-03-17,957,0.0303951367781155,6.0,1,1,1,1.0,726.36,121.06,0.0010438413361169,1380.084,22.76990595611285,0.1880877742946708,1.0,1932.1176,1.0,0.3814002089864158,277.03385579937304,2.2884012539184955,43.26282131661442,2.621917808219178,0.3814002089864158,22.76990595611285,18159.0,0.0010438413361169,1.44058872651357,25.0,2.0,Long Inactive,Medium Value,Low Frequency
CUST1147,0,26,Other,Germany,active,1,3,1300.77,1300.77,433.59,4.2,5,28.0,28,28,2025-02-28,2025-02-28,2022-08-24,919,0.0316122233930453,3.0,1,1,1,5.0,1300.77,433.59,0.0010869565217391,2393.4168,42.46256800870511,0.0979325353645266,5.0,3207.178512,1.0,0.397170837867247,516.6279107725788,1.1915125136017408,78.13112513601742,2.5178082191780824,0.397170837867247,42.46256800870511,37722.33,0.0010869565217391,2.60154,145.0,2.0,Long Inactive,High Value,Low Frequency
CUST1148,0,20,Male,India,active,1,5,1151.4,1151.4,230.28,4.2,1,17.0,17,17,2024-07-25,2024-07-25,2021-05-12,1170,0.025,5.0,1,1,1,1.0,1151.4,230.28000000000003,0.0008539709649871,2118.5760000000005,29.523076923076925,0.1282051282051282,1.0,2838.8918400000007,1.0,0.3119658119658119,359.1974358974359,1.5598290598290598,54.32246153846155,3.2054794520547945,0.3119658119658119,29.523076923076925,20725.2,0.0008539709649871,1.8092023911187023,18.0,2.0,Long Inactive,High Value,Low Frequency
CUST1149,0,51,Male,Germany,cancelled,1,6,49.44,49.44,8.24,4.2,2,37.0,37,37,2024-05-02,2024-05-02,2021-09-23,952,0.0305498981670061,6.0,1,1,1,2.0,49.44,8.24,0.0010493179433368,90.9696,1.5579831932773107,0.1890756302521008,2.0,121.899264,1.0,0.3834033613445378,18.955462184873948,2.300420168067227,2.866689075630252,2.608219178082192,0.3834033613445378,1.5579831932773107,1878.72,0.0010493179433368,0.0954560335781741,76.0,2.0,Long Inactive,Low Value,Low Frequency
CUST1150,1,20,Male,Germany,cancelled,1,3,1903.38,1903.38,634.46,4.1,3,40.0,40,40,2022-07-10,2022-07-10,2021-09-22,291,0.0934579439252336,3.0,1,1,1,3.0,1903.38,634.46,0.0034246575342465,3464.1516,196.22474226804127,0.3092783505154639,3.0,4572.680111999999,1.0,1.254295532646048,2387.401030927836,3.7628865979381447,357.12903092783506,0.7972602739726027,1.254295532646048,196.22474226804127,78038.58,0.0034246575342465,11.863532876712329,123.0,2.0,Long Inactive,Very High Value,Low Frequency
CUST1151,1,49,Female,USA,active,1,8,1254.16,1254.16,156.77,4.3,3,40.0,40,40,2022-01-05,2022-01-05,2020-12-26,375,0.074074074074074,8.0,1,1,1,3.0,1254.16,156.77,0.0026595744680851,2332.7376,100.3328,0.64,3.0,3172.523136,1.0,0.9733333333333332,1220.7157333333332,7.786666666666666,186.619008,1.0273972602739727,0.9733333333333332,100.3328,51420.560000000005,0.0026595744680851,6.204089361702128,123.0,2.0,Long Inactive,High Value,Low Frequency
CUST1152,1,27,Female,Pakistan,active,1,7,1205.1899999999998,1205.1899999999998,172.17,4.3,5,41.0,41,41,2023-01-18,2023-01-18,2021-09-11,494,0.0572519083969465,7.0,1,1,1,5.0,1205.1899999999998,172.17,0.002020202020202,2241.6534,73.18967611336032,0.4251012145748988,5.0,3048.6486239999995,1.0,0.7388663967611336,890.4743927125505,5.172064777327935,136.1327975708502,1.3534246575342466,0.7388663967611336,73.18967611336032,50617.98,0.002020202020202,4.528592727272726,210.0,2.0,Long Inactive,High Value,Low Frequency
CUST1153,0,52,Female,India,active,1,1,1308.29,1308.29,1308.29,4.3,2,18.0,18,18,2024-08-07,2024-08-07,2022-07-27,742,0.038860103626943,1.0,1,1,1,2.0,1308.29,1308.29,0.0013458950201884,2433.4194,52.89582210242588,0.0404312668463611,2.0,3309.4503839999998,1.0,0.4919137466307278,643.5658355795149,0.4919137466307278,98.38622911051212,2.032876712328767,0.4919137466307278,52.89582210242588,24857.51,0.0013458950201884,3.2751270524899057,38.0,2.0,Long Inactive,High Value,Low Frequency
CUST1154,0,24,Other,UK,cancelled,1,2,1546.0,1546.0,773.0,3.4,1,42.0,42,42,2024-12-20,2024-12-20,2020-10-13,1529,0.0192431045542014,2.0,1,1,1,1.0,1546.0,773.0,0.0006535947712418,2597.28,30.333551340745583,0.0392413342053629,1.0,3064.7903999999994,1.0,0.2387181164159581,369.0582079790713,0.4774362328319163,50.96036625245257,4.189041095890411,0.2387181164159581,30.333551340745583,66478.0,0.0006535947712418,1.69756862745098,43.0,2.0,Long Inactive,Very High Value,Low Frequency
CUST1155,0,54,Female,UK,cancelled,1,1,37.35,37.35,37.35,4.3,1,7.0,7,7,2025-01-30,2025-01-30,2022-08-28,886,0.0327510917030567,1.0,1,1,1,1.0,37.35,37.35,0.0011273957158962,69.471,1.2646726862302482,0.0338600451467268,1.0,94.48056,1.0,0.4119638826185101,15.386851015801357,0.4119638826185101,2.352291196388262,2.4273972602739726,0.4119638826185101,1.2646726862302482,298.8,0.0011273957158962,0.0783213077790304,8.0,2.0,Long Inactive,Low Value,Low Frequency
CUST1156,0,42,Male,Pakistan,active,1,2,421.02,421.02,210.51,4.4,0,1.0,1,1,2024-12-08,2024-12-08,2021-06-10,1277,0.0229533282325937,2.0,1,1,1,0.0,421.02,210.51,0.0007824726134585,791.5176,9.890837901331244,0.0469851213782302,0.0,1092.294288,1.0,0.2858261550509005,120.33852779953014,0.5716523101018011,18.59477525450274,3.4986301369863013,0.2858261550509005,9.890837901331244,842.04,0.0007824726134585,0.6193408450704225,0.0,2.0,Long Inactive,Low Value,Low Frequency
CUST1157,0,55,Male,Canada,cancelled,1,7,1294.58,1294.58,184.94,3.9,4,45.0,45,45,2024-07-02,2024-07-02,2022-07-17,716,0.0402144772117962,7.0,1,1,1,4.0,1294.58,184.94,0.00139470013947,2304.3524,54.242178770949714,0.2932960893854748,4.0,2949.571072,1.0,0.5097765363128491,659.9465083798882,3.5684357541899443,96.55107821229048,1.9616438356164383,0.5097765363128491,54.242178770949714,59550.67999999999,0.00139470013947,3.213880613668061,184.0,2.0,Long Inactive,High Value,Low Frequency
CUST1158,1,35,Female,Pakistan,active,1,5,174.4,174.4,34.88,4.1,4,24.0,24,24,2021-10-14,2021-10-14,2020-11-22,326,0.0842696629213483,5.0,1,1,1,4.0,174.4,34.88,0.0030581039755351,317.408,16.049079754601227,0.460122699386503,4.0,418.9785599999999,1.0,1.1196319018404908,195.2638036809816,5.598159509202454,29.209325153374227,0.8931506849315068,1.1196319018404908,16.049079754601227,4360.0,0.0030581039755351,0.9706666666666666,100.0,2.0,Long Inactive,Low Value,Low Frequency
CUST1159,0,31,Male,Pakistan,active,1,9,214.38,214.38,23.82,3.9,3,1.0,1,1,2024-09-08,2024-09-08,2022-09-04,735,0.0392156862745098,9.0,1,1,1,3.0,214.38,23.82,0.0013586956521739,381.5964,8.750204081632653,0.3673469387755102,3.0,488.443392,1.0,0.4965986394557823,106.4608163265306,4.469387755102041,15.575363265306123,2.0136986301369864,0.4965986394557823,8.750204081632653,428.76,0.0013586956521739,0.5184733695652174,6.0,2.0,Long Inactive,Low Value,Low Frequency
CUST1160,1,21,Male,Germany,active,1,6,1447.8000000000002,1447.8000000000002,241.3,4.0,1,21.0,21,21,2022-02-11,2022-02-11,2022-05-22,0,1.0,6.0,1,1,1,1.0,1447.8000000000002,241.30000000000004,1.0,2606.0400000000004,14478.000000000002,60.0,1.0,3387.8520000000008,1.0,365.0,528447.0000000001,2190.0,26060.4,0.0,365.0,14478.000000000002,31851.60000000001,1.0,2606.0400000000004,22.0,2.0,Long Inactive,High Value,Low Frequency
CUST1161,1,65,Female,Canada,active,1,3,876.75,876.75,292.25,4.3,5,24.0,24,24,2022-08-13,2022-08-13,2022-07-30,14,0.6818181818181818,3.0,1,1,1,5.0,876.75,292.25,0.0666666666666666,1630.755,1878.75,6.428571428571429,5.0,2217.8268,1.0,26.07142857142857,22858.125,78.21428571428571,3494.475,0.0383561643835616,26.07142857142857,1878.75,21918.75,0.0666666666666666,108.71699999999998,125.0,2.0,Long Inactive,Medium Value,Low Frequency
CUST1162,0,30,Female,Canada,cancelled,1,6,837.48,837.48,139.58,4.0,4,44.0,44,44,2023-09-30,2023-09-30,2020-09-30,1095,0.0266666666666666,6.0,1,1,1,4.0,837.48,139.58,0.000912408759124,1507.4640000000002,22.944657534246577,0.1643835616438356,4.0,1959.7032000000004,1.0,0.3333333333333333,279.16,2.0,41.30038356164384,3.0,0.3333333333333333,22.944657534246577,37686.6,0.000912408759124,1.3754233576642336,180.0,2.0,Long Inactive,Medium Value,Low Frequency
CUST1163,0,38,Female,Pakistan,cancelled,1,4,1600.32,1600.32,400.08,3.9,4,38.0,38,38,2024-12-21,2024-12-21,2023-02-07,683,0.0420757363253856,4.0,1,1,1,4.0,1600.32,400.08,0.0014619883040935,2848.5696,70.2922401171303,0.1756954612005856,4.0,3646.169088,1.0,0.5344070278184481,855.2222547584187,2.1376281112737923,125.12018740849194,1.8712328767123287,0.5344070278184481,70.2922401171303,62412.48,0.0014619883040935,4.164575438596491,156.0,2.0,Long Inactive,Very High Value,Low Frequency
CUST1164,0,64,Male,Germany,paused,1,2,1802.4,1802.4,901.2,4.5,3,34.0,34,34,2023-03-14,2023-03-14,2022-11-19,115,0.2068965517241379,2.0,1,1,1,3.0,1802.4,901.2,0.0086206896551724,3424.56,470.1913043478261,0.5217391304347826,3.0,4794.384,1.0,3.173913043478261,5720.660869565218,6.347826086956522,893.3634782608696,0.3150684931506849,3.173913043478261,470.1913043478261,63084.0,0.0086206896551724,29.52206896551724,105.0,2.0,Long Inactive,Very High Value,Low Frequency
CUST1165,0,45,Male,Germany,active,1,3,1793.0099999999998,1793.0099999999998,597.67,3.9,5,9.0,9,9,2024-10-08,2024-10-08,2023-12-05,308,0.0887573964497041,3.0,1,1,1,5.0,1793.0099999999998,597.67,0.0032362459546925,3191.5578,174.64383116883113,0.2922077922077922,5.0,4085.193984,1.0,1.1850649350649352,2124.833279220779,3.555194805194805,310.8660194805194,0.8438356164383561,1.1850649350649352,174.64383116883113,17930.1,0.0032362459546925,10.328666019417476,50.0,2.0,Long Inactive,Very High Value,Low Frequency
CUST1166,0,41,Male,UK,cancelled,1,3,233.28000000000003,233.28000000000003,77.76,4.2,2,3.0,3,3,2024-11-23,2024-11-23,2021-03-09,1355,0.0216606498194945,3.0,1,1,1,2.0,233.28000000000003,77.76,0.0007374631268436,429.2352000000001,5.164870848708488,0.066420664206642,2.0,575.1751680000001,1.0,0.2693726937269372,62.83926199261993,0.8081180811808117,9.50336236162362,3.712328767123288,0.2693726937269372,5.164870848708488,933.12,0.0007374631268436,0.3165451327433629,8.0,2.0,Long Inactive,Low Value,Low Frequency
CUST1167,0,38,Male,Pakistan,cancelled,1,6,94.8,94.8,15.8,4.0,1,8.0,8,8,2023-06-13,2023-06-13,2021-11-23,567,0.050251256281407,6.0,1,1,1,1.0,94.8,15.800000000000002,0.0017605633802816,170.64,5.015873015873017,0.3174603174603175,1.0,221.832,1.0,0.6437389770723104,61.02645502645504,3.862433862433863,9.02857142857143,1.5534246575342463,0.6437389770723104,5.015873015873017,853.2,0.0017605633802816,0.3004225352112676,9.0,2.0,Long Inactive,Low Value,Low Frequency
CUST1168,0,62,Other,Germany,active,1,5,759.9,759.9,151.98,4.3,2,36.0,36,36,2023-04-01,2023-04-01,2021-01-23,798,0.036231884057971,5.0,1,1,1,2.0,759.9,151.98,0.0012515644555694,1413.4139999999998,28.56766917293233,0.18796992481203,2.0,1922.24304,1.0,0.4573934837092731,347.57330827067665,2.2869674185463658,53.135864661654125,2.186301369863014,0.4573934837092731,28.56766917293233,28116.3,0.0012515644555694,1.768978723404255,74.0,2.0,Long Inactive,Medium Value,Low Frequency
CUST1169,1,47,Male,India,active,1,6,211.92,211.92,35.32,4.0,5,49.0,49,49,2022-10-28,2022-10-28,2021-02-05,630,0.0454545454545454,6.0,1,1,1,5.0,211.92,35.32,0.0015847860538827,381.456,10.091428571428573,0.2857142857142857,5.0,495.8928,1.0,0.5793650793650793,122.77904761904765,3.4761904761904763,18.164571428571428,1.726027397260274,0.5793650793650793,10.091428571428573,10596.0,0.0015847860538827,0.6045261489698891,250.0,2.0,Long Inactive,Low Value,Low Frequency
CUST1170,0,65,Female,UK,active,1,9,1449.27,1449.27,161.03,4.4,5,47.0,47,47,2024-01-05,2024-01-05,2021-09-05,852,0.0340136054421768,9.0,1,1,1,5.0,1449.27,161.03,0.0011723329425556,2724.6276000000003,51.0306338028169,0.3169014084507042,5.0,3759.986088000001,1.0,0.4284037558685445,620.8727112676056,3.855633802816901,95.9375915492958,2.334246575342466,0.4284037558685445,51.0306338028169,69564.95999999999,0.0011723329425556,3.1941706916764363,240.0,2.0,Long Inactive,High Value,Low Frequency
CUST1171,0,36,Female,UK,cancelled,1,2,1242.34,1242.34,621.17,4.3,1,2.0,2,2,2024-12-06,2024-12-06,2021-04-17,1329,0.0220750551876379,2.0,1,1,1,1.0,1242.34,621.17,0.0007518796992481,2310.7524,28.043792325056437,0.0451467268623024,1.0,3142.6232639999994,1.0,0.2746425884123401,341.1994732881866,0.5492851768246803,52.16145372460497,3.641095890410959,0.2746425884123401,28.043792325056437,3727.02,0.0007518796992481,1.7374078195488722,3.0,2.0,Long Inactive,High Value,Low Frequency
CUST1172,0,64,Female,Canada,cancelled,1,5,1308.25,1308.25,261.65,4.0,0,28.0,28,28,2023-04-15,2023-04-15,2022-02-19,420,0.0666666666666666,5.0,1,1,1,0.0,1308.25,261.65,0.002375296912114,2354.85,93.44642857142856,0.3571428571428571,0.0,3061.305,1.0,0.8690476190476191,1136.9315476190477,4.345238095238096,168.20357142857142,1.1506849315068493,0.8690476190476191,93.44642857142856,37939.25,0.002375296912114,5.593467933491686,0.0,2.0,Long Inactive,High Value,Low Frequency
CUST1173,0,38,Male,Pakistan,cancelled,1,5,1664.3000000000002,1664.3000000000002,332.86,4.3,5,42.0,42,42,2024-02-12,2024-02-12,2022-12-05,434,0.0646551724137931,5.0,1,1,1,5.0,1664.3000000000002,332.86,0.0022988505747126,3095.598,115.04377880184332,0.3456221198156682,5.0,4210.013279999999,1.0,0.8410138248847926,1399.6993087557605,4.205069124423964,213.98142857142855,1.189041095890411,0.8410138248847926,115.04377880184332,71564.90000000001,0.0022988505747126,7.11631724137931,215.0,2.0,Long Inactive,Very High Value,Low Frequency
CUST1174,0,51,Male,Germany,active,1,3,205.35,205.35,68.45,5.0,4,39.0,39,39,2024-11-15,2024-11-15,2023-02-15,639,0.0448430493273542,3.0,1,1,1,4.0,205.35,68.45,0.0015625,410.7000000000001,9.640845070422536,0.1408450704225352,4.0,616.0500000000001,1.0,0.5712050078247262,117.29694835680752,1.7136150234741785,19.281690140845072,1.7506849315068491,0.5712050078247262,9.640845070422536,8214.0,0.0015625,0.6417187500000001,160.0,2.0,Long Inactive,Low Value,Low Frequency
CUST1175,0,62,Male,Pakistan,active,1,4,1099.84,1099.84,274.96,3.7,5,26.0,26,26,2024-02-19,2024-02-19,2021-09-15,887,0.0327153762268266,4.0,1,1,1,5.0,1099.84,274.96,0.0011261261261261,1913.7216,37.19864712514092,0.1352874859075535,5.0,2373.014784,1.0,0.411499436302142,452.5835400225479,1.645997745208568,64.7256459977452,2.43013698630137,0.411499436302142,37.19864712514092,29695.68,0.0011261261261261,2.1550918918918915,135.0,2.0,Long Inactive,High Value,Low Frequency
CUST1176,0,20,Male,Pakistan,cancelled,1,2,1718.8,1718.8,859.4,4.0,3,17.0,17,17,2024-07-13,2024-07-13,2023-11-07,249,0.1075268817204301,2.0,1,1,1,3.0,1718.8,859.4,0.004,3093.84,207.0843373493976,0.2409638554216867,3.0,4021.992,1.0,1.465863453815261,2519.526104417671,2.931726907630522,372.75180722891565,0.6821917808219178,1.465863453815261,207.0843373493976,30938.4,0.004,12.37536,54.0,2.0,Long Inactive,Very High Value,Low Frequency
CUST1177,1,21,Female,Canada,paused,1,9,932.76,932.76,103.64,4.1,4,34.0,34,34,2022-04-11,2022-04-11,2020-11-19,508,0.0557620817843866,9.0,1,1,1,4.0,932.76,103.64,0.0019646365422396,1697.6231999999998,55.084251968503935,0.5314960629921259,4.0,2240.8626239999994,1.0,0.718503937007874,670.1917322834645,6.466535433070866,100.25333858267716,1.3917808219178085,0.718503937007874,55.084251968503935,32646.6,0.0019646365422396,3.3352125736738696,140.0,2.0,Long Inactive,Medium Value,Low Frequency
CUST1178,1,45,Female,Canada,cancelled,1,2,1986.96,1986.96,993.48,4.0,3,18.0,18,18,2022-07-19,2022-07-19,2021-11-14,247,0.1083032490974729,2.0,1,1,1,3.0,1986.96,993.48,0.0040322580645161,3576.528,241.33117408906887,0.242914979757085,3.0,4649.486400000001,1.0,1.4777327935222673,2936.195951417004,2.9554655870445345,434.396113360324,0.6767123287671233,1.4777327935222673,241.33117408906887,37752.24,0.0040322580645161,14.421483870967744,57.0,2.0,Long Inactive,Very High Value,Low Frequency
CUST1179,1,48,Male,Germany,active,1,2,696.68,696.68,348.34,3.3,2,15.0,15,15,2021-06-10,2021-06-10,2021-07-24,0,1.0,2.0,1,1,1,2.0,696.68,348.34,1.0,1156.4888,6966.799999999999,20.0,2.0,1341.5270079999998,1.0,365.0,254288.2,730.0,11564.887999999995,0.0,365.0,6966.799999999999,11146.88,1.0,1156.4888,32.0,2.0,Long Inactive,Medium Value,Low Frequency
CUST1180,0,48,Male,Pakistan,active,1,6,112.2,112.2,18.7,3.8,0,33.0,33,33,2024-01-05,2024-01-05,2023-10-04,93,0.2439024390243902,6.0,1,1,1,0.0,112.2,18.7,0.0106382978723404,197.472,36.19354838709677,1.9354838709677415,0.0,248.81472,1.0,3.924731182795699,440.3548387096774,23.548387096774192,63.70064516129032,0.2547945205479452,3.924731182795699,36.19354838709677,3814.8,0.0106382978723404,2.100765957446808,0.0,2.0,Long Inactive,Low Value,Low Frequency
CUST1181,0,33,Male,Pakistan,cancelled,1,1,1543.22,1543.22,1543.22,4.1,3,42.0,42,42,2024-04-17,2024-04-17,2023-03-21,393,0.0709219858156028,1.0,1,1,1,3.0,1543.22,1543.22,0.0025380710659898,2808.6604,117.8030534351145,0.0763358778625954,3.0,3707.431727999999,1.0,0.9287531806615776,1433.27048346056,0.9287531806615776,214.4015572519084,1.0767123287671232,0.9287531806615776,117.8030534351145,66358.46,0.0025380710659898,7.128579695431471,129.0,2.0,Long Inactive,Very High Value,Low Frequency
CUST1182,0,37,Male,India,active,1,8,1465.6,1465.6,183.2,4.1,0,5.0,5,5,2025-07-28,2025-07-28,2021-01-08,1662,0.0177304964539007,8.0,1,1,1,0.0,1465.6,183.2,0.0006013229104028,2667.392,26.454873646209386,0.1444043321299639,0.0,3520.957439999999,1.0,0.2196149217809867,321.8676293622142,1.756919374247894,48.14787003610108,4.553424657534246,0.2196149217809867,26.454873646209386,8793.599999999999,0.0006013229104028,1.6039639206253755,0.0,2.0,At Risk,High Value,Low Frequency
CUST1183,1,59,Male,Canada,active,1,8,1727.04,1727.04,215.88,4.4,2,23.0,23,23,2022-10-14,2022-10-14,2021-04-19,543,0.0523560209424083,8.0,1,1,1,2.0,1727.04,215.88,0.0018382352941176,3246.8352,95.41657458563536,0.4419889502762431,2.0,4480.632576,1.0,0.6721915285451197,1160.9016574585637,5.377532228360957,179.38316022099443,1.4876712328767123,0.6721915285451197,95.41657458563536,41448.96,0.0018382352941176,5.968447058823529,48.0,2.0,Long Inactive,Very High Value,Low Frequency
CUST1184,0,37,Male,USA,active,1,1,1071.13,1071.13,1071.13,4.3,3,33.0,33,33,2025-07-03,2025-07-03,2023-09-07,665,0.0431654676258992,1.0,1,1,1,3.0,1071.13,1071.13,0.0015015015015015,1992.3018,48.32165413533835,0.0451127819548872,3.0,2709.5304479999995,1.0,0.5488721804511278,587.9134586466166,0.5488721804511278,89.87827669172931,1.821917808219178,0.5488721804511278,48.32165413533835,36418.420000000006,0.0015015015015015,2.991444144144144,102.0,2.0,At Risk,High Value,Low Frequency
CUST1185,0,47,Female,Canada,active,1,9,198.63,198.63,22.07,4.3,2,9.0,9,9,2025-02-17,2025-02-17,2022-06-22,971,0.0299700299700299,9.0,1,1,1,2.0,198.63,22.07,0.0010288065843621,369.4518,6.136869207003089,0.2780638516992791,2.0,502.454448,1.0,0.3759011328527291,74.66524201853758,3.383110195674562,11.414576725025746,2.66027397260274,0.3759011328527291,6.136869207003089,1986.3,0.0010288065843621,0.3800944444444444,20.0,2.0,Long Inactive,Low Value,Low Frequency
CUST1186,0,62,Female,Canada,active,1,4,800.84,800.84,200.21,4.4,5,10.0,10,10,2025-12-07,2025-12-07,2021-08-08,1582,0.0186104218362282,4.0,1,1,1,5.0,800.84,200.21,0.0006317119393556,1505.5792,15.186599241466498,0.0758533501896333,5.0,2077.699296,1.0,0.2307206068268015,184.77029077117572,0.9228824273072062,28.55080657395702,4.3342465753424655,0.2307206068268015,15.186599241466498,8809.24,0.0006317119393556,0.9510923562855338,55.0,2.0,Very Recent,Medium Value,Low Frequency
CUST1187,0,26,Female,India,cancelled,1,2,1357.34,1357.34,678.67,4.3,1,39.0,39,39,2025-03-24,2025-03-24,2023-06-05,658,0.0436046511627907,2.0,1,1,1,1.0,1357.34,678.67,0.0015174506828528,2524.6523999999995,61.884802431610936,0.0911854103343465,1.0,3433.527263999999,1.0,0.554711246200608,752.9317629179332,1.109422492401216,115.10573252279632,1.8027397260273967,0.554711246200608,61.884802431610936,54293.6,0.0015174506828528,3.831035508345978,40.0,2.0,Long Inactive,High Value,Low Frequency
CUST1188,0,20,Female,Pakistan,active,1,2,1378.74,1378.74,689.37,3.9,0,34.0,34,34,2024-10-10,2024-10-10,2021-05-25,1234,0.0237341772151898,2.0,1,1,1,0.0,1378.74,689.37,0.0008097165991902,2454.1572,33.51880064829822,0.0486223662884927,0.0,3141.3212160000003,1.0,0.2957860615883306,407.81207455429495,0.5915721231766613,59.66346515397083,3.3808219178082197,0.2957860615883306,33.51880064829822,48255.9,0.0008097165991902,1.987171821862348,0.0,2.0,Long Inactive,High Value,Low Frequency
CUST1189,0,40,Male,Germany,active,1,6,1085.88,1085.88,180.98,4.2,5,40.0,40,40,2023-02-26,2023-02-26,2022-10-22,127,0.1910828025477706,6.0,1,1,1,5.0,1085.88,180.98,0.0078125,1998.0192,256.5070866141732,1.4173228346456692,5.0,2677.345728,1.0,2.874015748031496,3120.8362204724403,17.244094488188974,471.9730393700787,0.347945205479452,2.874015748031496,256.5070866141732,44521.08,0.0078125,15.609525,205.0,2.0,Long Inactive,High Value,Low Frequency
CUST1190,1,49,Female,Pakistan,cancelled,1,5,741.7,741.7,148.34,4.2,4,7.0,7,7,2023-02-01,2023-02-01,2021-07-19,562,0.0506756756756756,5.0,1,1,1,4.0,741.7,148.34,0.0017761989342806,1364.728,39.59252669039146,0.2669039145907473,4.0,1828.73552,1.0,0.6494661921708186,481.70907473309614,3.247330960854093,72.85024911032029,1.5397260273972602,0.6494661921708186,39.59252669039146,5933.6,0.0017761989342806,2.4240284191829486,32.0,2.0,Long Inactive,Medium Value,Low Frequency
CUST1191,1,33,Male,UK,cancelled,1,7,894.81,894.81,127.83,4.1,4,9.0,9,9,2022-10-25,2022-10-25,2022-02-15,252,0.1063829787234042,7.0,1,1,1,4.0,894.81,127.83,0.0039525691699604,1628.5541999999998,106.525,0.8333333333333333,4.0,2149.691544,1.0,1.4484126984126984,1296.0541666666666,10.138888888888888,193.8755,0.6904109589041096,1.4484126984126984,106.525,8948.099999999999,0.0039525691699604,6.436973122529643,40.0,2.0,Long Inactive,Medium Value,Low Frequency
CUST1192,0,54,Other,Pakistan,active,1,8,1496.16,1496.16,187.02,4.3,2,29.0,29,29,2024-02-14,2024-02-14,2021-03-10,1071,0.0272479564032697,8.0,1,1,1,2.0,1496.16,187.02,0.0009328358208955,2782.8576,41.90924369747899,0.2240896358543417,2.0,3784.6863359999993,1.0,0.3408029878618114,509.8957983193278,2.726423902894491,77.9511932773109,2.9342465753424656,0.3408029878618114,41.90924369747899,44884.8,0.0009328358208955,2.595949253731343,60.0,2.0,Long Inactive,Very High Value,Low Frequency
CUST1193,1,28,Male,Canada,active,1,7,1229.97,1229.97,175.71,3.7,5,26.0,26,26,2023-02-06,2023-02-06,2021-08-14,541,0.052539404553415,7.0,1,1,1,5.0,1229.97,175.71,0.0018450184501845,2140.1478,68.20536044362292,0.388170055452865,5.0,2653.783272,1.0,0.6746765249537893,829.8318853974122,4.7227356746765246,118.67732717190388,1.4821917808219178,0.6746765249537893,68.20536044362292,33209.19,0.0018450184501845,3.9486121771217713,135.0,2.0,Long Inactive,High Value,Low Frequency
CUST1194,1,36,Female,Canada,cancelled,1,9,357.66,357.66,39.74,4.1,2,10.0,10,10,2022-02-18,2022-02-18,2021-10-05,136,0.180722891566265,9.0,1,1,1,2.0,357.66,39.74,0.0072992700729927,650.9412,78.89558823529413,1.9852941176470589,2.0,859.2423839999999,1.0,2.6838235294117645,959.8963235294118,24.15441176470588,143.5899705882353,0.3726027397260274,2.6838235294117645,78.89558823529413,3934.26,0.0072992700729927,4.751395620437956,22.0,2.0,Long Inactive,Low Value,Low Frequency
CUST1195,0,57,Male,India,active,1,6,1198.38,1198.38,199.73,3.9,0,46.0,46,46,2024-08-21,2024-08-21,2023-07-19,399,0.0699300699300699,6.0,1,1,1,0.0,1198.38,199.73,0.0025,2133.1164,90.10375939849622,0.4511278195488721,0.0,2730.388992,1.0,0.9147869674185464,1096.2624060150374,5.488721804511278,160.3846917293233,1.093150684931507,0.9147869674185464,90.10375939849622,56323.85999999999,0.0025,5.332790999999999,0.0,2.0,Long Inactive,High Value,Low Frequency
CUST1196,1,36,Male,India,active,1,9,276.84000000000003,276.84000000000003,30.76,4.0,3,49.0,49,49,2022-12-19,2022-12-19,2020-07-10,892,0.0325379609544468,9.0,1,1,1,3.0,276.84000000000003,30.760000000000005,0.0011198208286674,498.31200000000007,9.310762331838566,0.3026905829596412,3.0,647.8056000000001,1.0,0.4091928251121076,113.28094170403588,3.682735426008968,16.759372197309418,2.4438356164383563,0.4091928251121076,9.310762331838566,13842.000000000002,0.0011198208286674,0.5580201567749161,150.0,2.0,Long Inactive,Low Value,Low Frequency
CUST1197,0,34,Male,USA,active,1,4,1717.0,1717.0,429.25,4.2,2,45.0,45,45,2023-03-03,2023-03-03,2022-01-10,417,0.0671140939597315,4.0,1,1,1,2.0,1717.0,429.25,0.0023923444976076,3159.28,123.5251798561151,0.2877697841726618,2.0,4233.435200000001,1.0,0.8752997601918464,1502.8896882494005,3.5011990407673856,227.2863309352518,1.1424657534246576,0.8752997601918464,123.5251798561151,78982.0,0.0023923444976076,7.558086124401914,92.0,2.0,Long Inactive,Very High Value,Low Frequency
CUST1198,0,39,Female,USA,cancelled,1,9,1104.48,1104.48,122.72,4.4,4,35.0,35,35,2024-06-03,2024-06-03,2022-04-25,770,0.0375,9.0,1,1,1,4.0,1104.48,122.72,0.0012970168612191,2076.4224000000004,43.03168831168831,0.3506493506493506,4.0,2865.462912000001,1.0,0.474025974025974,523.5522077922078,4.266233766233766,80.89957402597403,2.1095890410958904,0.474025974025974,43.03168831168831,39761.28,0.0012970168612191,2.69315486381323,144.0,2.0,Long Inactive,High Value,Low Frequency
CUST1199,0,32,Male,Pakistan,active,1,3,1512.48,1512.48,504.16,4.1,4,43.0,43,43,2023-03-29,2023-03-29,2022-11-10,139,0.1775147928994082,3.0,1,1,1,4.0,1512.48,504.16,0.0071428571428571,2752.7136,326.4345323741007,0.6474820143884892,4.0,3633.581951999999,1.0,2.62589928057554,3971.620143884892,7.877697841726619,594.1108489208632,0.3808219178082191,2.62589928057554,326.4345323741007,66549.12,0.0071428571428571,19.66224,176.0,2.0,Long Inactive,Very High Value,Low Frequency
CUST1200,0,69,Female,Germany,cancelled,1,4,1932.48,1932.48,483.12,4.3,2,23.0,23,23,2023-09-19,2023-09-19,2021-11-07,681,0.0421940928270042,4.0,1,1,1,2.0,1932.48,483.12,0.001466275659824,3594.4128,85.13127753303965,0.1762114537444934,2.0,4888.401407999999,1.0,0.5359765051395007,1035.7638766519824,2.1439060205580027,158.34417621145374,1.8657534246575345,0.5359765051395007,85.13127753303965,46379.52,0.001466275659824,5.2704,48.0,2.0,Long Inactive,Very High Value,Low Frequency
CUST1201,0,61,Male,India,cancelled,1,6,833.52,833.52,138.92,3.8,0,47.0,47,47,2025-02-06,2025-02-06,2023-03-29,680,0.0422535211267605,6.0,1,1,1,0.0,833.52,138.92,0.0014684287812041,1466.9952,36.77294117647059,0.2647058823529412,0.0,1848.413952,1.0,0.5367647058823529,447.40411764705885,3.2205882352941178,64.72037647058823,1.8630136986301369,0.5367647058823529,36.77294117647059,40008.96,0.0014684287812041,2.154177973568282,0.0,2.0,Long Inactive,Medium Value,Low Frequency
CUST1202,1,68,Female,UK,active,1,6,1798.6799999999998,1798.6799999999998,299.78,4.4,4,13.0,13,13,2022-12-27,2022-12-27,2021-06-11,564,0.0505050505050505,6.0,1,1,1,4.0,1798.6799999999998,299.78,0.0017699115044247,3381.5184,95.67446808510635,0.3191489361702127,4.0,4666.495392000001,1.0,0.6471631205673758,1164.0393617021275,3.882978723404255,179.868,1.5452054794520549,0.6471631205673758,95.67446808510635,25181.52,0.0017699115044247,5.984988318584071,56.0,2.0,Long Inactive,Very High Value,Low Frequency
CUST1203,0,61,Other,Germany,cancelled,1,6,1780.08,1780.08,296.68,4.0,4,6.0,6,6,2023-03-15,2023-03-15,2021-07-22,601,0.0475435816164817,6.0,1,1,1,4.0,1780.08,296.68,0.0016611295681063,3204.144,88.85590682196339,0.2995008319467553,4.0,4165.3872,1.0,0.6073211314475874,1081.0801996672212,3.643926788685524,159.94063227953407,1.6465753424657534,0.6073211314475874,88.85590682196339,12460.56,0.0016611295681063,5.322498338870432,28.0,2.0,Long Inactive,Very High Value,Low Frequency
CUST1204,0,22,Female,USA,active,1,2,126.32,126.32,63.16,4.4,0,13.0,13,13,2023-10-25,2023-10-25,2021-12-05,689,0.0417246175243393,2.0,1,1,1,0.0,126.32,63.16,0.0014492753623188,237.4816,5.500145137880987,0.0870827285921625,0.0,327.72460800000005,1.0,0.5297532656023223,66.91843251088534,1.0595065312046446,10.340272859216256,1.887671232876712,0.5297532656023223,5.500145137880987,1768.48,0.0014492753623188,0.344176231884058,0.0,2.0,Long Inactive,Low Value,Low Frequency
CUST1205,0,58,Male,India,cancelled,1,1,1484.8,1484.8,1484.8,4.0,2,13.0,13,13,2025-04-22,2025-04-22,2021-08-20,1341,0.0218818380743982,1.0,1,1,1,2.0,1484.8,1484.8,0.0007451564828614,2672.64,33.21700223713646,0.0223713646532438,2.0,3474.432,1.0,0.2721849366144668,404.14019388516033,0.2721849366144668,59.79060402684563,3.673972602739726,0.2721849366144668,33.21700223713646,20787.2,0.0007451564828614,1.9915350223546944,28.0,2.0,Long Inactive,High Value,Low Frequency
CUST1206,0,59,Female,Germany,active,1,6,1578.12,1578.12,263.02,4.2,1,26.0,26,26,2023-11-12,2023-11-12,2021-11-24,718,0.0401069518716577,6.0,1,1,1,1.0,1578.12,263.02,0.0013908205841446,2903.7408,65.93816155988857,0.2506963788300835,1.0,3891.012672,1.0,0.5083565459610028,802.2476323119777,3.050139275766017,121.326217270195,1.9671232876712328,0.5083565459610028,65.93816155988857,42609.24,0.0013908205841446,4.03858247566064,27.0,2.0,Long Inactive,Very High Value,Low Frequency
CUST1207,0,32,Male,India,active,1,1,1212.26,1212.26,1212.26,3.9,1,38.0,38,38,2023-03-12,2023-03-12,2023-07-16,0,1.0,1.0,1,1,1,1.0,1212.26,1212.26,1.0,2157.8228,12122.6,10.0,1.0,2762.013184,1.0,365.0,442474.9,365.0,21578.228,0.0,365.0,12122.6,47278.14,1.0,2157.8228,39.0,2.0,Long Inactive,High Value,Low Frequency
CUST1208,0,37,Male,India,active,1,1,1790.4,1790.4,1790.4,3.7,0,33.0,33,33,2023-08-17,2023-08-17,2022-12-09,251,0.1067615658362989,1.0,1,1,1,0.0,1790.4,1790.4,0.0039682539682539,3115.2960000000003,213.99203187250995,0.1195219123505976,0.0,3862.967040000001,1.0,1.454183266932271,2603.569721115538,1.454183266932271,372.34613545816734,0.6876712328767123,1.454183266932271,213.99203187250995,60873.600000000006,0.0039682539682539,12.362285714285717,0.0,2.0,Long Inactive,Very High Value,Low Frequency
CUST1209,0,30,Male,Pakistan,active,1,2,1165.24,1165.24,582.62,3.6,2,6.0,6,6,2024-09-14,2024-09-14,2022-12-04,650,0.0441176470588235,2.0,1,1,1,2.0,1165.24,582.62,0.0015360983102918,2004.2128,53.78030769230769,0.0923076923076923,2.0,2445.139616,1.0,0.5615384615384615,654.3270769230769,1.123076923076923,92.50212923076924,1.7808219178082192,0.5615384615384615,53.78030769230769,8156.68,0.0015360983102918,3.078667895545315,14.0,2.0,Long Inactive,High Value,Low Frequency
CUST1210,1,30,Female,UK,active,1,2,362.64,362.64,181.32,4.0,0,40.0,40,40,2023-02-14,2023-02-14,2022-03-14,337,0.0817438692098092,2.0,1,1,1,0.0,362.64,181.32,0.0029585798816568,652.752,32.282492581602376,0.1780415430267062,0.0,848.5776,1.0,1.083086053412463,392.7703264094956,2.166172106824926,58.10848664688427,0.9232876712328768,1.083086053412463,32.282492581602376,14868.24,0.0029585798816568,1.9312189349112423,0.0,2.0,Long Inactive,Low Value,Low Frequency
CUST1211,0,65,Male,UK,paused,1,9,1573.83,1573.83,174.87,3.5,2,34.0,34,34,2023-02-18,2023-02-18,2022-08-03,199,0.131004366812227,9.0,1,1,1,2.0,1573.83,174.87,0.005,2675.511,237.2608040201005,1.3567839195979898,2.0,3210.6132,1.0,1.8341708542713568,2886.6731155778893,16.507537688442213,403.3433668341708,0.5452054794520548,1.8341708542713568,237.2608040201005,55084.05,0.005,13.377555,70.0,2.0,Long Inactive,Very High Value,Low Frequency
CUST1212,0,48,Female,Canada,cancelled,1,3,1388.6999999999998,1388.6999999999998,462.9,4.5,4,45.0,45,45,2024-11-02,2024-11-02,2022-04-26,921,0.0315457413249211,3.0,1,1,1,4.0,1388.6999999999998,462.8999999999999,0.0010845986984815,2638.53,45.23452768729641,0.0977198697068403,4.0,3693.942,1.0,0.3963083604777416,550.3534201954396,1.1889250814332248,85.94560260586319,2.5232876712328767,0.3963083604777416,45.23452768729641,63880.19999999999,0.0010845986984815,2.861746203904555,184.0,2.0,Long Inactive,High Value,Low Frequency
CUST1213,0,56,Female,Pakistan,cancelled,1,3,1470.03,1470.03,490.01,4.2,2,40.0,40,40,2024-07-26,2024-07-26,2021-04-01,1212,0.0241545893719806,3.0,1,1,1,2.0,1470.03,490.01,0.0008244023083264,2704.8552,36.386881188118814,0.0742574257425742,2.0,3624.505968,1.0,0.3011551155115511,442.70705445544553,0.9034653465346534,66.95186138613862,3.32054794520548,0.3011551155115511,36.386881188118814,60271.23,0.0008244023083264,2.2298888705688378,82.0,2.0,Long Inactive,High Value,Low Frequency
CUST1214,0,29,Female,Germany,cancelled,1,1,1068.34,1068.34,1068.34,3.8,0,36.0,36,36,2023-12-14,2023-12-14,2022-10-26,414,0.0675675675675675,1.0,1,1,1,0.0,1068.34,1068.34,0.0024096385542168,1880.2784,77.4159420289855,0.072463768115942,0.0,2369.150784,1.0,0.8816425120772947,941.8939613526568,0.8816425120772947,136.25205797101447,1.1342465753424658,0.8816425120772947,77.4159420289855,39528.58,0.0024096385542168,4.530791325301205,0.0,2.0,Long Inactive,High Value,Low Frequency
CUST1215,0,64,Male,India,active,1,8,1208.24,1208.24,151.03,3.8,4,30.0,30,30,2023-05-19,2023-05-19,2021-08-03,654,0.043859649122807,8.0,1,1,1,4.0,1208.24,151.03,0.0015267175572519,2126.5024,55.42385321100917,0.3669724770642201,4.0,2679.393024,1.0,0.5581039755351682,674.3235474006117,4.464831804281346,97.54598165137614,1.7917808219178082,0.5581039755351682,55.42385321100917,37455.44,0.0015267175572519,3.2465685496183205,124.0,2.0,Long Inactive,High Value,Low Frequency
CUST1216,1,48,Female,Pakistan,active,1,8,1218.8,1218.8,152.35,4.1,3,32.0,32,32,2022-12-24,2022-12-24,2022-06-11,196,0.1327433628318584,8.0,1,1,1,3.0,1218.8,152.35,0.0050761421319796,2218.216,186.55102040816325,1.2244897959183674,3.0,2928.0451199999998,1.0,1.862244897959184,2269.704081632653,14.89795918367347,339.5228571428571,0.536986301369863,1.862244897959184,186.55102040816325,40220.4,0.0050761421319796,11.25997969543147,99.0,2.0,Long Inactive,High Value,Low Frequency
CUST1217,0,59,Male,Germany,active,1,7,1940.19,1940.19,277.17,4.3,5,3.0,3,3,2023-04-12,2023-04-12,2023-04-27,0,1.0,7.0,1,1,1,5.0,1940.19,277.17,1.0,3608.7534,19401.9,70.0,5.0,4907.904624,1.0,365.0,708169.35,2555.0,36087.534,0.0,365.0,19401.9,7760.76,1.0,3608.7534,20.0,2.0,Long Inactive,Very High Value,Low Frequency
CUST1218,0,36,Female,Canada,active,1,1,90.95,90.95,90.95,4.4,5,30.0,30,30,2025-02-28,2025-02-28,2022-01-07,1148,0.0254668930390492,1.0,1,1,1,5.0,90.95,90.95,0.000870322019147,170.98600000000002,2.376742160278746,0.0261324041811846,5.0,235.96068000000005,1.0,0.3179442508710801,28.91702961672474,0.3179442508710801,4.468275261324043,3.1452054794520548,0.3179442508710801,2.376742160278746,2819.4500000000003,0.000870322019147,0.1488128807658834,155.0,2.0,Long Inactive,Low Value,Low Frequency
CUST1219,0,20,Female,Canada,active,1,2,1627.8,1627.8,813.9,3.9,4,38.0,38,38,2023-12-29,2023-12-29,2023-08-20,131,0.1863354037267081,2.0,1,1,1,4.0,1627.8,813.9,0.0075757575757575,2897.484,372.7786259541985,0.4580152671755725,4.0,3708.77952,1.0,2.7862595419847325,4535.473282442747,5.572519083969465,663.5459541984733,0.3589041095890411,2.7862595419847325,372.7786259541985,63484.2,0.0075757575757575,21.950636363636363,156.0,2.0,Long Inactive,Very High Value,Low Frequency
CUST1220,0,51,Female,Pakistan,paused,1,3,788.61,788.61,262.87,4.2,3,27.0,27,27,2023-12-07,2023-12-07,2022-06-06,549,0.0518134715025906,3.0,1,1,1,3.0,788.61,262.87,0.0018181818181818,1451.0424,43.09344262295082,0.1639344262295081,3.0,1944.396816,1.0,0.6648451730418944,524.3035519125683,1.994535519125683,79.2919344262295,1.5041095890410958,0.6648451730418944,43.09344262295082,22081.08,0.0018181818181818,2.638258909090909,84.0,2.0,Long Inactive,Medium Value,Low Frequency
CUST1221,0,49,Female,USA,active,1,8,1385.6,1385.6,173.2,3.8,2,45.0,45,45,2025-05-16,2025-05-16,2020-01-10,1953,0.0151285930408472,8.0,1,1,1,2.0,1385.6,173.2,0.0005117707267144,2438.656,21.284178187403995,0.1228878648233487,2.0,3072.70656,1.0,0.1868919610855094,258.9575012800819,1.4951356886840756,37.46015360983103,5.35068493150685,0.1868919610855094,21.284178187403995,63737.6,0.0005117707267144,1.2480327533265096,92.0,2.0,Long Inactive,High Value,Low Frequency
CUST1222,0,46,Female,Canada,active,1,5,1990.9,1990.9,398.18,4.1,1,12.0,12,12,2024-05-31,2024-05-31,2022-04-26,766,0.0376884422110552,5.0,1,1,1,1.0,1990.9,398.18,0.0013037809647979,3623.438,77.97258485639686,0.1958224543080939,1.0,4782.938159999999,1.0,0.4765013054830287,948.666449086162,2.382506527415144,141.91010443864226,2.0986301369863014,0.4765013054830287,77.97258485639686,25881.7,0.0013037809647979,4.724169491525423,13.0,2.0,Long Inactive,Very High Value,Low Frequency
CUST1223,0,25,Female,Pakistan,active,1,8,1694.56,1694.56,211.82,4.1,0,32.0,32,32,2024-10-20,2024-10-20,2023-05-01,538,0.0528169014084507,8.0,1,1,1,0.0,1694.56,211.82,0.0018552875695732,3084.0992,94.49219330855018,0.4460966542750929,0.0,4071.010943999999,1.0,0.6784386617100372,1149.6550185873607,5.4275092936802976,171.97579182156133,1.473972602739726,0.6784386617100372,94.49219330855018,55920.48,0.0018552875695732,5.7218909090909085,0.0,2.0,Long Inactive,Very High Value,Low Frequency
CUST1224,0,19,Female,USA,active,1,6,1534.62,1534.62,255.77,4.3,1,21.0,21,21,2024-09-11,2024-09-11,2021-10-27,1050,0.0277777777777777,6.0,1,1,1,1.0,1534.62,255.77,0.0009514747859181,2854.3932,43.84628571428572,0.1714285714285714,1.0,3881.974752,1.0,0.3476190476190476,533.4631428571429,2.085714285714286,81.55409142857143,2.8767123287671232,0.3476190476190476,43.84628571428572,33761.64,0.0009514747859181,2.7158831588962893,22.0,2.0,Long Inactive,Very High Value,Low Frequency
CUST1225,0,62,Female,UK,active,1,8,508.16,508.16,63.52,3.7,5,7.0,7,7,2024-02-09,2024-02-09,2023-02-27,347,0.0795755968169761,8.0,1,1,1,5.0,508.16,63.52,0.0028735632183908,884.1984,43.93314121037464,0.69164265129683,5.0,1096.406016,1.0,1.0518731988472625,534.5198847262249,8.414985590778098,76.44366570605187,0.9506849315068492,1.0518731988472625,43.93314121037464,4065.28,0.0028735632183908,2.5408,40.0,2.0,Long Inactive,Low Value,Low Frequency
CUST1226,1,52,Female,Germany,active,1,5,1586.55,1586.55,317.31,4.0,2,45.0,45,45,2022-12-09,2022-12-09,2021-03-19,630,0.0454545454545454,5.0,1,1,1,2.0,1586.55,317.31,0.0015847860538827,2855.79,75.55,0.238095238095238,2.0,3712.527,1.0,0.5793650793650793,919.1916666666666,2.8968253968253967,135.99,1.726027397260274,0.5793650793650793,75.55,72981.3,0.0015847860538827,4.5258161648177495,92.0,2.0,Long Inactive,Very High Value,Low Frequency
CUST1227,0,52,Other,Germany,active,1,2,872.32,872.32,436.16,4.2,5,11.0,11,11,2025-05-26,2025-05-26,2021-09-14,1350,0.0217391304347826,2.0,1,1,1,5.0,872.32,436.16,0.000740192450037,1605.0688000000002,19.38488888888889,0.0444444444444444,5.0,2150.7921920000003,1.0,0.2703703703703703,235.8494814814815,0.5407407407407407,35.66819555555556,3.6986301369863015,0.2703703703703703,19.38488888888889,10467.84,0.000740192450037,1.188059807549963,60.0,2.0,Long Inactive,Medium Value,Low Frequency
CUST1228,0,47,Female,Germany,active,1,4,1466.56,1466.56,366.64,4.1,0,13.0,13,13,2023-02-19,2023-02-19,2022-03-16,340,0.081081081081081,4.0,1,1,1,0.0,1466.56,366.64,0.002932551319648,2669.1392,129.40235294117645,0.3529411764705882,0.0,3523.263743999999,1.0,1.0735294117647058,1574.3952941176472,4.294117647058823,235.51228235294116,0.9315068493150684,1.0735294117647058,129.40235294117645,20531.84,0.002932551319648,7.827387683284456,0.0,2.0,Long Inactive,High Value,Low Frequency
CUST1229,0,46,Male,UK,active,1,4,1391.04,1391.04,347.76,4.3,2,27.0,27,27,2025-01-15,2025-01-15,2022-07-25,905,0.0320855614973262,4.0,1,1,1,2.0,1391.04,347.76,0.0011037527593818,2587.3344,46.111823204419885,0.1325966850828729,2.0,3518.7747839999997,1.0,0.4033149171270718,561.027182320442,1.6132596685082872,85.76799116022099,2.4794520547945207,0.4033149171270718,46.111823204419885,38949.12,0.0011037527593818,2.8557774834437084,56.0,2.0,Long Inactive,High Value,Low Frequency
CUST1230,0,18,Female,India,active,1,8,1767.44,1767.44,220.93,4.4,1,38.0,38,38,2023-05-26,2023-05-26,2022-06-21,339,0.08130081300813,8.0,1,1,1,1.0,1767.44,220.93,0.0029411764705882,3322.7872,156.41061946902656,0.7079646017699115,1.0,4585.446336000001,1.0,1.0766961651917404,1902.9958702064896,8.613569321533923,294.0519646017699,0.9287671232876712,1.0766961651917404,156.41061946902656,68930.16,0.0029411764705882,9.772903529411764,39.0,2.0,Long Inactive,Very High Value,Low Frequency
CUST1231,0,66,Female,Pakistan,active,1,1,1331.03,1331.03,1331.03,4.3,5,33.0,33,33,2025-01-06,2025-01-06,2023-12-01,402,0.0694444444444444,1.0,1,1,1,5.0,1331.03,1331.03,0.0024813895781637,2475.7158,99.33059701492536,0.0746268656716417,5.0,3366.973488,1.0,0.9079601990049752,1208.522263681592,0.9079601990049752,184.7549104477612,1.1013698630136983,0.9079601990049752,99.33059701492536,45255.02,0.0024813895781637,6.1432153846153845,170.0,2.0,Long Inactive,High Value,Low Frequency
CUST1232,0,54,Other,UK,cancelled,1,5,672.0,672.0,134.4,4.3,4,30.0,30,30,2023-06-10,2023-06-10,2022-07-14,331,0.0831024930747922,5.0,1,1,1,4.0,672.0,134.4,0.003012048192771,1249.9199999999998,60.90634441087613,0.4531722054380664,4.0,1699.8911999999996,1.0,1.1027190332326284,741.0271903323262,5.5135951661631415,113.2858006042296,0.9068493150684932,1.1027190332326284,60.90634441087613,20832.0,0.003012048192771,3.7648192771084337,124.0,2.0,Long Inactive,Medium Value,Low Frequency
CUST1233,0,35,Female,India,active,1,9,1199.25,1199.25,133.25,3.5,1,26.0,26,26,2024-02-06,2024-02-06,2022-07-04,582,0.0490196078431372,9.0,1,1,1,1.0,1199.25,133.25,0.0017152658662092,2038.725,61.81701030927835,0.4639175257731959,1.0,2446.47,1.0,0.627147766323024,752.1069587628866,5.644329896907217,105.0889175257732,1.5945205479452054,0.627147766323024,61.81701030927835,32379.75,0.0017152658662092,3.4969554030874783,27.0,2.0,Long Inactive,High Value,Low Frequency
CUST1234,0,65,Male,USA,cancelled,1,9,1892.34,1892.34,210.26,3.9,1,15.0,15,15,2025-05-01,2025-05-01,2021-11-16,1262,0.023219814241486,9.0,1,1,1,1.0,1892.34,210.26,0.0007917656373713,3368.3652,44.98431061806656,0.2139461172741679,1.0,4311.507455999999,1.0,0.2892234548335974,547.3091125198098,2.6030110935023774,80.07207290015846,3.4575342465753423,0.2892234548335974,44.98431061806656,30277.44,0.0007917656373713,2.6669558194774345,16.0,2.0,Long Inactive,Very High Value,Low Frequency
CUST1235,1,22,Female,Pakistan,cancelled,1,8,641.68,641.68,80.21,4.5,0,47.0,47,47,2022-10-31,2022-10-31,2020-09-22,769,0.0375469336670838,8.0,1,1,1,0.0,641.68,80.21,0.0012987012987012,1219.1919999999998,25.03302990897269,0.3120936280884265,0.0,1706.8687999999995,1.0,0.4746423927178154,304.5685305591677,3.797139141742523,47.562756827048105,2.106849315068493,0.4746423927178154,25.03302990897269,30800.64,0.0012987012987012,1.5833662337662335,0.0,2.0,Long Inactive,Medium Value,Low Frequency
CUST1236,1,60,Female,Pakistan,active,1,4,535.36,535.36,133.84,3.4,2,11.0,11,11,2022-07-16,2022-07-16,2021-09-23,296,0.0920245398773006,4.0,1,1,1,2.0,535.36,133.84,0.0033670033670033,899.4048,54.25945945945946,0.4054054054054054,2.0,1061.297664,1.0,1.233108108108108,660.1567567567567,4.9324324324324325,91.15589189189188,0.810958904109589,1.233108108108108,54.25945945945946,6424.32,0.0033670033670033,3.02829898989899,24.0,2.0,Long Inactive,Low Value,Low Frequency
CUST1237,0,57,Female,Germany,cancelled,1,4,1146.76,1146.76,286.69,4.0,1,28.0,28,28,2023-07-10,2023-07-10,2023-10-01,0,1.0,4.0,1,1,1,1.0,1146.76,286.69,1.0,2064.168,11467.6,40.0,1.0,2683.4184000000005,1.0,365.0,418567.4,1460.0,20641.68,0.0,365.0,11467.6,33256.04,1.0,2064.168,29.0,2.0,Long Inactive,High Value,Low Frequency
CUST1238,1,37,Female,Canada,active,1,8,441.44,441.44,55.18,4.0,2,3.0,3,3,2023-01-26,2023-01-26,2021-11-29,423,0.0662251655629139,8.0,1,1,1,2.0,441.44,55.18,0.0023584905660377,794.592,31.30780141843972,0.5673758865248227,2.0,1032.9696,1.0,0.8628841607565012,380.9115839243499,6.90307328605201,56.35404255319149,1.158904109589041,0.8628841607565012,31.30780141843972,1765.76,0.0023584905660377,1.8740377358490563,8.0,2.0,Long Inactive,Low Value,Low Frequency
CUST1239,0,50,Female,USA,active,1,7,180.25,180.25,25.75,4.4,5,8.0,8,8,2025-02-26,2025-02-26,2022-12-27,792,0.0364963503649635,7.0,1,1,1,5.0,180.25,25.75,0.0012610340479192,338.87,6.827651515151516,0.2651515151515151,5.0,467.64060000000006,1.0,0.4608585858585858,83.0697601010101,3.226010101010101,12.83598484848485,2.16986301369863,0.4608585858585858,6.827651515151516,1622.25,0.0012610340479192,0.4273266078184111,45.0,2.0,Long Inactive,Low Value,Low Frequency
CUST1240,0,22,Female,Germany,active,1,6,44.52,44.52,7.42,4.0,5,22.0,22,22,2023-09-04,2023-09-04,2022-05-21,471,0.059880239520958,6.0,1,1,1,5.0,44.52,7.419999999999999,0.0021186440677966,80.136,2.835668789808917,0.3821656050955414,5.0,104.1768,1.0,0.7749469214437368,34.50063694267516,4.649681528662421,5.104203821656051,1.2904109589041095,0.7749469214437368,2.835668789808917,1023.96,0.0021186440677966,0.1697796610169491,115.0,2.0,Long Inactive,Low Value,Low Frequency
CUST1241,1,46,Female,Canada,active,1,4,1721.12,1721.12,430.28,4.3,0,39.0,39,39,2022-01-23,2022-01-23,2020-09-16,494,0.0572519083969465,4.0,1,1,1,0.0,1721.12,430.28,0.002020202020202,3201.2831999999994,104.52145748987854,0.242914979757085,0.0,4353.745151999999,1.0,0.7388663967611336,1271.6777327935222,2.9554655870445345,194.40991093117407,1.3534246575342466,0.7388663967611336,104.52145748987854,68844.79999999999,0.002020202020202,6.467238787878786,0.0,2.0,Long Inactive,Very High Value,Low Frequency
CUST1242,0,59,Male,India,active,1,3,923.85,923.85,307.95,4.0,2,40.0,40,40,2025-03-05,2025-03-05,2021-09-05,1277,0.0229533282325937,3.0,1,1,1,2.0,923.85,307.95,0.0007824726134585,1662.9299999999998,21.703602192638996,0.0704776820673453,2.0,2161.809,1.0,0.2858261550509005,264.06049334377445,0.8574784651527017,39.06648394675019,3.4986301369863013,0.2858261550509005,21.703602192638996,37877.85,0.0007824726134585,1.3011971830985916,82.0,2.0,Long Inactive,Medium Value,Low Frequency
CUST1243,1,53,Female,Germany,active,1,1,235.7,235.7,235.7,4.2,2,5.0,5,5,2022-12-07,2022-12-07,2021-12-18,354,0.078125,1.0,1,1,1,2.0,235.7,235.7,0.0028169014084507,433.688,19.97457627118644,0.0847457627118644,2.0,581.14192,1.0,1.0310734463276836,243.02401129943505,1.0310734463276836,36.75322033898305,0.96986301369863,1.0310734463276836,19.97457627118644,1414.1999999999998,0.0028169014084507,1.221656338028169,12.0,2.0,Long Inactive,Low Value,Low Frequency
CUST1244,0,40,Female,USA,active,1,8,1399.6,1399.6,174.95,3.8,5,23.0,23,23,2024-03-28,2024-03-28,2022-10-17,528,0.053763440860215,8.0,1,1,1,5.0,1399.6,174.95,0.0018903591682419,2463.296,79.52272727272727,0.4545454545454545,5.0,3103.75296,1.0,0.6912878787878788,967.526515151515,5.53030303030303,139.95999999999998,1.4465753424657537,0.6912878787878788,79.52272727272727,33590.399999999994,0.0018903591682419,4.6565141776937615,120.0,2.0,Long Inactive,High Value,Low Frequency
CUST1245,1,67,Female,UK,active,1,4,929.56,929.56,232.39,4.4,0,40.0,40,40,2021-07-23,2021-07-23,2020-10-31,265,0.1016949152542372,4.0,1,1,1,0.0,929.56,232.39,0.0037593984962406,1747.5728,105.2332075471698,0.4528301886792452,0.0,2411.6504640000003,1.0,1.3773584905660377,1280.337358490566,5.509433962264151,197.8384301886792,0.726027397260274,1.3773584905660377,105.2332075471698,38111.96,0.0037593984962406,6.569822556390977,0.0,2.0,Long Inactive,Medium Value,Low Frequency
CUST1246,0,26,Male,Germany,active,1,4,1067.0,1067.0,266.75,3.9,2,23.0,23,23,2024-03-16,2024-03-16,2021-01-13,1158,0.0252525252525252,4.0,1,1,1,2.0,1067.0,266.75,0.0008628127696289,1899.26,27.642487046632123,0.1036269430051813,2.0,2431.0528,1.0,0.3151986183074265,336.3169257340241,1.2607944732297065,49.203626943005176,3.1726027397260275,0.3151986183074265,27.642487046632123,25608.0,0.0008628127696289,1.6387057808455563,48.0,2.0,Long Inactive,High Value,Low Frequency
CUST1247,0,67,Female,UK,active,1,2,65.64,65.64,32.82,4.2,5,39.0,39,39,2025-03-23,2025-03-23,2022-11-18,856,0.0338600451467268,2.0,1,1,1,5.0,65.64,32.82,0.0011668611435239,120.7776,2.300467289719626,0.0700934579439252,5.0,161.84198400000002,1.0,0.4264018691588784,27.989018691588782,0.8528037383177569,4.232859813084112,2.345205479452055,0.4264018691588784,2.300467289719626,2625.6,0.0011668611435239,0.1409306884480747,200.0,2.0,Long Inactive,Low Value,Low Frequency
CUST1248,1,23,Male,USA,paused,1,3,1792.08,1792.08,597.36,3.9,2,11.0,11,11,2021-11-21,2021-11-21,2021-08-29,84,0.2631578947368421,3.0,1,1,1,2.0,1792.08,597.36,0.0117647058823529,3189.9024,640.0285714285715,1.0714285714285714,2.0,4083.075072,1.0,4.345238095238095,7787.014285714285,13.035714285714286,1139.2508571428573,0.2301369863013698,4.345238095238095,640.0285714285715,21504.96,0.0117647058823529,37.52826352941177,24.0,2.0,Long Inactive,Very High Value,Low Frequency
CUST1249,0,51,Female,India,cancelled,1,8,1179.6,1179.6,147.45,4.7,1,18.0,18,18,2024-07-12,2024-07-12,2022-12-18,572,0.0498338870431893,8.0,1,1,1,1.0,1179.6,147.45,0.0017452006980802,2288.424,61.86713286713287,0.4195804195804196,1.0,3295.33056,1.0,0.6381118881118881,752.7167832167831,5.104895104895105,120.02223776223776,1.5671232876712329,0.6381118881118881,61.86713286713287,22412.4,0.0017452006980802,3.993759162303665,19.0,2.0,Long Inactive,High Value,Low Frequency
CUST1250,0,64,Female,India,active,1,7,643.44,643.44,91.92,3.6,2,39.0,39,39,2024-11-16,2024-11-16,2021-02-21,1364,0.0215208034433285,7.0,1,1,1,2.0,643.44,91.92,0.0007326007326007,1106.7168,14.151906158357772,0.1539589442815249,2.0,1350.194496,1.0,0.2675953079178885,172.18152492668622,1.87316715542522,24.341278592375367,3.736986301369863,0.2675953079178885,14.151906158357772,25737.6,0.0007326007326007,0.8107815384615386,80.0,2.0,Long Inactive,Medium Value,Low Frequency
CUST1251,0,42,Female,Germany,active,1,6,538.08,538.08,89.68,3.7,2,39.0,39,39,2024-08-11,2024-08-11,2023-05-20,449,0.0626304801670146,6.0,1,1,1,2.0,538.08,89.68,0.0022222222222222,936.2592,35.951893095768376,0.4008908685968819,2.0,1160.961408,1.0,0.8129175946547884,437.4146993318486,4.877505567928731,62.55629398663697,1.2301369863013698,0.8129175946547884,35.951893095768376,21523.2,0.0022222222222222,2.080576,80.0,2.0,Long Inactive,Low Value,Low Frequency
CUST1252,0,23,Male,Pakistan,paused,1,5,1348.1,1348.1,269.62,4.2,1,6.0,6,6,2024-04-17,2024-04-17,2021-05-13,1070,0.0272727272727272,5.0,1,1,1,1.0,1348.1,269.62,0.0009337068160597,2480.504,37.797196261682245,0.1401869158878504,1.0,3323.87536,1.0,0.3411214953271028,459.8658878504672,1.7056074766355138,69.54684112149533,2.9315068493150687,0.3411214953271028,37.797196261682245,9436.7,0.0009337068160597,2.316063492063492,7.0,2.0,Long Inactive,High Value,Low Frequency
CUST1253,1,57,Female,India,active,1,1,214.01,214.01,214.01,4.0,0,37.0,37,37,2021-11-05,2021-11-05,2021-12-02,0,1.0,1.0,1,1,1,0.0,214.01,214.01,1.0,385.218,2140.1,10.0,0.0,500.7834,1.0,365.0,78113.65,365.0,3852.18,0.0,365.0,2140.1,8132.379999999999,1.0,385.218,0.0,2.0,Long Inactive,Low Value,Low Frequency
CUST1254,0,29,Male,India,active,1,2,736.4,736.4,368.2,3.6,0,24.0,24,24,2025-03-28,2025-03-28,2022-12-09,840,0.0344827586206896,2.0,1,1,1,0.0,736.4,368.2,0.0011890606420927,1266.608,26.3,0.0714285714285714,0.0,1545.26176,1.0,0.4345238095238095,319.9833333333333,0.8690476190476191,45.236,2.3013698630136985,0.4345238095238095,26.3,18410.0,0.0011890606420927,1.5060737217598097,0.0,2.0,Long Inactive,Medium Value,Low Frequency
CUST1255,0,60,Female,USA,paused,1,2,1120.48,1120.48,560.24,4.3,5,40.0,40,40,2023-12-18,2023-12-18,2023-09-02,107,0.218978102189781,2.0,1,1,1,5.0,1120.48,560.24,0.0092592592592592,2084.0928,314.1532710280373,0.5607476635514018,5.0,2834.3662079999995,1.0,3.411214953271028,3822.1981308411214,6.822429906542055,584.3250841121495,0.2931506849315068,3.411214953271028,314.1532710280373,45939.68,0.0092592592592592,19.297155555555552,205.0,2.0,Long Inactive,High Value,Low Frequency
CUST1256,0,22,Female,Germany,active,1,1,262.89,262.89,262.89,4.2,2,44.0,44,44,2024-10-09,2024-10-09,2021-05-28,1230,0.0238095238095238,1.0,1,1,1,2.0,262.89,262.89,0.000812347684809,483.7176,6.411951219512194,0.024390243902439,2.0,648.181584,1.0,0.2967479674796748,78.0120731707317,0.2967479674796748,11.79799024390244,3.3698630136986303,0.2967479674796748,6.411951219512194,11830.05,0.000812347684809,0.3929468724614134,90.0,2.0,Long Inactive,Low Value,Low Frequency
CUST1257,0,56,Male,Canada,cancelled,1,8,908.16,908.16,113.52,4.3,2,14.0,14,14,2025-01-24,2025-01-24,2021-10-18,1194,0.0245098039215686,8.0,1,1,1,2.0,908.16,113.52,0.000836820083682,1689.1775999999998,22.81809045226131,0.2010050251256281,2.0,2297.2815359999995,1.0,0.3056951423785594,277.62010050251257,2.4455611390284755,42.441648241206025,3.271232876712329,0.3056951423785594,22.81809045226131,13622.4,0.000836820083682,1.413537740585774,30.0,2.0,Long Inactive,Medium Value,Low Frequency
CUST1258,0,65,Female,India,active,1,7,550.9699999999999,550.9699999999999,78.71,4.2,2,35.0,35,35,2025-04-20,2025-04-20,2020-02-09,1897,0.0155682407887908,7.0,1,1,1,2.0,550.9699999999999,78.71,0.000526870389884,1013.7848,8.713284132841327,0.1107011070110701,2.0,1358.471632,1.0,0.1924090669478123,106.01162361623616,1.3468634686346863,16.032442804428044,5.197260273972603,0.1924090669478123,8.713284132841327,19834.92,0.000526870389884,0.5341331928345626,72.0,2.0,Long Inactive,Low Value,Low Frequency
CUST1259,0,40,Male,USA,active,1,3,850.56,850.56,283.52,4.2,0,48.0,48,48,2025-04-17,2025-04-17,2021-02-18,1519,0.0193673337637185,3.0,1,1,1,0.0,850.56,283.52,0.0006578947368421,1565.0304,16.798420013166556,0.0592495062541145,0.0,2097.140736,1.0,0.2402896642527979,204.38077682685977,0.7208689927583938,30.909092824226462,4.161643835616438,0.2402896642527979,16.798420013166556,41677.44,0.0006578947368421,1.0296252631578946,0.0,2.0,Long Inactive,Medium Value,Low Frequency
CUST1260,0,34,Female,UK,active,1,9,1570.05,1570.05,174.45,4.4,1,14.0,14,14,2023-06-08,2023-06-08,2022-12-14,176,0.145631067961165,9.0,1,1,1,1.0,1570.05,174.45,0.0056497175141242,2951.694,267.6221590909091,1.5340909090909092,1.0,4073.33772,1.0,2.073863636363636,3256.069602272727,18.664772727272727,503.1296590909091,0.4821917808219178,2.073863636363636,267.6221590909091,23550.75,0.0056497175141242,16.676237288135592,15.0,2.0,Long Inactive,Very High Value,Low Frequency
CUST1261,0,36,Female,UK,paused,1,6,992.04,992.04,165.34,4.2,5,8.0,8,8,2025-01-08,2025-01-08,2022-02-09,1064,0.0274223034734917,6.0,1,1,1,5.0,992.04,165.34,0.0009389671361502,1825.3536,27.971052631578942,0.169172932330827,5.0,2445.973824,1.0,0.3430451127819549,340.3144736842105,2.058270676691729,51.466736842105256,2.915068493150685,0.3430451127819549,27.971052631578942,8928.36,0.0009389671361502,1.713947042253521,45.0,2.0,Long Inactive,Medium Value,Low Frequency
CUST1262,0,46,Female,India,active,1,4,1098.68,1098.68,274.67,4.4,1,25.0,25,25,2023-09-29,2023-09-29,2023-03-04,209,0.1255230125523012,4.0,1,1,1,1.0,1098.68,274.67,0.0047619047619047,2065.5184000000004,157.70526315789473,0.5741626794258373,1.0,2850.415392000001,1.0,1.7464114832535886,1918.747368421053,6.9856459330143545,296.48589473684217,0.5726027397260274,1.7464114832535886,157.70526315789473,28565.68,0.0047619047619047,9.835801904761908,26.0,2.0,Long Inactive,High Value,Low Frequency
CUST1263,0,65,Male,UK,paused,1,5,369.55,369.55,73.91,3.0,5,28.0,28,28,2023-05-03,2023-05-03,2020-02-09,1179,0.0248138957816377,5.0,1,1,1,5.0,369.55,73.91,0.0008474576271186,591.28,9.403307888040713,0.1272264631043257,5.0,650.408,1.0,0.3095843935538592,114.40691263782864,1.547921967769296,15.04529262086514,3.23013698630137,0.3095843935538592,9.403307888040713,10716.95,0.0008474576271186,0.5010847457627118,145.0,2.0,Long Inactive,Low Value,Low Frequency
CUST1264,0,31,Female,Pakistan,cancelled,1,2,661.04,661.04,330.52,4.5,3,37.0,37,37,2024-05-30,2024-05-30,2022-07-22,678,0.0423728813559322,2.0,1,1,1,3.0,661.04,330.52,0.0014727540500736,1255.976,29.24955752212389,0.0884955752212389,3.0,1758.3663999999997,1.0,0.5383480825958702,355.86961651917403,1.0766961651917404,55.57415929203539,1.8575342465753424,0.5383480825958702,29.24955752212389,25119.52,0.0014727540500736,1.849743740795287,114.0,2.0,Long Inactive,Medium Value,Low Frequency
CUST1265,0,57,Female,Germany,cancelled,1,1,1865.18,1865.18,1865.18,4.3,3,47.0,47,47,2024-11-18,2024-11-18,2023-02-27,630,0.0454545454545454,1.0,1,1,1,3.0,1865.18,1865.18,0.0015847860538827,3469.2348,88.81809523809524,0.0476190476190476,3.0,4718.159327999999,1.0,0.5793650793650793,1080.620158730159,0.5793650793650793,165.20165714285713,1.726027397260274,0.5793650793650793,88.81809523809524,89528.64,0.0015847860538827,5.497994928684627,144.0,2.0,Long Inactive,Very High Value,Low Frequency
CUST1266,0,32,Male,Pakistan,paused,1,1,1624.53,1624.53,1624.53,4.2,1,16.0,16,16,2024-07-03,2024-07-03,2023-04-25,435,0.064516129032258,1.0,1,1,1,1.0,1624.53,1624.53,0.0022935779816513,2989.1352,112.03655172413792,0.0689655172413793,1.0,4005.441168,1.0,0.8390804597701149,1363.1113793103448,0.8390804597701149,206.1472551724138,1.1917808219178083,0.8390804597701149,112.03655172413792,27617.01,0.0022935779816513,6.855814678899083,17.0,2.0,Long Inactive,Very High Value,Low Frequency
CUST1267,0,47,Male,India,active,1,3,667.14,667.14,222.38,4.4,2,12.0,12,12,2024-01-19,2024-01-19,2022-07-28,540,0.0526315789473684,3.0,1,1,1,2.0,667.14,222.38,0.0018484288354898,1254.2232,37.06333333333333,0.1666666666666666,2.0,1730.8280160000004,1.0,0.6759259259259259,450.9372222222223,2.0277777777777777,69.67906666666667,1.4794520547945205,0.6759259259259259,37.06333333333333,8672.82,0.0018484288354898,2.318342329020333,26.0,2.0,Long Inactive,Medium Value,Low Frequency
CUST1268,0,28,Male,USA,active,1,8,1524.8,1524.8,190.6,4.0,3,1.0,1,1,2025-02-03,2025-02-03,2022-10-29,828,0.0349650349650349,8.0,1,1,1,3.0,1524.8,190.6,0.0012062726176115,2744.64,55.2463768115942,0.2898550724637681,3.0,3568.032,1.0,0.4408212560386473,672.1642512077294,3.526570048309179,99.44347826086955,2.2684931506849315,0.4408212560386473,55.2463768115942,3049.6,0.0012062726176115,3.310784077201447,6.0,2.0,Long Inactive,Very High Value,Low Frequency
CUST1269,1,58,Female,UK,cancelled,1,4,629.6,629.6,157.4,3.8,3,45.0,45,45,2022-09-19,2022-09-19,2021-11-30,293,0.0928792569659442,4.0,1,1,1,3.0,629.6,157.4,0.0034013605442176,1108.096,64.46416382252559,0.409556313993174,3.0,1396.20096,1.0,1.2457337883959043,784.3139931740615,4.982935153583617,113.45692832764504,0.8027397260273973,1.2457337883959043,64.46416382252559,28961.6,0.0034013605442176,3.769034013605442,138.0,2.0,Long Inactive,Medium Value,Low Frequency
CUST1270,1,27,Female,Germany,cancelled,1,7,682.9200000000001,682.9200000000001,97.56,4.3,1,17.0,17,17,2022-11-14,2022-11-14,2021-04-05,588,0.0485436893203883,7.0,1,1,1,1.0,682.9200000000001,97.56000000000002,0.0016977928692699,1270.2312,34.84285714285714,0.3571428571428571,1.0,1727.5144319999995,1.0,0.6207482993197279,423.9214285714286,4.345238095238095,64.80771428571428,1.610958904109589,0.6207482993197279,34.84285714285714,12292.56,0.0016977928692699,2.1565894736842104,18.0,2.0,Long Inactive,Medium Value,Low Frequency
CUST1271,0,52,Female,India,paused,1,8,350.08,350.08,43.76,4.2,4,38.0,38,38,2025-05-03,2025-05-03,2021-06-11,1422,0.0206611570247933,8.0,1,1,1,4.0,350.08,43.76,0.0007027406886858,644.1472,7.385654008438818,0.1687763713080168,4.0,863.1572480000001,1.0,0.2566807313642756,89.85879043600562,2.0534458509142053,13.589603375527426,3.895890410958904,0.2566807313642756,7.385654008438818,13653.12,0.0007027406886858,0.452668446943078,156.0,2.0,Long Inactive,Low Value,Low Frequency
CUST1272,0,28,Female,USA,active,1,8,1906.4,1906.4,238.3,4.1,3,41.0,41,41,2023-03-27,2023-03-27,2022-10-31,147,0.1694915254237288,8.0,1,1,1,3.0,1906.4,238.3,0.0067567567567567,3469.648,389.0612244897959,1.6326530612244896,3.0,4579.935359999999,1.0,2.4829931972789114,4733.578231292518,19.86394557823129,708.0914285714284,0.4027397260273972,2.4829931972789114,389.0612244897959,80068.8,0.0067567567567567,23.44356756756757,126.0,2.0,Long Inactive,Very High Value,Low Frequency
CUST1273,0,53,Female,Pakistan,active,1,6,1483.68,1483.68,247.28,4.0,1,49.0,49,49,2023-06-03,2023-06-03,2021-03-28,797,0.0362756952841596,6.0,1,1,1,1.0,1483.68,247.28,0.0012531328320802,2670.6240000000003,55.8474278544542,0.2258469259723965,1.0,3471.811200000001,1.0,0.4579673776662484,679.4770388958596,2.7478042659974906,100.52537013801758,2.1835616438356165,0.4579673776662484,55.8474278544542,74184.0,0.0012531328320802,3.3466466165413533,50.0,2.0,Long Inactive,High Value,Low Frequency
CUST1274,1,61,Female,USA,active,1,3,1023.12,1023.12,341.04,4.2,0,1.0,1,1,2022-02-18,2022-02-18,2021-08-31,171,0.1492537313432835,3.0,1,1,1,0.0,1023.12,341.04,0.005813953488372,1882.5408,179.49473684210528,0.5263157894736842,0.0,2522.6046720000004,1.0,2.134502923976608,2183.852631578948,6.4035087719298245,330.2703157894737,0.4684931506849315,2.134502923976608,179.49473684210528,2046.24,0.005813953488372,10.945004651162792,0.0,2.0,Long Inactive,Medium Value,Low Frequency
CUST1275,1,53,Female,Germany,active,1,2,1460.88,1460.88,730.44,3.3,3,46.0,46,46,2022-04-21,2022-04-21,2021-06-09,316,0.0867052023121387,2.0,1,1,1,3.0,1460.88,730.44,0.0031545741324921,2425.0608,138.69113924050637,0.189873417721519,3.0,2813.070528,1.0,1.1550632911392404,1687.4088607594938,2.310126582278481,230.2272911392405,0.8657534246575342,1.1550632911392404,138.69113924050637,68661.36,0.0031545741324921,7.650034069400632,141.0,2.0,Long Inactive,High Value,Low Frequency
CUST1276,0,59,Female,UK,cancelled,1,8,116.4,116.4,14.55,4.3,3,12.0,12,12,2024-08-22,2024-08-22,2022-05-29,816,0.0354609929078014,8.0,1,1,1,3.0,116.4,14.55,0.0012239902080783,216.504,4.279411764705882,0.2941176470588235,3.0,294.44544,1.0,0.4473039215686274,52.06617647058823,3.5784313725490198,7.959705882352941,2.2356164383561645,0.4473039215686274,4.279411764705882,1513.2,0.0012239902080783,0.2649987760097919,39.0,2.0,Long Inactive,Low Value,Low Frequency
CUST1277,0,33,Female,India,active,1,6,1349.34,1349.34,224.89,3.8,4,30.0,30,30,2024-05-18,2024-05-18,2022-09-12,614,0.046583850931677,6.0,1,1,1,4.0,1349.34,224.89,0.0016260162601626,2374.8384,65.928664495114,0.2931596091205212,4.0,2992.296384,1.0,0.5944625407166124,802.1320846905537,3.5667752442996745,116.03444951140068,1.6821917808219178,0.5944625407166124,65.928664495114,41829.54,0.0016260162601626,3.8615258536585366,124.0,2.0,Long Inactive,High Value,Low Frequency
CUST1278,0,53,Female,UK,paused,1,7,1711.43,1711.43,244.49,4.2,0,41.0,41,41,2025-04-18,2025-04-18,2023-06-05,683,0.0420757363253856,7.0,1,1,1,0.0,1711.43,244.49,0.0014619883040935,3149.0312000000004,75.17262079062958,0.3074670571010249,0.0,4219.701808000001,1.0,0.5344070278184481,914.6002196193266,3.740849194729136,138.31762225475845,1.8712328767123287,0.5344070278184481,75.17262079062958,71880.06,0.0014619883040935,4.603846783625731,0.0,2.0,Long Inactive,Very High Value,Low Frequency
CUST1279,0,47,Male,Germany,cancelled,1,2,568.18,568.18,284.09,3.7,4,49.0,49,49,2023-09-09,2023-09-09,2020-10-14,1060,0.0275229357798165,2.0,1,1,1,4.0,568.18,284.09,0.000942507068803,988.6332,16.080566037735846,0.0566037735849056,4.0,1225.9051679999998,1.0,0.3443396226415094,195.6468867924528,0.6886792452830188,27.980184905660373,2.904109589041096,0.3443396226415094,16.080566037735846,28409.0,0.000942507068803,0.9317937794533456,200.0,2.0,Long Inactive,Medium Value,Low Frequency
CUST1280,0,52,Male,Canada,active,1,4,958.28,958.28,239.57,4.3,5,14.0,14,14,2023-05-06,2023-05-06,2022-10-20,198,0.131578947368421,4.0,1,1,1,5.0,958.28,239.57,0.0050251256281407,1782.4008,145.1939393939394,0.6060606060606061,5.0,2424.065088,1.0,1.8434343434343436,1766.526262626263,7.373737373737374,270.06072727272726,0.5424657534246575,1.8434343434343436,145.1939393939394,14374.2,0.0050251256281407,8.956787939698492,75.0,2.0,Long Inactive,Medium Value,Low Frequency
CUST1281,1,59,Female,UK,cancelled,1,3,307.86,307.86,102.62,3.9,0,23.0,23,23,2021-03-08,2021-03-08,2021-04-04,0,1.0,3.0,1,1,1,0.0,307.86,102.62,1.0,547.9908,3078.6,30.0,0.0,701.4282240000001,1.0,365.0,112368.9,1095.0,5479.908,0.0,365.0,3078.6,7388.64,1.0,547.9908,0.0,2.0,Long Inactive,Low Value,Low Frequency
CUST1282,0,63,Male,Pakistan,active,1,8,212.88,212.88,26.61,3.0,2,28.0,28,28,2025-09-08,2025-09-08,2023-05-15,847,0.0342075256556442,8.0,1,1,1,2.0,212.88,26.61,0.0011792452830188,340.608,7.540023612750885,0.2833530106257378,2.0,374.6688,1.0,0.4309327036599764,91.73695395513576,3.447461629279811,12.064037780401415,2.32054794520548,0.4309327036599764,7.540023612750885,6173.52,0.0011792452830188,0.4016603773584905,58.0,2.0,At Risk,Low Value,Low Frequency
CUST1283,1,29,Male,Canada,active,1,5,1408.55,1408.55,281.71,4.3,4,28.0,28,28,2021-10-23,2021-10-23,2021-09-07,46,0.3947368421052631,5.0,1,1,1,4.0,1408.55,281.71,0.0212765957446808,2619.903,918.6195652173913,3.260869565217391,4.0,3563.06808,1.0,7.934782608695651,11176.53804347826,39.67391304347826,1708.6323913043475,0.1260273972602739,7.934782608695651,918.6195652173913,40847.95,0.0212765957446808,55.74261702127659,116.0,2.0,Long Inactive,High Value,Low Frequency
CUST1284,0,45,Male,Germany,paused,1,3,1495.23,1495.23,498.41,3.5,1,23.0,23,23,2025-10-08,2025-10-08,2020-06-11,1945,0.0151898734177215,3.0,1,1,1,1.0,1495.23,498.41,0.000513874614594,2541.891,23.0626735218509,0.0462724935732647,1.0,3050.2692,1.0,0.1876606683804627,280.5958611825193,0.5629820051413881,39.206544987146536,5.328767123287672,0.1876606683804627,23.0626735218509,35885.520000000004,0.000513874614594,1.3062132579650565,24.0,2.0,Moderate,Very High Value,Low Frequency
CUST1285,0,54,Female,India,cancelled,1,7,1055.39,1055.39,150.77,3.9,3,39.0,39,39,2023-05-29,2023-05-29,2021-05-22,737,0.0391134289439374,7.0,1,1,1,3.0,1055.39,150.77,0.0013550135501355,1878.5942,42.96024423337857,0.2849389416553595,3.0,2404.6005760000003,1.0,0.4952510176390773,522.6829715061059,3.466757123473542,76.46923473541385,2.0191780821917806,0.4952510176390773,42.96024423337857,42215.600000000006,0.0013550135501355,2.545520596205962,120.0,2.0,Long Inactive,Medium Value,Low Frequency
CUST1286,0,28,Male,UK,paused,1,7,787.64,787.64,112.52,4.0,2,24.0,24,24,2024-07-01,2024-07-01,2021-11-27,947,0.0307062436028659,7.0,1,1,1,2.0,787.64,112.52,0.0010548523206751,1417.752,24.951636747624075,0.2217529039070749,2.0,1843.0776,1.0,0.3854276663146779,303.5782470960929,2.6979936642027456,44.91294614572334,2.5945205479452054,0.3854276663146779,24.951636747624075,19691.0,0.0010548523206751,1.495518987341772,50.0,2.0,Long Inactive,Medium Value,Low Frequency
CUST1287,0,45,Female,UK,active,1,9,1753.29,1753.29,194.81,4.3,3,15.0,15,15,2025-07-29,2025-07-29,2022-09-04,1059,0.0275482093663911,9.0,1,1,1,3.0,1753.29,194.81,0.000943396226415,3261.1194,49.66827195467423,0.254957507082153,3.0,4435.122383999999,1.0,0.3446647780925401,604.2973087818697,3.101983002832861,92.38298583569404,2.9013698630136986,0.3446647780925401,49.66827195467423,28052.64,0.000943396226415,3.0765277358490564,48.0,2.0,At Risk,Very High Value,Low Frequency
CUST1288,0,28,Male,Pakistan,active,1,5,1047.05,1047.05,209.41,3.8,1,8.0,8,8,2024-07-04,2024-07-04,2022-12-02,580,0.0491803278688524,5.0,1,1,1,1.0,1047.05,209.41,0.0017211703958691,1842.808,54.157758620689656,0.2586206896551724,1.0,2321.93808,1.0,0.6293103448275862,658.9193965517242,3.146551724137931,95.3176551724138,1.5890410958904109,0.6293103448275862,54.157758620689656,9423.45,0.0017211703958691,3.171786574870912,9.0,2.0,Long Inactive,Medium Value,Low Frequency
CUST1289,1,29,Other,USA,cancelled,1,2,988.82,988.82,494.41,4.3,0,22.0,22,22,2021-12-23,2021-12-23,2021-08-04,141,0.175438596491228,2.0,1,1,1,0.0,988.82,494.41,0.0070422535211267,1839.2052,210.3872340425532,0.425531914893617,0.0,2501.319072,1.0,2.588652482269503,2559.7113475177307,5.177304964539006,391.3202553191489,0.3863013698630137,2.588652482269503,210.3872340425532,22742.86,0.0070422535211267,12.952149295774648,0.0,2.0,Long Inactive,Medium Value,Low Frequency
CUST1290,0,47,Male,Pakistan,active,1,5,935.15,935.15,187.03,3.3,2,7.0,7,7,2025-05-04,2025-05-04,2023-02-25,799,0.0361881785283474,5.0,1,1,1,2.0,935.15,187.03,0.00125,1552.349,35.11201501877347,0.1877346683354192,2.0,1800.72484,1.0,0.4568210262828536,427.1961827284105,2.284105131414268,58.285944931163954,2.1890410958904107,0.4568210262828536,35.11201501877347,7481.2,0.00125,1.94043625,16.0,2.0,Long Inactive,Medium Value,Low Frequency
CUST1291,0,41,Female,Germany,active,1,4,1259.52,1259.52,314.88,4.5,4,47.0,47,47,2023-07-28,2023-07-28,2023-03-28,122,0.1973684210526315,4.0,1,1,1,4.0,1259.52,314.88,0.008130081300813,2393.088,309.71803278688526,0.9836065573770492,4.0,3350.3232,1.0,2.991803278688524,3768.23606557377,11.967213114754095,588.4642622950819,0.3342465753424657,2.991803278688524,309.71803278688526,60456.96,0.008130081300813,19.456,192.0,2.0,Long Inactive,High Value,Low Frequency
CUST1292,1,37,Male,India,cancelled,1,5,1169.35,1169.35,233.87,4.1,5,19.0,19,19,2021-12-16,2021-12-16,2021-12-13,3,0.9090909090909092,5.0,1,1,1,5.0,1169.35,233.87,0.25,2128.217,11693.499999999998,50.0,5.0,2809.246439999999,1.0,121.66666666666669,142270.91666666666,608.3333333333334,21282.169999999995,0.0082191780821917,121.66666666666669,11693.499999999998,23387.0,0.25,532.0542499999999,100.0,2.0,Long Inactive,High Value,Low Frequency
CUST1293,1,58,Male,UK,active,1,6,1026.42,1026.42,171.07,4.2,4,6.0,6,6,2023-01-16,2023-01-16,2023-05-01,0,1.0,6.0,1,1,1,4.0,1026.42,171.07000000000002,1.0,1888.6128,10264.2,60.0,4.0,2530.7411520000005,1.0,365.0,374643.3000000001,2190.0,18886.128,0.0,365.0,10264.2,7184.9400000000005,1.0,1888.6128,28.0,2.0,Long Inactive,Medium Value,Low Frequency
CUST1294,1,38,Male,Canada,active,1,5,777.2,777.2,155.44,4.1,5,29.0,29,29,2021-08-09,2021-08-09,2020-05-10,456,0.0617283950617284,5.0,1,1,1,5.0,777.2,155.44,0.0021881838074398,1414.504,51.131578947368425,0.3289473684210526,5.0,1867.14528,1.0,0.8004385964912281,622.1008771929825,4.00219298245614,93.05947368421052,1.2493150684931509,0.8004385964912281,51.131578947368425,23316.0,0.0021881838074398,3.0951947483588618,150.0,2.0,Long Inactive,Medium Value,Low Frequency
CUST1295,0,68,Male,UK,active,1,2,1579.0,1579.0,789.5,4.4,0,14.0,14,14,2025-06-05,2025-06-05,2023-01-15,872,0.0332594235033259,2.0,1,1,1,0.0,1579.0,789.5,0.0011454753722794,2968.52,54.32339449541284,0.0688073394495412,0.0,4096.5576,1.0,0.4185779816513761,660.934633027523,0.8371559633027523,102.12798165137616,2.389041095890411,0.4185779816513761,54.32339449541284,23685.0,0.0011454753722794,3.400366552119129,0.0,2.0,Long Inactive,Very High Value,Low Frequency
CUST1296,0,38,Female,UK,active,1,8,1862.0,1862.0,232.75,4.2,2,5.0,5,5,2025-09-06,2025-09-06,2022-09-06,1096,0.0266429840142095,8.0,1,1,1,2.0,1862.0,232.75,0.0009115770282588,3426.08,50.96715328467153,0.218978102189781,2.0,4590.9472000000005,1.0,0.3330291970802919,620.1003649635036,2.6642335766423355,93.77956204379562,3.0027397260273974,0.3330291970802919,50.96715328467153,11172.0,0.0009115770282588,3.1231358249772105,12.0,2.0,At Risk,Very High Value,Low Frequency
CUST1297,0,66,Male,Pakistan,paused,1,1,1786.22,1786.22,1786.22,3.9,5,2.0,2,2,2024-08-21,2024-08-21,2021-08-03,1114,0.0262237762237762,1.0,1,1,1,5.0,1786.22,1786.22,0.000896860986547,3179.4716000000003,48.10287253141831,0.0269299820466786,5.0,4069.7236480000006,1.0,0.3276481149012567,585.2516157989228,0.3276481149012567,85.6231131059246,3.052054794520548,0.3276481149012567,48.10287253141831,5358.66,0.000896860986547,2.85154403587444,15.0,2.0,Long Inactive,Very High Value,Low Frequency
CUST1298,0,42,Female,USA,cancelled,1,8,1735.92,1735.92,216.99,4.0,3,15.0,15,15,2023-12-05,2023-12-05,2021-01-03,1066,0.0273722627737226,8.0,1,1,1,3.0,1735.92,216.99,0.0009372071227741,3124.6560000000004,48.853283302063794,0.225140712945591,3.0,4062.052800000001,1.0,0.3424015009380863,594.3816135084428,2.7392120075046904,87.93590994371483,2.92054794520548,0.3424015009380863,48.853283302063794,27774.72,0.0009372071227741,2.928449859418932,48.0,2.0,Long Inactive,Very High Value,Low Frequency
CUST1299,0,45,Male,Pakistan,cancelled,1,9,97.92,97.92,10.88,4.5,5,38.0,38,38,2023-12-31,2023-12-31,2021-02-28,1036,0.0281425891181988,9.0,1,1,1,5.0,97.92,10.88,0.0009643201542912,186.048,2.835521235521236,0.2606177606177606,5.0,260.4672,1.0,0.3523166023166023,34.4988416988417,3.170849420849421,5.387490347490348,2.838356164383561,0.3523166023166023,2.835521235521236,3818.88,0.0009643201542912,0.1794098360655737,195.0,2.0,Long Inactive,Low Value,Low Frequency
CUST1300,0,19,Female,Canada,active,1,1,1226.18,1226.18,1226.18,3.7,1,25.0,25,25,2024-02-11,2024-02-11,2023-08-14,181,0.1421800947867298,1.0,1,1,1,1.0,1226.18,1226.18,0.0054945054945054,2133.5532000000003,203.2342541436464,0.1657458563535911,1.0,2645.6059680000003,1.0,2.016574585635359,2472.6834254143646,2.016574585635359,353.6276022099448,0.4958904109589041,2.016574585635359,203.2342541436464,31880.68,0.0054945054945054,11.722819780219783,26.0,2.0,Long Inactive,High Value,Low Frequency
CUST1301,0,65,Female,USA,active,1,4,1840.08,1840.08,460.02,4.2,2,7.0,7,7,2024-03-26,2024-03-26,2023-08-08,231,0.1149425287356322,4.0,1,1,1,2.0,1840.08,460.02,0.0043103448275862,3385.7472,238.97142857142856,0.5194805194805194,2.0,4536.901248,1.0,1.5800865800865802,2907.4857142857145,6.320346320346321,439.7074285714285,0.6328767123287671,1.5800865800865802,238.97142857142856,14720.64,0.0043103448275862,14.593737931034482,16.0,2.0,Long Inactive,Very High Value,Low Frequency
CUST1302,0,55,Female,USA,paused,1,7,1521.1,1521.1,217.3,4.2,3,21.0,21,21,2023-08-28,2023-08-28,2023-07-28,31,0.4918032786885246,7.0,1,1,1,3.0,1521.1,217.3,0.03125,2798.8240000000005,1472.032258064516,6.774193548387096,3.0,3750.424160000001,1.0,11.774193548387098,17909.725806451614,82.41935483870968,2708.53935483871,0.084931506849315,11.774193548387098,1472.032258064516,33464.200000000004,0.03125,87.46325000000002,66.0,2.0,Long Inactive,Very High Value,Low Frequency
CUST1303,0,45,Female,Germany,cancelled,1,5,603.1,603.1,120.62,4.2,1,11.0,11,11,2024-06-28,2024-06-28,2022-12-09,567,0.050251256281407,5.0,1,1,1,1.0,603.1,120.62,0.0017605633802816,1109.7040000000002,31.910052910052915,0.2645502645502646,1.0,1487.0033600000004,1.0,0.6437389770723104,388.2389770723104,3.218694885361552,58.71449735449737,1.5534246575342463,0.6437389770723104,31.910052910052915,7237.200000000001,0.0017605633802816,1.953704225352113,12.0,2.0,Long Inactive,Medium Value,Low Frequency
CUST1304,0,35,Male,India,active,1,4,360.92,360.92,90.23,4.3,5,6.0,6,6,2023-08-06,2023-08-06,2021-10-14,661,0.0434153400868306,4.0,1,1,1,5.0,360.92,90.23,0.0015105740181268,671.3112,16.380635400907714,0.1815431164901664,5.0,912.983232,1.0,0.5521936459909228,199.29773071104387,2.208774583963691,30.46798184568835,1.810958904109589,0.5521936459909228,16.380635400907714,2526.44,0.0015105740181268,1.014065256797583,35.0,2.0,Long Inactive,Low Value,Low Frequency
CUST1305,1,26,Male,Germany,active,1,2,1475.24,1475.24,737.62,4.4,3,31.0,31,31,2022-10-30,2022-10-30,2021-07-28,459,0.0613496932515337,2.0,1,1,1,3.0,1475.24,737.62,0.0021739130434782,2773.4512,96.42091503267972,0.130718954248366,3.0,3827.362656,1.0,0.7952069716775598,1173.1211328976035,1.5904139433551197,181.2713202614379,1.2575342465753423,0.7952069716775598,96.42091503267972,47207.68,0.0021739130434782,6.029241739130435,96.0,2.0,Long Inactive,High Value,Low Frequency
CUST1306,0,56,Female,USA,active,1,2,1317.88,1317.88,658.94,4.2,4,47.0,47,47,2023-04-29,2023-04-29,2022-11-13,167,0.1522842639593908,2.0,1,1,1,4.0,1317.88,658.94,0.0059523809523809,2424.8992000000003,236.74491017964075,0.3592814371257485,4.0,3249.3649280000004,1.0,2.18562874251497,2880.396407185629,4.37125748502994,435.610634730539,0.4575342465753425,2.18562874251497,236.74491017964075,63258.240000000005,0.0059523809523809,14.43392380952381,192.0,2.0,Long Inactive,High Value,Low Frequency
CUST1307,1,40,Male,Canada,paused,1,3,363.57,363.57,121.19,4.3,0,20.0,20,20,2022-05-06,2022-05-06,2022-01-17,109,0.2158273381294964,3.0,1,1,1,0.0,363.57,121.19,0.009090909090909,676.2402,100.0651376146789,0.8256880733944955,0.0,919.6866719999998,1.0,3.3486238532110093,1217.4591743119263,10.045871559633028,186.12115596330275,0.2986301369863013,3.3486238532110093,100.0651376146789,7634.97,0.009090909090909,6.147638181818182,0.0,2.0,Long Inactive,Low Value,Low Frequency
CUST1308,1,57,Male,Germany,active,1,3,1750.23,1750.23,583.41,3.7,4,49.0,49,49,2021-12-14,2021-12-14,2021-08-04,132,0.1851851851851851,3.0,1,1,1,4.0,1750.23,583.41,0.0075187969924812,3045.4002,397.7795454545454,0.6818181818181818,4.0,3776.296248,1.0,2.765151515151515,4839.651136363636,8.295454545454545,692.1364090909091,0.3616438356164383,2.765151515151515,397.7795454545454,87511.5,0.0075187969924812,22.89774586466165,200.0,2.0,Long Inactive,Very High Value,Low Frequency
CUST1309,0,57,Female,UK,active,1,6,1454.34,1454.34,242.39,4.3,3,20.0,20,20,2024-10-26,2024-10-26,2020-09-29,1488,0.0197628458498023,6.0,1,1,1,3.0,1454.34,242.39,0.0006715916722632,2705.0724,29.32137096774193,0.1209677419354838,3.0,3678.898463999999,1.0,0.2452956989247312,356.7433467741935,1.471774193548387,54.53774999999999,4.076712328767123,0.2452956989247312,29.32137096774193,30541.14,0.0006715916722632,1.8167040967092003,63.0,2.0,Long Inactive,High Value,Low Frequency
CUST1310,1,21,Female,Germany,cancelled,1,7,593.11,593.11,84.73,4.2,4,6.0,6,6,2023-01-22,2023-01-22,2021-03-16,677,0.0424328147100424,7.0,1,1,1,4.0,593.11,84.73,0.0014749262536873,1091.3224,26.282570162481537,0.310192023633678,4.0,1462.372016,1.0,0.5391432791728212,319.77127031019205,3.774002954209749,48.35992909896603,1.8547945205479448,0.5391432791728212,26.282570162481537,4151.77,0.0014749262536873,1.6096200589970502,28.0,2.0,Long Inactive,Medium Value,Low Frequency
CUST1311,1,31,Female,Germany,paused,1,4,1597.28,1597.28,399.32,4.4,3,25.0,25,25,2021-08-28,2021-08-28,2020-09-19,343,0.0804289544235924,4.0,1,1,1,3.0,1597.28,399.32,0.002906976744186,3002.8864000000003,139.70379008746357,0.3498542274052478,3.0,4143.9832320000005,1.0,1.064139941690962,1699.72944606414,4.256559766763848,262.6431253644315,0.9397260273972604,1.064139941690962,139.70379008746357,41529.28,0.002906976744186,8.729320930232559,78.0,2.0,Long Inactive,Very High Value,Low Frequency
CUST1312,0,52,Female,UK,active,1,7,675.9200000000001,675.9200000000001,96.56,3.5,0,49.0,49,49,2024-10-27,2024-10-27,2020-01-12,1750,0.0168539325842696,7.0,1,1,1,0.0,675.9200000000001,96.56000000000002,0.0005711022272986,1149.064,11.5872,0.12,0.0,1378.8768,1.0,0.2085714285714285,140.97760000000002,1.4600000000000002,19.69824,4.794520547945205,0.2085714285714285,11.5872,33796.0,0.0005711022272986,0.6562330097087379,0.0,2.0,Long Inactive,Medium Value,Low Frequency
CUST1313,0,27,Other,Pakistan,active,1,6,1270.86,1270.86,211.81,4.1,4,30.0,30,30,2023-10-29,2023-10-29,2021-10-21,738,0.0390625,6.0,1,1,1,4.0,1270.86,211.81000000000003,0.0013531799729364,2312.9652,51.6609756097561,0.2439024390243902,4.0,3053.114064,1.0,0.494579945799458,628.5418699186993,2.967479674796748,94.0229756097561,2.021917808219178,0.494579945799458,51.6609756097561,39396.66,0.0013531799729364,3.1298581867388364,124.0,2.0,Long Inactive,High Value,Low Frequency
CUST1314,0,32,Male,Canada,active,1,5,1138.35,1138.35,227.67,4.3,1,15.0,15,15,2025-03-02,2025-03-02,2021-08-01,1309,0.022404779686333,5.0,1,1,1,1.0,1138.35,227.67,0.0007633587786259,2117.331,26.088999236058054,0.1145912910618793,1.0,2879.5701599999998,1.0,0.2788388082505729,317.4161573720397,1.3941940412528648,48.525538579067984,3.5863013698630137,0.2788388082505729,26.088999236058054,18213.6,0.0007633587786259,1.61628320610687,16.0,2.0,Long Inactive,High Value,Low Frequency
CUST1315,0,55,Male,Pakistan,cancelled,1,3,196.08,196.08,65.36,4.2,5,49.0,49,49,2024-08-28,2024-08-28,2021-02-08,1297,0.0226073850791258,3.0,1,1,1,5.0,196.08,65.36,0.0007704160246533,360.7872,4.53538936006168,0.069390902081727,5.0,483.454848,1.0,0.2814186584425597,55.18057054741711,0.8442559753276793,8.345116422513492,3.5534246575342467,0.2814186584425597,4.53538936006168,9804.0,0.0007704160246533,0.2779562403697997,250.0,2.0,Long Inactive,Low Value,Low Frequency
CUST1316,0,37,Female,Canada,cancelled,1,6,306.12,306.12,51.02,4.0,2,32.0,32,32,2023-10-23,2023-10-23,2022-02-03,627,0.045662100456621,6.0,1,1,1,2.0,306.12,51.02,0.001592356687898,551.0160000000001,14.646889952153112,0.2870813397129186,2.0,716.3208000000001,1.0,0.5821371610845295,178.20382775119617,3.4928229665071773,26.364401913875604,1.717808219178082,0.5821371610845295,14.646889952153112,10101.96,0.001592356687898,0.8774140127388537,66.0,2.0,Long Inactive,Low Value,Low Frequency
CUST1317,0,19,Female,Germany,active,1,2,924.6,924.6,462.3,3.9,4,6.0,6,6,2023-09-16,2023-09-16,2023-08-05,42,0.4166666666666667,2.0,1,1,1,4.0,924.6,462.3,0.0232558139534883,1645.788,660.4285714285714,1.4285714285714286,4.0,2106.60864,1.0,8.69047619047619,8035.214285714286,17.38095238095238,1175.5628571428572,0.1150684931506849,8.69047619047619,660.4285714285714,6472.2,0.0232558139534883,38.27413953488372,28.0,2.0,Long Inactive,Medium Value,Low Frequency
CUST1318,0,59,Female,USA,cancelled,1,9,1138.14,1138.14,126.46,3.3,1,48.0,48,48,2023-09-12,2023-09-12,2022-11-12,304,0.0898203592814371,9.0,1,1,1,1.0,1138.14,126.45999999999998,0.0032786885245901,1889.3124,112.31644736842104,0.8881578947368421,1.0,2191.602384,1.0,1.200657894736842,1366.5167763157892,10.80592105263158,186.44530263157893,0.8328767123287671,1.200657894736842,112.31644736842104,55768.85999999999,0.0032786885245901,6.194466885245901,49.0,2.0,Long Inactive,High Value,Low Frequency
CUST1319,0,67,Male,India,cancelled,1,5,326.0,326.0,65.2,3.8,4,32.0,32,32,2024-07-22,2024-07-22,2023-08-20,337,0.0817438692098092,5.0,1,1,1,4.0,326.0,65.2,0.0029585798816568,573.76,29.02077151335312,0.4451038575667656,4.0,722.9376,1.0,1.083086053412463,353.0860534124629,5.415430267062314,51.076557863501485,0.9232876712328768,1.083086053412463,29.02077151335312,10758.0,0.0029585798816568,1.6975147928994083,132.0,2.0,Long Inactive,Low Value,Low Frequency
CUST1320,0,31,Female,Germany,paused,1,4,466.56,466.56,116.64,4.0,2,46.0,46,46,2023-09-24,2023-09-24,2023-07-03,83,0.2654867256637168,4.0,1,1,1,2.0,466.56,116.64,0.0119047619047619,839.808,168.63614457831326,1.4457831325301205,2.0,1091.7504,1.0,4.397590361445783,2051.7397590361443,17.59036144578313,303.54506024096383,0.2273972602739726,4.397590361445783,168.63614457831326,21928.32,0.0119047619047619,9.997714285714284,94.0,2.0,Long Inactive,Low Value,Low Frequency
CUST1321,0,19,Male,USA,active,1,6,843.78,843.78,140.63,4.3,0,23.0,23,23,2024-05-10,2024-05-10,2023-07-04,311,0.0879765395894428,6.0,1,1,1,0.0,843.78,140.63,0.0032051282051282,1569.4308,81.39356913183279,0.5787781350482315,0.0,2134.425888,1.0,1.1736334405144693,990.2884244372988,7.041800643086816,151.39203858520898,0.852054794520548,1.1736334405144693,81.39356913183279,20250.72,0.0032051282051282,5.030226923076922,0.0,2.0,Long Inactive,Medium Value,Low Frequency
CUST1322,1,41,Female,India,cancelled,1,4,610.12,610.12,152.53,3.9,5,49.0,49,49,2022-04-12,2022-04-12,2022-08-27,0,1.0,4.0,1,1,1,5.0,610.12,152.53,1.0,1086.0136,6101.2,40.0,5.0,1390.097408,1.0,365.0,222693.8,1460.0,10860.136,0.0,365.0,6101.2,30506.0,1.0,1086.0136,250.0,2.0,Long Inactive,Medium Value,Low Frequency
CUST1323,0,59,Female,Pakistan,active,1,7,1998.08,1998.08,285.44,4.2,3,46.0,46,46,2024-08-19,2024-08-19,2022-07-23,758,0.0380710659898477,7.0,1,1,1,3.0,1998.08,285.44,0.0013175230566534,3676.4672,79.07968337730871,0.2770448548812665,3.0,4926.466048,1.0,0.4815303430079155,962.1361477572558,3.3707124010554086,145.50661741424804,2.0767123287671234,0.4815303430079155,79.07968337730871,93909.76,0.0013175230566534,4.843830303030304,141.0,2.0,Long Inactive,Very High Value,Low Frequency
CUST1324,0,61,Male,India,active,1,3,408.9,408.9,136.3,5.0,5,29.0,29,29,2023-08-20,2023-08-20,2023-07-27,24,0.5555555555555556,3.0,1,1,1,5.0,408.9,136.3,0.04,817.8000000000001,511.125,3.75,5.0,1226.7,1.0,15.208333333333336,6218.687500000001,45.62500000000001,1022.25,0.0657534246575342,15.208333333333336,511.125,12267.000000000002,0.04,32.712,150.0,2.0,Long Inactive,Low Value,Low Frequency
CUST1325,0,46,Other,Canada,cancelled,1,2,1113.4,1113.4,556.7,4.1,4,39.0,39,39,2024-01-10,2024-01-10,2020-10-09,1188,0.0246305418719211,2.0,1,1,1,4.0,1113.4,556.7,0.0008410428931875,2026.388,28.116161616161616,0.0505050505050505,4.0,2674.8321599999995,1.0,0.3072390572390572,342.07996632996634,0.6144781144781145,51.17141414141414,3.254794520547945,0.3072390572390572,28.116161616161616,44536.0,0.0008410428931875,1.7042792262405382,160.0,2.0,Long Inactive,High Value,Low Frequency
CUST1326,0,19,Female,UK,active,1,6,1387.5,1387.5,231.25,3.9,2,39.0,39,39,2024-10-26,2024-10-26,2021-11-10,1081,0.027002700270027,6.0,1,1,1,2.0,1387.5,231.25,0.0009242144177449,2469.75,38.506012950971325,0.1665124884366327,2.0,3161.28,1.0,0.337650323774283,468.48982423681775,2.0259019426456986,68.54070305272896,2.9616438356164383,0.337650323774283,38.506012950971325,55500.0,0.0009242144177449,2.2825785582255085,80.0,2.0,Long Inactive,High Value,Low Frequency
CUST1327,1,44,Female,Pakistan,active,1,6,630.3,630.3,105.05,4.2,4,15.0,15,15,2022-07-18,2022-07-18,2021-02-11,522,0.0543478260869565,6.0,1,1,1,4.0,630.3,105.05,0.0019120458891013,1159.752,36.22413793103448,0.3448275862068966,4.0,1554.06768,1.0,0.6992337164750958,440.7270114942529,4.195402298850575,66.65241379310345,1.4301369863013698,0.6992337164750958,36.22413793103448,10084.8,0.0019120458891013,2.2174990439770554,64.0,2.0,Long Inactive,Medium Value,Low Frequency
CUST1328,1,64,Male,Pakistan,active,1,5,58.650000000000006,58.650000000000006,11.73,4.3,1,49.0,49,49,2022-08-30,2022-08-30,2022-04-22,130,0.1875,5.0,1,1,1,1.0,58.650000000000006,11.73,0.0076335877862595,109.089,13.534615384615387,1.153846153846154,1.0,148.36103999999995,1.0,2.807692307692308,164.67115384615389,14.03846153846154,25.174384615384614,0.3561643835616438,2.807692307692308,13.534615384615387,2932.5000000000005,0.0076335877862595,0.8327404580152671,50.0,2.0,Long Inactive,Low Value,Low Frequency
CUST1329,1,66,Female,India,active,1,8,1844.88,1844.88,230.61,3.8,0,9.0,9,9,2022-05-19,2022-05-19,2021-12-09,161,0.1570680628272251,8.0,1,1,1,0.0,1844.88,230.61,0.0061728395061728,3246.9888,343.76645962732925,1.4906832298136647,0.0,4091.205888,1.0,2.267080745341614,4182.491925465839,18.13664596273292,605.0289689440995,0.4410958904109589,2.267080745341614,343.76645962732925,18448.800000000003,0.0061728395061728,20.04314074074074,0.0,2.0,Long Inactive,Very High Value,Low Frequency
CUST1330,0,60,Female,Germany,active,1,8,1505.84,1505.84,188.23,4.3,2,13.0,13,13,2023-08-04,2023-08-04,2021-08-12,722,0.0398936170212766,8.0,1,1,1,2.0,1505.84,188.23,0.0013831258644536,2800.8623999999995,62.569529085872574,0.3324099722991689,2.0,3809.172863999999,1.0,0.5055401662049861,761.2626038781162,4.044321329639889,116.37932409972298,1.978082191780822,0.5055401662049861,62.569529085872574,21081.76,0.0013831258644536,3.873945228215767,28.0,2.0,Long Inactive,Very High Value,Low Frequency
CUST1331,0,36,Female,Canada,active,1,6,171.89999999999998,171.89999999999998,28.65,4.4,0,27.0,27,27,2023-11-16,2023-11-16,2022-05-28,537,0.0529100529100529,6.0,1,1,1,0.0,171.89999999999998,28.649999999999995,0.0018587360594795,323.172,9.603351955307264,0.335195530726257,0.0,445.97736,1.0,0.6797020484171322,116.840782122905,4.078212290502793,18.05430167597765,1.4712328767123288,0.6797020484171322,9.603351955307264,4813.199999999999,0.0018587360594795,0.6006914498141263,0.0,2.0,Long Inactive,Low Value,Low Frequency
CUST1332,0,49,Male,Canada,active,1,8,1403.36,1403.36,175.42,4.3,2,2.0,2,2,2024-08-12,2024-08-12,2022-10-08,674,0.0426136363636363,8.0,1,1,1,2.0,1403.36,175.42,0.0014814814814814,2610.2496,62.464094955489614,0.3560830860534125,2.0,3549.939455999999,1.0,0.5415430267062314,759.9798219584569,4.332344213649852,116.18321661721068,1.8465753424657532,0.5415430267062314,62.464094955489614,4210.08,0.0014814814814814,3.867036444444444,6.0,2.0,Long Inactive,High Value,Low Frequency
CUST1333,0,45,Female,Pakistan,active,1,8,1440.72,1440.72,180.09,4.3,4,25.0,25,25,2025-02-19,2025-02-19,2023-11-07,470,0.06,8.0,1,1,1,4.0,1440.72,180.09,0.0021231422505307,2679.7392,91.9608510638298,0.5106382978723405,4.0,3644.445312,1.0,0.776595744680851,1118.8570212765958,6.212765957446808,171.0471829787234,1.2876712328767124,0.776595744680851,91.9608510638298,37458.72,0.0021231422505307,5.689467515923567,104.0,2.0,Long Inactive,High Value,Low Frequency
CUST1334,0,54,Male,UK,active,1,7,1993.11,1993.11,284.73,4.2,4,47.0,47,47,2024-11-20,2024-11-20,2021-08-02,1206,0.0242718446601941,7.0,1,1,1,4.0,1993.11,284.73,0.0008285004142502,3667.322400000001,49.579850746268654,0.1741293532338308,4.0,4914.212016000001,1.0,0.302653399668325,603.2215174129353,2.1185737976782755,91.22692537313434,3.304109589041096,0.302653399668325,49.579850746268654,95669.28,0.0008285004142502,3.038378127589064,192.0,2.0,Long Inactive,Very High Value,Low Frequency
CUST1335,1,22,Female,Germany,cancelled,1,3,694.29,694.29,231.43,4.3,0,38.0,38,38,2022-05-15,2022-05-15,2021-12-24,142,0.1744186046511628,3.0,1,1,1,0.0,694.29,231.43,0.0069930069930069,1291.3793999999998,146.68098591549295,0.6338028169014085,0.0,1756.2759839999997,1.0,2.5704225352112675,1784.6186619718308,7.711267605633803,272.82663380281684,0.3890410958904109,2.5704225352112675,146.68098591549295,27077.31,0.0069930069930069,9.030625174825174,0.0,2.0,Long Inactive,Medium Value,Low Frequency
CUST1336,0,22,Female,UK,active,1,7,961.03,961.03,137.29,3.8,5,2.0,2,2,2025-08-01,2025-08-01,2021-08-24,1438,0.0204359673024523,7.0,1,1,1,5.0,961.03,137.29,0.0006949270326615,1691.4128,20.04930458970793,0.1460361613351877,5.0,2131.180128,1.0,0.2538247566063977,243.93320584144644,1.7767732962447844,35.28677607788595,3.93972602739726,0.2538247566063977,20.04930458970793,2883.09,0.0006949270326615,1.1754084781097984,15.0,2.0,At Risk,Medium Value,Low Frequency
CUST1337,0,22,Female,USA,paused,1,7,1470.07,1470.07,210.01,4.3,0,9.0,9,9,2024-04-12,2024-04-12,2023-07-19,268,0.1006711409395973,7.0,1,1,1,0.0,1470.07,210.01,0.0037174721189591,2734.3302,164.56007462686566,0.7835820895522387,0.0,3718.689072,1.0,1.361940298507463,2002.1475746268657,9.53358208955224,306.08173880597013,0.7342465753424657,1.361940298507463,164.56007462686566,14700.7,0.0037174721189591,10.16479628252788,0.0,2.0,Long Inactive,High Value,Low Frequency
CUST1338,0,45,Female,UK,paused,1,4,1395.04,1395.04,348.76,4.0,3,16.0,16,16,2024-05-15,2024-05-15,2022-06-14,701,0.0410396716826265,4.0,1,1,1,3.0,1395.04,348.76,0.0014245014245014,2511.072,59.7021398002853,0.1711840228245363,3.0,3264.3936000000003,1.0,0.5206847360912982,726.3760342368046,2.0827389443651927,107.46385164051355,1.9205479452054797,0.5206847360912982,59.7021398002853,23715.68,0.0014245014245014,3.5770256410256414,51.0,2.0,Long Inactive,High Value,Low Frequency
CUST1339,0,40,Female,UK,active,1,4,876.84,876.84,219.21,4.3,2,23.0,23,23,2023-10-11,2023-10-11,2022-09-13,393,0.0709219858156028,4.0,1,1,1,2.0,876.84,219.21,0.0025380710659898,1630.9224,66.93435114503818,0.3053435114503817,2.0,2218.054464,1.0,0.9287531806615776,814.3679389312978,3.715012722646311,124.497893129771,1.0767123287671232,0.9287531806615776,66.93435114503818,21044.16,0.0025380710659898,4.13939695431472,48.0,2.0,Long Inactive,Medium Value,Low Frequency
CUST1340,0,21,Female,Canada,active,1,7,728.21,728.21,104.03,4.3,1,27.0,27,27,2025-03-27,2025-03-27,2023-03-15,743,0.0388098318240621,7.0,1,1,1,1.0,728.21,104.03,0.0013440860215053,1354.4706,29.4028263795424,0.2826379542395693,1.0,1842.080016,1.0,0.4912516823687752,357.73438761776583,3.4387617765814267,54.68925706594885,2.0356164383561643,0.4912516823687752,29.4028263795424,20389.88,0.0013440860215053,1.820525,28.0,2.0,Long Inactive,Medium Value,Low Frequency
CUST1341,1,27,Male,Pakistan,active,1,5,1803.7,1803.7,360.74,4.0,2,10.0,10,10,2022-05-30,2022-05-30,2021-08-10,293,0.0928792569659442,5.0,1,1,1,2.0,1803.7,360.74,0.0034013605442176,3246.6600000000003,184.679180887372,0.5119453924914675,2.0,4220.658,1.0,1.2457337883959043,2246.930034129693,6.228668941979522,332.4225255972696,0.8027397260273973,1.2457337883959043,184.679180887372,19840.7,0.0034013605442176,11.043061224489795,22.0,2.0,Long Inactive,Very High Value,Low Frequency
CUST1342,1,57,Male,Canada,active,1,8,1664.08,1664.08,208.01,4.0,1,44.0,44,44,2022-02-16,2022-02-16,2021-09-01,168,0.1515151515151515,8.0,1,1,1,1.0,1664.08,208.01,0.0059171597633136,2995.344,297.15714285714284,1.4285714285714286,1.0,3893.9472,1.0,2.1726190476190474,3615.4119047619047,17.38095238095238,534.8828571428572,0.4602739726027397,2.1726190476190474,297.15714285714284,74883.59999999999,0.0059171597633136,17.72392899408284,45.0,2.0,Long Inactive,Very High Value,Low Frequency
CUST1343,0,59,Male,Canada,active,1,5,1176.8000000000002,1176.8000000000002,235.36,4.4,5,30.0,30,30,2023-07-30,2023-07-30,2023-02-16,164,0.1546391752577319,5.0,1,1,1,5.0,1176.8000000000002,235.36000000000004,0.006060606060606,2212.3840000000005,215.26829268292687,0.9146341463414634,5.0,3053.089920000001,1.0,2.225609756097561,2619.09756097561,11.128048780487806,404.70439024390254,0.4493150684931506,2.225609756097561,215.26829268292687,36480.8,0.006060606060606,13.40838787878788,155.0,2.0,Long Inactive,High Value,Low Frequency
CUST1344,0,21,Male,USA,active,1,7,45.15,45.15,6.45,4.1,0,37.0,37,37,2025-06-23,2025-06-23,2021-04-14,1531,0.0192184497117232,7.0,1,1,1,0.0,45.15,6.45,0.0006527415143603,82.17299999999999,0.8847158719790986,0.1371652514696276,0.0,108.46835999999998,1.0,0.2384062704114957,10.764043109079031,1.6688438928804703,1.6101828870019592,4.1945205479452055,0.2384062704114957,0.8847158719790986,1715.7,0.0006527415143603,0.05363772845953,0.0,2.0,At Risk,Low Value,Low Frequency
CUST1345,1,35,Male,UK,active,1,2,411.1,411.1,205.55,4.0,4,15.0,15,15,2022-09-12,2022-09-12,2021-12-26,260,0.1034482758620689,2.0,1,1,1,4.0,411.1,205.55,0.003831417624521,739.98,47.43461538461539,0.2307692307692307,4.0,961.974,1.0,1.403846153846154,577.1211538461539,2.807692307692308,85.3823076923077,0.7123287671232876,1.403846153846154,47.43461538461539,6577.6,0.003831417624521,2.835172413793104,64.0,2.0,Long Inactive,Low Value,Low Frequency
CUST1346,1,37,Female,Germany,active,1,1,224.15,224.15,224.15,3.9,2,7.0,7,7,2022-05-12,2022-05-12,2021-10-14,210,0.125,1.0,1,1,1,2.0,224.15,224.15,0.0047393364928909,398.987,32.02142857142857,0.1428571428571428,2.0,510.70336,1.0,1.738095238095238,389.59404761904767,1.738095238095238,56.99814285714286,0.5753424657534246,1.738095238095238,32.02142857142857,1793.2,0.0047393364928909,1.8909336492891,16.0,2.0,Long Inactive,Low Value,Low Frequency
CUST1347,0,26,Female,Pakistan,active,1,2,231.96,231.96,115.98,4.1,1,4.0,4,4,2024-02-01,2024-02-01,2020-12-10,1148,0.0254668930390492,2.0,1,1,1,1.0,231.96,115.98,0.000870322019147,422.1672,6.0616724738675964,0.0522648083623693,1.0,557.2607039999999,1.0,0.3179442508710801,73.75034843205576,0.6358885017421603,11.032243902439024,3.1452054794520548,0.3179442508710801,6.0616724738675964,1159.8,0.000870322019147,0.367421409921671,5.0,2.0,Long Inactive,Low Value,Low Frequency
CUST1348,0,41,Male,Germany,cancelled,1,1,26.33,26.33,26.33,4.2,0,11.0,11,11,2023-08-19,2023-08-19,2021-09-27,691,0.0416088765603328,1.0,1,1,1,0.0,26.33,26.33,0.0014450867052023,48.4472,1.1431259044862516,0.0434153400868306,0.0,64.91924800000001,1.0,0.5282199710564399,13.90803183791606,0.5282199710564399,2.103351664254703,1.893150684931507,0.5282199710564399,1.1431259044862516,315.96,0.0014450867052023,0.0700104046242774,0.0,2.0,Long Inactive,Low Value,Low Frequency
CUST1349,0,43,Male,Canada,active,1,6,1033.8000000000002,1033.8000000000002,172.3,3.9,1,8.0,8,8,2024-11-25,2024-11-25,2023-01-05,690,0.0416666666666666,6.0,1,1,1,1.0,1033.8000000000002,172.30000000000004,0.0014471780028943,1840.1640000000004,44.94782608695653,0.2608695652173913,1.0,2355.4099200000005,1.0,0.5289855072463768,546.8652173913044,3.1739130434782608,80.00713043478262,1.8904109589041096,0.5289855072463768,44.94782608695653,9304.2,0.0014471780028943,2.66304486251809,9.0,2.0,Long Inactive,Medium Value,Low Frequency
CUST1350,0,61,Female,UK,active,1,5,1871.85,1871.85,374.37,4.0,3,36.0,36,36,2024-01-22,2024-01-22,2021-06-18,948,0.0306748466257668,5.0,1,1,1,3.0,1871.85,374.37,0.0010537407797681,3369.33,59.23575949367088,0.1582278481012658,3.0,4380.129,1.0,0.3850210970464135,720.7017405063291,1.9251054852320677,106.62436708860758,2.5972602739726027,0.3850210970464135,59.23575949367088,69258.45,0.0010537407797681,3.5504004214963114,111.0,2.0,Long Inactive,Very High Value,Low Frequency
CUST1351,1,51,Female,Pakistan,cancelled,1,6,1780.2599999999998,1780.2599999999998,296.71,4.0,0,2.0,2,2,2022-02-17,2022-02-17,2021-10-28,112,0.2112676056338028,6.0,1,1,1,0.0,1780.2599999999998,296.71,0.0088495575221238,3204.468,476.8553571428571,1.6071428571428572,0.0,4165.8084,1.0,3.258928571428571,5801.740178571427,19.553571428571427,858.3396428571428,0.3068493150684931,3.258928571428571,476.8553571428571,5340.779999999999,0.0088495575221238,28.35812389380531,0.0,2.0,Long Inactive,Very High Value,Low Frequency
CUST1352,0,57,Female,USA,cancelled,1,3,1727.7599999999998,1727.7599999999998,575.92,4.1,4,14.0,14,14,2025-08-14,2025-08-14,2021-11-18,1365,0.021505376344086,3.0,1,1,1,4.0,1727.7599999999998,575.92,0.0007320644216691,3144.523199999999,37.97274725274725,0.0659340659340659,4.0,4150.770623999999,1.0,0.2673992673992674,462.0017582417582,0.8021978021978022,69.11039999999998,3.73972602739726,0.2673992673992674,37.97274725274725,25916.4,0.0007320644216691,2.301993557833089,60.0,2.0,At Risk,Very High Value,Low Frequency
CUST1353,1,34,Female,Germany,cancelled,1,7,1503.11,1503.11,214.73,4.4,2,49.0,49,49,2022-09-09,2022-09-09,2021-03-20,538,0.0528169014084507,7.0,1,1,1,2.0,1503.11,214.73,0.0018552875695732,2825.8468,83.81654275092936,0.3903345724907063,2.0,3899.668584,1.0,0.6784386617100372,1019.767936802974,4.749070631970261,157.5751003717472,1.473972602739726,0.6784386617100372,83.81654275092936,75155.5,0.0018552875695732,5.242758441558442,100.0,2.0,Long Inactive,Very High Value,Low Frequency
CUST1354,0,22,Female,UK,cancelled,1,3,1248.09,1248.09,416.03,4.2,4,8.0,8,8,2024-10-07,2024-10-07,2022-12-18,659,0.0435413642960812,3.0,1,1,1,4.0,1248.09,416.03,0.0015151515151515,2296.4856,56.81745068285281,0.1365705614567526,4.0,3077.290704,1.0,0.5538694992412746,691.2789833080425,1.661608497723824,104.54410925644918,1.8054794520547943,0.5538694992412746,56.81745068285281,11232.81,0.0015151515151515,3.4795236363636364,36.0,2.0,Long Inactive,High Value,Low Frequency
CUST1355,1,50,Male,Pakistan,cancelled,1,6,1316.82,1316.82,219.47,4.3,0,38.0,38,38,2022-11-28,2022-11-28,2020-11-19,739,0.0390117035110533,6.0,1,1,1,0.0,1316.82,219.47,0.0013513513513513,2449.2852,53.45683355886333,0.2435723951285521,0.0,3331.027871999999,1.0,0.4939106901217862,650.3914749661704,2.963464140730717,99.4297104194858,2.024657534246576,0.4939106901217862,53.45683355886333,51355.98,0.0013513513513513,3.3098448648648646,0.0,2.0,Long Inactive,High Value,Low Frequency
CUST1356,0,66,Female,UK,active,1,7,240.94,240.94,34.42,4.3,0,29.0,29,29,2025-11-03,2025-11-03,2020-03-11,2063,0.0143334925943621,7.0,1,1,1,0.0,240.94,34.42,0.000484496124031,448.1484,3.503732428502181,0.1017935046049442,0.0,609.481824,1.0,0.1769268056228793,42.62874454677654,1.2384876393601552,6.516942317014057,5.652054794520548,0.1769268056228793,3.503732428502181,7228.2,0.000484496124031,0.2171261627906976,0.0,2.0,Recent,Low Value,Low Frequency
CUST1357,1,66,Male,UK,active,1,9,1160.91,1160.91,128.99,3.9,3,29.0,29,29,2023-02-15,2023-02-15,2021-08-21,543,0.0523560209424083,9.0,1,1,1,3.0,1160.91,128.99,0.0018382352941176,2066.4198,64.13867403314917,0.4972375690607734,3.0,2645.0173440000003,1.0,0.6721915285451197,780.353867403315,6.0497237569060776,114.16683977900551,1.4876712328767123,0.6721915285451197,64.13867403314917,34827.3,0.0018382352941176,3.7985658088235295,90.0,2.0,Long Inactive,High Value,Low Frequency
CUST1358,1,47,Female,Canada,active,1,8,1185.52,1185.52,148.19,4.4,0,26.0,26,26,2023-02-14,2023-02-14,2020-12-09,797,0.0362756952841596,8.0,1,1,1,0.0,1185.52,148.19,0.0012531328320802,2228.7776,44.624341279799246,0.3011292346298619,0.0,3075.713088,1.0,0.4579673776662484,542.9294855708908,3.663739021329988,83.89376160602258,2.1835616438356165,0.4579673776662484,44.624341279799246,32009.04,0.0012531328320802,2.792954385964912,0.0,2.0,Long Inactive,High Value,Low Frequency
CUST1359,0,39,Female,India,cancelled,1,5,1716.65,1716.65,343.33,4.0,5,44.0,44,44,2025-05-28,2025-05-28,2021-06-12,1446,0.0203252032520325,5.0,1,1,1,5.0,1716.65,343.33,0.0006910850034554,3089.97,35.61514522821576,0.1037344398340248,5.0,4016.961,1.0,0.2524204702627939,433.3176002766252,1.2621023513139695,64.10726141078837,3.9616438356164383,0.2524204702627939,35.61514522821576,77249.25,0.0006910850034554,2.13543192812716,225.0,2.0,Long Inactive,Very High Value,Low Frequency
CUST1360,0,48,Female,India,active,1,4,585.12,585.12,146.28,4.2,5,36.0,36,36,2024-07-31,2024-07-31,2023-01-08,570,0.05,4.0,1,1,1,5.0,585.12,146.28,0.0017513134851138,1076.6208,30.79578947368421,0.2105263157894736,5.0,1442.6718720000003,1.0,0.6403508771929824,374.6821052631579,2.56140350877193,56.66425263157896,1.5616438356164384,0.6403508771929824,30.79578947368421,21649.44,0.0017513134851138,1.8855005253940456,185.0,2.0,Long Inactive,Medium Value,Low Frequency
CUST1361,1,23,Male,India,cancelled,1,9,1485.54,1485.54,165.06,4.1,1,48.0,48,48,2022-10-30,2022-10-30,2022-05-08,175,0.1463414634146341,9.0,1,1,1,1.0,1485.54,165.06,0.0056818181818181,2703.6828,254.664,1.542857142857143,1.0,3568.861295999999,1.0,2.085714285714286,3098.4120000000003,18.77142857142857,463.4884799999999,0.4794520547945205,2.085714285714286,254.664,72791.45999999999,0.0056818181818181,15.361834090909088,49.0,2.0,Long Inactive,High Value,Low Frequency
CUST1362,1,18,Female,Germany,active,1,8,1778.4,1778.4,222.3,4.4,1,3.0,3,3,2021-10-24,2021-10-24,2021-11-06,0,1.0,8.0,1,1,1,1.0,1778.4,222.3,1.0,3343.3920000000003,17784.0,80.0,1.0,4613.88096,1.0,365.0,649116.0,2920.0,33433.92,0.0,365.0,17784.0,7113.6,1.0,3343.3920000000003,4.0,2.0,Long Inactive,Very High Value,Low Frequency
CUST1363,0,29,Female,UK,cancelled,1,3,1988.67,1988.67,662.89,4.1,4,9.0,9,9,2023-10-21,2023-10-21,2021-10-19,732,0.0393700787401574,3.0,1,1,1,4.0,1988.67,662.89,0.0013642564802182,3619.3794,81.50286885245903,0.1229508196721311,4.0,4777.580807999999,1.0,0.4986338797814207,991.618237704918,1.495901639344262,148.3352213114754,2.0054794520547947,0.4986338797814207,81.50286885245903,19886.7,0.0013642564802182,4.937761800818554,40.0,2.0,Long Inactive,Very High Value,Low Frequency
CUST1364,1,21,Female,Germany,cancelled,1,9,1207.62,1207.62,134.18,4.2,5,41.0,41,41,2021-01-29,2021-01-29,2020-10-23,98,0.234375,9.0,1,1,1,5.0,1207.62,134.18,0.0101010101010101,2222.0208,369.67959183673474,2.7551020408163267,5.0,2977.5078720000006,1.0,3.724489795918368,4497.768367346939,33.52040816326531,680.2104489795919,0.2684931506849315,3.724489795918368,369.67959183673474,50720.04000000001,0.0101010101010101,22.44465454545455,210.0,2.0,Long Inactive,High Value,Low Frequency
CUST1365,1,32,Male,Pakistan,active,1,4,228.24,228.24,57.06,4.2,4,21.0,21,21,2022-10-15,2022-10-15,2021-01-02,651,0.0440528634361233,4.0,1,1,1,4.0,228.24,57.06,0.0015337423312883,419.9616,10.517972350230416,0.184331797235023,4.0,562.748544,1.0,0.5606758832565285,127.96866359447006,2.242703533026114,19.353069124423964,1.7835616438356163,0.5606758832565285,10.517972350230416,5021.280000000001,0.0015337423312883,0.6441128834355829,88.0,2.0,Long Inactive,Low Value,Low Frequency
CUST1366,0,60,Female,India,active,1,2,1336.08,1336.08,668.04,4.1,3,17.0,17,17,2023-10-20,2023-10-20,2022-02-22,605,0.0472440944881889,2.0,1,1,1,3.0,1336.08,668.04,0.0016501650165016,2431.6656,66.25190082644627,0.0991735537190082,3.0,3209.798591999999,1.0,0.6033057851239669,806.0647933884297,1.206611570247934,120.5784595041322,1.6575342465753424,0.6033057851239669,66.25190082644627,24049.44,0.0016501650165016,4.012649504950494,54.0,2.0,Long Inactive,High Value,Low Frequency
CUST1367,0,27,Female,Pakistan,active,1,4,1392.48,1392.48,348.12,4.0,3,24.0,24,24,2024-07-23,2024-07-23,2021-12-02,964,0.0301810865191146,4.0,1,1,1,3.0,1392.48,348.12,0.0010362694300518,2506.464,43.3344398340249,0.1244813278008298,3.0,3258.4032,1.0,0.3786307053941909,527.235684647303,1.5145228215767637,78.00199170124482,2.6410958904109587,0.3786307053941909,43.3344398340249,34812.0,0.0010362694300518,2.5973720207253885,75.0,2.0,Long Inactive,High Value,Low Frequency
CUST1368,0,66,Male,USA,cancelled,1,7,532.91,532.91,76.13,4.2,3,7.0,7,7,2025-06-27,2025-06-27,2023-06-05,753,0.0383141762452107,7.0,1,1,1,3.0,532.91,76.13,0.0013262599469496,980.5544,21.23147410358565,0.2788844621513944,3.0,1313.942896,1.0,0.4847277556440902,258.31626826029213,3.393094289508632,39.06591235059761,2.063013698630137,0.4847277556440902,21.23147410358565,4263.28,0.0013262599469496,1.300470026525199,24.0,2.0,At Risk,Low Value,Low Frequency
CUST1369,0,27,Female,USA,active,1,7,628.25,628.25,89.75,4.2,4,22.0,22,22,2023-04-18,2023-04-18,2021-09-05,590,0.0483870967741935,7.0,1,1,1,4.0,628.25,89.75,0.0016920473773265,1155.98,31.944915254237287,0.3559322033898305,4.0,1549.0132,1.0,0.6186440677966102,388.6631355932203,4.330508474576271,58.778644067796606,1.6164383561643836,0.6186440677966102,31.944915254237287,14449.75,0.0016920473773265,1.9559729272419628,92.0,2.0,Long Inactive,Medium Value,Low Frequency
CUST1370,0,37,Male,UK,active,1,5,1952.65,1952.65,390.53,4.1,1,16.0,16,16,2024-09-23,2024-09-23,2021-09-30,1089,0.0268096514745308,5.0,1,1,1,1.0,1952.65,390.53,0.0009174311926605,3553.8229999999994,53.79201101928375,0.1377410468319559,1.0,4691.046359999999,1.0,0.3351698806244261,654.4694674012856,1.6758494031221305,97.9014600550964,2.9835616438356163,0.3351698806244261,53.79201101928375,33195.05,0.0009174311926605,3.260388073394495,17.0,2.0,Long Inactive,Very High Value,Low Frequency
CUST1371,0,43,Female,Canada,active,1,2,1451.68,1451.68,725.84,4.1,5,24.0,24,24,2025-06-20,2025-06-20,2023-01-19,883,0.0328587075575027,2.0,1,1,1,5.0,1451.68,725.84,0.001131221719457,2642.0576,49.320951302378255,0.0679501698754246,5.0,3487.5160319999995,1.0,0.4133635334088335,600.0715741789354,0.826727066817667,89.76413137032843,2.419178082191781,0.4133635334088335,49.320951302378255,36292.0,0.001131221719457,2.988752941176471,125.0,2.0,At Risk,High Value,Low Frequency
CUST1372,0,63,Male,Germany,active,1,3,1813.56,1813.56,604.52,4.2,4,7.0,7,7,2024-02-12,2024-02-12,2022-10-18,482,0.05859375,3.0,1,1,1,4.0,1813.56,604.52,0.0020703933747412,3336.9504,112.87717842323651,0.1867219917012448,4.0,4471.513536,1.0,0.7572614107883818,1373.3390041493776,2.2717842323651456,207.6940082987552,1.3205479452054794,0.7572614107883818,112.87717842323651,14508.48,0.0020703933747412,6.908800000000001,32.0,2.0,Long Inactive,Very High Value,Low Frequency
CUST1373,0,64,Female,Germany,active,1,6,1898.76,1898.76,316.46,4.0,2,37.0,37,37,2024-04-23,2024-04-23,2021-10-20,916,0.0317124735729386,6.0,1,1,1,2.0,1898.76,316.46,0.0010905125408942,3417.768,62.18646288209606,0.1965065502183406,2.0,4443.0984,1.0,0.398471615720524,756.6019650655021,2.3908296943231444,111.93563318777292,2.5095890410958903,0.398471615720524,62.18646288209606,72152.87999999999,0.0010905125408942,3.727118865866957,76.0,2.0,Long Inactive,Very High Value,Low Frequency
CUST1374,0,19,Male,India,cancelled,1,6,451.26,451.26,75.21,4.3,4,38.0,38,38,2023-11-16,2023-11-16,2021-04-14,946,0.0307377049180327,6.0,1,1,1,4.0,451.26,75.21,0.0010559662090813,839.3435999999999,14.310570824524312,0.1902748414376321,4.0,1141.5072959999998,1.0,0.3858350951374207,174.11194503171248,2.3150105708245245,26.61766173361522,2.591780821917808,0.3858350951374207,14.310570824524312,17599.14,0.0010559662090813,0.8863184794086588,156.0,2.0,Long Inactive,Low Value,Low Frequency
CUST1375,1,63,Male,Germany,paused,1,4,1598.16,1598.16,399.54,4.3,5,17.0,17,17,2023-01-09,2023-01-09,2022-05-29,225,0.1176470588235294,4.0,1,1,1,5.0,1598.16,399.54,0.0044247787610619,2972.5776,213.088,0.5333333333333333,5.0,4042.705536,1.0,1.6222222222222222,2592.5706666666665,6.488888888888889,396.34368,0.6164383561643836,1.6222222222222222,213.088,28766.88,0.0044247787610619,13.152998230088496,90.0,2.0,Long Inactive,Very High Value,Low Frequency
CUST1376,0,56,Female,Germany,active,1,7,84.21,84.21,12.03,4.1,5,42.0,42,42,2024-07-02,2024-07-02,2022-04-13,811,0.0356718192627824,7.0,1,1,1,5.0,84.21,12.03,0.001231527093596,153.26219999999998,3.1150431565967938,0.2589395807644882,5.0,202.30610399999995,1.0,0.4500616522811344,37.89969173859432,3.1504315659679407,5.669378545006164,2.221917808219178,0.4500616522811344,3.1150431565967938,3621.03,0.001231527093596,0.1887465517241379,215.0,2.0,Long Inactive,Low Value,Low Frequency
CUST1377,0,33,Male,Germany,active,1,4,218.88,218.88,54.72,4.0,3,34.0,34,34,2024-08-10,2024-08-10,2021-07-28,1109,0.0263388937664618,4.0,1,1,1,3.0,218.88,54.72,0.0009009009009009,393.984,5.921009918845806,0.1082055906221821,3.0,512.1792,1.0,0.3291253381424707,72.03895401262399,1.3165013525698828,10.657817853922452,3.0383561643835617,0.3291253381424707,5.921009918845806,7660.8,0.0009009009009009,0.3549405405405405,105.0,2.0,Long Inactive,Low Value,Low Frequency
CUST1378,0,48,Male,Canada,active,1,5,613.6999999999999,613.6999999999999,122.74,4.1,1,40.0,40,40,2024-03-12,2024-03-12,2022-10-04,525,0.054054054054054,5.0,1,1,1,1.0,613.6999999999999,122.73999999999998,0.0019011406844106,1116.9339999999995,35.068571428571424,0.2857142857142857,1.0,1474.3528799999997,1.0,0.6952380952380952,426.667619047619,3.4761904761904763,63.82479999999998,1.4383561643835616,0.6952380952380952,35.068571428571424,25161.7,0.0019011406844106,2.12344866920152,41.0,2.0,Long Inactive,Medium Value,Low Frequency
CUST1379,1,47,Female,Germany,paused,1,6,142.2,142.2,23.7,3.9,1,48.0,48,48,2023-01-03,2023-01-03,2021-12-14,385,0.072289156626506,6.0,1,1,1,1.0,142.2,23.7,0.0025906735751295,253.116,11.08051948051948,0.4675324675324675,1.0,323.98848,1.0,0.948051948051948,134.812987012987,5.688311688311688,19.723324675324672,1.0547945205479452,0.948051948051948,11.08051948051948,6967.799999999999,0.0025906735751295,0.655740932642487,49.0,2.0,Long Inactive,Low Value,Low Frequency
CUST1380,0,46,Male,India,paused,1,3,544.5,544.5,181.5,4.2,1,20.0,20,20,2023-08-10,2023-08-10,2023-10-07,0,1.0,3.0,1,1,1,1.0,544.5,181.5,1.0,1001.88,5445.0,30.0,1.0,1342.5192000000002,1.0,365.0,198742.5,1095.0,10018.8,0.0,365.0,5445.0,11434.5,1.0,1001.88,21.0,2.0,Long Inactive,Low Value,Low Frequency
CUST1381,0,66,Female,Germany,active,1,2,391.2,391.2,195.6,4.0,3,45.0,45,45,2025-07-28,2025-07-28,2023-07-22,737,0.0391134289439374,2.0,1,1,1,3.0,391.2,195.6,0.0013550135501355,704.16,15.924016282225235,0.0814111261872456,3.0,915.408,1.0,0.4952510176390773,193.74219810040708,0.9905020352781548,28.663229308005427,2.0191780821917806,0.4952510176390773,15.924016282225235,17995.2,0.0013550135501355,0.9541463414634146,138.0,2.0,At Risk,Low Value,Low Frequency
CUST1382,0,60,Female,Pakistan,cancelled,1,9,971.28,971.28,107.92,4.4,5,14.0,14,14,2025-05-15,2025-05-15,2021-01-13,1583,0.0185988840669559,9.0,1,1,1,5.0,971.28,107.92,0.0006313131313131,1826.0064,18.407075173720784,0.1705622236260265,5.0,2519.888832,1.0,0.2305748578648136,223.9527479469362,2.0751737207833227,34.605301326595075,4.336986301369863,0.2305748578648136,18.407075173720784,14569.2,0.0006313131313131,1.1527818181818184,75.0,2.0,Long Inactive,Medium Value,Low Frequency
CUST1383,0,39,Female,UK,active,1,3,1732.98,1732.98,577.66,4.2,2,18.0,18,18,2024-07-25,2024-07-25,2023-05-26,426,0.0657894736842105,3.0,1,1,1,2.0,1732.98,577.66,0.0023419203747072,3188.6832000000004,122.04084507042256,0.2112676056338028,2.0,4272.835488000001,1.0,0.8568075117370891,1484.8302816901407,2.5704225352112675,224.5551549295775,1.167123287671233,0.8568075117370891,122.04084507042256,32926.62,0.0023419203747072,7.467642154566746,38.0,2.0,Long Inactive,Very High Value,Low Frequency
CUST1384,0,31,Male,Pakistan,active,1,7,568.0500000000001,568.0500000000001,81.15,3.8,5,41.0,41,41,2024-09-05,2024-09-05,2022-05-18,841,0.0344431687715269,7.0,1,1,1,5.0,568.0500000000001,81.15,0.001187648456057,999.768,20.263376932223544,0.2497027348394768,5.0,1259.7076800000002,1.0,0.4340071343638526,246.53775267538649,3.038049940546968,35.66354340071344,2.304109589041096,0.4340071343638526,20.263376932223544,23858.1,0.001187648456057,1.187372921615202,210.0,2.0,Long Inactive,Medium Value,Low Frequency
CUST1385,0,26,Female,UK,paused,1,8,548.32,548.32,68.54,4.3,4,18.0,18,18,2024-04-03,2024-04-03,2023-05-05,334,0.0824175824175824,8.0,1,1,1,4.0,548.32,68.54,0.0029850746268656,1019.8752,49.25029940119761,0.718562874251497,4.0,1387.030272,1.0,1.092814371257485,599.2119760479043,8.74251497005988,91.60555688622756,0.915068493150685,1.092814371257485,49.25029940119761,10418.080000000002,0.0029850746268656,3.0444035820895525,76.0,2.0,Long Inactive,Low Value,Low Frequency
CUST1386,0,34,Male,India,cancelled,1,8,1547.44,1547.44,193.43,4.2,3,23.0,23,23,2023-03-03,2023-03-03,2022-10-27,127,0.1910828025477706,8.0,1,1,1,3.0,1547.44,193.43,0.0078125,2847.2896,365.5370078740157,1.889763779527559,3.0,3815.368064,1.0,2.874015748031496,4447.366929133858,22.992125984251967,672.588094488189,0.347945205479452,2.874015748031496,365.5370078740157,37138.56,0.0078125,22.24445,72.0,2.0,Long Inactive,Very High Value,Low Frequency
CUST1387,1,44,Male,UK,active,1,6,1660.1999999999998,1660.1999999999998,276.7,3.9,5,22.0,22,22,2022-05-15,2022-05-15,2022-01-18,117,0.2040816326530612,6.0,1,1,1,5.0,1660.1999999999998,276.7,0.0084745762711864,2955.1559999999995,425.6923076923077,1.5384615384615383,5.0,3782.59968,1.0,3.11965811965812,5179.256410256409,18.717948717948715,757.7323076923076,0.3205479452054794,3.11965811965812,425.6923076923077,38184.6,0.0084745762711864,25.043694915254232,115.0,2.0,Long Inactive,Very High Value,Low Frequency
CUST1388,1,61,Male,Germany,cancelled,1,2,103.66,103.66,51.83,4.4,0,12.0,12,12,2022-03-30,2022-03-30,2021-12-31,89,0.2521008403361344,2.0,1,1,1,0.0,103.66,51.83,0.0111111111111111,194.8808,34.94157303370786,0.6741573033707865,0.0,268.93550400000004,1.0,4.101123595505618,425.1224719101123,8.202247191011237,65.69015730337078,0.2438356164383561,4.101123595505618,34.94157303370786,1347.58,0.0111111111111111,2.1653422222222223,0.0,2.0,Long Inactive,Low Value,Low Frequency
CUST1389,1,46,Female,UK,active,1,8,1069.84,1069.84,133.73,4.0,1,33.0,33,33,2021-03-31,2021-03-31,2020-12-16,105,0.2222222222222222,8.0,1,1,1,1.0,1069.84,133.73,0.0094339622641509,1925.712,305.6685714285714,2.2857142857142856,1.0,2503.4256,1.0,3.4761904761904763,3718.967619047619,27.80952380952381,550.2034285714286,0.2876712328767123,3.4761904761904763,305.6685714285714,36374.56,0.0094339622641509,18.16709433962264,34.0,2.0,Long Inactive,High Value,Low Frequency
CUST1390,0,64,Male,UK,paused,1,4,209.76,209.76,52.44,4.0,4,34.0,34,34,2025-05-06,2025-05-06,2022-08-01,1009,0.0288739172281039,4.0,1,1,1,4.0,209.76,52.44,0.0009900990099009,377.568,6.236669970267592,0.1189296333002973,4.0,490.8384,1.0,0.3617443012884044,75.8794846382557,1.4469772051536176,11.226005946481663,2.7643835616438355,0.3617443012884044,6.236669970267592,7341.599999999999,0.0009900990099009,0.373829702970297,140.0,2.0,Long Inactive,Low Value,Low Frequency
CUST1391,0,60,Female,India,active,1,1,1499.71,1499.71,1499.71,3.8,0,29.0,29,29,2024-05-01,2024-05-01,2021-07-30,1006,0.0289575289575289,1.0,1,1,1,0.0,1499.71,1499.71,0.0009930486593843,2639.4896,44.72296222664016,0.0298210735586481,0.0,3325.756896,1.0,0.3628230616302187,544.1293737574553,0.3628230616302187,78.71241351888668,2.756164383561644,0.3628230616302187,44.72296222664016,44991.3,0.0009930486593843,2.621141608738828,0.0,2.0,Long Inactive,Very High Value,Low Frequency
CUST1392,0,66,Male,Canada,paused,1,3,1688.52,1688.52,562.84,4.2,1,26.0,26,26,2024-04-26,2024-04-26,2022-08-03,632,0.0453172205438066,3.0,1,1,1,1.0,1688.52,562.84,0.0015797788309636,3106.8768,80.15126582278481,0.1424050632911392,1.0,4163.214912,1.0,0.5775316455696202,975.1737341772152,1.7325949367088609,147.47832911392405,1.7315068493150685,0.5775316455696202,80.15126582278481,45590.04,0.0015797788309636,4.9081781990521325,27.0,2.0,Long Inactive,Very High Value,Low Frequency
CUST1393,1,62,Female,India,active,1,1,1366.86,1366.86,1366.86,4.2,0,45.0,45,45,2021-04-19,2021-04-19,2021-02-04,74,0.2884615384615384,1.0,1,1,1,0.0,1366.86,1366.86,0.0133333333333333,2515.0224,554.1324324324323,0.4054054054054054,0.0,3370.130016,1.0,4.9324324324324325,6741.9445945945945,4.9324324324324325,1019.6036756756756,0.2027397260273972,4.9324324324324325,554.1324324324323,62875.56,0.0133333333333333,33.533632,0.0,2.0,Long Inactive,High Value,Low Frequency
CUST1394,1,43,Female,USA,active,1,6,1741.6799999999998,1741.6799999999998,290.28,4.4,3,38.0,38,38,2022-05-28,2022-05-28,2022-05-14,14,0.6818181818181818,6.0,1,1,1,3.0,1741.6799999999998,290.28,0.0666666666666666,3274.3584,3732.171428571429,12.857142857142858,3.0,4518.614592000001,1.0,26.07142857142857,45408.085714285706,156.42857142857142,7016.482285714285,0.0383561643835616,26.07142857142857,3732.171428571429,67925.51999999999,0.0666666666666666,218.29056,117.0,2.0,Long Inactive,Very High Value,Low Frequency
CUST1395,0,60,Male,India,active,1,9,1210.77,1210.77,134.53,4.2,1,45.0,45,45,2023-07-31,2023-07-31,2022-09-29,305,0.0895522388059701,9.0,1,1,1,1.0,1210.77,134.53,0.0032679738562091,2227.8168,119.09213114754098,0.8852459016393444,1.0,2985.2745120000004,1.0,1.1967213114754098,1448.954262295082,10.770491803278688,219.12952131147543,0.8356164383561644,1.1967213114754098,119.09213114754098,55695.42,0.0032679738562091,7.28044705882353,46.0,2.0,Long Inactive,High Value,Low Frequency
CUST1396,1,52,Female,India,active,1,2,868.32,868.32,434.16,4.0,0,43.0,43,43,2021-11-24,2021-11-24,2021-01-25,303,0.0900900900900901,2.0,1,1,1,0.0,868.32,434.16,0.0032894736842105,1562.976,85.97227722772278,0.198019801980198,0.0,2031.8688,1.0,1.2046204620462049,1045.9960396039603,2.4092409240924093,154.750099009901,0.8301369863013699,1.2046204620462049,85.97227722772278,38206.08,0.0032894736842105,5.141368421052632,0.0,2.0,Long Inactive,Medium Value,Low Frequency
CUST1397,1,55,Female,Canada,paused,1,7,314.23,314.23,44.89,4.3,0,2.0,2,2,2022-09-24,2022-09-24,2021-01-23,609,0.0469483568075117,7.0,1,1,1,0.0,314.23,44.89,0.001639344262295,584.4678,15.479310344827589,0.3448275862068965,0.0,794.8762079999999,1.0,0.5993431855500821,188.3316091954023,4.195402298850575,28.79151724137931,1.6684931506849314,0.5993431855500821,15.479310344827589,942.69,0.001639344262295,0.9581439344262296,0.0,2.0,Long Inactive,Low Value,Low Frequency
CUST1398,0,63,Other,Pakistan,paused,1,7,1107.33,1107.33,158.19,4.1,0,15.0,15,15,2025-03-25,2025-03-25,2021-07-14,1350,0.0217391304347826,7.0,1,1,1,0.0,1107.33,158.19,0.000740192450037,2015.3406,24.607333333333333,0.1555555555555555,0.0,2660.249591999999,1.0,0.2703703703703703,299.3892222222222,1.8925925925925928,44.78534666666666,3.6986301369863015,0.2703703703703703,24.607333333333333,17717.28,0.000740192450037,1.4917398963730568,0.0,2.0,Long Inactive,High Value,Low Frequency
CUST1399,0,43,Female,Pakistan,cancelled,1,7,913.22,913.22,130.46,4.1,3,17.0,17,17,2024-01-23,2024-01-23,2022-03-10,684,0.042016806722689,7.0,1,1,1,3.0,913.22,130.46,0.0014598540145985,1662.0603999999998,40.05350877192983,0.3070175438596491,3.0,2193.9197279999994,1.0,0.533625730994152,487.3176900584795,3.735380116959064,72.89738596491227,1.873972602739726,0.533625730994152,40.05350877192983,16437.96,0.0014598540145985,2.426365547445255,54.0,2.0,Long Inactive,Medium Value,Low Frequency
CUST1400,0,68,Female,Germany,active,1,4,362.0,362.0,90.5,4.1,5,32.0,32,32,2024-08-14,2024-08-14,2021-03-12,1251,0.0234192037470725,4.0,1,1,1,5.0,362.0,90.5,0.0007987220447284,658.8399999999999,8.681055155875299,0.0959232613908872,5.0,869.6687999999998,1.0,0.2917665867306155,105.6195043964828,1.167066346922462,15.799520383693045,3.4273972602739726,0.2917665867306155,8.681055155875299,11946.0,0.0007987220447284,0.5262300319488817,165.0,2.0,Long Inactive,Low Value,Low Frequency
CUST1401,0,60,Male,Pakistan,cancelled,1,3,397.65,397.65,132.55,4.1,0,25.0,25,25,2024-02-22,2024-02-22,2023-12-08,76,0.2830188679245283,3.0,1,1,1,0.0,397.65,132.55,0.0129870129870129,723.723,156.96710526315792,1.1842105263157896,0.0,955.31436,1.0,4.802631578947368,1909.7664473684213,14.407894736842104,285.68013157894734,0.2082191780821917,4.802631578947368,156.96710526315792,10338.9,0.0129870129870129,9.399,0.0,2.0,Long Inactive,Low Value,Low Frequency
CUST1402,0,27,Female,Germany,cancelled,1,2,630.0,630.0,315.0,4.4,2,25.0,25,25,2023-07-08,2023-07-08,2021-12-05,580,0.0491803278688524,2.0,1,1,1,2.0,630.0,315.0,0.0017211703958691,1184.4,32.58620689655173,0.1034482758620689,2.0,1634.4720000000002,1.0,0.6293103448275862,396.46551724137936,1.2586206896551724,61.26206896551725,1.5890410958904109,0.6293103448275862,32.58620689655173,16380.0,0.0017211703958691,2.03855421686747,52.0,2.0,Long Inactive,Medium Value,Low Frequency
CUST1403,1,31,Male,India,active,1,6,117.0,117.0,19.5,3.9,0,14.0,14,14,2022-12-11,2022-12-11,2022-03-15,271,0.0996677740863787,6.0,1,1,1,0.0,117.0,19.5,0.0036764705882352,208.26,12.952029520295204,0.6642066420664207,0.0,266.5728,1.0,1.3468634686346863,157.58302583025832,8.08118081180812,23.054612546125465,0.7424657534246575,1.3468634686346863,12.952029520295204,1755.0,0.0036764705882352,0.7656617647058823,0.0,2.0,Long Inactive,Low Value,Low Frequency
CUST1404,0,52,Female,India,active,1,7,521.43,521.43,74.49,4.3,5,4.0,4,4,2023-09-19,2023-09-19,2022-11-10,313,0.0874635568513119,7.0,1,1,1,5.0,521.43,74.49,0.0031847133757961,969.8597999999998,49.9773162939297,0.6709265175718849,5.0,1319.0093279999996,1.0,1.1661341853035143,608.0573482428114,8.1629392971246,92.95780830670924,0.8575342465753425,1.1661341853035143,49.9773162939297,2607.15,0.0031847133757961,3.088725477707006,25.0,2.0,Long Inactive,Low Value,Low Frequency
CUST1405,0,40,Male,India,paused,1,3,1618.23,1618.23,539.41,4.0,0,33.0,33,33,2024-06-26,2024-06-26,2020-05-09,1509,0.0194931773879142,3.0,1,1,1,0.0,1618.23,539.41,0.0006622516556291,2912.8140000000003,32.17157057654076,0.0596421471172962,0.0,3786.6582,1.0,0.2418820410868125,391.4207753479126,0.7256461232604374,57.90882703777337,4.134246575342465,0.2418820410868125,32.17157057654076,55019.82,0.0006622516556291,1.9290158940397355,0.0,2.0,Long Inactive,Very High Value,Low Frequency
CUST1406,0,66,Female,USA,active,1,7,707.14,707.14,101.02,4.3,2,19.0,19,19,2025-04-03,2025-04-03,2023-11-08,512,0.055350553505535,7.0,1,1,1,2.0,707.14,101.02,0.0019493177387914,1315.2804,41.433984375,0.41015625,2.0,1788.7813439999998,1.0,0.712890625,504.1134765625,4.990234375,77.0672109375,1.4027397260273973,0.712890625,41.433984375,14142.8,0.0019493177387914,2.563899415204678,40.0,2.0,Long Inactive,Medium Value,Low Frequency
CUST1407,0,22,Female,UK,cancelled,1,1,1263.8,1263.8,1263.8,4.0,2,6.0,6,6,2023-08-23,2023-08-23,2022-11-03,293,0.0928792569659442,1.0,1,1,1,2.0,1263.8,1263.8,0.0034013605442176,2274.84,129.39931740614333,0.1023890784982935,2.0,2957.2920000000004,1.0,1.2457337883959043,1574.3583617747438,1.2457337883959043,232.918771331058,0.8027397260273973,1.2457337883959043,129.39931740614333,8846.6,0.0034013605442176,7.737551020408164,14.0,2.0,Long Inactive,High Value,Low Frequency
CUST1408,0,56,Male,USA,active,1,3,1929.72,1929.72,643.24,3.6,0,44.0,44,44,2024-07-26,2024-07-26,2023-06-03,419,0.0668151447661469,3.0,1,1,1,0.0,1929.72,643.24,0.0023809523809523,3319.1184,138.16610978520288,0.2147971360381861,0.0,4049.324448,1.0,0.8711217183770883,1681.0210023866348,2.6133651551312647,237.64570883054893,1.147945205479452,0.8711217183770883,138.16610978520288,86837.4,0.0023809523809523,7.902662857142857,0.0,2.0,Long Inactive,Very High Value,Low Frequency
CUST1409,0,61,Female,USA,paused,1,8,1738.32,1738.32,217.29,4.1,5,7.0,7,7,2025-07-02,2025-07-02,2023-05-31,763,0.0378310214375788,8.0,1,1,1,5.0,1738.32,217.29,0.0013089005235602,3163.7424,68.3480996068152,0.3145478374836173,5.0,4176.139967999999,1.0,0.4783748361730012,831.5685452162516,3.82699868938401,124.39354128440364,2.0904109589041098,0.4783748361730012,68.3480996068152,13906.56,0.0013089005235602,4.141024083769634,40.0,2.0,At Risk,Very High Value,Low Frequency
CUST1410,1,61,Male,Germany,active,1,8,758.32,758.32,94.79,4.2,5,1.0,1,1,2022-01-10,2022-01-10,2021-10-23,79,0.2752293577981651,8.0,1,1,1,5.0,758.32,94.79,0.0125,1395.3088000000002,287.9696202531646,3.037974683544304,5.0,1869.7137920000005,1.0,4.620253164556962,3503.630379746836,36.962025316455694,529.8641012658229,0.2164383561643835,4.620253164556962,287.9696202531646,1516.64,0.0125,17.441360000000003,10.0,2.0,Long Inactive,Medium Value,Low Frequency
CUST1411,0,64,Female,Germany,active,1,5,1529.0,1529.0,305.8,4.1,0,23.0,23,23,2025-12-08,2025-12-08,2022-03-19,1360,0.0215827338129496,5.0,1,1,1,0.0,1529.0,305.8,0.0007347538574577,2782.78,33.72794117647059,0.1102941176470588,0.0,3673.269599999999,1.0,0.2683823529411764,410.3566176470589,1.3419117647058825,61.38485294117646,3.7260273972602738,0.2683823529411764,33.72794117647059,36696.0,0.0007347538574577,2.044658339456282,0.0,2.0,Very Recent,Very High Value,Low Frequency
CUST1412,0,65,Female,Pakistan,active,1,4,164.32,164.32,41.08,4.1,3,18.0,18,18,2025-07-08,2025-07-08,2020-11-09,1702,0.0173210161662817,4.0,1,1,1,3.0,164.32,41.08,0.0005871990604815,299.0624,2.896357226792009,0.0705052878965922,3.0,394.7623679999999,1.0,0.2144535840188014,35.23901292596945,0.8578143360752056,5.271370152761456,4.663013698630137,0.2144535840188014,2.896357226792009,3122.08,0.0005871990604815,0.1756091603053435,57.0,2.0,At Risk,Low Value,Low Frequency
CUST1413,0,58,Male,India,active,1,8,1246.72,1246.72,155.84,4.0,1,29.0,29,29,2024-04-11,2024-04-11,2023-03-23,385,0.072289156626506,8.0,1,1,1,1.0,1246.72,155.84,0.0025906735751295,2244.096,97.147012987013,0.6233766233766234,1.0,2917.3248000000003,1.0,0.948051948051948,1181.9553246753246,7.584415584415584,174.86462337662337,1.0547945205479452,0.948051948051948,97.147012987013,37401.6,0.0025906735751295,5.813720207253886,30.0,2.0,Long Inactive,High Value,Low Frequency
CUST1414,0,33,Male,UK,active,1,3,1230.48,1230.48,410.16,4.0,2,31.0,31,31,2024-10-25,2024-10-25,2023-09-06,415,0.0674157303370786,3.0,1,1,1,2.0,1230.48,410.16,0.0024038461538461,2214.864,88.95036144578313,0.216867469879518,2.0,2879.3232000000003,1.0,0.8795180722891566,1082.2293975903613,2.63855421686747,160.11065060240963,1.1369863013698631,0.8795180722891566,88.95036144578313,39375.36,0.0024038461538461,5.324192307692308,64.0,2.0,Long Inactive,High Value,Low Frequency
CUST1415,0,24,Female,Germany,active,1,3,1051.44,1051.44,350.48,3.5,1,32.0,32,32,2024-11-06,2024-11-06,2022-10-05,763,0.0378310214375788,3.0,1,1,1,1.0,1051.44,350.48,0.0013089005235602,1787.448,41.34102228047183,0.1179554390563564,1.0,2144.9376,1.0,0.4783748361730012,502.98243774574047,1.435124508519004,70.2797378768021,2.0904109589041098,0.4783748361730012,41.34102228047183,34697.520000000004,0.0013089005235602,2.3395916230366494,33.0,2.0,Long Inactive,Medium Value,Low Frequency
CUST1416,0,62,Male,Pakistan,active,1,8,1733.12,1733.12,216.64,4.3,0,32.0,32,32,2024-10-01,2024-10-01,2022-10-28,704,0.0408719346049046,8.0,1,1,1,0.0,1733.12,216.64,0.001418439716312,3223.6032,73.85454545454546,0.3409090909090909,0.0,4384.100351999999,1.0,0.5184659090909091,898.5636363636363,4.1477272727272725,137.36945454545454,1.9287671232876715,0.5184659090909091,73.85454545454546,57192.96,0.001418439716312,4.572486808510638,0.0,2.0,Long Inactive,Very High Value,Low Frequency
CUST1417,0,42,Male,India,active,1,6,451.2000000000001,451.2000000000001,75.2,4.1,4,11.0,11,11,2025-09-07,2025-09-07,2021-06-15,1545,0.019047619047619,6.0,1,1,1,4.0,451.2000000000001,75.2,0.000646830530401,821.184,8.76116504854369,0.116504854368932,4.0,1083.9628799999998,1.0,0.2362459546925566,106.59417475728158,1.4174757281553398,15.945320388349511,4.232876712328767,0.2362459546925566,8.76116504854369,5414.400000000001,0.000646830530401,0.5311668822768435,48.0,2.0,At Risk,Low Value,Low Frequency
CUST1418,0,22,Female,UK,active,1,7,119.63,119.63,17.09,4.1,3,4.0,4,4,2025-08-07,2025-08-07,2023-07-04,765,0.0377358490566037,7.0,1,1,1,3.0,119.63,17.09,0.0013054830287206,217.7266,4.691372549019608,0.2745098039215686,3.0,287.3991119999999,1.0,0.477124183006536,57.07836601307189,3.339869281045752,8.538298039215684,2.095890410958904,0.477124183006536,4.691372549019608,598.15,0.0013054830287206,0.2842383812010443,15.0,2.0,At Risk,Low Value,Low Frequency
CUST1419,0,65,Female,Canada,paused,1,9,37.98,37.98,4.22,4.1,1,31.0,31,31,2023-12-17,2023-12-17,2022-06-03,562,0.0506756756756756,9.0,1,1,1,1.0,37.98,4.22,0.0017761989342806,69.12359999999998,2.0274021352313163,0.4804270462633451,1.0,91.24315199999997,1.0,0.6494661921708186,24.666725978647687,5.845195729537367,3.6898718861209954,1.5397260273972602,0.6494661921708186,2.0274021352313163,1215.36,0.0017761989342806,0.1227772646536411,32.0,2.0,Long Inactive,Low Value,Low Frequency
CUST1420,0,39,Other,Canada,paused,1,2,179.34,179.34,89.67,4.1,4,35.0,35,35,2024-01-19,2024-01-19,2021-04-02,1022,0.0285171102661596,2.0,1,1,1,4.0,179.34,89.67,0.0009775171065493,326.3988,5.264383561643835,0.0587084148727984,4.0,430.8464159999999,1.0,0.3571428571428571,64.05000000000001,0.7142857142857143,9.58117808219178,2.8,0.3571428571428571,5.264383561643835,6456.24,0.0009775171065493,0.3190604105571847,144.0,2.0,Long Inactive,Low Value,Low Frequency
CUST1421,0,37,Male,USA,active,1,4,230.88,230.88,57.72,3.8,2,11.0,11,11,2025-01-16,2025-01-16,2022-05-15,977,0.0297914597815292,4.0,1,1,1,2.0,230.88,57.72,0.0010224948875255,406.3488,7.089457523029682,0.1228249744114636,2.0,511.999488,1.0,0.3735926305015353,86.25506653019447,1.4943705220061412,12.47744524053224,2.6767123287671235,0.3735926305015353,7.089457523029682,2770.56,0.0010224948875255,0.4154895705521472,24.0,2.0,Long Inactive,Low Value,Low Frequency
CUST1422,0,40,Female,Germany,active,1,5,1441.3,1441.3,288.26,4.3,1,32.0,32,32,2024-09-26,2024-09-26,2022-07-06,813,0.0355871886120996,5.0,1,1,1,1.0,1441.3,288.26,0.0012285012285012,2680.818,53.184501845018445,0.1845018450184501,1.0,3645.91248,1.0,0.4489544895448955,647.0781057810578,2.2447724477244773,98.9231734317343,2.2273972602739724,0.4489544895448955,53.184501845018445,47562.9,0.0012285012285012,3.293388206388206,33.0,2.0,Long Inactive,High Value,Low Frequency
CUST1423,0,21,Male,Pakistan,active,1,8,297.04,297.04,37.13,4.0,2,9.0,9,9,2025-02-20,2025-02-20,2023-08-07,563,0.0505902192242833,8.0,1,1,1,2.0,297.04,37.13,0.00177304964539,534.672,15.828063943161636,0.4262877442273535,2.0,695.0736,1.0,0.6483126110124334,192.57477797513323,5.186500888099467,28.490515097690945,1.5424657534246575,0.6483126110124334,15.828063943161636,2970.4,0.00177304964539,0.948,20.0,2.0,Long Inactive,Low Value,Low Frequency
CUST1424,0,55,Female,Canada,cancelled,1,1,1799.69,1799.69,1799.69,4.2,5,39.0,39,39,2024-09-22,2024-09-22,2021-09-08,1110,0.0263157894736842,1.0,1,1,1,5.0,1799.69,1799.69,0.0009000900090009,3311.4296000000004,48.64027027027027,0.027027027027027,5.0,4437.315664000001,1.0,0.3288288288288288,591.789954954955,0.3288288288288288,89.4980972972973,3.041095890410959,0.3288288288288288,48.64027027027027,71987.6,0.0009000900090009,2.980584698469847,200.0,2.0,Long Inactive,Very High Value,Low Frequency
CUST1425,0,26,Male,Canada,active,1,3,1101.57,1101.57,367.19,4.1,1,49.0,49,49,2023-12-19,2023-12-19,2023-06-27,175,0.1463414634146341,3.0,1,1,1,1.0,1101.57,367.19,0.0056818181818181,2004.8574,188.84057142857145,0.5142857142857143,1.0,2646.411767999999,1.0,2.085714285714286,2297.560285714286,6.257142857142857,343.68983999999995,0.4794520547945205,2.085714285714286,188.84057142857145,55078.5,0.0056818181818181,11.391235227272723,50.0,2.0,Long Inactive,High Value,Low Frequency
CUST1426,0,27,Female,UK,paused,1,7,1218.7,1218.7,174.1,4.1,4,40.0,40,40,2024-09-15,2024-09-15,2023-08-05,407,0.068649885583524,7.0,1,1,1,4.0,1218.7,174.1,0.0024509803921568,2218.034,89.83046683046683,0.515970515970516,4.0,2927.80488,1.0,0.8968058968058968,1092.9373464373466,6.277641277641278,163.49144963144963,1.115068493150685,0.8968058968058968,89.83046683046683,49966.7,0.0024509803921568,5.436357843137255,164.0,2.0,Long Inactive,High Value,Low Frequency
CUST1427,0,35,Female,USA,cancelled,1,7,1457.61,1457.61,208.23,4.1,3,3.0,3,3,2024-12-22,2024-12-22,2022-11-07,776,0.0372208436724565,7.0,1,1,1,3.0,1457.61,208.23,0.0012870012870012,2652.8501999999994,56.35090206185566,0.2706185567010309,3.0,3501.7622639999986,1.0,0.470360824742268,685.6026417525773,3.292525773195876,102.5586417525773,2.126027397260274,0.470360824742268,56.35090206185566,5830.44,0.0012870012870012,3.414221621621621,12.0,2.0,Long Inactive,High Value,Low Frequency
CUST1428,0,19,Male,USA,active,1,8,849.68,849.68,106.21,4.3,2,40.0,40,40,2025-01-17,2025-01-17,2022-04-07,1016,0.02868068833652,8.0,1,1,1,2.0,849.68,106.21,0.0009832841691248,1580.4047999999998,25.088976377952758,0.2362204724409448,2.0,2149.3505279999995,1.0,0.359251968503937,305.2492125984252,2.874015748031496,46.66549606299212,2.783561643835617,0.359251968503937,25.088976377952758,34836.88,0.0009832841691248,1.5539870206489674,82.0,2.0,Long Inactive,Medium Value,Low Frequency
CUST1429,0,54,Female,Germany,cancelled,1,9,841.59,841.59,93.51,3.9,5,19.0,19,19,2024-10-01,2024-10-01,2023-06-04,485,0.058252427184466,9.0,1,1,1,5.0,841.59,93.51,0.0020576131687242,1498.0302,52.05711340206185,0.556701030927835,5.0,1917.478656,1.0,0.7525773195876289,633.3615463917527,6.77319587628866,92.6616618556701,1.3287671232876712,0.7525773195876289,52.05711340206185,16831.8,0.0020576131687242,3.082366666666667,100.0,2.0,Long Inactive,Medium Value,Low Frequency
CUST1430,0,57,Female,India,cancelled,1,3,1228.83,1228.83,409.61,4.0,0,41.0,41,41,2024-12-13,2024-12-13,2021-01-16,1427,0.0205902539464653,3.0,1,1,1,0.0,1228.83,409.61,0.0007002801120448,2211.894,25.833847231955147,0.0630693763139453,0.0,2875.4622,1.0,0.255781359495445,314.3118079887877,0.767344078486335,46.50092501751927,3.90958904109589,0.255781359495445,25.833847231955147,51610.86,0.0007002801120448,1.5489453781512603,0.0,2.0,Long Inactive,High Value,Low Frequency
CUST1431,0,41,Female,UK,active,1,2,795.0,795.0,397.5,4.5,5,23.0,23,23,2023-12-19,2023-12-19,2022-08-24,482,0.05859375,2.0,1,1,1,5.0,795.0,397.5,0.0020703933747412,1510.5,49.481327800829874,0.1244813278008298,5.0,2114.7,1.0,0.7572614107883818,602.0228215767635,1.5145228215767637,94.01452282157676,1.3205479452054794,0.7572614107883818,49.481327800829874,19080.0,0.0020703933747412,3.127329192546584,120.0,2.0,Long Inactive,Medium Value,Low Frequency
CUST1432,0,25,Male,India,cancelled,1,6,391.98,391.98,65.33,4.0,4,15.0,15,15,2023-07-06,2023-07-06,2022-12-21,197,0.13215859030837,6.0,1,1,1,4.0,391.98,65.33,0.005050505050505,705.5640000000001,59.69238578680204,0.9137055837563453,4.0,917.2332,1.0,1.8527918781725887,726.2573604060914,11.116751269035532,107.44629441624367,0.5397260273972603,1.8527918781725887,59.69238578680204,6271.68,0.005050505050505,3.563454545454546,64.0,2.0,Long Inactive,Low Value,Low Frequency
CUST1433,1,48,Female,Pakistan,active,1,5,418.6,418.6,83.72,4.0,3,40.0,40,40,2022-03-12,2022-03-12,2022-08-01,0,1.0,5.0,1,1,1,3.0,418.6,83.72,1.0,753.48,4186.0,50.0,3.0,979.524,1.0,365.0,152789.0,1825.0,7534.8,0.0,365.0,4186.0,17162.600000000002,1.0,753.48,123.0,2.0,Long Inactive,Low Value,Low Frequency
CUST1434,0,43,Male,Germany,cancelled,1,3,1106.19,1106.19,368.73,4.1,0,5.0,5,5,2023-04-28,2023-04-28,2021-08-29,607,0.0470957613814756,3.0,1,1,1,0.0,1106.19,368.73,0.0016447368421052,2013.2658,54.67166392092257,0.1482701812191103,0.0,2657.5108559999994,1.0,0.6013179571663921,665.1719110378913,1.8039538714991763,99.50242833607906,1.663013698630137,0.6013179571663921,54.67166392092257,6637.14,0.0016447368421052,3.311292434210526,0.0,2.0,Long Inactive,High Value,Low Frequency
CUST1435,0,54,Male,Germany,paused,1,9,1338.93,1338.93,148.77,4.1,5,48.0,48,48,2023-11-26,2023-11-26,2021-07-26,853,0.0339750849377123,9.0,1,1,1,5.0,1338.93,148.77,0.0011709601873536,2436.8526,47.09015240328253,0.3165298944900351,5.0,3216.645432,1.0,0.4279015240328253,572.9301875732709,3.851113716295428,85.7040773739742,2.336986301369863,0.4279015240328253,47.09015240328253,65607.57,0.0011709601873536,2.85345737704918,245.0,2.0,Long Inactive,High Value,Low Frequency
CUST1436,0,50,Male,Pakistan,active,1,6,1815.48,1815.48,302.58,3.9,1,37.0,37,37,2024-02-04,2024-02-04,2022-07-24,560,0.0508474576271186,6.0,1,1,1,1.0,1815.48,302.58,0.0017825311942959,3231.5544,97.25785714285712,0.3214285714285714,1.0,4136.389632,1.0,0.6517857142857143,1183.3039285714287,3.910714285714286,173.1189857142857,1.5342465753424657,0.6517857142857143,97.25785714285712,68988.24,0.0017825311942959,5.760346524064171,38.0,2.0,Long Inactive,Very High Value,Low Frequency
CUST1437,0,54,Female,Pakistan,active,1,8,278.08,278.08,34.76,4.1,0,13.0,13,13,2024-10-07,2024-10-07,2022-03-04,948,0.0306748466257668,8.0,1,1,1,0.0,278.08,34.76,0.0010537407797681,506.1055999999999,8.799999999999999,0.2531645569620253,0.0,668.0593919999998,1.0,0.3850210970464135,107.06666666666666,3.080168776371308,16.016,2.5972602739726027,0.3850210970464135,8.799999999999999,3893.12,0.0010537407797681,0.533304109589041,0.0,2.0,Long Inactive,Low Value,Low Frequency
CUST1438,0,59,Other,Pakistan,cancelled,1,4,1390.32,1390.32,347.58,4.1,3,11.0,11,11,2024-05-03,2024-05-03,2023-02-15,443,0.0634249471458773,4.0,1,1,1,3.0,1390.32,347.58,0.0022522522522522,2530.3823999999995,94.15259593679455,0.2708803611738148,3.0,3340.104767999999,1.0,0.8239277652370203,1145.523250564334,3.295711060948081,171.3577246049661,1.2136986301369863,0.8239277652370203,94.15259593679455,16683.84,0.0022522522522522,5.699059459459458,36.0,2.0,Long Inactive,High Value,Low Frequency
CUST1439,0,32,Male,USA,active,1,4,174.96,174.96,43.74,4.0,1,31.0,31,31,2024-04-28,2024-04-28,2022-07-16,652,0.0439882697947214,4.0,1,1,1,1.0,174.96,43.74,0.001531393568147,314.928,8.050306748466257,0.1840490797546012,1.0,409.4064,1.0,0.5598159509202454,97.94539877300616,2.239263803680981,14.490552147239264,1.7863013698630137,0.5598159509202454,8.050306748466257,5598.72,0.001531393568147,0.4822787136294028,32.0,2.0,Long Inactive,Low Value,Low Frequency
CUST1440,0,34,Female,USA,active,1,1,123.64,123.64,123.64,4.3,5,36.0,36,36,2025-12-01,2025-12-01,2022-05-15,1296,0.0226244343891402,1.0,1,1,1,5.0,123.64,123.64,0.0007710100231303,229.9704,2.862037037037037,0.0231481481481481,5.0,312.759744,1.0,0.2816358024691358,34.82145061728395,0.2816358024691358,5.323388888888888,3.5506849315068494,0.2816358024691358,2.862037037037037,4574.68,0.0007710100231303,0.1773094834232844,185.0,2.0,Very Recent,Low Value,Low Frequency
CUST1441,1,67,Male,India,active,1,6,580.8,580.8,96.8,4.0,1,18.0,18,18,2023-02-15,2023-02-15,2022-02-13,367,0.0755667506297229,6.0,1,1,1,1.0,580.8,96.8,0.0027173913043478,1045.44,47.47683923705722,0.4904632152588556,1.0,1359.072,1.0,0.994550408719346,577.6348773841961,5.967302452316076,85.45831062670301,1.0054794520547945,0.994550408719346,47.47683923705722,11035.2,0.0027173913043478,2.840869565217391,19.0,2.0,Long Inactive,Medium Value,Low Frequency
CUST1442,0,67,Female,Pakistan,active,1,3,192.54,192.54,64.18,4.1,2,10.0,10,10,2025-09-02,2025-09-02,2020-10-30,1768,0.0166852057842046,3.0,1,1,1,2.0,192.54,64.18,0.0005652911249293,350.4228,3.2670814479638013,0.0509049773755656,2.0,462.5580959999999,1.0,0.206447963800905,39.74949095022625,0.619343891402715,5.946088235294118,4.843835616438356,0.206447963800905,3.2670814479638013,2117.94,0.0005652911249293,0.1980908988128886,22.0,2.0,At Risk,Low Value,Low Frequency
CUST1443,0,39,Female,UK,active,1,1,1409.68,1409.68,1409.68,4.2,2,20.0,20,20,2023-08-17,2023-08-17,2023-01-05,224,0.1181102362204724,1.0,1,1,1,2.0,1409.68,1409.68,0.0044444444444444,2593.8112,188.79642857142855,0.1339285714285714,2.0,3475.7070080000003,1.0,1.6294642857142856,2297.0232142857144,1.6294642857142856,347.3854285714286,0.6136986301369863,1.6294642857142856,188.79642857142855,29603.28,0.0044444444444444,11.528049777777778,42.0,2.0,Long Inactive,High Value,Low Frequency
CUST1444,0,31,Male,India,active,1,6,1656.36,1656.36,276.06,4.0,5,19.0,19,19,2025-10-01,2025-10-01,2023-03-03,943,0.0308324768756423,6.0,1,1,1,5.0,1656.36,276.06,0.0010593220338983,2981.4480000000003,52.69437963944857,0.1908801696712619,5.0,3875.8824,1.0,0.3870625662778367,641.1149522799576,2.3223753976670203,94.84988335100743,2.5835616438356164,0.3870625662778367,52.69437963944857,33127.200000000004,0.0010593220338983,3.158313559322034,100.0,2.0,Moderate,Very High Value,Low Frequency
CUST1445,0,56,Male,UK,active,1,8,839.04,839.04,104.88,4.1,0,49.0,49,49,2024-07-05,2024-07-05,2022-09-30,644,0.0445103857566765,8.0,1,1,1,0.0,839.04,104.88,0.0015503875968992,1527.0527999999997,39.08571428571429,0.3726708074534162,0.0,2015.7096959999997,1.0,0.5667701863354037,475.5428571428571,4.534161490683229,71.136,1.7643835616438357,0.5667701863354037,39.08571428571429,41952.0,0.0015503875968992,2.367523720930232,0.0,2.0,Long Inactive,Medium Value,Low Frequency
CUST1446,0,39,Female,Pakistan,cancelled,1,1,552.26,552.26,552.26,4.2,0,18.0,18,18,2023-07-09,2023-07-09,2023-01-08,182,0.1415094339622641,1.0,1,1,1,0.0,552.26,552.26,0.0054644808743169,1016.1584,91.03186813186814,0.1648351648351648,0.0,1361.652256,1.0,2.005494505494505,1107.5543956043955,2.005494505494505,167.49863736263737,0.4986301369863014,2.005494505494505,91.03186813186814,10492.94,0.0054644808743169,5.552778142076503,0.0,2.0,Long Inactive,Medium Value,Low Frequency
CUST1447,1,61,Female,Pakistan,active,1,1,1510.04,1510.04,1510.04,4.6,0,30.0,30,30,2022-10-29,2022-10-29,2022-10-06,23,0.5660377358490566,1.0,1,1,1,0.0,1510.04,1510.04,0.0416666666666666,2899.2768,1969.617391304348,1.3043478260869563,0.0,4116.973055999999,1.0,15.869565217391305,23963.67826086956,15.869565217391305,3781.665391304347,0.0630136986301369,15.869565217391305,1969.617391304348,46811.24,0.0416666666666666,120.80319999999998,0.0,2.0,Long Inactive,Very High Value,Low Frequency
CUST1448,0,29,Female,Germany,active,1,3,900.5699999999999,900.5699999999999,300.19,4.0,5,4.0,4,4,2024-06-11,2024-06-11,2020-12-13,1276,0.0229709035222052,3.0,1,1,1,5.0,900.5699999999999,300.19,0.0007830853563038,1621.0259999999998,21.17327586206897,0.0705329153605015,5.0,2107.3338,1.0,0.2860501567398119,257.6081896551724,0.8581504702194358,38.111896551724136,3.495890410958904,0.2860501567398119,21.17327586206897,4502.849999999999,0.0007830853563038,1.2694017227877838,25.0,2.0,Long Inactive,Medium Value,Low Frequency
CUST1449,0,38,Male,UK,paused,1,9,818.01,818.01,90.89,4.0,3,32.0,32,32,2024-10-04,2024-10-04,2021-04-30,1253,0.0233826968043647,9.0,1,1,1,3.0,818.01,90.89,0.0007974481658692,1472.418,19.585235434956104,0.2154828411811652,3.0,1914.1434,1.0,0.2913008778930566,238.28703112529925,2.6217079010375097,35.25342378292099,3.432876712328768,0.2913008778930566,19.585235434956104,26994.33,0.0007974481658692,1.174177033492823,99.0,2.0,Long Inactive,Medium Value,Low Frequency
CUST1450,1,34,Male,Germany,active,1,1,260.15,260.15,260.15,4.3,0,45.0,45,45,2022-12-10,2022-12-10,2022-06-07,186,0.1388888888888889,1.0,1,1,1,0.0,260.15,260.15,0.0053475935828877,483.8789999999999,41.95967741935483,0.1612903225806451,0.0,658.0754399999998,1.0,1.9623655913978493,510.5094086021505,1.9623655913978493,78.04499999999999,0.5095890410958904,1.9623655913978493,41.95967741935483,11966.9,0.0053475935828877,2.587588235294117,0.0,2.0,Long Inactive,Low Value,Low Frequency
CUST1451,0,25,Male,Pakistan,active,1,8,309.76,309.76,38.72,4.3,1,32.0,32,32,2024-10-21,2024-10-21,2023-12-06,320,0.0857142857142857,8.0,1,1,1,1.0,309.76,38.72,0.0031152647975077,576.1536,29.04,0.75,1.0,783.5688959999999,1.0,1.140625,353.32,9.125,54.0144,0.8767123287671232,1.140625,29.04,10222.08,0.0031152647975077,1.794871028037383,33.0,2.0,Long Inactive,Low Value,Low Frequency
CUST1452,1,22,Male,India,paused,1,6,1068.12,1068.12,178.02,4.2,4,48.0,48,48,2022-08-25,2022-08-25,2021-02-20,551,0.0516351118760757,6.0,1,1,1,4.0,1068.12,178.02,0.0018115942028985,1965.3408000000004,58.15535390199638,0.3266787658802177,4.0,2633.5566720000006,1.0,0.662431941923775,707.5568058076226,3.97459165154265,107.00585117967334,1.5095890410958903,0.662431941923775,58.15535390199638,52337.880000000005,0.0018115942028985,3.560400000000001,196.0,2.0,Long Inactive,High Value,Low Frequency
CUST1453,0,44,Female,Germany,paused,1,2,777.02,777.02,388.51,4.0,4,32.0,32,32,2024-11-07,2024-11-07,2022-04-10,942,0.0308641975308642,2.0,1,1,1,4.0,777.02,388.51,0.0010604453870625,1398.636,24.745859872611465,0.0636942675159235,4.0,1818.2268,1.0,0.3874734607218684,301.07462845010616,0.7749469214437368,44.54254777070064,2.580821917808219,0.3874734607218684,24.745859872611465,25641.66,0.0010604453870625,1.4831770943796396,132.0,2.0,Long Inactive,Medium Value,Low Frequency
CUST1454,0,45,Female,Pakistan,cancelled,1,9,1727.46,1727.46,191.94,4.2,2,40.0,40,40,2023-05-26,2023-05-26,2023-01-02,144,0.1724137931034483,9.0,1,1,1,2.0,1727.46,191.94,0.0068965517241379,3178.5264,359.88750000000005,1.875,2.0,4259.225376,1.0,2.5347222222222223,4378.63125,22.8125,662.1930000000001,0.3945205479452054,2.5347222222222223,359.88750000000005,70825.86,0.0068965517241379,21.92087172413793,82.0,2.0,Long Inactive,Very High Value,Low Frequency
CUST1455,0,65,Female,India,active,1,9,433.8,433.8,48.2,4.0,4,32.0,32,32,2024-05-10,2024-05-10,2022-11-21,536,0.0530035335689045,9.0,1,1,1,4.0,433.8,48.2,0.0018621973929236,780.84,24.279850746268657,0.503731343283582,4.0,1015.092,1.0,0.6809701492537313,295.40485074626866,6.128731343283582,43.70373134328359,1.4684931506849317,0.6809701492537313,24.279850746268657,14315.4,0.0018621973929236,1.454078212290503,132.0,2.0,Long Inactive,Low Value,Low Frequency
CUST1456,0,64,Female,India,active,1,6,155.88,155.88,25.98,4.1,2,44.0,44,44,2024-11-04,2024-11-04,2023-02-27,616,0.0464396284829721,6.0,1,1,1,2.0,155.88,25.98,0.0016207455429497,283.7016,7.59155844155844,0.2922077922077922,2.0,374.48611199999993,1.0,0.5925324675324676,92.36396103896104,3.555194805194805,13.81663636363636,1.6876712328767125,0.5925324675324676,7.59155844155844,7014.599999999999,0.0016207455429497,0.4598081037277147,90.0,2.0,Long Inactive,Low Value,Low Frequency
CUST1457,0,52,Male,USA,active,1,3,1174.59,1174.59,391.53,3.9,2,2.0,2,2,2024-10-06,2024-10-06,2022-04-06,914,0.0317796610169491,3.0,1,1,1,2.0,1174.59,391.53,0.0010928961748633,2090.7702,38.55328227571116,0.0984682713347921,2.0,2676.185856,1.0,0.399343544857768,469.0649343544857,1.198030634573304,68.62484245076587,2.504109589041096,0.399343544857768,38.55328227571116,3523.7699999999995,0.0010928961748633,2.2849947540983604,6.0,2.0,Long Inactive,High Value,Low Frequency
CUST1458,0,25,Female,Pakistan,active,1,3,1365.87,1365.87,455.29,3.8,1,41.0,41,41,2025-04-29,2025-04-29,2023-06-13,686,0.0418994413407821,3.0,1,1,1,1.0,1365.87,455.29,0.0014556040756914,2403.9312000000004,59.73192419825073,0.1311953352769679,1.0,3028.953312000001,1.0,0.532069970845481,726.7384110787173,1.596209912536443,105.1281865889213,1.8794520547945208,0.532069970845481,59.73192419825073,57366.54000000001,0.0014556040756914,3.499172052401748,42.0,2.0,Long Inactive,High Value,Low Frequency
CUST1459,1,50,Female,Pakistan,active,1,1,1137.99,1137.99,1137.99,4.7,2,16.0,16,16,2022-08-21,2022-08-21,2021-10-06,319,0.0859598853868194,1.0,1,1,1,2.0,1137.99,1137.99,0.003125,2207.7006,107.02100313479625,0.0940438871473354,2.0,3179.0888640000003,1.0,1.1442006269592475,1302.0888714733544,1.1442006269592475,207.62074608150476,0.873972602739726,1.1442006269592475,107.02100313479625,19345.83,0.003125,6.899064375000001,34.0,2.0,Long Inactive,High Value,Low Frequency
CUST1460,0,66,Female,India,active,1,8,1658.24,1658.24,207.28,4.3,4,14.0,14,14,2024-05-03,2024-05-03,2022-11-26,524,0.0541516245487364,8.0,1,1,1,4.0,1658.24,207.28,0.0019047619047619,3084.3264,94.93740458015267,0.4580152671755725,4.0,4194.683904,1.0,0.6965648854961831,1155.0717557251908,5.572519083969465,176.583572519084,1.4356164383561645,0.6965648854961831,94.93740458015267,24873.6,0.0019047619047619,5.8749074285714284,60.0,2.0,Long Inactive,Very High Value,Low Frequency
CUST1461,0,66,Female,India,cancelled,1,6,1947.24,1947.24,324.54,4.2,5,40.0,40,40,2024-05-16,2024-05-16,2021-09-25,964,0.0301810865191146,6.0,1,1,1,5.0,1947.24,324.54,0.0010362694300518,3582.9216000000006,60.598755186722,0.1867219917012448,5.0,4801.114944000001,1.0,0.3786307053941909,737.2848547717844,2.2717842323651456,111.50170954356848,2.6410958904109587,0.3786307053941909,60.598755186722,79836.84000000001,0.0010362694300518,3.712872124352332,205.0,2.0,Long Inactive,Very High Value,Low Frequency
CUST1462,1,24,Female,Canada,active,1,5,1030.75,1030.75,206.15,4.1,0,10.0,10,10,2021-02-22,2021-02-22,2020-11-24,90,0.25,5.0,1,1,1,0.0,1030.75,206.15,0.0109890109890109,1875.965,343.5833333333333,1.6666666666666667,0.0,2476.2737999999995,1.0,4.055555555555555,4180.263888888889,20.27777777777778,625.3216666666666,0.2465753424657534,4.055555555555555,343.5833333333333,11338.25,0.0109890109890109,20.615,0.0,2.0,Long Inactive,Medium Value,Low Frequency
CUST1463,0,46,Male,Canada,paused,1,1,1493.98,1493.98,1493.98,3.3,1,21.0,21,21,2023-05-06,2023-05-06,2021-03-14,783,0.03690036900369,1.0,1,1,1,1.0,1493.98,1493.98,0.0012755102040816,2480.0068,57.24061302681992,0.0383141762452107,1.0,2876.807888,1.0,0.4661558109833972,696.4274584929758,0.4661558109833972,95.01941762452108,2.1452054794520548,0.4661558109833972,57.24061302681992,32867.56,0.0012755102040816,3.1632739795918368,22.0,2.0,Long Inactive,High Value,Low Frequency
CUST1464,0,39,Male,India,paused,1,2,1106.72,1106.72,553.36,4.4,5,10.0,10,10,2025-07-05,2025-07-05,2022-01-16,1266,0.0231481481481481,2.0,1,1,1,5.0,1106.72,553.36,0.0007892659826361,2080.6336,26.22559241706161,0.0473933649289099,5.0,2871.2743680000003,1.0,0.2883096366508688,319.0780410742496,0.5766192733017377,49.30411374407583,3.468493150684932,0.2883096366508688,26.22559241706161,12173.92,0.0007892659826361,1.642173322809787,55.0,2.0,At Risk,High Value,Low Frequency
CUST1465,1,26,Female,Pakistan,active,1,6,1069.68,1069.68,178.28,4.0,3,41.0,41,41,2022-07-02,2022-07-02,2021-10-13,262,0.1027397260273972,6.0,1,1,1,3.0,1069.68,178.28,0.0038022813688212,1925.424,122.48244274809164,0.6870229007633588,3.0,2503.0512000000003,1.0,1.3931297709923662,1490.2030534351145,8.358778625954198,220.46839694656487,0.7178082191780822,1.3931297709923662,122.48244274809164,44926.560000000005,0.0038022813688212,7.3210038022813695,126.0,2.0,Long Inactive,High Value,Low Frequency
CUST1466,0,36,Female,India,cancelled,1,1,638.11,638.11,638.11,4.2,5,25.0,25,25,2024-01-16,2024-01-16,2023-11-03,74,0.2884615384615384,1.0,1,1,1,5.0,638.11,638.11,0.0133333333333333,1174.1224,258.6932432432432,0.4054054054054054,5.0,1573.324016,1.0,4.9324324324324325,3147.4344594594595,4.9324324324324325,475.9955675675676,0.2027397260273972,4.9324324324324325,258.6932432432432,16590.86,0.0133333333333333,15.654965333333331,130.0,2.0,Long Inactive,Medium Value,Low Frequency
CUST1467,1,37,Female,India,active,1,8,1802.56,1802.56,225.32,4.5,1,34.0,34,34,2021-12-14,2021-12-14,2021-08-18,118,0.2027027027027027,8.0,1,1,1,1.0,1802.56,225.32,0.0084033613445378,3424.864,458.2779661016949,2.0338983050847457,1.0,4794.809599999999,1.0,3.0932203389830506,5575.715254237288,24.745762711864405,870.7281355932203,0.3232876712328767,3.0932203389830506,458.2779661016949,63089.6,0.0084033613445378,28.780369747899154,35.0,2.0,Long Inactive,Very High Value,Low Frequency
CUST1468,0,35,Female,Canada,active,1,9,1201.5,1201.5,133.5,4.6,2,49.0,49,49,2023-09-02,2023-09-02,2021-09-22,710,0.0405405405405405,9.0,1,1,1,2.0,1201.5,133.5,0.0014064697609001,2306.88,50.767605633802816,0.380281690140845,2.0,3275.7696,1.0,0.5140845070422535,617.6725352112676,4.626760563380282,97.4738028169014,1.9452054794520548,0.5140845070422535,50.767605633802816,60075.0,0.0014064697609001,3.2445569620253165,100.0,2.0,Long Inactive,High Value,Low Frequency
CUST1469,0,44,Male,Germany,cancelled,1,6,1281.06,1281.06,213.51,4.2,2,19.0,19,19,2023-08-29,2023-08-29,2023-12-02,0,1.0,6.0,1,1,1,2.0,1281.06,213.51,1.0,2357.1504,12810.6,60.0,2.0,3158.581536,1.0,365.0,467586.9,2190.0,23571.504,0.0,365.0,12810.6,25621.2,1.0,2357.1504,40.0,2.0,Long Inactive,High Value,Low Frequency
CUST1470,0,51,Female,Germany,active,1,8,1482.96,1482.96,185.37,4.0,0,36.0,36,36,2023-03-27,2023-03-27,2022-11-26,121,0.1986754966887417,8.0,1,1,1,0.0,1482.96,185.37,0.0081967213114754,2669.328,367.67603305785127,1.9834710743801651,0.0,3470.1264,1.0,3.0165289256198347,4473.39173553719,24.13223140495868,661.8168595041323,0.3315068493150685,3.0165289256198347,367.67603305785127,54869.52,0.0081967213114754,21.879737704918035,0.0,2.0,Long Inactive,High Value,Low Frequency
CUST1471,0,35,Female,USA,cancelled,1,8,702.4,702.4,87.8,3.7,0,4.0,4,4,2025-06-22,2025-06-22,2023-04-20,794,0.0364077669902912,8.0,1,1,1,0.0,702.4,87.8,0.0012578616352201,1222.176,26.53904282115869,0.3022670025188917,0.0,1515.49824,1.0,0.459697732997481,322.8916876574307,3.677581863979849,46.17793450881612,2.175342465753425,0.459697732997481,26.53904282115869,3512.0,0.0012578616352201,1.5373283018867925,0.0,2.0,At Risk,Medium Value,Low Frequency
CUST1472,0,51,Male,UK,cancelled,1,4,391.12,391.12,97.78,4.1,0,29.0,29,29,2025-01-14,2025-01-14,2023-04-21,634,0.0451807228915662,4.0,1,1,1,0.0,391.12,97.78,0.0015748031496062,711.8384,18.50725552050473,0.1892744479495268,0.0,939.6266879999998,1.0,0.5757097791798107,225.1716088328076,2.302839116719243,33.68320504731861,1.736986301369863,0.5757097791798107,18.50725552050473,11733.6,0.0015748031496062,1.1210053543307086,0.0,2.0,Long Inactive,Low Value,Low Frequency
CUST1473,1,56,Male,Pakistan,active,1,9,1778.4,1778.4,197.6,4.1,2,38.0,38,38,2023-02-06,2023-02-06,2023-05-20,0,1.0,9.0,1,1,1,2.0,1778.4,197.6,1.0,3236.688,17783.999999999996,90.0,2.0,4272.428159999999,1.0,365.0,649116.0,3285.0,32366.879999999997,0.0,365.0,17783.999999999996,69357.59999999999,1.0,3236.688,78.0,2.0,Long Inactive,Very High Value,Low Frequency
CUST1474,1,37,Female,USA,active,1,2,1064.18,1064.18,532.09,4.2,0,46.0,46,46,2023-01-31,2023-01-31,2021-04-08,663,0.0432900432900432,2.0,1,1,1,0.0,1064.18,532.09,0.0015060240963855,1958.0912000000003,48.15294117647059,0.090497737556561,0.0,2623.8422080000005,1.0,0.55052790346908,585.8607843137255,1.10105580693816,88.60141176470589,1.8164383561643835,0.55052790346908,48.15294117647059,50016.46000000001,0.0015060240963855,2.9489325301204827,0.0,2.0,Long Inactive,High Value,Low Frequency
CUST1475,0,40,Female,Canada,cancelled,1,5,980.6,980.6,196.12,4.2,1,7.0,7,7,2023-03-30,2023-03-30,2020-09-12,929,0.0312825860271115,5.0,1,1,1,1.0,980.6,196.12,0.0010752688172043,1804.304,31.666307857911736,0.1614639397201291,1.0,2417.7673600000003,1.0,0.3928955866523143,385.2734122712595,1.964477933261572,58.2660064585576,2.5452054794520547,0.3928955866523143,31.666307857911736,7844.8,0.0010752688172043,1.940111827956989,8.0,2.0,Long Inactive,Medium Value,Low Frequency
CUST1476,0,40,Female,Pakistan,cancelled,1,6,1883.16,1883.16,313.86,4.5,5,12.0,12,12,2024-06-24,2024-06-24,2022-05-20,766,0.0376884422110552,6.0,1,1,1,5.0,1883.16,313.86,0.0013037809647979,3578.004,73.75300261096605,0.2349869451697127,5.0,5009.205599999999,1.0,0.4765013054830287,897.3281984334204,2.8590078328981723,140.1307049608355,2.0986301369863014,0.4765013054830287,73.75300261096605,24481.08,0.0013037809647979,4.664933507170795,65.0,2.0,Long Inactive,Very High Value,Low Frequency
CUST1477,0,31,Female,Germany,cancelled,1,2,835.04,835.04,417.52,3.8,1,34.0,34,34,2023-09-17,2023-09-17,2022-10-14,338,0.0815217391304347,2.0,1,1,1,1.0,835.04,417.52,0.0029498525073746,1469.6704,74.11597633136094,0.1775147928994082,1.0,1851.784704,1.0,1.0798816568047338,901.7443786982248,2.159763313609468,130.44411834319524,0.926027397260274,1.0798816568047338,74.11597633136094,29226.4,0.0029498525073746,4.335310914454277,35.0,2.0,Long Inactive,Medium Value,Low Frequency
CUST1478,0,23,Female,India,active,1,8,998.08,998.08,124.76,4.0,3,27.0,27,27,2025-01-22,2025-01-22,2020-11-29,1515,0.0194174757281553,8.0,1,1,1,3.0,998.08,124.76,0.0006596306068601,1796.544,19.763960396039604,0.1584158415841584,3.0,2335.5072,1.0,0.2409240924092409,240.4615181518152,1.9273927392739276,35.57512871287129,4.1506849315068495,0.2409240924092409,19.763960396039604,27946.24,0.0006596306068601,1.1850554089709762,84.0,2.0,Long Inactive,Medium Value,Low Frequency
CUST1479,0,32,Female,India,cancelled,1,6,541.26,541.26,90.21,4.1,2,2.0,2,2,2025-05-03,2025-05-03,2022-10-16,930,0.03125,6.0,1,1,1,2.0,541.26,90.21,0.0010741138560687,985.0932,17.46,0.1935483870967742,2.0,1300.3230239999998,1.0,0.3924731182795699,212.43,2.3548387096774195,31.7772,2.547945205479452,0.3924731182795699,17.46,1623.78,0.0010741138560687,1.0581022556390975,6.0,2.0,Long Inactive,Low Value,Low Frequency
CUST1480,0,46,Other,Pakistan,paused,1,4,1109.88,1109.88,277.47,3.8,4,7.0,7,7,2025-07-23,2025-07-23,2021-12-10,1321,0.0222057735011102,4.0,1,1,1,4.0,1109.88,277.47,0.0007564296520423,1953.3888,25.20545041635125,0.0908402725208175,4.0,2461.2698880000003,1.0,0.2763058289174868,306.66631339894025,1.1052233156699471,44.361592732778206,3.6191780821917807,0.2763058289174868,25.20545041635125,8879.04,0.0007564296520423,1.4776012102874434,32.0,2.0,At Risk,High Value,Low Frequency
CUST1481,0,65,Male,USA,cancelled,1,5,664.35,664.35,132.87,4.1,0,2.0,2,2,2023-05-31,2023-05-31,2023-04-21,40,0.4285714285714286,5.0,1,1,1,0.0,664.35,132.87,0.024390243902439,1209.117,498.2625000000001,3.75,0.0,1596.0344399999997,1.0,9.125,6062.19375,45.625,906.83775,0.1095890410958904,9.125,498.2625000000001,1993.05,0.024390243902439,29.490658536585364,0.0,2.0,Long Inactive,Medium Value,Low Frequency
CUST1482,0,19,Female,Pakistan,active,1,8,1062.56,1062.56,132.82,3.8,3,10.0,10,10,2023-03-07,2023-03-07,2021-07-26,589,0.048465266558966,8.0,1,1,1,3.0,1062.56,132.82,0.0016949152542372,1870.1056,54.12020373514431,0.4074702886247878,3.0,2356.333056,1.0,0.6196943972835315,658.4624787775891,4.957555178268252,95.25155857385398,1.6136986301369862,0.6196943972835315,54.12020373514431,11688.16,0.0016949152542372,3.169670508474576,33.0,2.0,Long Inactive,High Value,Low Frequency
CUST1483,0,21,Male,UK,cancelled,1,1,554.08,554.08,554.08,4.2,2,47.0,47,47,2024-12-21,2024-12-21,2022-04-12,984,0.029585798816568,1.0,1,1,1,2.0,554.08,554.08,0.0010152284263959,1019.5072,16.89268292682927,0.0304878048780487,2.0,1366.1396480000003,1.0,0.3709349593495935,205.5276422764228,0.3709349593495935,31.08253658536586,2.695890410958904,0.3709349593495935,16.89268292682927,26595.840000000004,0.0010152284263959,1.0350326903553302,96.0,2.0,Long Inactive,Medium Value,Low Frequency
CUST1484,0,23,Male,USA,active,1,5,952.15,952.15,190.43,4.2,1,2.0,2,2,2024-03-27,2024-03-27,2023-06-08,293,0.0928792569659442,5.0,1,1,1,1.0,952.15,190.43,0.0034013605442176,1751.956,97.48976109215018,0.5119453924914675,1.0,2347.6210400000004,1.0,1.2457337883959043,1186.1254266211604,6.228668941979522,179.38116040955632,0.8027397260273973,1.2457337883959043,97.48976109215018,2856.4500000000003,0.0034013605442176,5.959034013605442,3.0,2.0,Long Inactive,Medium Value,Low Frequency
CUST1485,0,59,Female,Canada,active,1,7,1598.38,1598.38,228.34,4.2,0,16.0,16,16,2023-05-21,2023-05-21,2022-04-19,397,0.0702576112412178,7.0,1,1,1,0.0,1598.38,228.34,0.0025125628140703,2941.0192,120.78438287153654,0.5289672544080605,0.0,3940.9657280000006,1.0,0.919395465994962,1469.5433249370276,6.435768261964735,222.24326448362723,1.0876712328767124,0.919395465994962,120.78438287153654,27172.460000000003,0.0025125628140703,7.389495477386935,0.0,2.0,Long Inactive,Very High Value,Low Frequency
CUST1486,1,28,Male,Germany,active,1,1,975.01,975.01,975.01,4.0,3,4.0,4,4,2022-09-29,2022-09-29,2021-10-28,336,0.0819672131147541,1.0,1,1,1,3.0,975.01,975.01,0.0029673590504451,1755.018,87.05446428571429,0.0892857142857142,3.0,2281.5234,1.0,1.0863095238095235,1059.1626488095235,1.0863095238095235,156.69803571428574,0.9205479452054794,1.0863095238095235,87.05446428571429,4875.05,0.0029673590504451,5.207768545994066,15.0,2.0,Long Inactive,Medium Value,Low Frequency
CUST1487,0,40,Male,India,active,1,3,186.45,186.45,62.15,3.5,3,31.0,31,31,2025-06-26,2025-06-26,2021-10-27,1338,0.0219298245614035,3.0,1,1,1,3.0,186.45,62.15,0.0007468259895444,316.965,4.1804932735426,0.0672645739910313,3.0,380.358,1.0,0.2727952167414051,50.862668161434975,0.8183856502242153,7.106838565022421,3.665753424657534,0.2727952167414051,4.1804932735426,5966.4,0.0007468259895444,0.2367176997759522,96.0,2.0,At Risk,Low Value,Low Frequency
CUST1488,0,49,Female,Canada,active,1,2,1075.12,1075.12,537.56,4.3,1,11.0,11,11,2024-01-25,2024-01-25,2022-11-27,424,0.066079295154185,2.0,1,1,1,1.0,1075.12,537.56,0.0023529411764705,1999.7232,76.06981132075471,0.1415094339622641,1.0,2719.623551999999,1.0,0.8608490566037736,925.5160377358492,1.7216981132075473,141.48984905660376,1.1616438356164382,0.8608490566037736,76.06981132075471,12901.44,0.0023529411764705,4.705231058823529,12.0,2.0,Long Inactive,High Value,Low Frequency
CUST1489,0,46,Female,Germany,active,1,4,1890.6,1890.6,472.65,4.1,2,11.0,11,11,2025-04-16,2025-04-16,2023-07-04,652,0.0439882697947214,4.0,1,1,1,2.0,1890.6,472.65,0.001531393568147,3440.892,86.99079754601226,0.1840490797546012,2.0,4541.977439999999,1.0,0.5598159509202454,1058.388036809816,2.239263803680981,158.3232515337423,1.7863013698630137,0.5598159509202454,86.99079754601226,22687.2,0.001531393568147,5.2693598774885135,24.0,2.0,Long Inactive,Very High Value,Low Frequency
CUST1490,0,44,Female,Germany,cancelled,1,8,873.28,873.28,109.16,3.9,1,31.0,31,31,2024-01-28,2024-01-28,2023-06-13,229,0.1158301158301158,8.0,1,1,1,1.0,873.28,109.16,0.0043478260869565,1554.4384,114.40349344978164,1.0480349344978166,1.0,1989.681152,1.0,1.593886462882096,1391.9091703056768,12.751091703056767,203.63821834061133,0.6273972602739726,1.593886462882096,114.40349344978164,27944.96,0.0043478260869565,6.758427826086956,32.0,2.0,Long Inactive,Medium Value,Low Frequency
CUST1491,1,50,Male,USA,paused,1,5,1307.45,1307.45,261.49,3.9,3,25.0,25,25,2022-12-23,2022-12-23,2022-01-14,343,0.0804289544235924,5.0,1,1,1,3.0,1307.45,261.49,0.002906976744186,2327.261,114.3542274052478,0.4373177842565597,3.0,2978.89408,1.0,1.064139941690962,1391.3097667638483,5.320699708454811,203.5505247813411,0.9397260273972604,1.064139941690962,114.3542274052478,33993.700000000004,0.002906976744186,6.765293604651163,78.0,2.0,Long Inactive,High Value,Low Frequency
CUST1492,0,49,Female,UK,active,1,7,486.36,486.36,69.48,3.3,5,41.0,41,41,2024-03-25,2024-03-25,2020-09-30,1272,0.0230414746543778,7.0,1,1,1,5.0,486.36,69.48,0.0007855459544383,807.3575999999999,11.470754716981132,0.1650943396226415,5.0,936.534816,1.0,0.2869496855345912,139.5608490566038,2.0086477987421385,19.04145283018868,3.484931506849315,0.2869496855345912,11.470754716981132,20427.12,0.0007855459544383,0.6342164964650432,210.0,2.0,Long Inactive,Low Value,Low Frequency
CUST1493,0,38,Female,Canada,active,1,1,1481.71,1481.71,1481.71,4.0,2,37.0,37,37,2025-07-22,2025-07-22,2023-05-31,783,0.03690036900369,1.0,1,1,1,2.0,1481.71,1481.71,0.0012755102040816,2667.078,56.770498084291184,0.0383141762452107,2.0,3467.2014,1.0,0.4661558109833972,690.7077266922095,0.4661558109833972,102.18689655172412,2.1452054794520548,0.4661558109833972,56.770498084291184,56304.98,0.0012755102040816,3.4018852040816325,76.0,2.0,At Risk,High Value,Low Frequency
CUST1494,0,25,Male,Canada,cancelled,1,9,1702.89,1702.89,189.21,4.0,0,30.0,30,30,2023-10-13,2023-10-13,2023-01-26,260,0.1034482758620689,9.0,1,1,1,0.0,1702.89,189.21,0.003831417624521,3065.202,196.48730769230767,1.0384615384615383,0.0,3984.762600000001,1.0,1.403846153846154,2390.5955769230773,12.634615384615383,353.6771538461539,0.7123287671232876,1.403846153846154,196.48730769230767,52789.59,0.003831417624521,11.744068965517242,0.0,2.0,Long Inactive,Very High Value,Low Frequency
CUST1495,1,62,Female,India,active,1,4,1084.56,1084.56,271.14,4.0,3,42.0,42,42,2021-11-12,2021-11-12,2021-07-09,126,0.1923076923076923,4.0,1,1,1,3.0,1084.56,271.14,0.0078740157480314,1952.208,258.2285714285714,0.9523809523809524,3.0,2537.8704,1.0,2.8968253968253967,3141.780952380952,11.587301587301589,464.8114285714285,0.3452054794520548,2.8968253968253967,258.2285714285714,46636.08,0.0078740157480314,15.37171653543307,129.0,2.0,Long Inactive,High Value,Low Frequency
CUST1496,0,33,Female,Canada,active,1,5,1984.05,1984.05,396.81,3.9,5,20.0,20,20,2023-11-01,2023-11-01,2022-09-19,408,0.0684931506849315,5.0,1,1,1,5.0,1984.05,396.81,0.0024449877750611,3531.609,145.8860294117647,0.3676470588235294,5.0,4520.45952,1.0,0.8946078431372548,1774.9466911764705,4.473039215686274,259.6771323529412,1.1178082191780825,0.8946078431372548,145.8860294117647,41665.05,0.0024449877750611,8.634740831295844,105.0,2.0,Long Inactive,Very High Value,Low Frequency
CUST1497,0,20,Male,UK,cancelled,1,2,1673.52,1673.52,836.76,4.3,0,47.0,47,47,2025-01-30,2025-01-30,2021-07-14,1296,0.0226244343891402,2.0,1,1,1,0.0,1673.52,836.76,0.0007710100231303,3112.7472,38.73888888888889,0.0462962962962962,0.0,4233.336192,1.0,0.2816358024691358,471.3231481481481,0.5632716049382716,72.05433333333332,3.5506849315068494,0.2816358024691358,38.73888888888889,80328.95999999999,0.0007710100231303,2.3999592906707785,0.0,2.0,Long Inactive,Very High Value,Low Frequency
CUST1498,1,29,Male,Canada,active,1,2,143.92,143.92,71.96,4.1,1,7.0,7,7,2022-06-03,2022-06-03,2021-06-15,353,0.0783289817232375,2.0,1,1,1,1.0,143.92,71.96,0.0028248587570621,261.9344,12.231161473087816,0.1699716713881019,1.0,345.7534079999999,1.0,1.0339943342776203,148.8124645892351,2.0679886685552407,22.26071388101983,0.9671232876712328,1.0339943342776203,12.231161473087816,1151.36,0.0028248587570621,0.7399276836158192,8.0,2.0,Long Inactive,Low Value,Low Frequency
CUST1499,1,45,Male,Pakistan,active,1,1,1601.28,1601.28,1601.28,4.1,3,33.0,33,33,2022-08-25,2022-08-25,2022-04-13,134,0.1829268292682926,1.0,1,1,1,3.0,1601.28,1601.28,0.0074074074074074,2914.3296,358.49552238805967,0.2238805970149253,3.0,3846.915071999999,1.0,2.7238805970149254,4361.69552238806,2.7238805970149254,652.4618507462685,0.3671232876712328,2.7238805970149254,358.49552238805967,54443.52,0.0074074074074074,21.587626666666665,102.0,2.0,Long Inactive,Very High Value,Low Frequency
CUST1500,1,49,Female,Canada,paused,1,3,1748.97,1748.97,582.99,4.3,3,3.0,3,3,2022-02-24,2022-02-24,2021-02-05,384,0.072463768115942,3.0,1,1,1,3.0,1748.97,582.99,0.0025974025974025,3253.0842,136.63828125,0.234375,3.0,4424.194511999999,1.0,0.9505208333333336,1662.4324218750005,2.8515625000000004,254.147203125,1.0520547945205478,0.9505208333333336,136.63828125,6995.88,0.0025974025974025,8.44956935064935,12.0,2.0,Long Inactive,Very High Value,Low Frequency
CUST1501,0,51,Other,Pakistan,paused,1,2,614.28,614.28,307.14,4.1,3,34.0,34,34,2023-05-27,2023-05-27,2022-01-10,502,0.056390977443609,2.0,1,1,1,3.0,614.28,307.14,0.0019880715705765,1117.9896,36.70996015936255,0.1195219123505976,3.0,1475.7462719999996,1.0,0.7270916334661355,446.6378486055777,1.454183266932271,66.81212749003983,1.3753424657534246,0.7270916334661355,36.70996015936255,21499.8,0.0019880715705765,2.222643339960238,105.0,2.0,Long Inactive,Medium Value,Low Frequency
CUST1502,0,66,Male,USA,paused,1,8,1545.76,1545.76,193.22,4.1,4,32.0,32,32,2025-01-17,2025-01-17,2021-08-11,1255,0.0233463035019455,8.0,1,1,1,4.0,1545.76,193.22,0.000796178343949,2813.2832,36.95043824701195,0.1912350597609561,4.0,3713.533823999999,1.0,0.2908366533864542,449.5636653386454,2.3266932270916336,67.24979760956174,3.4383561643835616,0.2908366533864542,36.95043824701195,51010.08,0.000796178343949,2.2398751592356687,132.0,2.0,Long Inactive,Very High Value,Low Frequency
CUST1503,0,58,Male,USA,cancelled,1,2,1993.12,1993.12,996.56,4.3,1,32.0,32,32,2024-05-25,2024-05-25,2022-04-04,782,0.0369458128078817,2.0,1,1,1,1.0,1993.12,996.56,0.0012771392081736,3707.2032,76.46240409207161,0.0767263427109974,1.0,5041.796351999999,1.0,0.4667519181585678,930.2925831202048,0.9335038363171356,142.2200716112532,2.1424657534246574,0.4667519181585678,76.46240409207161,65772.95999999999,0.0012771392081736,4.734614559386973,33.0,2.0,Long Inactive,Very High Value,Low Frequency
CUST1504,0,31,Female,Pakistan,active,1,2,1931.34,1931.34,965.67,4.4,0,42.0,42,42,2025-03-29,2025-03-29,2023-06-04,664,0.0432276657060518,2.0,1,1,1,0.0,1931.34,965.67,0.0015037593984962,3630.9192,87.25933734939758,0.0903614457831325,0.0,5010.668496000001,1.0,0.5496987951807228,1061.6552710843373,1.0993975903614457,164.0475542168675,1.819178082191781,0.5496987951807228,87.25933734939758,83047.62,0.0015037593984962,5.460028872180452,0.0,2.0,Long Inactive,Very High Value,Low Frequency
CUST1505,0,35,Male,Canada,active,1,9,1213.7400000000002,1213.7400000000002,134.86,4.2,4,7.0,7,7,2025-02-06,2025-02-06,2023-07-22,565,0.0504201680672268,9.0,1,1,1,4.0,1213.7400000000002,134.86,0.0017667844522968,2233.2816000000007,64.44637168141594,0.4778761061946903,4.0,2992.597344000001,1.0,0.6460176991150443,784.097522123894,5.814159292035399,118.58132389380536,1.547945205479452,0.6460176991150443,64.44637168141594,9709.920000000002,0.0017667844522968,3.9457272084805664,32.0,2.0,Long Inactive,High Value,Low Frequency
CUST1506,1,48,Female,Pakistan,active,1,8,472.48,472.48,59.06,3.3,2,27.0,27,27,2022-06-06,2022-06-06,2020-10-26,588,0.0485436893203883,8.0,1,1,1,2.0,472.48,59.06,0.0016977928692699,784.3168,24.10612244897959,0.4081632653061224,2.0,909.807488,1.0,0.6207482993197279,293.29115646258504,4.965986394557823,40.01616326530612,1.610958904109589,0.6207482993197279,24.10612244897959,13229.44,0.0016977928692699,1.3316074702886247,56.0,2.0,Long Inactive,Low Value,Low Frequency
CUST1507,0,34,Male,Pakistan,cancelled,1,5,818.9,818.9,163.78,4.4,0,14.0,14,14,2025-07-26,2025-07-26,2021-03-30,1579,0.0186451211932877,5.0,1,1,1,0.0,818.9,163.78,0.000632911392405,1539.5320000000002,15.558581380620646,0.0949968334388853,0.0,2124.5541600000006,1.0,0.2311589613679543,189.29607346421784,1.155794806839772,29.25013299556682,4.326027397260274,0.2311589613679543,15.558581380620646,12283.5,0.000632911392405,0.974387341772152,0.0,2.0,At Risk,Medium Value,Low Frequency
CUST1508,0,57,Female,India,paused,1,9,1838.34,1838.34,204.26,4.3,3,38.0,38,38,2024-04-01,2024-04-01,2021-08-09,966,0.0301204819277108,9.0,1,1,1,3.0,1838.34,204.26,0.0010341261633919,3419.3124,57.09130434782608,0.2795031055900621,3.0,4650.264863999999,1.0,0.3778467908902691,694.6108695652174,3.400621118012422,106.1898260869565,2.646575342465753,0.3778467908902691,57.09130434782608,71695.26,0.0010341261633919,3.536000413650465,117.0,2.0,Long Inactive,Very High Value,Low Frequency
CUST1509,0,42,Male,Germany,active,1,9,1458.45,1458.45,162.05,4.1,3,32.0,32,32,2024-07-08,2024-07-08,2023-06-17,387,0.0719424460431654,9.0,1,1,1,3.0,1458.45,162.05,0.0025773195876288,2654.379,113.05813953488372,0.6976744186046512,3.0,3503.7802799999995,1.0,0.9431524547803618,1375.5406976744189,8.488372093023257,205.7658139534884,1.0602739726027397,0.9431524547803618,113.05813953488372,48128.85,0.0025773195876288,6.841182989690721,99.0,2.0,Long Inactive,High Value,Low Frequency
CUST1510,0,60,Female,Germany,cancelled,1,6,748.92,748.92,124.82,4.0,3,43.0,43,43,2025-07-19,2025-07-19,2022-10-25,998,0.0291828793774319,6.0,1,1,1,3.0,748.92,124.82,0.001001001001001,1348.056,22.512625250501003,0.1803607214428857,3.0,1752.4728,1.0,0.3657314629258517,273.90360721442886,2.19438877755511,40.5227254509018,2.734246575342466,0.3657314629258517,22.512625250501003,32952.48,0.001001001001001,1.3494054054054054,132.0,2.0,At Risk,Medium Value,Low Frequency
CUST1511,0,28,Female,Canada,paused,1,7,570.43,570.43,81.49,4.1,1,32.0,32,32,2024-02-09,2024-02-09,2022-09-08,519,0.0546448087431694,7.0,1,1,1,1.0,570.43,81.49,0.0019230769230769,1038.1826,32.97283236994219,0.4046242774566473,1.0,1370.4010319999998,1.0,0.7032755298651252,401.16946050096334,4.922928709055877,60.01055491329479,1.421917808219178,0.7032755298651252,32.97283236994219,18824.19,0.0019230769230769,1.996505,33.0,2.0,Long Inactive,Medium Value,Low Frequency
CUST1512,0,34,Male,Canada,paused,1,3,108.12,108.12,36.04,4.3,0,23.0,23,23,2025-05-22,2025-05-22,2021-11-07,1292,0.0226928895612708,3.0,1,1,1,0.0,108.12,36.04,0.0007733952049497,201.1032,2.5105263157894737,0.0696594427244582,0.0,273.500352,1.0,0.2825077399380805,30.544736842105262,0.8475232198142415,4.669578947368421,3.5397260273972604,0.2825077399380805,2.5105263157894737,2594.88,0.0007733952049497,0.1555322505800464,0.0,2.0,Long Inactive,Low Value,Low Frequency
CUST1513,0,44,Male,Germany,cancelled,1,7,1704.85,1704.85,243.55,3.8,4,26.0,26,26,2025-05-26,2025-05-26,2022-10-12,957,0.0303951367781155,7.0,1,1,1,4.0,1704.85,243.55,0.0010438413361169,3000.536,53.4435736677116,0.219435736677116,4.0,3780.67536,1.0,0.3814002089864158,650.2301462904911,2.6698014629049114,94.06068965517242,2.621917808219178,0.3814002089864158,53.4435736677116,46030.95,0.0010438413361169,3.132083507306889,108.0,2.0,Long Inactive,Very High Value,Low Frequency
CUST1514,0,57,Male,India,active,1,3,1285.62,1285.62,428.54,3.9,1,33.0,33,33,2023-08-01,2023-08-01,2021-03-20,864,0.0335570469798657,3.0,1,1,1,1.0,1285.62,428.54,0.0011560693641618,2288.4036,44.63958333333333,0.1041666666666666,1.0,2929.156608,1.0,0.4224537037037037,543.1149305555556,1.2673611111111112,79.45845833333334,2.367123287671233,0.4224537037037037,44.63958333333333,43711.08,0.0011560693641618,2.645553294797688,34.0,2.0,Long Inactive,High Value,Low Frequency
CUST1515,0,54,Male,India,active,1,3,704.01,704.01,234.67,3.7,5,8.0,8,8,2023-12-03,2023-12-03,2022-05-25,557,0.0511073253833049,3.0,1,1,1,5.0,704.01,234.67,0.0017921146953405,1224.9774,37.91795332136445,0.1615798922800718,5.0,1518.971976,1.0,0.6552962298025135,461.3350987432675,1.96588868940754,65.97723877917414,1.526027397260274,0.6552962298025135,37.91795332136445,6336.09,0.0017921146953405,2.1953,45.0,2.0,Long Inactive,Medium Value,Low Frequency
CUST1516,0,51,Male,India,cancelled,1,9,1280.25,1280.25,142.25,4.0,1,40.0,40,40,2023-06-17,2023-06-17,2021-04-03,805,0.0359281437125748,9.0,1,1,1,1.0,1280.25,142.25,0.0012406947890818,2304.4500000000003,47.7111801242236,0.3354037267080745,1.0,2995.7850000000003,1.0,0.453416149068323,580.4860248447205,4.080745341614907,85.8801242236025,2.2054794520547945,0.453416149068323,47.7111801242236,52490.25,0.0012406947890818,2.8591191066997523,41.0,2.0,Long Inactive,High Value,Low Frequency
CUST1517,0,41,Male,USA,cancelled,1,6,697.08,697.08,116.18,4.2,3,20.0,20,20,2023-05-09,2023-05-09,2023-12-03,0,1.0,6.0,1,1,1,3.0,697.08,116.18,1.0,1282.6272,6970.8,60.0,3.0,1718.7204480000005,1.0,365.0,254434.2,2190.0,12826.272,0.0,365.0,6970.8,14638.68,1.0,1282.6272,63.0,2.0,Long Inactive,Medium Value,Low Frequency
CUST1518,1,47,Male,UK,active,1,6,1930.44,1930.44,321.74,4.4,5,15.0,15,15,2022-08-17,2022-08-17,2021-07-16,397,0.0702576112412178,6.0,1,1,1,5.0,1930.44,321.74,0.0025125628140703,3629.2272,145.87707808564232,0.4534005037783375,5.0,5008.333536000001,1.0,0.919395465994962,1774.8377833753148,5.516372795969773,274.2489068010076,1.0876712328767124,0.919395465994962,145.87707808564232,30887.04,0.0025125628140703,9.118661306532664,80.0,2.0,Long Inactive,Very High Value,Low Frequency
CUST1519,1,26,Female,USA,active,1,5,1334.85,1334.85,266.97,3.9,1,9.0,9,9,2022-05-22,2022-05-22,2020-01-09,864,0.0335570469798657,5.0,1,1,1,1.0,1334.85,266.97,0.0011560693641618,2376.0330000000004,46.348958333333336,0.1736111111111111,1.0,3041.3222400000004,1.0,0.4224537037037037,563.9123263888889,2.1122685185185186,82.50114583333334,2.367123287671233,0.4224537037037037,46.348958333333336,13348.500000000002,0.0011560693641618,2.746858959537573,10.0,2.0,Long Inactive,High Value,Low Frequency
CUST1520,0,40,Female,Canada,active,1,5,1419.8,1419.8,283.96,4.5,1,36.0,36,36,2023-06-01,2023-06-01,2022-10-22,222,0.119047619047619,5.0,1,1,1,1.0,1419.8,283.96,0.0044843049327354,2697.62,191.86486486486484,0.6756756756756757,1.0,3776.668,1.0,1.644144144144144,2334.355855855856,8.22072072072072,364.5432432432432,0.6082191780821918,1.644144144144144,191.86486486486484,52532.6,0.0044843049327354,12.09695067264574,37.0,2.0,Long Inactive,High Value,Low Frequency
CUST1521,0,43,Male,India,active,1,4,1529.12,1529.12,382.28,4.2,2,47.0,47,47,2025-07-30,2025-07-30,2021-02-27,1614,0.0182481751824817,4.0,1,1,1,2.0,1529.12,382.28,0.0006191950464396,2813.5808,28.422304832713756,0.0743494423791821,2.0,3770.198272,1.0,0.2261462205700123,345.8047087980173,0.9045848822800496,52.29704089219331,4.421917808219178,0.2261462205700123,28.422304832713756,73397.76,0.0006191950464396,1.742155294117647,96.0,2.0,At Risk,Very High Value,Low Frequency
CUST1522,0,53,Male,USA,paused,1,4,869.68,869.68,217.42,3.9,2,43.0,43,43,2024-05-27,2024-05-27,2022-06-30,697,0.0412654745529573,4.0,1,1,1,2.0,869.68,217.42,0.0014326647564469,1548.0304,37.432424677187946,0.1721664275466284,2.0,1981.478912,1.0,0.5236728837876614,455.4278335724533,2.0946915351506457,66.62971592539454,1.9095890410958904,0.5236728837876614,37.432424677187946,38265.92,0.0014326647564469,2.2178085959885383,88.0,2.0,Long Inactive,Medium Value,Low Frequency
CUST1523,1,63,Male,Canada,active,1,8,462.0,462.0,57.75,4.2,3,5.0,5,5,2022-03-13,2022-03-13,2022-02-24,17,0.6382978723404256,8.0,1,1,1,3.0,462.0,57.75,0.0555555555555555,850.08,815.2941176470589,14.117647058823527,3.0,1139.1072,1.0,21.47058823529412,9919.41176470588,171.76470588235293,1500.1411764705883,0.0465753424657534,21.47058823529412,815.2941176470589,2772.0,0.0555555555555555,47.22666666666667,18.0,2.0,Long Inactive,Low Value,Low Frequency
CUST1524,1,43,Female,USA,active,1,4,1025.8,1025.8,256.45,4.1,5,29.0,29,29,2022-08-07,2022-08-07,2021-04-03,491,0.0575815738963531,4.0,1,1,1,5.0,1025.8,256.45,0.0020325203252032,1866.956,62.67617107942973,0.2443991853360488,5.0,2464.38192,1.0,0.7433808553971487,762.5600814663951,2.973523421588595,114.07063136456208,1.3452054794520547,0.7433808553971487,62.67617107942973,30774.0,0.0020325203252032,3.794626016260162,150.0,2.0,Long Inactive,Medium Value,Low Frequency
CUST1525,0,66,Male,UK,paused,1,6,1803.3,1803.3,300.55,4.1,5,18.0,18,18,2024-12-06,2024-12-06,2023-07-06,519,0.0546448087431694,6.0,1,1,1,5.0,1803.3,300.55,0.0019230769230769,3282.006,104.23699421965318,0.3468208092485549,5.0,4332.247919999999,1.0,0.7032755298651252,1268.2167630057804,4.219653179190751,189.7113294797688,1.421917808219178,0.7032755298651252,104.23699421965318,34262.700000000004,0.0019230769230769,6.31155,95.0,2.0,Long Inactive,Very High Value,Low Frequency
CUST1526,1,54,Male,India,paused,1,8,604.8,604.8,75.6,4.3,3,26.0,26,26,2021-12-17,2021-12-17,2021-12-17,0,1.0,8.0,1,1,1,3.0,604.8,75.6,1.0,1124.928,6047.999999999999,80.0,3.0,1529.9020799999996,1.0,365.0,220752.0,2920.0,11249.28,0.0,365.0,6047.999999999999,16329.6,1.0,1124.928,81.0,2.0,Long Inactive,Medium Value,Low Frequency
CUST1527,0,30,Male,India,cancelled,1,1,1582.47,1582.47,1582.47,4.1,4,39.0,39,39,2024-05-07,2024-05-07,2020-11-30,1254,0.0233644859813084,1.0,1,1,1,4.0,1582.47,1582.47,0.0007968127490039,2880.0954,37.85813397129187,0.0239234449760765,4.0,3801.725927999999,1.0,0.2910685805422647,460.6072966507177,0.2910685805422647,68.9018038277512,3.4356164383561643,0.2910685805422647,37.85813397129187,63298.8,0.0007968127490039,2.294896733067729,160.0,2.0,Long Inactive,Very High Value,Low Frequency
CUST1528,0,24,Female,USA,active,1,6,1197.66,1197.66,199.61,4.3,5,30.0,30,30,2023-08-03,2023-08-03,2022-08-29,339,0.08130081300813,6.0,1,1,1,5.0,1197.66,199.61,0.0029411764705882,2227.6476,105.98761061946902,0.5309734513274336,5.0,3029.6007359999994,1.0,1.0766961651917404,1289.51592920354,6.460176991150443,197.13695575221237,0.9287671232876712,1.0766961651917404,105.98761061946902,37127.46,0.0029411764705882,6.551904705882352,155.0,2.0,Long Inactive,High Value,Low Frequency
CUST1529,0,50,Male,UK,active,1,9,681.84,681.84,75.76,3.6,3,7.0,7,7,2025-07-01,2025-07-01,2021-03-30,1554,0.0189393939393939,9.0,1,1,1,3.0,681.84,75.76,0.0006430868167202,1172.7648000000002,13.162934362934363,0.1737451737451737,3.0,1430.7730560000002,1.0,0.2348777348777349,160.14903474903477,2.1138996138996142,22.64024710424711,4.257534246575342,0.2348777348777349,13.162934362934363,5454.72,0.0006430868167202,0.7541895819935692,24.0,2.0,At Risk,Medium Value,Low Frequency
CUST1530,0,26,Male,Canada,active,1,3,507.99,507.99,169.33,4.1,1,19.0,19,19,2024-05-21,2024-05-21,2022-03-25,788,0.0366748166259168,3.0,1,1,1,1.0,507.99,169.33,0.0012674271229404,924.5418,19.33972081218274,0.1142131979695431,1.0,1220.3951759999998,1.0,0.4631979695431472,235.29993654822331,1.3895939086294415,35.19829187817259,2.158904109589041,0.4631979695431472,19.33972081218274,10159.8,0.0012674271229404,1.1717893536121673,20.0,2.0,Long Inactive,Low Value,Low Frequency
CUST1531,1,44,Female,Canada,active,1,5,1398.95,1398.95,279.79,4.0,5,32.0,32,32,2022-07-23,2022-07-23,2022-09-05,0,1.0,5.0,1,1,1,5.0,1398.95,279.79,1.0,2518.11,13989.5,50.0,5.0,3273.543,1.0,365.0,510616.75,1825.0,25181.1,0.0,365.0,13989.5,46165.35,1.0,2518.11,165.0,2.0,Long Inactive,High Value,Low Frequency
CUST1532,0,40,Male,USA,active,1,4,75.72,75.72,18.93,4.1,3,45.0,45,45,2023-12-04,2023-12-04,2022-08-18,473,0.0596421471172962,4.0,1,1,1,3.0,75.72,18.93,0.0021097046413502,137.8104,4.802536997885835,0.2536997885835095,3.0,181.909728,1.0,0.7716701902748415,58.430866807611,3.086680761099366,8.74061733615222,1.295890410958904,0.7716701902748415,4.802536997885835,3483.12,0.0021097046413502,0.290739240506329,138.0,2.0,Long Inactive,Low Value,Low Frequency
CUST1533,0,41,Male,India,active,1,8,1180.4,1180.4,147.55,4.3,2,32.0,32,32,2024-06-06,2024-06-06,2020-11-28,1286,0.0227963525835866,8.0,1,1,1,2.0,1180.4,147.55,0.0007770007770007,2195.544,27.53654743390358,0.1866251944012441,2.0,2985.9398399999995,1.0,0.2838258164852255,335.0279937791602,2.2706065318818043,51.21797822706065,3.5232876712328767,0.2838258164852255,27.53654743390358,38953.2,0.0007770007770007,1.705939393939394,66.0,2.0,Long Inactive,High Value,Low Frequency
CUST1534,0,54,Male,UK,active,1,9,744.1200000000001,744.1200000000001,82.68,3.9,4,2.0,2,2,2023-11-14,2023-11-14,2023-01-21,297,0.091743119266055,9.0,1,1,1,4.0,744.1200000000001,82.68,0.0033557046979865,1324.5336000000002,75.16363636363637,0.9090909090909092,4.0,1695.4030080000002,1.0,1.228956228956229,914.4909090909092,11.06060606060606,133.79127272727274,0.8136986301369863,1.228956228956229,75.16363636363637,2232.3600000000006,0.0033557046979865,4.444743624161075,12.0,2.0,Long Inactive,Medium Value,Low Frequency
CUST1535,0,29,Female,Pakistan,cancelled,1,9,1607.67,1607.67,178.63,4.1,4,15.0,15,15,2023-12-17,2023-12-17,2023-01-22,329,0.0835654596100278,9.0,1,1,1,4.0,1607.67,178.63,0.003030303030303,2925.9594,146.59604863221884,0.8206686930091185,4.0,3862.266407999999,1.0,1.109422492401216,1783.5852583586627,9.984802431610944,266.8048085106383,0.9013698630136986,1.109422492401216,146.59604863221884,25722.72,0.003030303030303,8.866543636363636,64.0,2.0,Long Inactive,Very High Value,Low Frequency
CUST1536,1,20,Female,Pakistan,active,1,8,179.52,179.52,22.44,4.1,3,21.0,21,21,2023-02-14,2023-02-14,2023-01-15,30,0.5,8.0,1,1,1,3.0,179.52,22.44,0.032258064516129,326.7264,179.52,8.0,3.0,431.278848,1.0,12.166666666666668,2184.1600000000003,97.33333333333334,326.7264,0.0821917808219178,12.166666666666668,179.52,3949.44,0.032258064516129,10.53956129032258,66.0,2.0,Long Inactive,Low Value,Low Frequency
CUST1537,0,59,Female,India,active,1,4,1773.52,1773.52,443.38,4.4,0,8.0,8,8,2024-09-10,2024-09-10,2022-05-30,834,0.0347222222222222,4.0,1,1,1,0.0,1773.52,443.38,0.0011976047904191,3334.2176,63.79568345323741,0.1438848920863309,0.0,4601.220288,1.0,0.4376498800959232,776.1808153477217,1.7505995203836928,119.93588489208632,2.2849315068493152,0.4376498800959232,63.79568345323741,15961.68,0.0011976047904191,3.99307497005988,0.0,2.0,Long Inactive,Very High Value,Low Frequency
CUST1538,0,37,Male,Canada,active,1,8,1515.28,1515.28,189.41,3.8,0,46.0,46,46,2024-06-30,2024-06-30,2022-10-07,632,0.0453172205438066,8.0,1,1,1,0.0,1515.28,189.41,0.0015797788309636,2666.8928,71.92784810126582,0.379746835443038,0.0,3360.284928,1.0,0.5775316455696202,875.1221518987342,4.620253164556962,126.59301265822783,1.7315068493150685,0.5775316455696202,71.92784810126582,71218.16,0.0015797788309636,4.213100789889416,0.0,2.0,Long Inactive,Very High Value,Low Frequency
CUST1539,0,61,Female,Canada,active,1,3,1322.73,1322.73,440.91,4.3,4,33.0,33,33,2025-02-13,2025-02-13,2022-07-11,948,0.0306748466257668,3.0,1,1,1,4.0,1322.73,440.91,0.0010537407797681,2460.2778,41.858544303797466,0.0949367088607594,4.0,3345.977808,1.0,0.3850210970464135,509.27895569620256,1.1550632911392404,77.85689240506328,2.5972602739726027,0.3850210970464135,41.858544303797466,44972.82,0.0010537407797681,2.5924950474183346,136.0,2.0,Long Inactive,High Value,Low Frequency
CUST1540,1,50,Female,Canada,active,1,2,1889.64,1889.64,944.82,4.3,5,29.0,29,29,2022-07-15,2022-07-15,2020-02-11,885,0.0327868852459016,2.0,1,1,1,5.0,1889.64,944.82,0.0011286681715575,3514.7304,64.05559322033899,0.0677966101694915,5.0,4780.033344,1.0,0.4124293785310735,779.3430508474577,0.824858757062147,119.14340338983052,2.4246575342465757,0.4124293785310735,64.05559322033899,56689.2,0.0011286681715575,3.9669643340857785,150.0,2.0,Long Inactive,Very High Value,Low Frequency
CUST1541,0,67,Male,Pakistan,paused,1,2,1785.48,1785.48,892.74,3.5,0,49.0,49,49,2025-01-22,2025-01-22,2022-12-24,760,0.0379746835443038,2.0,1,1,1,0.0,1785.48,892.74,0.0013140604467805,3035.316,70.47947368421053,0.0789473684210526,0.0,3642.3792,1.0,0.4802631578947369,857.5002631578948,0.9605263157894738,119.81510526315788,2.0821917808219177,0.4802631578947369,70.47947368421053,89274.0,0.0013140604467805,3.988588699080157,0.0,2.0,Long Inactive,Very High Value,Low Frequency
CUST1542,0,39,Female,UK,cancelled,1,3,1767.84,1767.84,589.28,4.0,4,9.0,9,9,2023-06-11,2023-06-11,2022-07-18,328,0.0837988826815642,3.0,1,1,1,4.0,1767.84,589.28,0.0030395136778115,3182.112,161.69268292682926,0.274390243902439,4.0,4136.7456,1.0,1.1128048780487805,1967.260975609756,3.338414634146341,291.0468292682927,0.8986301369863013,1.1128048780487805,161.69268292682926,17678.399999999998,0.0030395136778115,9.672072948328267,40.0,2.0,Long Inactive,Very High Value,Low Frequency
CUST1543,1,64,Male,Pakistan,paused,1,3,699.99,699.99,233.33,3.9,5,38.0,38,38,2022-07-01,2022-07-01,2021-12-13,200,0.1304347826086956,3.0,1,1,1,5.0,699.99,233.33,0.0049751243781094,1245.9822,104.9985,0.4499999999999999,5.0,1594.8572160000003,1.0,1.825,1277.48175,5.4750000000000005,186.89733,0.547945205479452,1.825,104.9985,27299.61,0.0049751243781094,6.198916417910448,195.0,2.0,Long Inactive,Medium Value,Low Frequency
CUST1544,0,59,Female,UK,active,1,9,1512.45,1512.45,168.05,4.3,2,3.0,3,3,2025-06-25,2025-06-25,2022-08-09,1051,0.0277520814061054,9.0,1,1,1,2.0,1512.45,168.05,0.0009505703422053,2813.157,43.17174119885824,0.2568981921979067,2.0,3825.893519999999,1.0,0.3472882968601332,525.2561845861085,3.125594671741198,80.2994386298763,2.8794520547945206,0.3472882968601332,43.17174119885824,6049.8,0.0009505703422053,2.6741036121673,8.0,2.0,At Risk,Very High Value,Low Frequency
CUST1545,0,40,Female,USA,active,1,5,1136.7,1136.7,227.34,2.8,2,17.0,17,17,2024-11-02,2024-11-02,2023-02-24,617,0.0463678516228748,5.0,1,1,1,2.0,1136.7,227.34,0.0016181229773462,1773.2520000000002,55.26904376012966,0.2431118314424635,2.0,1879.6471200000003,1.0,0.5915721231766613,672.4400324149109,2.9578606158833063,86.21970826580228,1.6904109589041096,0.5915721231766613,55.26904376012966,20460.6,0.0016181229773462,2.869339805825243,36.0,2.0,Long Inactive,High Value,Low Frequency
CUST1546,1,36,Male,UK,active,1,3,493.26,493.26,164.42,3.8,2,22.0,22,22,2022-12-26,2022-12-26,2021-04-07,628,0.0455927051671732,3.0,1,1,1,2.0,493.26,164.42,0.0015898251192368,868.1376,23.56337579617834,0.143312101910828,2.0,1093.853376,1.0,0.5812101910828026,286.6877388535032,1.7436305732484076,41.47154140127389,1.7205479452054795,0.5812101910828026,23.56337579617834,11344.98,0.0015898251192368,1.3801869634340225,46.0,2.0,Long Inactive,Low Value,Low Frequency
CUST1547,0,49,Female,Germany,active,1,1,577.99,577.99,577.99,4.5,2,12.0,12,12,2025-10-07,2025-10-07,2023-05-21,870,0.0333333333333333,1.0,1,1,1,2.0,577.99,577.99,0.0011481056257175,1098.181,19.93068965517241,0.0344827586206896,2.0,1537.4534,1.0,0.4195402298850574,242.49005747126435,0.4195402298850574,37.868310344827584,2.3835616438356166,0.4195402298850574,19.93068965517241,7513.87,0.0011481056257175,1.2608277841561424,26.0,2.0,Moderate,Medium Value,Low Frequency
CUST1548,0,35,Female,UK,paused,1,4,1172.92,1172.92,293.23,4.3,4,6.0,6,6,2025-03-24,2025-03-24,2020-11-28,1577,0.0186683260734287,4.0,1,1,1,4.0,1172.92,293.23,0.0006337135614702,2181.6312,22.31299936588459,0.0760938490805326,4.0,2967.0184319999994,1.0,0.2314521242866201,271.4748256182625,0.9258084971464806,41.50217882054533,4.32054794520548,0.2314521242866201,22.31299936588459,8210.44,0.0006337135614702,1.3825292775665396,28.0,2.0,Long Inactive,High Value,Low Frequency
CUST1549,1,56,Male,UK,active,1,6,1133.94,1133.94,188.99,4.1,1,20.0,20,20,2022-04-16,2022-04-16,2021-03-05,407,0.068649885583524,6.0,1,1,1,1.0,1133.94,188.99,0.0024509803921568,2063.7708,83.58280098280099,0.4422604422604422,1.0,2724.1774559999994,1.0,0.8968058968058968,1016.9240786240788,5.380835380835381,152.12069778869778,1.115068493150685,0.8968058968058968,83.58280098280099,23812.74,0.0024509803921568,5.058261764705882,21.0,2.0,Long Inactive,High Value,Low Frequency
CUST1550,0,57,Male,Canada,active,1,2,1809.12,1809.12,904.56,3.0,5,44.0,44,44,2025-04-13,2025-04-13,2022-02-10,1158,0.0252525252525252,2.0,1,1,1,5.0,1809.12,904.56,0.0008628127696289,2894.592,46.86839378238341,0.0518134715025906,5.0,3184.0512000000003,1.0,0.3151986183074265,570.2321243523315,0.6303972366148531,74.98943005181347,3.1726027397260275,0.3151986183074265,46.86839378238341,81410.4,0.0008628127696289,2.497490940465919,225.0,2.0,Long Inactive,Very High Value,Low Frequency
CUST1551,0,63,Female,UK,active,1,1,1220.25,1220.25,1220.25,4.0,0,9.0,9,9,2023-08-25,2023-08-25,2021-11-07,656,0.0437317784256559,1.0,1,1,1,0.0,1220.25,1220.25,0.0015220700152207,2196.4500000000003,55.80411585365854,0.0457317073170731,0.0,2855.3850000000007,1.0,0.5564024390243902,678.9500762195122,0.5564024390243902,100.44740853658536,1.797260273972603,0.5564024390243902,55.80411585365854,12202.5,0.0015220700152207,3.343150684931507,0.0,2.0,Long Inactive,High Value,Low Frequency
CUST1552,1,29,Female,India,active,1,6,205.02,205.02,34.17,3.9,2,35.0,35,35,2022-12-16,2022-12-16,2022-06-05,194,0.1339285714285714,6.0,1,1,1,2.0,205.02,34.17,0.0051282051282051,364.9356,31.704123711340205,0.9278350515463918,2.0,467.11756800000006,1.0,1.881443298969072,385.7335051546392,11.288659793814432,56.43334020618557,0.5315068493150685,1.881443298969072,31.704123711340205,7380.72,0.0051282051282051,1.8714646153846155,72.0,2.0,Long Inactive,Low Value,Low Frequency
CUST1553,0,40,Female,USA,active,1,9,1376.19,1376.19,152.91,4.1,2,5.0,5,5,2025-06-19,2025-06-19,2021-08-30,1389,0.0211416490486257,9.0,1,1,1,2.0,1376.19,152.91,0.0007194244604316,2504.6658,29.72332613390929,0.1943844492440604,2.0,3306.158855999999,1.0,0.2627789776817854,361.6338012958963,2.365010799136069,54.0964535637149,3.8054794520547945,0.2627789776817854,29.72332613390929,8257.14,0.0007194244604316,1.8019178417266184,12.0,2.0,At Risk,High Value,Low Frequency
CUST1554,0,54,Female,Germany,paused,1,8,231.68,231.68,28.96,4.1,0,22.0,22,22,2024-09-02,2024-09-02,2022-04-13,873,0.0332225913621262,8.0,1,1,1,0.0,231.68,28.96,0.0011441647597254,421.6576,7.961512027491409,0.274914089347079,0.0,556.5880319999999,1.0,0.418098510882016,96.86506300114549,3.3447880870561284,14.489951890034364,2.3917808219178083,0.418098510882016,7.961512027491409,5328.64,0.0011441647597254,0.482445766590389,0.0,2.0,Long Inactive,Low Value,Low Frequency
CUST1555,0,52,Male,India,active,1,7,1175.79,1175.79,167.97,4.3,3,6.0,6,6,2024-02-23,2024-02-23,2021-12-28,787,0.03671970624235,7.0,1,1,1,3.0,1175.79,167.97,0.0012690355329949,2186.9694,44.820457433290976,0.2668360864040661,3.0,2974.278384,1.0,0.4637865311308767,545.3155654383736,3.246505717916137,83.36605082592122,2.156164383561644,0.4637865311308767,44.820457433290976,8230.529999999999,0.0012690355329949,2.7753418781725885,21.0,2.0,Long Inactive,High Value,Low Frequency
CUST1556,1,35,Female,India,active,1,3,988.29,988.29,329.43,4.0,5,35.0,35,35,2022-02-12,2022-02-12,2020-10-20,480,0.0588235294117647,3.0,1,1,1,5.0,988.29,329.43,0.002079002079002,1778.922,61.768125,0.1875,5.0,2312.5986000000003,1.0,0.7604166666666667,751.5121875,2.28125,111.182625,1.3150684931506849,0.7604166666666667,61.768125,35578.44,0.002079002079002,3.6983825363825367,180.0,2.0,Long Inactive,Medium Value,Low Frequency
CUST1557,0,67,Male,USA,active,1,1,1543.19,1543.19,1543.19,4.4,4,42.0,42,42,2024-09-11,2024-09-11,2022-09-11,731,0.0394218134034165,1.0,1,1,1,4.0,1543.19,1543.19,0.0013661202185792,2901.1972,63.33201094391245,0.0410396716826265,4.0,4003.6521360000006,1.0,0.4993160054719562,770.5394664842681,0.4993160054719562,119.0641805745554,2.0027397260273974,0.4993160054719562,63.33201094391245,66357.17,0.0013661202185792,3.9633841530054648,172.0,2.0,Long Inactive,Very High Value,Low Frequency
CUST1558,0,27,Female,UK,paused,1,2,1049.02,1049.02,524.51,4.3,5,43.0,43,43,2023-04-05,2023-04-05,2021-08-12,601,0.0475435816164817,2.0,1,1,1,5.0,1049.02,524.51,0.0016611295681063,1951.1772,52.36372712146422,0.0998336106489184,5.0,2653.600992,1.0,0.6073211314475874,637.0920133111481,1.2146422628951747,97.39653244592344,1.6465753424657534,0.6073211314475874,52.36372712146422,46156.88,0.0016611295681063,3.241158139534884,220.0,2.0,Long Inactive,Medium Value,Low Frequency
CUST1559,1,38,Female,Germany,active,1,4,1369.52,1369.52,342.38,4.2,4,41.0,41,41,2021-07-31,2021-07-31,2021-05-20,72,0.2941176470588235,4.0,1,1,1,4.0,1369.52,342.38,0.0136986301369863,2519.9168,570.6333333333333,1.6666666666666667,4.0,3376.688512,1.0,5.069444444444445,6942.705555555555,20.27777777777778,1049.965333333333,0.1972602739726027,5.069444444444445,570.6333333333333,57519.84,0.0136986301369863,34.51940821917808,168.0,2.0,Long Inactive,High Value,Low Frequency
CUST1560,0,41,Female,UK,cancelled,1,9,1483.02,1483.02,164.78,3.8,3,22.0,22,22,2025-02-02,2025-02-02,2023-11-05,455,0.0618556701030927,9.0,1,1,1,3.0,1483.02,164.78,0.0021929824561403,2610.1152,97.78153846153846,0.5934065934065934,3.0,3288.7451520000004,1.0,0.8021978021978021,1189.6753846153845,7.219780219780219,172.0955076923077,1.2465753424657535,0.8021978021978021,97.78153846153846,34109.46,0.0021929824561403,5.723936842105263,69.0,2.0,Long Inactive,High Value,Low Frequency
CUST1561,0,33,Male,India,active,1,9,1433.34,1433.34,159.26,4.3,3,30.0,30,30,2024-03-04,2024-03-04,2021-12-03,822,0.0352112676056338,9.0,1,1,1,3.0,1433.34,159.26,0.0012150668286755,2666.0124,52.31167883211679,0.3284671532846716,3.0,3625.776863999999,1.0,0.4440389294403893,636.4587591240876,3.996350364963504,97.2997226277372,2.252054794520548,0.4440389294403893,52.31167883211679,44433.54,0.0012150668286755,3.239383232077764,93.0,2.0,Long Inactive,High Value,Low Frequency
CUST1562,0,45,Female,USA,active,1,8,265.76,265.76,33.22,4.3,3,7.0,7,7,2024-08-10,2024-08-10,2022-09-11,699,0.0411522633744856,8.0,1,1,1,3.0,265.76,33.22,0.0014285714285714,494.3136,11.406008583690989,0.3433476394849785,3.0,672.2664959999998,1.0,0.5221745350500715,138.773104434907,4.177396280400572,21.21517596566523,1.915068493150685,0.5221745350500715,11.406008583690989,2126.08,0.0014285714285714,0.7061622857142856,24.0,2.0,Long Inactive,Low Value,Low Frequency
CUST1563,0,28,Male,Germany,cancelled,1,1,1815.34,1815.34,1815.34,4.3,4,19.0,19,19,2024-03-28,2024-03-28,2021-12-22,827,0.0350058343057176,1.0,1,1,1,4.0,1815.34,1815.34,0.001207729468599,3376.5324,65.85272067714631,0.0362756952841596,4.0,4592.084063999999,1.0,0.441354292623942,801.2081015719468,0.441354292623942,122.48606045949212,2.265753424657534,0.441354292623942,65.85272067714631,36306.8,0.001207729468599,4.07793768115942,80.0,2.0,Long Inactive,Very High Value,Low Frequency
CUST1564,0,27,Male,Germany,active,1,4,68.0,68.0,17.0,4.0,5,2.0,2,2,2024-05-04,2024-05-04,2021-09-06,971,0.0299700299700299,4.0,1,1,1,5.0,68.0,17.0,0.0010288065843621,122.4,2.100926879505664,0.1235839340885684,5.0,159.12,1.0,0.3759011328527291,25.561277033985583,1.5036045314109163,3.781668383110196,2.66027397260274,0.3759011328527291,2.100926879505664,204.0,0.0010288065843621,0.1259259259259259,15.0,2.0,Long Inactive,Low Value,Low Frequency
CUST1565,0,33,Male,Pakistan,paused,1,6,648.48,648.48,108.08,3.9,0,5.0,5,5,2024-12-10,2024-12-10,2022-05-13,942,0.0308641975308642,6.0,1,1,1,0.0,648.48,108.08,0.0010604453870625,1154.2944,20.652229299363057,0.1910828025477707,0.0,1477.496832,1.0,0.3874734607218684,251.26878980891723,2.3248407643312103,36.76096815286624,2.580821917808219,0.3874734607218684,20.652229299363057,3890.88,0.0010604453870625,1.2240661717921528,0.0,2.0,Long Inactive,Medium Value,Low Frequency
CUST1566,1,28,Male,India,active,1,6,110.64,110.64,18.44,4.1,4,5.0,5,5,2022-06-15,2022-06-15,2021-02-23,477,0.0591715976331361,6.0,1,1,1,4.0,110.64,18.44,0.002092050209205,201.3648,6.958490566037737,0.3773584905660377,4.0,265.801536,1.0,0.7651991614255764,84.66163522012579,4.5911949685534585,12.66445283018868,1.3068493150684932,0.7651991614255764,6.958490566037737,663.8400000000001,0.002092050209205,0.4212652719665272,24.0,2.0,Long Inactive,Low Value,Low Frequency
CUST1567,1,58,Female,UK,paused,1,4,1321.44,1321.44,330.36,3.7,1,49.0,49,49,2021-10-25,2021-10-25,2020-12-09,320,0.0857142857142857,4.0,1,1,1,1.0,1321.44,330.36,0.0031152647975077,2299.3056,123.885,0.375,1.0,2851.1389440000003,1.0,1.140625,1507.2675000000002,4.5625,215.55990000000003,0.8767123287671232,1.140625,123.885,66072.0,0.0031152647975077,7.162945794392524,50.0,2.0,Long Inactive,High Value,Low Frequency
CUST1568,0,34,Female,Pakistan,active,1,7,972.93,972.93,138.99,4.2,2,36.0,36,36,2023-10-17,2023-10-17,2023-04-20,180,0.1428571428571428,7.0,1,1,1,2.0,972.93,138.99,0.005524861878453,1790.1912000000002,162.155,1.1666666666666667,2.0,2398.8562080000006,1.0,2.0277777777777777,1972.8858333333333,14.194444444444445,298.3652,0.4931506849315068,2.0277777777777777,162.155,35998.41,0.005524861878453,9.8905591160221,74.0,2.0,Long Inactive,Medium Value,Low Frequency
CUST1569,0,52,Female,Canada,active,1,5,225.75,225.75,45.15,4.1,4,33.0,33,33,2023-08-25,2023-08-25,2020-11-24,1004,0.0290135396518375,5.0,1,1,1,4.0,225.75,45.15,0.0009950248756218,410.865,6.745517928286852,0.149402390438247,4.0,542.3417999999999,1.0,0.3635458167330677,82.07046812749005,1.8177290836653388,12.27684262948207,2.750684931506849,0.3635458167330677,6.745517928286852,7675.5,0.0009950248756218,0.408820895522388,136.0,2.0,Long Inactive,Low Value,Low Frequency
CUST1570,0,51,Male,USA,active,1,4,1064.96,1064.96,266.24,4.0,0,21.0,21,21,2023-06-11,2023-06-11,2020-10-19,965,0.0301507537688442,4.0,1,1,1,0.0,1064.96,266.24,0.0010351966873706,1916.928,33.10756476683938,0.1243523316062176,0.0,2492.0064,1.0,0.3782383419689119,402.8087046632125,1.5129533678756475,59.593616580310886,2.643835616438356,0.3782383419689119,33.10756476683938,23429.120000000003,0.0010351966873706,1.9843975155279503,0.0,2.0,Long Inactive,High Value,Low Frequency
CUST1571,0,38,Male,Pakistan,active,1,9,1151.19,1151.19,127.91,4.6,5,29.0,29,29,2023-10-04,2023-10-04,2023-02-19,227,0.1167315175097276,9.0,1,1,1,5.0,1151.19,127.91,0.0043859649122807,2210.2848,152.13964757709252,1.1894273127753303,5.0,3138.604416,1.0,1.6079295154185025,1851.0323788546257,14.47136563876652,292.1081233480176,0.6219178082191781,1.6079295154185025,152.13964757709252,34535.700000000004,0.0043859649122807,9.694231578947369,150.0,2.0,Long Inactive,High Value,Low Frequency
CUST1572,0,46,Female,UK,active,1,7,345.45,345.45,49.35,3.9,0,49.0,49,49,2025-04-14,2025-04-14,2023-05-20,695,0.0413793103448275,7.0,1,1,1,0.0,345.45,49.35,0.0014367816091954,614.901,14.911510791366906,0.302158273381295,0.0,787.07328,1.0,0.5251798561151079,181.42338129496403,3.676258992805755,26.54248920863309,1.904109589041096,0.5251798561151079,14.911510791366906,17272.5,0.0014367816091954,0.883478448275862,0.0,2.0,Long Inactive,Low Value,Low Frequency
CUST1573,0,35,Female,USA,active,1,9,114.21,114.21,12.69,4.0,4,14.0,14,14,2023-04-11,2023-04-11,2021-12-03,494,0.0572519083969465,9.0,1,1,1,4.0,114.21,12.69,0.002020202020202,205.578,6.93582995951417,0.5465587044534413,4.0,267.2514,1.0,0.7388663967611336,84.38593117408907,6.649797570850202,12.484493927125508,1.3534246575342466,0.7388663967611336,6.93582995951417,1713.15,0.002020202020202,0.4153090909090909,60.0,2.0,Long Inactive,Low Value,Low Frequency
CUST1574,0,34,Male,Pakistan,active,1,8,441.28,441.28,55.16,4.3,4,5.0,5,5,2025-05-27,2025-05-27,2021-12-15,1259,0.0232738557020946,8.0,1,1,1,4.0,441.28,55.16,0.0007936507936507,820.7807999999999,10.515011914217633,0.1906274821286735,4.0,1116.2618879999998,1.0,0.289912629070691,127.93264495631452,2.3193010325655283,19.557922160444797,3.4493150684931506,0.289912629070691,10.515011914217633,2647.68,0.0007936507936507,0.6514133333333333,24.0,2.0,Long Inactive,Low Value,Low Frequency
CUST1575,0,62,Other,Germany,active,1,8,1829.12,1829.12,228.64,4.4,4,18.0,18,18,2025-05-28,2025-05-28,2021-07-24,1404,0.0209205020920502,8.0,1,1,1,4.0,1829.12,228.64,0.0007117437722419,3438.7456,39.08376068376069,0.1709401709401709,4.0,4745.468928,1.0,0.25997150997151,475.5190883190882,2.07977207977208,73.47747008547009,3.8465753424657536,0.25997150997151,39.08376068376069,34753.28,0.0007117437722419,2.4475057651245558,76.0,2.0,Long Inactive,Very High Value,Low Frequency
CUST1576,0,56,Female,USA,active,1,3,1662.5099999999998,1662.5099999999998,554.17,4.1,4,46.0,46,46,2023-04-16,2023-04-16,2021-07-31,624,0.0458715596330275,3.0,1,1,1,4.0,1662.5099999999998,554.17,0.0016,3025.7681999999995,79.92836538461538,0.1442307692307692,4.0,3994.014023999999,1.0,0.5849358974358974,972.4617788461536,1.7548076923076923,145.46962499999998,1.7095890410958905,0.5849358974358974,79.92836538461538,78137.96999999999,0.0016,4.84122912,188.0,2.0,Long Inactive,Very High Value,Low Frequency
CUST1577,1,43,Female,UK,active,1,1,559.72,559.72,559.72,4.1,5,3.0,3,3,2021-02-06,2021-02-06,2021-04-03,0,1.0,1.0,1,1,1,5.0,559.72,559.72,1.0,1018.6904,5597.2,10.0,5.0,1344.6713279999997,1.0,365.0,204297.8,365.0,10186.904,0.0,365.0,5597.2,2238.88,1.0,1018.6904,20.0,2.0,Long Inactive,Medium Value,Low Frequency
CUST1578,0,43,Male,USA,active,1,3,958.83,958.83,319.61,4.1,4,18.0,18,18,2023-08-13,2023-08-13,2023-07-01,43,0.410958904109589,3.0,1,1,1,4.0,958.83,319.61,0.0227272727272727,1745.0706,668.9511627906977,2.0930232558139537,4.0,2303.493192,1.0,8.488372093023255,8138.905813953488,25.46511627906977,1217.4911162790695,0.1178082191780822,8.488372093023255,668.9511627906977,18217.77,0.0227272727272727,39.660695454545454,76.0,2.0,Long Inactive,Medium Value,Low Frequency
CUST1579,0,30,Other,Germany,active,1,6,429.24,429.24,71.54,4.4,0,12.0,12,12,2023-11-26,2023-11-26,2022-12-21,340,0.081081081081081,6.0,1,1,1,0.0,429.24,71.54,0.002932551319648,806.9712000000001,37.87411764705882,0.5294117647058824,0.0,1113.6202560000002,1.0,1.0735294117647058,460.8017647058824,6.441176470588236,71.20334117647059,0.9315068493150684,1.0735294117647058,37.87411764705882,5580.12,0.002932551319648,2.366484457478006,0.0,2.0,Long Inactive,Low Value,Low Frequency
CUST1580,0,46,Male,Germany,active,1,8,294.32,294.32,36.79,4.5,4,17.0,17,17,2023-04-17,2023-04-17,2020-02-11,1161,0.0251889168765743,8.0,1,1,1,4.0,294.32,36.79,0.0008605851979345,559.208,7.60516795865633,0.2067183462532299,4.0,782.8911999999999,1.0,0.3143841515934539,92.52954349698535,2.515073212747632,14.449819121447026,3.180821917808219,0.3143841515934539,7.60516795865633,5297.76,0.0008605851979345,0.4812461273666092,72.0,2.0,Long Inactive,Low Value,Low Frequency
CUST1581,0,65,Male,UK,active,1,1,1276.55,1276.55,1276.55,4.1,1,48.0,48,48,2023-03-21,2023-03-21,2022-05-23,302,0.0903614457831325,1.0,1,1,1,1.0,1276.55,1276.55,0.0033003300330033,2323.321,126.80960264900662,0.0993377483443708,1.0,3066.7837199999994,1.0,1.2086092715231789,1542.8501655629138,1.2086092715231789,230.7934768211921,0.8273972602739726,1.2086092715231789,126.80960264900662,62550.95,0.0033003300330033,7.667726072607261,49.0,2.0,Long Inactive,High Value,Low Frequency
CUST1582,1,23,Male,UK,active,1,2,1366.7,1366.7,683.35,4.2,0,10.0,10,10,2021-11-14,2021-11-14,2020-12-20,329,0.0835654596100278,2.0,1,1,1,0.0,1366.7,683.35,0.003030303030303,2514.728,124.62310030395138,0.182370820668693,0.0,3369.73552,1.0,1.109422492401216,1516.2477203647418,2.218844984802432,229.3065045592705,0.9013698630136986,1.109422492401216,124.62310030395138,15033.7,0.003030303030303,7.620387878787879,0.0,2.0,Long Inactive,High Value,Low Frequency
CUST1583,0,56,Female,Canada,cancelled,1,5,688.9499999999999,688.9499999999999,137.79,4.5,5,12.0,12,12,2024-02-21,2024-02-21,2021-09-23,881,0.0329308452250274,5.0,1,1,1,5.0,688.9499999999999,137.79,0.0011337868480725,1309.005,23.46027241770715,0.170261066969353,5.0,1832.607,1.0,0.4143019296254256,285.433314415437,2.071509648127128,44.574517593643584,2.4136986301369863,0.4143019296254256,23.46027241770715,8956.349999999999,0.0011337868480725,1.4841326530612244,65.0,2.0,Long Inactive,Medium Value,Low Frequency
CUST1584,0,62,Female,USA,active,1,4,1237.04,1237.04,309.26,4.1,5,17.0,17,17,2025-09-08,2025-09-08,2022-01-06,1341,0.0218818380743982,4.0,1,1,1,5.0,1237.04,309.26,0.0007451564828614,2251.4128,27.674272930648765,0.0894854586129753,5.0,2971.864895999999,1.0,0.2721849366144668,336.70365398956,1.0887397464578672,50.367176733780745,3.673972602739726,0.2721849366144668,27.674272930648765,22266.72,0.0007451564828614,1.6776548435171383,90.0,2.0,At Risk,High Value,Low Frequency
CUST1585,0,31,Female,Pakistan,cancelled,1,5,215.4,215.4,43.08,3.9,2,22.0,22,22,2024-10-17,2024-10-17,2022-04-22,909,0.0319488817891373,5.0,1,1,1,2.0,215.4,43.08,0.001098901098901,383.412,7.108910891089108,0.165016501650165,2.0,490.76736,1.0,0.4015401540154015,86.49174917491747,2.007700770077008,12.653861386138614,2.4904109589041097,0.4015401540154015,7.108910891089108,4954.2,0.001098901098901,0.4213318681318681,46.0,2.0,Long Inactive,Low Value,Low Frequency
CUST1586,0,67,Female,Germany,active,1,3,1977.36,1977.36,659.12,4.3,4,32.0,32,32,2025-02-01,2025-02-01,2023-06-29,583,0.0489396411092985,3.0,1,1,1,4.0,1977.36,659.12,0.0017123287671232,3677.8896,101.75094339622642,0.1543739279588336,4.0,5001.929856,1.0,0.6260720411663808,1237.9698113207548,1.8782161234991424,189.25675471698116,1.5972602739726027,0.6260720411663808,101.75094339622642,65252.880000000005,0.0017123287671232,6.297756164383562,132.0,2.0,Long Inactive,Very High Value,Low Frequency
CUST1587,1,69,Female,Canada,active,1,7,1243.6899999999998,1243.6899999999998,177.67,3.8,5,28.0,28,28,2022-08-11,2022-08-11,2022-06-13,59,0.3370786516853932,7.0,1,1,1,5.0,1243.6899999999998,177.67,0.0166666666666666,2188.8944,632.3847457627118,3.5593220338983054,5.0,2758.006944,1.0,6.186440677966101,7694.01440677966,43.30508474576271,1112.9971525423728,0.1616438356164383,6.186440677966101,632.3847457627118,36067.01,0.0166666666666666,36.48157333333333,145.0,2.0,Long Inactive,High Value,Low Frequency
CUST1588,0,65,Male,USA,paused,1,7,1505.14,1505.14,215.02,4.3,4,19.0,19,19,2023-08-05,2023-08-05,2021-03-14,874,0.0331858407079646,7.0,1,1,1,4.0,1505.14,215.02,0.0011428571428571,2799.5604,51.66384439359268,0.2402745995423341,4.0,3807.402143999999,1.0,0.4176201372997711,628.5767734553775,2.923340961098398,96.09475057208238,2.3945205479452056,0.4176201372997711,51.66384439359268,30102.800000000003,0.0011428571428571,3.1994976,80.0,2.0,Long Inactive,Very High Value,Low Frequency
CUST1589,0,51,Male,Germany,paused,1,1,978.5,978.5,978.5,4.4,4,14.0,14,14,2025-09-07,2025-09-07,2021-07-06,1524,0.0193050193050193,1.0,1,1,1,4.0,978.5,978.5,0.000655737704918,1839.58,19.261811023622048,0.0196850393700787,4.0,2538.6204,1.0,0.239501312335958,234.35203412073488,0.239501312335958,36.21220472440945,4.175342465753425,0.239501312335958,19.261811023622048,14677.5,0.000655737704918,1.2062819672131149,60.0,2.0,At Risk,Medium Value,Low Frequency
CUST1590,0,43,Male,USA,active,1,2,360.78,360.78,180.39,3.8,0,44.0,44,44,2024-11-10,2024-11-10,2020-01-10,1766,0.0167037861915367,2.0,1,1,1,0.0,360.78,180.39,0.0005659309564233,634.9728,6.128765571913929,0.0339750849377123,0.0,800.065728,1.0,0.2066817667044167,74.56664779161947,0.4133635334088335,10.786627406568517,4.838356164383562,0.2066817667044167,6.128765571913929,16235.1,0.0005659309564233,0.3593507640067911,0.0,2.0,Long Inactive,Low Value,Low Frequency
CUST1591,0,56,Female,Canada,cancelled,1,4,1103.92,1103.92,275.98,3.8,5,21.0,21,21,2023-05-12,2023-05-12,2022-09-29,225,0.1176470588235294,4.0,1,1,1,5.0,1103.92,275.98,0.0044247787610619,1942.8992,147.18933333333334,0.5333333333333333,5.0,2448.052992,1.0,1.6222222222222222,1790.8035555555557,6.488888888888889,259.05322666666666,0.6164383561643836,1.6222222222222222,147.18933333333334,24286.24,0.0044247787610619,8.596899115044248,110.0,2.0,Long Inactive,High Value,Low Frequency
CUST1592,0,30,Female,USA,active,1,7,739.41,739.41,105.63,3.5,0,36.0,36,36,2024-09-20,2024-09-20,2022-08-11,771,0.0374531835205992,7.0,1,1,1,0.0,739.41,105.63,0.0012953367875647,1256.9969999999998,28.770817120622567,0.2723735408560311,0.0,1508.3964,1.0,0.4734111543450064,350.04494163424124,3.313878080415045,48.91038910505837,2.112328767123288,0.4734111543450064,28.770817120622567,27358.17,0.0012953367875647,1.628234455958549,0.0,2.0,Long Inactive,Medium Value,Low Frequency
CUST1593,0,35,Female,India,active,1,4,1708.08,1708.08,427.02,4.4,5,35.0,35,35,2024-01-23,2024-01-23,2023-05-07,261,0.1030927835051546,4.0,1,1,1,5.0,1708.08,427.02,0.0038167938931297,3211.1904,196.33103448275864,0.4597701149425288,5.0,4431.442752,1.0,1.3984674329501916,2388.694252873563,5.593869731800766,369.1023448275863,0.7150684931506849,1.3984674329501916,196.33103448275864,61490.88,0.0038167938931297,12.256451908396944,180.0,2.0,Long Inactive,Very High Value,Low Frequency
CUST1594,0,20,Female,Germany,active,1,9,838.26,838.26,93.14,4.1,1,2.0,2,2,2025-03-04,2025-03-04,2022-04-23,1046,0.0278810408921933,9.0,1,1,1,1.0,838.26,93.14,0.0009551098376313,1525.6331999999998,24.04187380497132,0.2581261950286806,1.0,2013.8358239999995,1.0,0.3489483747609943,292.50946462715103,3.1405353728489485,43.7562103250478,2.8657534246575342,0.3489483747609943,24.04187380497132,2514.78,0.0009551098376313,1.4571472779369623,3.0,2.0,Long Inactive,Medium Value,Low Frequency
CUST1595,0,59,Other,Pakistan,paused,1,3,175.82999999999998,175.82999999999998,58.61,4.1,4,47.0,47,47,2023-03-10,2023-03-10,2022-01-18,416,0.0672645739910313,3.0,1,1,1,4.0,175.82999999999998,58.60999999999999,0.0023980815347721,320.01059999999995,12.680048076923075,0.2163461538461538,4.0,422.4139919999999,1.0,0.8774038461538461,154.27391826923076,2.6322115384615383,23.0776875,1.1397260273972605,0.8774038461538461,12.680048076923075,8439.84,0.0023980815347721,0.7674115107913667,192.0,2.0,Long Inactive,Low Value,Low Frequency
CUST1596,0,53,Female,Pakistan,cancelled,1,6,1568.22,1568.22,261.37,4.3,0,41.0,41,41,2024-02-14,2024-02-14,2023-02-01,378,0.0735294117647058,6.0,1,1,1,0.0,1568.22,261.37,0.0026385224274406,2916.8892,124.46190476190476,0.4761904761904762,0.0,3966.969312,1.0,0.9656084656084656,1514.286507936508,5.7936507936507935,231.49914285714289,1.0356164383561643,0.9656084656084656,124.46190476190476,65865.24,0.0026385224274406,7.696277572559366,0.0,2.0,Long Inactive,Very High Value,Low Frequency
CUST1597,1,66,Male,Canada,active,1,2,1395.2,1395.2,697.6,3.5,1,8.0,8,8,2021-01-28,2021-01-28,2021-01-26,2,0.9375,2.0,1,1,1,1.0,1395.2,697.6,0.3333333333333333,2371.84,13952.0,20.0,1.0,2846.208,1.0,182.5,254624.0,365.0,23718.4,0.0054794520547945,182.5,13952.0,12556.8,0.3333333333333333,790.6133333333333,9.0,2.0,Long Inactive,High Value,Low Frequency
CUST1598,0,31,Female,Pakistan,cancelled,1,3,1837.65,1837.65,612.55,4.1,5,9.0,9,9,2023-04-07,2023-04-07,2021-07-01,645,0.0444444444444444,3.0,1,1,1,5.0,1837.65,612.55,0.001547987616099,3344.523,85.47209302325581,0.1395348837209302,5.0,4414.770359999999,1.0,0.5658914728682171,1039.910465116279,1.6976744186046513,155.55920930232557,1.7671232876712328,0.5658914728682171,85.47209302325581,18376.5,0.001547987616099,5.177280185758514,50.0,2.0,Long Inactive,Very High Value,Low Frequency
CUST1599,0,59,Female,Germany,active,1,2,300.88,300.88,150.44,4.1,0,47.0,47,47,2024-06-23,2024-06-23,2022-09-08,654,0.043859649122807,2.0,1,1,1,0.0,300.88,150.44,0.0015267175572519,547.6016,13.80183486238532,0.091743119266055,0.0,722.8341119999999,1.0,0.5581039755351682,167.9223241590214,1.1162079510703364,25.119339449541283,1.7917808219178082,0.5581039755351682,13.80183486238532,14442.24,0.0015267175572519,0.8360329770992366,0.0,2.0,Long Inactive,Low Value,Low Frequency
CUST1600,0,18,Other,Germany,active,1,9,1064.07,1064.07,118.23,3.9,5,40.0,40,40,2025-02-04,2025-02-04,2023-04-07,669,0.0429184549356223,9.0,1,1,1,5.0,1064.07,118.23,0.0014925373134328,1894.0446,47.71614349775784,0.4035874439461883,5.0,2424.377088,1.0,0.5455904334828102,580.5464125560538,4.910313901345292,84.93473542600897,1.832876712328767,0.5455904334828102,47.71614349775784,43626.87,0.0014925373134328,2.82693223880597,205.0,2.0,Long Inactive,High Value,Low Frequency
CUST1601,0,57,Male,USA,active,1,1,1043.23,1043.23,1043.23,3.9,4,9.0,9,9,2024-11-04,2024-11-04,2022-07-24,834,0.0347222222222222,1.0,1,1,1,4.0,1043.23,1043.23,0.0011976047904191,1856.9494,37.52625899280576,0.0359712230215827,4.0,2376.895232,1.0,0.4376498800959232,456.56948441247,0.4376498800959232,66.79674100719424,2.2849315068493152,0.4376498800959232,37.52625899280576,10432.3,0.0011976047904191,2.223891497005988,40.0,2.0,Long Inactive,Medium Value,Low Frequency
CUST1602,0,61,Female,Germany,paused,1,3,1859.19,1859.19,619.73,4.1,0,11.0,11,11,2024-01-11,2024-01-11,2022-07-02,558,0.0510204081632653,3.0,1,1,1,0.0,1859.19,619.73,0.0017889087656529,3383.7258,99.95645161290322,0.1612903225806451,0.0,4466.518055999999,1.0,0.6541218637992832,1216.1368279569892,1.9623655913978493,181.92074193548385,1.5287671232876712,0.6541218637992832,99.95645161290322,22310.28,0.0017889087656529,6.053176744186046,0.0,2.0,Long Inactive,Very High Value,Low Frequency
CUST1603,0,58,Female,UK,active,1,3,1347.84,1347.84,449.28,4.0,1,47.0,47,47,2025-06-08,2025-06-08,2022-12-30,891,0.0325732899022801,3.0,1,1,1,1.0,1347.84,449.28,0.0011210762331838,2426.112,45.38181818181818,0.101010101010101,1.0,3153.9456,1.0,0.4096520763187429,552.1454545454545,1.228956228956229,81.68727272727273,2.441095890410959,0.4096520763187429,45.38181818181818,64696.31999999999,0.0011210762331838,2.7198565022421524,48.0,2.0,Long Inactive,High Value,Low Frequency
CUST1604,0,22,Female,Germany,active,1,1,1181.37,1181.37,1181.37,4.2,2,17.0,17,17,2025-06-06,2025-06-06,2022-04-28,1135,0.0257510729613733,1.0,1,1,1,2.0,1181.37,1181.37,0.0008802816901408,2173.7208,31.22563876651982,0.026431718061674,2.0,2912.7858720000004,1.0,0.3215859030837004,379.9119383259912,0.3215859030837004,57.45517533039647,3.1095890410958904,0.3215859030837004,31.22563876651982,21264.66,0.0008802816901408,1.91348661971831,36.0,2.0,Long Inactive,High Value,Low Frequency
CUST1605,0,53,Female,Germany,active,1,9,506.16,506.16,56.24,4.3,3,31.0,31,31,2024-11-26,2024-11-26,2023-05-06,570,0.05,9.0,1,1,1,3.0,506.16,56.24,0.0017513134851138,941.4576,26.64,0.4736842105263157,3.0,1280.382336,1.0,0.6403508771929824,324.12,5.763157894736842,49.5504,1.5616438356164384,0.6403508771929824,26.64,16197.12,0.0017513134851138,1.6487873905429071,96.0,2.0,Long Inactive,Low Value,Low Frequency
CUST1606,0,42,Male,Pakistan,active,1,4,1835.04,1835.04,458.76,4.1,1,16.0,16,16,2023-04-15,2023-04-15,2022-11-01,165,0.1538461538461538,4.0,1,1,1,1.0,1835.04,458.76,0.0060240963855421,3339.7728,333.64363636363635,0.7272727272727273,1.0,4408.500095999999,1.0,2.2121212121212124,4059.330909090909,8.84848484848485,607.2314181818182,0.4520547945205479,2.2121212121212124,333.64363636363635,31195.68,0.0060240963855421,20.11911325301205,17.0,2.0,Long Inactive,Very High Value,Low Frequency
CUST1607,1,57,Male,UK,cancelled,1,8,39.36,39.36,4.92,4.0,0,40.0,40,40,2022-01-10,2022-01-10,2022-06-02,0,1.0,8.0,1,1,1,0.0,39.36,4.92,1.0,70.848,393.6,80.0,0.0,92.1024,1.0,365.0,14366.4,2920.0,708.4799999999999,0.0,365.0,393.6,1613.76,1.0,70.848,0.0,2.0,Long Inactive,Low Value,Low Frequency
CUST1608,0,56,Female,UK,active,1,4,1259.2,1259.2,314.8,4.2,2,4.0,4,4,2024-01-17,2024-01-17,2023-06-26,205,0.1276595744680851,4.0,1,1,1,2.0,1259.2,314.8,0.0048543689320388,2316.9280000000003,184.27317073170727,0.5853658536585367,2.0,3104.6835200000005,1.0,1.7804878048780488,2241.990243902439,7.121951219512195,339.0626341463415,0.5616438356164384,1.7804878048780488,184.27317073170727,6296.0,0.0048543689320388,11.247223300970877,10.0,2.0,Long Inactive,High Value,Low Frequency
CUST1609,0,51,Female,Pakistan,paused,1,4,1901.8,1901.8,475.45,3.9,4,1.0,1,1,2023-05-20,2023-05-20,2022-08-18,275,0.0983606557377049,4.0,1,1,1,4.0,1901.8,475.45,0.0036231884057971,3385.204,207.4690909090909,0.4363636363636364,4.0,4333.06112,1.0,1.3272727272727272,2524.2072727272725,5.309090909090909,369.2949818181818,0.7534246575342466,1.3272727272727272,207.4690909090909,3803.6,0.0036231884057971,12.265231884057972,8.0,2.0,Long Inactive,Very High Value,Low Frequency
CUST1610,1,51,Male,Pakistan,active,1,2,449.64,449.64,224.82,4.3,2,28.0,28,28,2022-09-05,2022-09-05,2020-09-17,718,0.0401069518716577,2.0,1,1,1,2.0,449.64,224.82,0.0013908205841446,836.3303999999999,18.787186629526463,0.0835654596100278,2.0,1137.409344,1.0,0.5083565459610028,228.5774373259053,1.0167130919220055,34.94416713091922,1.9671232876712328,0.5083565459610028,18.787186629526463,13039.56,0.0013908205841446,1.1631855354659248,58.0,2.0,Long Inactive,Low Value,Low Frequency
CUST1611,1,20,Female,USA,active,1,2,375.92,375.92,187.96,4.2,3,32.0,32,32,2021-12-25,2021-12-25,2021-08-17,130,0.1875,2.0,1,1,1,3.0,375.92,187.96,0.0076335877862595,691.6928,86.75076923076924,0.4615384615384615,3.0,926.868352,1.0,2.807692307692308,1055.4676923076925,5.615384615384616,159.6214153846154,0.3561643835616438,2.807692307692308,86.75076923076924,12405.36,0.0076335877862595,5.280097709923664,99.0,2.0,Long Inactive,Low Value,Low Frequency
CUST1612,0,26,Male,Germany,active,1,8,988.32,988.32,123.54,4.5,4,18.0,18,18,2023-03-11,2023-03-11,2022-01-17,418,0.0669642857142857,8.0,1,1,1,4.0,988.32,123.54,0.0023866348448687,1877.808,70.93205741626795,0.5741626794258373,4.0,2628.9312,1.0,0.8732057416267943,863.0066985645934,6.9856459330143545,134.7709090909091,1.1452054794520548,0.8732057416267943,70.93205741626795,18778.08,0.0023866348448687,4.48164200477327,76.0,2.0,Long Inactive,Medium Value,Low Frequency
CUST1613,0,65,Male,India,cancelled,1,4,1537.28,1537.28,384.32,4.0,1,13.0,13,13,2023-04-25,2023-04-25,2022-11-07,169,0.1507537688442211,4.0,1,1,1,1.0,1537.28,384.32,0.0058823529411764,2767.104,272.8899408284024,0.7100591715976331,1.0,3597.2352,1.0,2.159763313609468,3320.1609467455623,8.63905325443787,491.20189349112417,0.4630136986301369,2.159763313609468,272.8899408284024,21521.92,0.0058823529411764,16.277082352941175,14.0,2.0,Long Inactive,Very High Value,Low Frequency
CUST1614,0,53,Male,USA,cancelled,1,4,633.08,633.08,158.27,4.2,5,40.0,40,40,2024-03-30,2024-03-30,2021-04-23,1072,0.0272232304900181,4.0,1,1,1,5.0,633.08,158.27,0.0009319664492078,1164.8672,17.71679104477612,0.1119402985074626,5.0,1560.9220480000004,1.0,0.3404850746268656,215.5542910447761,1.361940298507463,32.59889552238806,2.936986301369863,0.3404850746268656,17.71679104477612,25956.28,0.0009319664492078,1.0856171481826655,205.0,2.0,Long Inactive,Medium Value,Low Frequency
CUST1615,0,61,Male,Pakistan,cancelled,1,7,1764.77,1764.77,252.11,4.5,4,25.0,25,25,2024-10-08,2024-10-08,2022-10-14,725,0.0397350993377483,7.0,1,1,1,4.0,1764.77,252.11,0.0013774104683195,3353.063,73.02496551724137,0.289655172413793,4.0,4694.288199999999,1.0,0.503448275862069,888.4704137931035,3.524137931034483,138.7474344827586,1.9863013698630136,0.503448275862069,73.02496551724137,45884.02,0.0013774104683195,4.6185440771349855,104.0,2.0,Long Inactive,Very High Value,Low Frequency
CUST1616,0,26,Male,Germany,active,1,1,174.23,174.23,174.23,4.3,1,11.0,11,11,2024-09-18,2024-09-18,2022-12-27,631,0.0453857791225416,1.0,1,1,1,1.0,174.23,174.23,0.0015822784810126,324.0678,8.283518225039618,0.0475435816164817,1.0,440.7322079999999,1.0,0.5784469096671949,100.78280507131537,0.5784469096671949,15.407343898573693,1.7287671232876711,0.5784469096671949,8.283518225039618,2090.76,0.0015822784810126,0.5127655063291139,12.0,2.0,Long Inactive,Low Value,Low Frequency
CUST1617,0,36,Male,USA,active,1,6,905.34,905.34,150.89,3.9,1,28.0,28,28,2025-02-03,2025-02-03,2022-08-09,909,0.0319488817891373,6.0,1,1,1,1.0,905.34,150.89,0.001098901098901,1611.5051999999998,29.87920792079208,0.198019801980198,1.0,2062.726656,1.0,0.4015401540154015,363.5303630363036,2.4092409240924093,53.18499009900989,2.4904109589041097,0.4015401540154015,29.87920792079208,26254.86,0.001098901098901,1.770884835164835,29.0,2.0,Long Inactive,Medium Value,Low Frequency
CUST1618,0,56,Male,USA,cancelled,1,8,1359.28,1359.28,169.91,4.1,2,24.0,24,24,2024-10-26,2024-10-26,2021-04-08,1297,0.0226073850791258,8.0,1,1,1,2.0,1359.28,169.91,0.0007704160246533,2473.8895999999995,31.44055512721665,0.1850424055512721,2.0,3265.534271999999,1.0,0.2814186584425597,382.52675404780257,2.251349267540478,57.2218103315343,3.5534246575342467,0.2814186584425597,31.44055512721665,33982.0,0.0007704160246533,1.905924191063174,50.0,2.0,Long Inactive,High Value,Low Frequency
CUST1619,1,57,Male,Pakistan,active,1,4,379.24,379.24,94.81,4.3,2,33.0,33,33,2021-08-27,2021-08-27,2021-06-16,72,0.2941176470588235,4.0,1,1,1,2.0,379.24,94.81,0.0136986301369863,705.3864,158.01666666666668,1.6666666666666667,2.0,959.325504,1.0,5.069444444444445,1922.5361111111115,20.27777777777778,293.911,0.1972602739726027,5.069444444444445,158.01666666666668,12894.16,0.0136986301369863,9.662827397260273,68.0,2.0,Long Inactive,Low Value,Low Frequency
CUST1620,0,21,Female,UK,active,1,3,506.43,506.43,168.81,4.2,4,37.0,37,37,2024-09-19,2024-09-19,2022-03-29,905,0.0320855614973262,3.0,1,1,1,4.0,506.43,168.81,0.0011037527593818,931.8312,16.787734806629835,0.0994475138121546,4.0,1248.6538080000005,1.0,0.4033149171270718,204.25077348066296,1.2099447513812154,30.889432044198895,2.4794520547945207,0.4033149171270718,16.787734806629835,19244.34,0.0011037527593818,1.0285112582781455,152.0,2.0,Long Inactive,Low Value,Low Frequency
CUST1621,0,34,Female,India,active,1,1,415.64,415.64,415.64,4.2,5,13.0,13,13,2023-07-30,2023-07-30,2023-07-07,23,0.5660377358490566,1.0,1,1,1,5.0,415.64,415.64,0.0416666666666666,764.7776,542.1391304347826,1.3043478260869563,5.0,1024.8019840000002,1.0,15.869565217391305,6596.026086956521,15.869565217391305,997.536,0.0630136986301369,15.869565217391305,542.1391304347826,5818.96,0.0416666666666666,31.86573333333333,70.0,2.0,Long Inactive,Low Value,Low Frequency
CUST1622,1,23,Female,India,cancelled,1,5,121.05,121.05,24.21,4.0,5,19.0,19,19,2022-05-28,2022-05-28,2022-01-25,123,0.196078431372549,5.0,1,1,1,5.0,121.05,24.21,0.0080645161290322,217.89,29.524390243902445,1.2195121951219514,5.0,283.257,1.0,2.967479674796748,359.2134146341464,14.83739837398374,53.1439024390244,0.336986301369863,2.967479674796748,29.524390243902445,2421.0,0.0080645161290322,1.7571774193548388,100.0,2.0,Long Inactive,Low Value,Low Frequency
CUST1623,0,66,Male,USA,cancelled,1,8,1059.36,1059.36,132.42,3.9,2,14.0,14,14,2023-08-03,2023-08-03,2022-06-03,426,0.0657894736842105,8.0,1,1,1,2.0,1059.36,132.42,0.0023419203747072,1885.6608,74.60281690140845,0.5633802816901409,2.0,2413.645824,1.0,0.8568075117370891,907.6676056338026,6.854460093896713,132.79301408450704,1.167123287671233,0.8568075117370891,74.60281690140845,15890.399999999998,0.0023419203747072,4.416067447306792,30.0,2.0,Long Inactive,High Value,Low Frequency
CUST1624,0,50,Male,USA,cancelled,1,5,885.5,885.5,177.1,4.1,1,49.0,49,49,2023-04-28,2023-04-28,2021-07-01,666,0.043103448275862,5.0,1,1,1,1.0,885.5,177.1,0.0014992503748125,1611.61,39.88738738738739,0.2252252252252252,1.0,2127.3252,1.0,0.5480480480480481,485.29654654654655,2.74024024024024,72.59504504504504,1.8246575342465756,0.5480480480480481,39.88738738738739,44275.0,0.0014992503748125,2.416206896551724,50.0,2.0,Long Inactive,Medium Value,Low Frequency
CUST1625,1,64,Female,UK,active,1,7,1677.13,1677.13,239.59,4.5,2,35.0,35,35,2021-06-01,2021-06-01,2020-10-17,227,0.1167315175097276,7.0,1,1,1,2.0,1677.13,239.59,0.0043859649122807,3186.547,221.64713656387667,0.9251101321585904,2.0,4461.1658,1.0,1.6079295154185025,2696.7068281938327,11.255506607929515,421.12955947136567,0.6219178082191781,1.6079295154185025,221.64713656387667,60376.68000000001,0.0043859649122807,13.976083333333332,72.0,2.0,Long Inactive,Very High Value,Low Frequency
CUST1626,0,36,Female,India,cancelled,1,5,826.9499999999999,826.9499999999999,165.39,3.7,3,28.0,28,28,2025-03-29,2025-03-29,2021-12-21,1194,0.0245098039215686,5.0,1,1,1,3.0,826.9499999999999,165.39,0.000836820083682,1438.8929999999998,20.77763819095477,0.1256281407035176,3.0,1784.2273199999995,1.0,0.3056951423785594,252.7945979899497,1.5284757118927972,36.1530904522613,3.271232876712329,0.3056951423785594,20.77763819095477,23981.55,0.000836820083682,1.2040945606694555,87.0,2.0,Long Inactive,Medium Value,Low Frequency
CUST1627,0,62,Female,Pakistan,paused,1,2,890.88,890.88,445.44,3.5,1,28.0,28,28,2023-07-10,2023-07-10,2021-08-23,686,0.0418994413407821,2.0,1,1,1,1.0,890.88,445.44,0.0014556040756914,1514.496,38.95976676384839,0.0874635568513119,1.0,1817.3952,1.0,0.532069970845481,474.01049562682215,1.064139941690962,66.23160349854227,1.8794520547945208,0.532069970845481,38.95976676384839,25835.52,0.0014556040756914,2.2045065502183405,29.0,2.0,Long Inactive,Medium Value,Low Frequency
CUST1628,0,46,Female,Germany,cancelled,1,3,1686.87,1686.87,562.29,4.2,5,30.0,30,30,2024-04-23,2024-04-23,2021-09-22,944,0.0308008213552361,3.0,1,1,1,5.0,1686.87,562.29,0.001058201058201,3103.8408,53.608156779661016,0.0953389830508474,5.0,4159.146672,1.0,0.3866525423728813,652.2325741525423,1.159957627118644,98.63900847457629,2.5863013698630137,0.3866525423728813,53.608156779661016,52292.97,0.001058201058201,3.2844876190476198,155.0,2.0,Long Inactive,Very High Value,Low Frequency
CUST1629,0,43,Female,India,cancelled,1,8,868.48,868.48,108.56,3.5,0,10.0,10,10,2024-10-17,2024-10-17,2022-08-01,808,0.035799522673031,8.0,1,1,1,0.0,868.48,108.56,0.0012360939431396,1476.416,32.24554455445545,0.297029702970297,0.0,1771.6991999999998,1.0,0.4517326732673268,392.320792079208,3.6138613861386144,54.81742574257426,2.213698630136986,0.4517326732673268,32.24554455445545,9553.28,0.0012360939431396,1.824988875154512,0.0,2.0,Long Inactive,Medium Value,Low Frequency
CUST1630,0,67,Male,Germany,paused,1,2,1816.8,1816.8,908.4,4.3,1,46.0,46,46,2024-06-05,2024-06-05,2021-03-02,1191,0.0245700245700245,2.0,1,1,1,1.0,1816.8,908.4,0.0008389261744966,3379.248,45.763224181360194,0.0503778337531486,1.0,4595.777279999999,1.0,0.3064651553316541,556.7858942065492,0.6129303106633082,85.11959697732996,3.263013698630137,0.3064651553316541,45.763224181360194,85389.59999999999,0.0008389261744966,2.834939597315436,47.0,2.0,Long Inactive,Very High Value,Low Frequency
CUST1631,0,57,Female,Canada,active,1,1,1904.04,1904.04,1904.04,3.9,5,6.0,6,6,2024-06-29,2024-06-29,2022-07-01,729,0.0395256916996047,1.0,1,1,1,5.0,1904.04,1904.04,0.0013698630136986,3389.1912,78.35555555555555,0.0411522633744856,5.0,4338.164736000001,1.0,0.5006858710562414,953.325925925926,0.5006858710562414,139.4728888888889,1.9972602739726024,0.5006858710562414,78.35555555555555,13328.28,0.0013698630136986,4.642727671232877,35.0,2.0,Long Inactive,Very High Value,Low Frequency
CUST1632,0,46,Male,Pakistan,active,1,6,1879.5,1879.5,313.25,4.2,1,42.0,42,42,2024-01-26,2024-01-26,2021-01-11,1110,0.0263157894736842,6.0,1,1,1,1.0,1879.5,313.25,0.0009000900090009,3458.28,50.7972972972973,0.1621621621621621,1.0,4634.095200000001,1.0,0.3288288288288288,618.0337837837837,1.9729729729729728,93.46702702702704,3.041095890410959,0.3288288288288288,50.7972972972973,80818.5,0.0009000900090009,3.112763276327633,43.0,2.0,Long Inactive,Very High Value,Low Frequency
CUST1633,0,65,Male,Canada,paused,1,8,1398.88,1398.88,174.86,4.3,0,37.0,37,37,2024-01-13,2024-01-13,2023-12-08,36,0.4545454545454545,8.0,1,1,1,0.0,1398.88,174.86,0.027027027027027,2601.9168,1165.7333333333336,6.666666666666667,0.0,3538.6068479999994,1.0,10.13888888888889,14183.088888888891,81.11111111111111,2168.264,0.0986301369863013,10.13888888888889,1165.7333333333336,53157.44,0.027027027027027,70.32207567567568,0.0,2.0,Long Inactive,High Value,Low Frequency
CUST1634,1,39,Male,Canada,active,1,8,1657.76,1657.76,207.22,4.2,5,18.0,18,18,2022-08-31,2022-08-31,2021-11-13,291,0.0934579439252336,8.0,1,1,1,5.0,1657.76,207.22,0.0034246575342465,3050.2784,170.90309278350517,0.8247422680412372,5.0,4087.373056,1.0,1.254295532646048,2079.320962199313,10.034364261168385,314.4616907216495,0.7972602739726027,1.254295532646048,170.90309278350517,31497.44,0.0034246575342465,10.44615890410959,95.0,2.0,Long Inactive,Very High Value,Low Frequency
CUST1635,0,57,Female,India,active,1,4,930.04,930.04,232.51,4.0,0,40.0,40,40,2025-07-27,2025-07-27,2021-06-16,1502,0.0195822454308093,4.0,1,1,1,0.0,930.04,232.51,0.0006653359946773,1674.072,18.576031957390143,0.0798934753661784,0.0,2176.2936,1.0,0.2430093209054594,226.00838881491345,0.9720372836218376,33.43685752330226,4.115068493150685,0.2430093209054594,18.576031957390143,38131.64,0.0006653359946773,1.113820359281437,0.0,2.0,At Risk,Medium Value,Low Frequency
CUST1636,0,55,Female,Germany,active,1,9,604.71,604.71,67.19,4.1,0,25.0,25,25,2023-07-19,2023-07-19,2022-02-01,533,0.0532859680284191,9.0,1,1,1,0.0,604.71,67.19,0.0018726591760299,1100.5722,34.03621013133208,0.5065666041275798,0.0,1452.755304,1.0,0.6848030018761726,414.1072232645403,6.163227016885553,61.9459024390244,1.4602739726027398,0.6848030018761726,34.03621013133208,15722.46,0.0018726591760299,2.060996629213484,0.0,2.0,Long Inactive,Medium Value,Low Frequency
CUST1637,0,37,Male,UK,active,1,6,671.28,671.28,111.88,4.5,0,39.0,39,39,2025-07-15,2025-07-15,2021-06-19,1487,0.01977587343441,6.0,1,1,1,0.0,671.28,111.88,0.0006720430107526,1275.4319999999998,13.542972427706792,0.121049092131809,0.0,1785.6047999999996,1.0,0.2454606590450571,164.77283120376595,1.472763954270343,25.7316476126429,4.073972602739726,0.2454606590450571,13.542972427706792,26851.2,0.0006720430107526,0.8571451612903225,0.0,2.0,At Risk,Medium Value,Low Frequency
CUST1638,0,58,Female,UK,paused,1,1,924.05,924.05,924.05,4.2,3,1.0,1,1,2025-07-08,2025-07-08,2021-07-27,1442,0.0203804347826086,1.0,1,1,1,3.0,924.05,924.05,0.0006930006930006,1700.252,19.224341192787797,0.0208044382801664,3.0,2278.33768,1.0,0.2531206657420249,233.89615117891816,0.2531206657420249,35.37278779472954,3.950684931506849,0.2531206657420249,19.224341192787797,1848.1,0.0006930006930006,1.1782758142758143,6.0,2.0,At Risk,Medium Value,Low Frequency
CUST1639,1,40,Female,Pakistan,active,1,6,510.48,510.48,85.08,4.1,3,6.0,6,6,2021-09-30,2021-09-30,2021-01-23,250,0.1071428571428571,6.0,1,1,1,3.0,510.48,85.08,0.0039840637450199,929.0736,61.2576,0.72,3.0,1226.3771519999998,1.0,1.4600000000000002,745.3008000000001,8.76,111.488832,0.684931506849315,1.4600000000000002,61.2576,3573.36,0.0039840637450199,3.701488446215139,21.0,2.0,Long Inactive,Low Value,Low Frequency
CUST1640,0,69,Female,India,cancelled,1,8,1436.0,1436.0,179.5,3.9,5,33.0,33,33,2025-06-22,2025-06-22,2021-01-21,1613,0.0182592818015824,8.0,1,1,1,5.0,1436.0,179.5,0.0006195786864931,2556.08,26.70799752014879,0.1487910725356478,5.0,3271.7824,1.0,0.2262864228146311,324.9473031618103,1.810291382517049,47.54023558586485,4.419178082191781,0.2262864228146311,26.70799752014879,48824.0,0.0006195786864931,1.5836926889714993,170.0,2.0,At Risk,High Value,Low Frequency
CUST1641,1,41,Male,Germany,paused,1,4,292.6,292.6,73.15,4.3,4,49.0,49,49,2022-09-23,2022-09-23,2021-04-07,534,0.0531914893617021,4.0,1,1,1,4.0,292.6,73.15,0.0018691588785046,544.236,16.43820224719101,0.2247191011235955,4.0,740.1609599999999,1.0,0.6835205992509363,199.998127340824,2.7340823970037453,30.57505617977528,1.463013698630137,0.6835205992509363,16.43820224719101,14630.000000000002,0.0018691588785046,1.017263551401869,200.0,2.0,Long Inactive,Low Value,Low Frequency
CUST1642,0,64,Male,Pakistan,active,1,6,1083.84,1083.84,180.64,3.9,0,38.0,38,38,2025-10-07,2025-10-07,2022-11-09,1063,0.0274473924977127,6.0,1,1,1,0.0,1083.84,180.64,0.0009398496240601,1929.2352,30.58814675446849,0.1693320790216368,0.0,2469.421056,1.0,0.3433678269049859,372.1557855126999,2.060206961429915,54.44690122295391,2.912328767123288,0.3433678269049859,30.58814675446849,42269.76,0.0009398496240601,1.8131909774436088,0.0,2.0,Moderate,High Value,Low Frequency
CUST1643,0,46,Male,UK,active,1,8,1283.28,1283.28,160.41,4.0,0,10.0,10,10,2023-10-09,2023-10-09,2022-08-31,404,0.0691244239631336,8.0,1,1,1,0.0,1283.28,160.41,0.0024691358024691,2309.904,95.29306930693068,0.594059405940594,0.0,3002.8752,1.0,0.9034653465346536,1159.3990099009902,7.227722772277229,171.52752475247524,1.106849315068493,0.9034653465346536,95.29306930693068,14116.08,0.0024691358024691,5.7034666666666665,0.0,2.0,Long Inactive,High Value,Low Frequency
CUST1644,0,21,Female,Germany,active,1,9,993.51,993.51,110.39,4.0,0,28.0,28,28,2024-09-12,2024-09-12,2021-05-07,1224,0.0239234449760765,9.0,1,1,1,0.0,993.51,110.39,0.0008163265306122,1788.318,24.350735294117648,0.2205882352941176,0.0,2324.8134,1.0,0.2982026143790849,296.2672794117647,2.6838235294117645,43.83132352941177,3.3534246575342466,0.2982026143790849,24.350735294117648,28811.79,0.0008163265306122,1.4598514285714286,0.0,2.0,Long Inactive,Medium Value,Low Frequency
CUST1645,0,32,Female,Pakistan,active,1,6,1213.32,1213.32,202.22,3.5,2,46.0,46,46,2025-07-28,2025-07-28,2021-11-29,1337,0.021945866861741,6.0,1,1,1,2.0,1213.32,202.22,0.0007473841554559,2062.644,27.224831712789825,0.1346297681376215,2.0,2475.1728,1.0,0.2729992520568436,331.23545250560954,1.637995512341062,46.2822139117427,3.663013698630137,0.2729992520568436,27.224831712789825,57026.03999999999,0.0007473841554559,1.5415874439461883,94.0,2.0,At Risk,High Value,Low Frequency
CUST1646,0,19,Male,Pakistan,active,1,8,1177.68,1177.68,147.21,4.3,4,13.0,13,13,2023-11-21,2023-11-21,2022-04-09,591,0.0483091787439613,8.0,1,1,1,4.0,1177.68,147.21,0.0016891891891891,2190.4848,59.78071065989848,0.4060913705583756,4.0,2979.059328,1.0,0.6175972927241963,727.3319796954315,4.94077834179357,111.1921218274112,1.6191780821917807,0.6175972927241963,59.78071065989848,16487.52,0.0016891891891891,3.700143243243244,56.0,2.0,Long Inactive,High Value,Low Frequency
CUST1647,0,52,Female,UK,paused,1,2,422.16,422.16,211.08,3.8,3,16.0,16,16,2025-09-07,2025-09-07,2021-06-24,1536,0.0191570881226053,2.0,1,1,1,3.0,422.16,211.08,0.0006506180871828,743.0016,8.2453125,0.0390625,3.0,936.182016,1.0,0.2376302083333333,100.31796875000002,0.4752604166666667,14.51175,4.208219178082191,0.2376302083333333,8.2453125,7176.72,0.0006506180871828,0.4834102797657775,51.0,2.0,At Risk,Low Value,Low Frequency
CUST1648,0,24,Male,USA,paused,1,8,461.84,461.84,57.73,4.4,0,25.0,25,25,2023-07-19,2023-07-19,2021-10-08,649,0.0441826215022091,8.0,1,1,1,0.0,461.84,57.73,0.0015384615384615,868.2592,21.34853620955316,0.3697996918335901,0.0,1198.197696,1.0,0.5624036979969184,259.74052388289675,4.499229583975347,40.135248073959936,1.7780821917808218,0.5624036979969184,21.34853620955316,12007.84,0.0015384615384615,1.3357833846153846,0.0,2.0,Long Inactive,Low Value,Low Frequency
CUST1649,0,66,Female,USA,cancelled,1,2,1572.16,1572.16,786.08,3.7,2,19.0,19,19,2023-09-30,2023-09-30,2020-12-27,1007,0.0289296046287367,2.0,1,1,1,2.0,1572.16,786.08,0.0009920634920634,2735.5584000000003,46.83694141012909,0.0595829195630585,2.0,3392.0924160000004,1.0,0.362462760675273,569.8494538232374,0.7249255213505461,81.49627805362464,2.758904109589041,0.362462760675273,46.83694141012909,31443.2,0.0009920634920634,2.7138476190476197,40.0,2.0,Long Inactive,Very High Value,Low Frequency
CUST1650,0,43,Female,USA,active,1,8,621.36,621.36,77.67,4.4,4,37.0,37,37,2023-10-29,2023-10-29,2021-06-26,855,0.0338983050847457,8.0,1,1,1,4.0,621.36,77.67,0.0011682242990654,1168.1568000000002,21.80210526315789,0.2807017543859649,4.0,1612.0563840000004,1.0,0.4269005847953216,265.25894736842105,3.415204678362573,40.98795789473685,2.3424657534246576,0.4269005847953216,21.80210526315789,23611.68,0.0011682242990654,1.3646691588785047,152.0,2.0,Long Inactive,Medium Value,Low Frequency
CUST1651,1,25,Male,UK,active,1,3,256.20000000000005,256.20000000000005,85.4,4.4,5,49.0,49,49,2022-09-13,2022-09-13,2022-04-15,151,0.1657458563535911,3.0,1,1,1,5.0,256.20000000000005,85.40000000000002,0.006578947368421,481.6560000000001,50.90066225165564,0.5960264900662252,5.0,664.6852800000003,1.0,2.4172185430463573,619.2913907284769,7.251655629139073,95.6932450331126,0.4136986301369863,2.4172185430463573,50.90066225165564,12810.000000000002,0.006578947368421,3.1687894736842117,250.0,2.0,Long Inactive,Low Value,Low Frequency
CUST1652,0,59,Male,USA,active,1,1,1165.65,1165.65,1165.65,4.4,1,28.0,28,28,2024-11-07,2024-11-07,2023-02-24,622,0.0460122699386503,1.0,1,1,1,1.0,1165.65,1165.65,0.0016051364365971,2191.4220000000005,56.22106109324759,0.0482315112540192,1.0,3024.1623600000007,1.0,0.5868167202572346,684.0229099678456,0.5868167202572346,105.69559485530549,1.704109589041096,0.5868167202572346,56.22106109324759,33803.850000000006,0.0016051364365971,3.517531300160514,29.0,2.0,Long Inactive,High Value,Low Frequency
CUST1653,1,47,Male,UK,active,1,7,343.42,343.42,49.06,4.2,4,20.0,20,20,2021-12-14,2021-12-14,2021-08-28,108,0.2173913043478261,7.0,1,1,1,4.0,343.42,49.06,0.0091743119266055,631.8928000000001,95.39444444444445,1.9444444444444444,4.0,846.7363520000001,1.0,3.3796296296296298,1160.6324074074075,23.65740740740741,175.5257777777778,0.2958904109589041,3.3796296296296298,95.39444444444445,7211.820000000001,0.0091743119266055,5.797181651376148,84.0,2.0,Long Inactive,Low Value,Low Frequency
CUST1654,0,46,Female,Canada,active,1,3,494.94,494.94,164.98,4.5,4,21.0,21,21,2024-07-14,2024-07-14,2023-01-27,534,0.0531914893617021,3.0,1,1,1,4.0,494.94,164.98,0.0018691588785046,940.386,27.805617977528087,0.1685393258426966,4.0,1316.5403999999996,1.0,0.6835205992509363,338.3016853932584,2.050561797752809,52.83067415730336,1.463013698630137,0.6835205992509363,27.805617977528087,10888.679999999998,0.0018691588785046,1.7577308411214951,88.0,2.0,Long Inactive,Low Value,Low Frequency
CUST1655,0,56,Male,Canada,cancelled,1,3,859.29,859.29,286.43,3.8,3,16.0,16,16,2024-03-19,2024-03-19,2023-12-07,103,0.225563909774436,3.0,1,1,1,3.0,859.29,286.43,0.0096153846153846,1512.3504,250.27864077669904,0.8737864077669903,3.0,1905.561504,1.0,3.5436893203883493,3045.0567961165048,10.631067961165048,440.4904077669903,0.2821917808219178,3.5436893203883493,250.27864077669904,14607.93,0.0096153846153846,14.54183076923077,51.0,2.0,Long Inactive,Medium Value,Low Frequency
CUST1656,0,36,Female,Pakistan,active,1,4,334.96,334.96,83.74,3.8,1,34.0,34,34,2023-05-25,2023-05-25,2020-10-29,938,0.03099173553719,4.0,1,1,1,1.0,334.96,83.74,0.0010649627263045,589.5296,10.713006396588488,0.1279317697228145,1.0,742.807296,1.0,0.3891257995735608,130.3415778251599,1.5565031982942432,18.85489125799573,2.56986301369863,0.3891257995735608,10.713006396588488,11723.6,0.0010649627263045,0.6278270500532481,35.0,2.0,Long Inactive,Low Value,Low Frequency
CUST1657,0,31,Female,Canada,active,1,5,980.8,980.8,196.16,4.1,0,47.0,47,47,2025-01-19,2025-01-19,2023-09-01,506,0.0559701492537313,5.0,1,1,1,0.0,980.8,196.16,0.0019723865877712,1785.0559999999998,58.15019762845849,0.2964426877470356,0.0,2356.27392,1.0,0.7213438735177865,707.494071146245,3.6067193675889326,105.83335968379446,1.3863013698630138,0.7213438735177865,58.15019762845849,47078.4,0.0019723865877712,3.520820512820513,0.0,2.0,Long Inactive,Medium Value,Low Frequency
CUST1658,0,39,Female,India,active,1,2,1389.86,1389.86,694.93,4.1,0,22.0,22,22,2023-08-16,2023-08-16,2023-03-24,145,0.1714285714285714,2.0,1,1,1,0.0,1389.86,694.93,0.0068493150684931,2529.5452,287.5572413793104,0.4137931034482759,0.0,3338.999663999999,1.0,2.5172413793103448,3498.613103448276,5.0344827586206895,523.3541793103448,0.3972602739726027,2.5172413793103448,287.5572413793104,31966.78,0.0068493150684931,17.325652054794517,0.0,2.0,Long Inactive,High Value,Low Frequency
CUST1659,0,56,Female,Canada,active,1,2,934.56,934.56,467.28,4.4,4,34.0,34,34,2025-01-20,2025-01-20,2020-09-29,1574,0.0187032418952618,2.0,1,1,1,4.0,934.56,467.28,0.0006349206349206,1756.9728,17.812452350698855,0.0381194409148665,4.0,2424.622464,1.0,0.2318932655654383,216.71817026683607,0.4637865311308767,33.487410419313846,4.312328767123288,0.2318932655654383,17.812452350698855,32709.6,0.0006349206349206,1.1155382857142857,140.0,2.0,Long Inactive,Medium Value,Low Frequency
CUST1660,0,60,Male,Pakistan,active,1,9,1315.53,1315.53,146.17,3.8,2,18.0,18,18,2024-11-15,2024-11-15,2023-08-01,472,0.0597609561752988,9.0,1,1,1,2.0,1315.53,146.17,0.0021141649048625,2315.3328,83.61419491525425,0.5720338983050848,2.0,2917.319328,1.0,0.7733050847457626,1017.3060381355932,6.959745762711864,147.16098305084748,1.2931506849315069,0.7733050847457626,83.61419491525425,24995.07,0.0021141649048625,4.8949953488372095,38.0,2.0,Long Inactive,High Value,Low Frequency
CUST1661,1,32,Female,UK,active,1,7,292.32,292.32,41.76,4.2,3,41.0,41,41,2022-08-06,2022-08-06,2021-05-27,436,0.0643776824034334,7.0,1,1,1,3.0,292.32,41.76,0.0022883295194508,537.8688,20.11376146788991,0.481651376146789,3.0,720.744192,1.0,0.8371559633027523,244.7174311926605,5.860091743119266,37.00932110091743,1.1945205479452057,0.8371559633027523,20.11376146788991,12277.44,0.0022883295194508,1.2308210526315788,126.0,2.0,Long Inactive,Low Value,Low Frequency
CUST1662,0,57,Female,UK,paused,1,8,891.6,891.6,111.45,4.1,4,39.0,39,39,2025-02-16,2025-02-16,2020-10-17,1583,0.0185988840669559,8.0,1,1,1,4.0,891.6,111.45,0.0006313131313131,1622.712,16.89703095388503,0.1516108654453569,4.0,2141.9798399999995,1.0,0.2305748578648136,205.58054327226785,1.8445988629185093,30.752596336070752,4.336986301369863,0.2305748578648136,16.89703095388503,35664.0,0.0006313131313131,1.024439393939394,160.0,2.0,Long Inactive,Medium Value,Low Frequency
CUST1663,0,40,Female,Canada,active,1,2,1671.12,1671.12,835.56,4.4,1,10.0,10,10,2025-03-21,2025-03-21,2020-08-23,1671,0.0176366843033509,2.0,1,1,1,1.0,1671.12,835.56,0.0005980861244019,3141.7056,30.00215439856373,0.0359066427289048,1.0,4335.553728,1.0,0.2184320766008378,365.0262118491921,0.4368641532016756,56.404050269299816,4.578082191780822,0.2184320766008378,30.00215439856373,18382.32,0.0005980861244019,1.8790105263157888,11.0,2.0,Long Inactive,Very High Value,Low Frequency
CUST1664,0,21,Female,India,paused,1,3,1982.34,1982.34,660.78,4.1,2,8.0,8,8,2025-03-23,2025-03-23,2023-10-04,536,0.0530035335689045,3.0,1,1,1,2.0,1982.34,660.78,0.0018621973929236,3607.8588,110.95186567164178,0.167910447761194,2.0,4762.373615999999,1.0,0.6809701492537313,1349.9143656716417,2.042910447761194,201.932395522388,1.4684931506849317,0.6809701492537313,110.95186567164178,17841.059999999998,0.0018621973929236,6.718545251396647,18.0,2.0,Long Inactive,Very High Value,Low Frequency
CUST1665,0,42,Female,Germany,active,1,6,900.6600000000001,900.6600000000001,150.11,4.1,1,49.0,49,49,2023-09-09,2023-09-09,2022-06-04,462,0.0609756097560975,6.0,1,1,1,1.0,900.6600000000001,150.11,0.0021598272138228,1639.2012,58.48441558441559,0.3896103896103896,1.0,2163.745584,1.0,0.7900432900432901,711.5603896103897,4.740259740259741,106.44163636363636,1.2657534246575342,0.7900432900432901,58.48441558441559,45033.00000000001,0.0021598272138228,3.540391360691145,50.0,2.0,Long Inactive,Medium Value,Low Frequency
CUST1666,0,20,Male,Germany,cancelled,1,2,566.52,566.52,283.26,3.5,0,49.0,49,49,2024-05-31,2024-05-31,2023-12-06,177,0.144927536231884,2.0,1,1,1,0.0,566.52,283.26,0.0056179775280898,963.084,96.02033898305083,0.3389830508474576,0.0,1155.7007999999998,1.0,2.062146892655367,1168.2474576271186,4.124293785310734,163.23457627118643,0.4849315068493151,2.062146892655367,96.02033898305083,28326.0,0.0056179775280898,5.4105842696629205,0.0,2.0,Long Inactive,Medium Value,Low Frequency
CUST1667,0,32,Male,Canada,active,1,1,986.68,986.68,986.68,3.6,0,29.0,29,29,2023-06-24,2023-06-24,2023-06-01,23,0.5660377358490566,1.0,1,1,1,0.0,986.68,986.68,0.0416666666666666,1697.0895999999998,1286.9739130434782,1.3043478260869563,0.0,2070.449312,1.0,15.869565217391305,15658.18260869565,15.869565217391305,2213.5951304347823,0.0630136986301369,15.869565217391305,1286.9739130434782,29600.4,0.0416666666666666,70.71206666666666,0.0,2.0,Long Inactive,Medium Value,Low Frequency
CUST1668,0,32,Female,UK,cancelled,1,6,1015.44,1015.44,169.24,4.3,2,7.0,7,7,2024-05-24,2024-05-24,2022-04-18,767,0.0376411543287327,6.0,1,1,1,2.0,1015.44,169.24,0.0013020833333333,1888.7184,39.71734028683181,0.2346805736636245,2.0,2568.657024,1.0,0.4758800521512386,483.2276401564537,2.855280312907432,73.87425293350717,2.1013698630136988,0.4758800521512386,39.71734028683181,8123.52,0.0013020833333333,2.45926875,16.0,2.0,Long Inactive,Medium Value,Low Frequency
CUST1669,0,50,Male,Germany,cancelled,1,9,1729.89,1729.89,192.21,3.8,4,10.0,10,10,2025-07-13,2025-07-13,2020-12-15,1671,0.0176366843033509,9.0,1,1,1,4.0,1729.89,192.21,0.0005980861244019,3044.6064,31.057271095152604,0.1615798922800718,4.0,3836.204064,1.0,0.2184320766008378,377.86346499102336,1.9658886894075405,54.66079712746858,4.578082191780822,0.2184320766008378,31.057271095152604,19028.79,0.0005980861244019,1.8209368421052632,44.0,2.0,At Risk,Very High Value,Low Frequency
CUST1670,0,30,Male,UK,active,1,9,251.73,251.73,27.97,4.0,3,14.0,14,14,2023-11-07,2023-11-07,2022-09-23,410,0.0681818181818181,9.0,1,1,1,3.0,251.73,27.97,0.0024330900243309,453.114,18.41926829268293,0.6585365853658537,3.0,589.0482,1.0,0.8902439024390244,224.1010975609756,8.012195121951219,33.15468292682927,1.1232876712328768,0.8902439024390244,18.41926829268293,3775.95,0.0024330900243309,1.1024671532846717,45.0,2.0,Long Inactive,Low Value,Low Frequency
CUST1671,0,53,Female,Pakistan,cancelled,1,6,1024.44,1024.44,170.74,3.9,4,39.0,39,39,2023-03-03,2023-03-03,2022-06-12,264,0.1020408163265306,6.0,1,1,1,4.0,1024.44,170.74,0.0037735849056603,1823.5032,116.41363636363636,0.6818181818181818,4.0,2334.084096,1.0,1.3825757575757576,1416.365909090909,8.295454545454545,207.21627272727272,0.7232876712328767,1.3825757575757576,116.41363636363636,40977.600000000006,0.0037735849056603,6.881144150943396,160.0,2.0,Long Inactive,Medium Value,Low Frequency
CUST1672,0,56,Female,Pakistan,cancelled,1,5,624.85,624.85,124.97,4.1,1,21.0,21,21,2023-02-18,2023-02-18,2022-08-19,183,0.1408450704225352,5.0,1,1,1,1.0,624.85,124.97,0.0054347826086956,1137.227,102.4344262295082,0.819672131147541,1.0,1501.1396399999996,1.0,1.9945355191256828,1246.285519125683,9.972677595628417,186.4306557377049,0.5013698630136987,1.9945355191256828,102.4344262295082,13746.7,0.0054347826086956,6.180581521739129,22.0,2.0,Long Inactive,Medium Value,Low Frequency
CUST1673,1,48,Female,Pakistan,paused,1,7,547.3299999999999,547.3299999999999,78.19,4.3,2,30.0,30,30,2022-06-07,2022-06-07,2021-03-12,452,0.0622406639004149,7.0,1,1,1,2.0,547.3299999999999,78.18999999999998,0.0022075055187637,1018.0337999999998,36.32721238938053,0.4646017699115044,2.0,1384.5259679999997,1.0,0.8075221238938053,441.9810840707964,5.652654867256637,67.56861504424778,1.2383561643835617,0.8075221238938053,36.32721238938053,16967.229999999996,0.0022075055187637,2.247315231788079,62.0,2.0,Long Inactive,Low Value,Low Frequency
CUST1674,0,25,Male,USA,active,1,5,1505.35,1505.35,301.07,4.4,5,10.0,10,10,2025-01-31,2025-01-31,2023-02-21,710,0.0405405405405405,5.0,1,1,1,5.0,1505.35,301.07,0.0014064697609001,2830.058,63.606338028169006,0.2112676056338028,5.0,3905.48004,1.0,0.5140845070422535,773.8771126760563,2.5704225352112675,119.57991549295774,1.9452054794520548,0.5140845070422535,63.606338028169006,16558.85,0.0014064697609001,3.9803909985935295,55.0,2.0,Long Inactive,Very High Value,Low Frequency
CUST1675,0,42,Male,USA,paused,1,5,259.05,259.05,51.81,4.3,4,31.0,31,31,2023-04-09,2023-04-09,2022-04-10,364,0.0761421319796954,5.0,1,1,1,4.0,259.05,51.81,0.0027397260273972,481.833,21.350274725274726,0.4120879120879121,4.0,655.2928799999999,1.0,1.0027472527472527,259.7616758241758,5.013736263736264,39.71151098901099,0.9972602739726028,1.0027472527472527,21.350274725274726,8289.6,0.0027397260273972,1.320090410958904,128.0,2.0,Long Inactive,Low Value,Low Frequency
CUST1676,0,28,Female,India,cancelled,1,2,1635.1,1635.1,817.55,4.3,0,1.0,1,1,2023-03-18,2023-03-18,2022-05-10,312,0.087719298245614,2.0,1,1,1,0.0,1635.1,817.55,0.0031948881789137,3041.286,157.22115384615384,0.1923076923076923,0.0,4136.14896,1.0,1.1698717948717947,1912.857371794872,2.339743589743589,292.4313461538461,0.8547945205479452,1.1698717948717947,157.22115384615384,3270.2,0.0031948881789137,9.716568690095844,0.0,2.0,Long Inactive,Very High Value,Low Frequency
CUST1677,0,20,Male,USA,cancelled,1,2,940.8,940.8,470.4,4.1,2,19.0,19,19,2025-11-04,2025-11-04,2023-07-23,835,0.0346820809248554,2.0,1,1,1,2.0,940.8,470.4,0.0011961722488038,1712.256,33.80119760479042,0.0718562874251497,2.0,2260.17792,1.0,0.437125748502994,411.2479041916168,0.8742514970059881,61.51817964071856,2.287671232876712,0.437125748502994,33.80119760479042,18816.0,0.0011961722488038,2.0481531100478465,40.0,2.0,Recent,Medium Value,Low Frequency
CUST1678,0,52,Female,Canada,paused,1,6,1464.84,1464.84,244.14,4.4,2,10.0,10,10,2024-05-18,2024-05-18,2023-02-06,467,0.0603621730382293,6.0,1,1,1,2.0,1464.84,244.14,0.0021367521367521,2753.8992,94.10107066381156,0.3854389721627409,2.0,3800.380896,1.0,0.7815845824411135,1144.8963597430406,4.689507494646681,176.91001284796573,1.2794520547945205,0.7815845824411135,94.10107066381156,16113.24,0.0021367521367521,5.8844,22.0,2.0,Long Inactive,High Value,Low Frequency
CUST1679,1,66,Female,Pakistan,active,1,3,285.6,285.6,95.2,4.4,2,6.0,6,6,2021-09-17,2021-09-17,2021-06-26,83,0.2654867256637168,3.0,1,1,1,2.0,285.6,95.2,0.0119047619047619,536.9280000000001,103.2289156626506,1.0843373493975903,2.0,740.9606400000002,1.0,4.397590361445783,1255.9518072289156,13.192771084337348,194.0703614457832,0.2273972602739726,4.397590361445783,103.2289156626506,1999.2000000000005,0.0119047619047619,6.392000000000001,14.0,2.0,Long Inactive,Low Value,Low Frequency
CUST1680,0,57,Male,Canada,active,1,2,1341.32,1341.32,670.66,3.8,2,24.0,24,24,2025-02-18,2025-02-18,2023-05-23,637,0.0449775112443778,2.0,1,1,1,2.0,1341.32,670.66,0.0015673981191222,2360.7232,63.170486656200936,0.0941915227629513,2.0,2974.511232,1.0,0.5729984301412873,768.5742543171114,1.1459968602825743,111.18005651491364,1.7452054794520548,0.5729984301412873,63.170486656200936,33533.0,0.0015673981191222,3.700193103448276,50.0,2.0,Long Inactive,High Value,Low Frequency
CUST1681,0,40,Male,India,active,1,1,213.06,213.06,213.06,3.8,3,13.0,13,13,2024-01-17,2024-01-17,2022-06-28,568,0.0501672240802675,1.0,1,1,1,3.0,213.06,213.06,0.0017574692442882,374.9856,11.253169014084508,0.0528169014084507,3.0,472.4818560000001,1.0,0.6426056338028169,136.91355633802817,0.6426056338028169,19.805577464788733,1.556164383561644,0.6426056338028169,11.253169014084508,2982.84,0.0017574692442882,0.6590256590509667,42.0,2.0,Long Inactive,Low Value,Low Frequency
CUST1682,1,39,Female,India,active,1,8,291.6,291.6,36.45,4.0,5,48.0,48,48,2022-10-17,2022-10-17,2021-03-03,593,0.0481540930979133,8.0,1,1,1,5.0,291.6,36.45,0.0016835016835016,524.8800000000001,14.752107925801011,0.4047217537942664,5.0,682.3440000000002,1.0,0.6155143338954469,179.48397976391232,4.924114671163575,26.553794266441827,1.6246575342465754,0.6155143338954469,14.752107925801011,14288.4,0.0016835016835016,0.8836363636363638,245.0,2.0,Long Inactive,Low Value,Low Frequency
CUST1683,0,63,Male,India,active,1,7,24.71,24.71,3.53,4.4,4,15.0,15,15,2024-07-15,2024-07-15,2020-11-10,1343,0.021849963583394,7.0,1,1,1,4.0,24.71,3.53,0.0007440476190476,46.4548,0.5519731943410275,0.1563663440059568,4.0,64.107624,1.0,0.2717795979151154,6.715673864482501,1.902457185405808,1.037709605361132,3.67945205479452,0.2717795979151154,0.5519731943410275,395.36,0.0007440476190476,0.0345645833333333,64.0,2.0,Long Inactive,Low Value,Low Frequency
CUST1684,0,40,Male,India,active,1,1,1951.85,1951.85,1951.85,4.4,1,24.0,24,24,2025-04-03,2025-04-03,2022-04-13,1086,0.0268817204301075,1.0,1,1,1,1.0,1951.85,1951.85,0.0009199632014719,3669.478,53.91850828729281,0.0276243093922651,1.0,5063.87964,1.0,0.3360957642725598,656.008517495396,0.3360957642725598,101.36679558011048,2.9753424657534246,0.3360957642725598,53.91850828729281,48796.25,0.0009199632014719,3.3757847286108555,25.0,2.0,Long Inactive,Very High Value,Low Frequency
CUST1685,1,64,Female,USA,active,1,6,74.34,74.34,12.39,4.5,3,1.0,1,1,2023-01-25,2023-01-25,2022-09-03,144,0.1724137931034483,6.0,1,1,1,3.0,74.34,12.39,0.0068965517241379,141.246,15.4875,1.25,3.0,197.7444,1.0,2.5347222222222223,188.43125,15.208333333333334,29.426250000000003,0.3945205479452054,2.5347222222222223,15.4875,148.68,0.0068965517241379,0.9741103448275864,6.0,2.0,Long Inactive,Low Value,Low Frequency
CUST1686,1,39,Female,Pakistan,paused,1,3,85.44,85.44,28.48,4.0,1,15.0,15,15,2021-03-26,2021-03-26,2021-06-01,0,1.0,3.0,1,1,1,1.0,85.44,28.48,1.0,153.792,854.4,30.0,1.0,199.9296,1.0,365.0,31185.6,1095.0,1537.9199999999998,0.0,365.0,854.4,1367.04,1.0,153.792,16.0,2.0,Long Inactive,Low Value,Low Frequency
CUST1687,0,48,Male,Canada,active,1,2,1707.94,1707.94,853.97,4.0,0,14.0,14,14,2024-08-25,2024-08-25,2022-03-15,894,0.0324675324675324,2.0,1,1,1,0.0,1707.94,853.97,0.0011173184357541,3074.2920000000004,57.31342281879195,0.0671140939597315,0.0,3996.579600000001,1.0,0.4082774049217002,697.3133109619687,0.8165548098434005,103.16416107382553,2.4493150684931506,0.4082774049217002,57.31342281879195,25619.1,0.0011173184357541,3.43496312849162,0.0,2.0,Long Inactive,Very High Value,Low Frequency
CUST1688,0,34,Male,USA,active,1,4,597.96,597.96,149.49,4.3,4,33.0,33,33,2024-11-23,2024-11-23,2020-10-24,1491,0.019723865877712,4.0,1,1,1,4.0,597.96,149.49,0.0006702412868632,1112.2056,12.03138832997988,0.0804828973843058,4.0,1512.599616,1.0,0.2448021462105969,146.38189134808852,0.9792085848423876,22.378382293762574,4.084931506849316,0.2448021462105969,12.03138832997988,20330.64,0.0006702412868632,0.7454461126005362,136.0,2.0,Long Inactive,Medium Value,Low Frequency
CUST1689,1,42,Male,USA,cancelled,1,3,139.98,139.98,46.66,4.2,3,24.0,24,24,2021-12-30,2021-12-30,2021-05-07,237,0.1123595505617977,3.0,1,1,1,3.0,139.98,46.66,0.0042016806722689,257.5632,17.71898734177215,0.3797468354430379,3.0,345.13468800000004,1.0,1.540084388185654,215.58101265822785,4.620253164556962,32.60293670886076,0.6493150684931507,1.540084388185654,17.71898734177215,3499.4999999999995,0.0042016806722689,1.082198319327731,75.0,2.0,Long Inactive,Low Value,Low Frequency
CUST1690,0,43,Male,UK,paused,1,9,1171.71,1171.71,130.19,3.8,4,44.0,44,44,2023-09-11,2023-09-11,2023-05-18,116,0.2054794520547945,9.0,1,1,1,4.0,1171.71,130.19,0.0085470085470085,2062.2096,303.0284482758621,2.327586206896552,4.0,2598.384096,1.0,3.1465517241379306,3686.846120689655,28.318965517241377,533.3300689655173,0.3178082191780822,3.1465517241379306,303.0284482758621,52726.95,0.0085470085470085,17.62572307692308,180.0,2.0,Long Inactive,High Value,Low Frequency
CUST1691,0,24,Female,USA,active,1,3,1584.6,1584.6,528.2,4.3,1,11.0,11,11,2024-02-07,2024-02-07,2021-04-16,1027,0.0283822138126773,3.0,1,1,1,1.0,1584.6,528.2,0.0009727626459143,2947.356,46.28821811100293,0.0876338851022395,1.0,4008.40416,1.0,0.3554040895813047,563.1733203505356,1.0662122687439144,86.09608568646544,2.813698630136986,0.3554040895813047,46.28821811100293,19015.2,0.0009727626459143,2.8670778210116734,12.0,2.0,Long Inactive,Very High Value,Low Frequency
CUST1692,0,35,Male,USA,active,1,7,1324.26,1324.26,189.18,4.1,0,19.0,19,19,2023-03-30,2023-03-30,2021-05-25,674,0.0426136363636363,7.0,1,1,1,0.0,1324.26,189.18,0.0014814814814814,2410.1532,58.9433234421365,0.3115727002967359,0.0,3181.4022239999995,1.0,0.5415430267062314,717.143768545994,3.79080118694362,107.27684866468844,1.8465753424657532,0.5415430267062314,58.9433234421365,26485.2,0.0014814814814814,3.5705973333333327,0.0,2.0,Long Inactive,High Value,Low Frequency
CUST1693,0,51,Female,India,active,1,6,273.72,273.72,45.62,4.3,4,38.0,38,38,2024-01-17,2024-01-17,2022-10-02,472,0.0597609561752988,6.0,1,1,1,4.0,273.72,45.62,0.0021141649048625,509.1191999999999,17.397457627118644,0.3813559322033898,4.0,692.4021119999999,1.0,0.7733050847457626,211.6690677966101,4.639830508474576,32.35927118644067,1.2931506849315069,0.7733050847457626,17.397457627118644,10675.079999999998,0.0021141649048625,1.0763619450317123,156.0,2.0,Long Inactive,Low Value,Low Frequency
CUST1694,0,65,Male,Canada,cancelled,1,5,432.65,432.65,86.53,4.0,4,30.0,30,30,2024-04-19,2024-04-19,2021-05-13,1072,0.0272232304900181,5.0,1,1,1,4.0,432.65,86.53,0.0009319664492078,778.77,12.107742537313433,0.1399253731343283,4.0,1012.401,1.0,0.3404850746268656,147.31086753731344,1.7024253731343284,21.793936567164177,2.936986301369863,0.3404850746268656,12.107742537313433,13412.15,0.0009319664492078,0.7257875116495806,124.0,2.0,Long Inactive,Low Value,Low Frequency
CUST1695,0,39,Female,Pakistan,cancelled,1,9,174.33,174.33,19.37,4.3,4,22.0,22,22,2024-05-09,2024-05-09,2023-02-16,448,0.0627615062761506,9.0,1,1,1,4.0,174.33,19.37,0.0022271714922048,324.2538,11.67388392857143,0.6026785714285714,4.0,440.985168,1.0,0.8147321428571428,142.03225446428573,7.332589285714286,21.713424107142856,1.227397260273973,0.8147321428571428,11.67388392857143,4009.59,0.0022271714922048,0.7221688195991092,92.0,2.0,Long Inactive,Low Value,Low Frequency
CUST1696,1,65,Male,Canada,cancelled,1,3,1070.67,1070.67,356.89,4.2,5,11.0,11,11,2022-11-27,2022-11-27,2021-09-29,424,0.066079295154185,3.0,1,1,1,5.0,1070.67,356.89000000000004,0.0023529411764705,1970.0328,75.75495283018869,0.2122641509433962,5.0,2639.843952,1.0,0.8608490566037736,921.6852594339624,2.582547169811321,139.38911320754718,1.1616438356164382,0.8608490566037736,75.75495283018869,12848.04,0.0023529411764705,4.635371294117647,60.0,2.0,Long Inactive,High Value,Low Frequency
CUST1697,1,47,Female,UK,active,1,9,1976.22,1976.22,219.58,4.0,4,14.0,14,14,2021-11-08,2021-11-08,2020-04-09,578,0.0493421052631578,9.0,1,1,1,4.0,1976.22,219.58,0.001727115716753,3557.196,102.5719723183391,0.4671280276816609,4.0,4624.3548,1.0,0.6314878892733564,1247.9589965397925,5.683391003460208,184.6295501730104,1.5835616438356164,0.6314878892733564,102.5719723183391,29643.3,0.001727115716753,6.143689119170984,60.0,2.0,Long Inactive,Very High Value,Low Frequency
CUST1698,0,31,Male,UK,active,1,1,1371.02,1371.02,1371.02,4.4,4,3.0,3,3,2025-07-19,2025-07-19,2021-12-26,1301,0.0225394440270473,1.0,1,1,1,4.0,1371.02,1371.02,0.0007680491551459,2577.5176,31.614604150653346,0.0230591852421214,4.0,3556.9742880000003,1.0,0.2805534204458109,384.64435049961565,0.2805534204458109,59.43545580322829,3.564383561643836,0.2805534204458109,31.614604150653346,5484.08,0.0007680491551459,1.9796602150537637,16.0,2.0,At Risk,High Value,Low Frequency
CUST1699,1,18,Male,Canada,paused,1,7,206.78,206.78,29.54,4.4,4,4.0,4,4,2022-08-29,2022-08-29,2021-09-25,338,0.0815217391304347,7.0,1,1,1,4.0,206.78,29.54,0.0029498525073746,388.7464000000001,18.353254437869825,0.621301775147929,4.0,536.4700320000001,1.0,1.0798816568047338,223.29792899408284,7.559171597633136,34.504118343195266,0.926027397260274,1.0798816568047338,18.353254437869825,1033.9,0.0029498525073746,1.1467445427728615,20.0,2.0,Long Inactive,Low Value,Low Frequency
CUST1700,0,55,Male,Canada,paused,1,4,621.8,621.8,155.45,4.5,4,15.0,15,15,2024-07-15,2024-07-15,2022-05-01,806,0.0358851674641148,4.0,1,1,1,4.0,621.8,155.45,0.0012391573729863,1181.4199999999998,23.143920595533498,0.1488833746898263,4.0,1653.9879999999996,1.0,0.4528535980148883,281.5843672456575,1.8114143920595531,43.97344913151364,2.208219178082192,0.4528535980148883,23.143920595533498,9948.8,0.0012391573729863,1.4639653035935565,64.0,2.0,Long Inactive,Medium Value,Low Frequency
CUST1701,0,29,Female,Canada,paused,1,5,127.45,127.45,25.49,4.2,5,21.0,21,21,2023-04-09,2023-04-09,2023-01-29,70,0.3,5.0,1,1,1,5.0,127.45,25.49,0.0140845070422535,234.508,54.62142857142857,2.142857142857143,5.0,314.24072,1.0,5.214285714285714,664.5607142857143,26.071428571428573,100.50342857142856,0.1917808219178082,5.214285714285714,54.62142857142857,2803.9,0.0140845070422535,3.3029295774647887,110.0,2.0,Long Inactive,Low Value,Low Frequency
CUST1702,0,69,Female,Pakistan,active,1,7,130.76,130.76,18.68,4.1,5,24.0,24,24,2025-07-08,2025-07-08,2023-07-20,719,0.0400534045393858,7.0,1,1,1,5.0,130.76,18.68,0.0013888888888888,237.98319999999995,5.455910987482615,0.2920723226703755,5.0,314.1378239999999,1.0,0.5076495132127955,66.38025034770514,3.553546592489569,9.929757997218358,1.96986301369863,0.5076495132127955,5.455910987482615,3269.0,0.0013888888888888,0.3305322222222221,125.0,2.0,At Risk,Low Value,Low Frequency
CUST1703,0,65,Female,Canada,active,1,1,1143.02,1143.02,1143.02,4.5,5,32.0,32,32,2024-03-16,2024-03-16,2021-11-20,847,0.0342075256556442,1.0,1,1,1,5.0,1143.02,1143.02,0.0011792452830188,2171.738,40.48476977567886,0.0354191263282172,5.0,3040.4331999999995,1.0,0.4309327036599764,492.56469893742616,0.4309327036599764,76.92106257378984,2.32054794520548,0.4309327036599764,40.48476977567886,37719.66,0.0011792452830188,2.5610117924528297,165.0,2.0,Long Inactive,High Value,Low Frequency
CUST1704,0,56,Female,UK,paused,1,9,158.58,158.58,17.62,4.2,3,5.0,5,5,2024-12-03,2024-12-03,2023-01-07,696,0.0413223140495867,9.0,1,1,1,3.0,158.58,17.62,0.0014347202295552,291.78720000000004,6.835344827586208,0.3879310344827586,3.0,390.9948480000001,1.0,0.5244252873563219,83.16336206896553,4.719827586206897,12.577034482758624,1.906849315068493,0.5244252873563219,6.835344827586208,951.48,0.0014347202295552,0.4186329985652798,18.0,2.0,Long Inactive,Low Value,Low Frequency
CUST1705,0,31,Female,USA,active,1,7,1172.01,1172.01,167.43,4.3,2,15.0,15,15,2024-12-16,2024-12-16,2023-03-23,634,0.0451807228915662,7.0,1,1,1,2.0,1172.01,167.43,0.0015748031496062,2179.9386,55.45788643533123,0.3312302839116719,2.0,2964.716496,1.0,0.5757097791798107,674.73761829653,4.029968454258675,103.15166876971608,1.736986301369863,0.5757097791798107,55.45788643533123,18752.16,0.0015748031496062,3.4329741732283465,32.0,2.0,Long Inactive,High Value,Low Frequency
CUST1706,0,40,Female,UK,active,1,5,1224.25,1224.25,244.85,3.9,1,34.0,34,34,2023-06-25,2023-06-25,2023-02-05,140,0.1764705882352941,5.0,1,1,1,1.0,1224.25,244.85,0.0070921985815602,2179.165,262.3392857142857,1.0714285714285714,1.0,2789.3312,1.0,2.607142857142857,3191.794642857143,13.035714285714286,466.9639285714285,0.3835616438356164,2.607142857142857,262.3392857142857,42848.75,0.0070921985815602,15.455070921985817,35.0,2.0,Long Inactive,High Value,Low Frequency
CUST1707,0,44,Female,USA,cancelled,1,7,517.79,517.79,73.97,4.5,1,46.0,46,46,2023-10-10,2023-10-10,2022-06-05,492,0.0574712643678161,7.0,1,1,1,1.0,517.79,73.97,0.0020283975659229,983.801,31.57256097560976,0.426829268292683,1.0,1377.3213999999998,1.0,0.741869918699187,384.132825203252,5.193089430894309,59.98786585365854,1.347945205479452,0.741869918699187,31.57256097560976,24336.13,0.0020283975659229,1.9955395537525356,47.0,2.0,Long Inactive,Low Value,Low Frequency
CUST1708,0,47,Female,Canada,active,1,2,1797.52,1797.52,898.76,4.1,1,26.0,26,26,2024-06-15,2024-06-15,2023-01-25,507,0.0558659217877095,2.0,1,1,1,1.0,1797.52,898.76,0.0019685039370078,3271.4864,106.3621301775148,0.1183431952662722,1.0,4318.362047999999,1.0,0.7199211045364892,1294.07258382643,1.4398422090729783,193.5790769230769,1.389041095890411,0.7199211045364892,106.3621301775148,48533.04,0.0019685039370078,6.439933858267716,27.0,2.0,Long Inactive,Very High Value,Low Frequency
CUST1709,1,51,Male,Germany,cancelled,1,4,837.44,837.44,209.36,4.2,3,36.0,36,36,2022-08-26,2022-08-26,2021-08-01,390,0.0714285714285714,4.0,1,1,1,3.0,837.44,209.36,0.0025575447570332,1540.8896000000002,64.41846153846154,0.3076923076923077,3.0,2064.792064,1.0,0.935897435897436,783.7579487179487,3.743589743589744,118.52996923076924,1.0684931506849316,0.935897435897436,64.41846153846154,30985.28,0.0025575447570332,3.94089411764706,111.0,2.0,Long Inactive,Medium Value,Low Frequency
CUST1710,1,22,Female,UK,active,1,9,1287.36,1287.36,143.04,3.8,5,45.0,45,45,2022-03-20,2022-03-20,2022-02-16,32,0.4838709677419355,9.0,1,1,1,5.0,1287.36,143.04,0.0303030303030303,2265.7536,1206.9,8.4375,5.0,2854.849536,1.0,11.40625,14683.95,102.65625,2124.144,0.0876712328767123,11.40625,1206.9,59218.56,0.0303030303030303,68.6592,230.0,2.0,Long Inactive,High Value,Low Frequency
CUST1711,0,19,Male,Canada,active,1,4,657.36,657.36,164.34,4.3,4,47.0,47,47,2025-02-27,2025-02-27,2023-08-16,561,0.0507614213197969,4.0,1,1,1,4.0,657.36,164.34,0.0017793594306049,1222.6896,35.15294117647059,0.213903743315508,4.0,1662.857856,1.0,0.6506238859180036,427.6941176470588,2.6024955436720143,65.38447058823529,1.536986301369863,0.6506238859180036,35.15294117647059,31553.28,0.0017793594306049,2.175604270462633,192.0,2.0,Long Inactive,Medium Value,Low Frequency
CUST1712,1,67,Female,Germany,active,1,7,1316.77,1316.77,188.11,3.9,2,16.0,16,16,2023-01-25,2023-01-25,2022-01-29,361,0.0767263427109974,7.0,1,1,1,2.0,1316.77,188.11,0.0027624309392265,2343.8506,109.4268698060942,0.5817174515235457,2.0,3000.1287680000005,1.0,1.0110803324099722,1331.360249307479,7.077562326869805,194.77982825484767,0.989041095890411,1.0110803324099722,109.4268698060942,22385.09,0.0027624309392265,6.4747254143646416,34.0,2.0,Long Inactive,High Value,Low Frequency
CUST1713,0,33,Male,Canada,cancelled,1,5,1719.4499999999998,1719.4499999999998,343.89,4.3,1,32.0,32,32,2025-01-13,2025-01-13,2022-12-08,767,0.0376411543287327,5.0,1,1,1,1.0,1719.4499999999998,343.89,0.0013020833333333,3198.176999999999,67.25358539765318,0.195567144719687,1.0,4349.520719999999,1.0,0.4758800521512386,818.251955671447,2.3794002607561926,125.0916688396349,2.1013698630136988,0.4758800521512386,67.25358539765318,56741.84999999999,0.0013020833333333,4.164292968749999,33.0,2.0,Long Inactive,Very High Value,Low Frequency
CUST1714,1,67,Male,Canada,cancelled,1,4,1167.08,1167.08,291.77,4.3,1,41.0,41,41,2021-10-09,2021-10-09,2021-05-13,149,0.1675977653631284,4.0,1,1,1,1.0,1167.08,291.77,0.0066666666666666,2170.7688,234.98255033557044,0.8053691275167785,1.0,2952.245568,1.0,2.449664429530201,2858.9543624161074,9.798657718120806,437.067543624161,0.4082191780821917,2.449664429530201,234.98255033557044,49017.36,0.0066666666666666,14.471792,42.0,2.0,Long Inactive,High Value,Low Frequency
CUST1715,0,67,Male,UK,active,1,5,1446.9,1446.9,289.38,3.9,5,46.0,46,46,2025-06-14,2025-06-14,2023-08-14,670,0.0428571428571428,5.0,1,1,1,5.0,1446.9,289.38,0.0014903129657228,2575.4820000000004,64.78656716417912,0.2238805970149253,5.0,3296.6169600000007,1.0,0.5447761194029851,788.2365671641792,2.7238805970149254,115.32008955223884,1.8356164383561644,0.5447761194029851,64.78656716417912,68004.3,0.0014903129657228,3.8382742175856936,235.0,2.0,At Risk,High Value,Low Frequency
CUST1716,0,59,Male,USA,active,1,8,1479.36,1479.36,184.92,3.7,2,12.0,12,12,2024-07-15,2024-07-15,2022-05-04,803,0.0360144057623049,8.0,1,1,1,2.0,1479.36,184.92,0.0012437810945273,2574.0864,55.26874221668742,0.298879202988792,2.0,3191.8671359999994,1.0,0.4545454545454545,672.4363636363636,3.636363636363636,96.1676114570361,2.2,0.4545454545454545,55.26874221668742,19231.68,0.0012437810945273,3.2016,26.0,2.0,Long Inactive,High Value,Low Frequency
CUST1717,0,68,Female,Pakistan,paused,1,8,764.8,764.8,95.6,4.2,1,38.0,38,38,2023-10-26,2023-10-26,2021-02-09,989,0.029440628066732,8.0,1,1,1,1.0,764.8,95.6,0.001010101010101,1407.232,23.199191102123358,0.2426693629929221,1.0,1885.69088,1.0,0.3690596562184024,282.2568250758342,2.95247724974722,42.686511627906974,2.7095890410958905,0.3690596562184024,23.199191102123358,29827.2,0.001010101010101,1.4214464646464646,39.0,2.0,Long Inactive,Medium Value,Low Frequency
CUST1718,1,46,Male,UK,active,1,7,84.35000000000001,84.35000000000001,12.05,4.3,4,12.0,12,12,2022-01-16,2022-01-16,2020-10-26,447,0.0628930817610062,7.0,1,1,1,4.0,84.35000000000001,12.05,0.0022321428571428,156.89100000000002,5.661073825503356,0.4697986577181208,4.0,213.37176,1.0,0.8165548098434005,68.87639821029083,5.715883668903803,10.529597315436243,1.2246575342465753,0.8165548098434005,5.661073825503356,1096.5500000000002,0.0022321428571428,0.350203125,52.0,2.0,Long Inactive,Low Value,Low Frequency
CUST1719,0,34,Female,UK,cancelled,1,2,1754.96,1754.96,877.48,4.2,3,45.0,45,45,2023-05-18,2023-05-18,2022-12-25,144,0.1724137931034483,2.0,1,1,1,3.0,1754.96,877.48,0.0068965517241379,3229.1264,365.6166666666667,0.4166666666666667,3.0,4327.029376,1.0,2.5347222222222223,4448.336111111112,5.069444444444445,672.7346666666667,0.3945205479452054,2.5347222222222223,365.6166666666667,80728.16,0.0068965517241379,22.26983724137931,138.0,2.0,Long Inactive,Very High Value,Low Frequency
CUST1720,0,36,Female,USA,paused,1,7,903.77,903.77,129.11,3.9,3,49.0,49,49,2024-08-20,2024-08-20,2021-07-02,1145,0.025531914893617,7.0,1,1,1,3.0,903.77,129.11,0.0008726003490401,1608.7106,23.679563318777294,0.1834061135371179,3.0,2059.1495680000003,1.0,0.3187772925764192,288.1013537117904,2.2314410480349345,42.14962270742359,3.136986301369863,0.3187772925764192,23.679563318777294,45188.50000000001,0.0008726003490401,1.4037614310645723,150.0,2.0,Long Inactive,Medium Value,Low Frequency
CUST1721,1,18,Female,UK,active,1,1,699.1,699.1,699.1,4.3,1,29.0,29,29,2022-05-15,2022-05-15,2021-07-22,297,0.091743119266055,1.0,1,1,1,1.0,699.1,699.1,0.0033557046979865,1300.326,70.61616161616162,0.101010101010101,1.0,1768.4433599999998,1.0,1.228956228956229,859.1632996632997,1.228956228956229,131.3460606060606,0.8136986301369863,1.228956228956229,70.61616161616162,20973.0,0.0033557046979865,4.363510067114094,30.0,2.0,Long Inactive,Medium Value,Low Frequency
CUST1722,0,19,Female,UK,active,1,6,61.92,61.92,10.32,3.7,3,4.0,4,4,2024-05-05,2024-05-05,2021-01-17,1204,0.0243111831442463,6.0,1,1,1,3.0,61.92,10.32,0.0008298755186721,107.7408,1.542857142857143,0.1495016611295681,3.0,133.598592,1.0,0.3031561461794019,18.77142857142857,1.818936877076412,2.6845714285714286,3.2986301369863016,0.3031561461794019,1.542857142857143,309.6,0.0008298755186721,0.0894114522821576,15.0,2.0,Long Inactive,Low Value,Low Frequency
CUST1723,0,28,Female,Pakistan,active,1,9,1764.9,1764.9,196.1,4.3,1,15.0,15,15,2025-02-08,2025-02-08,2022-09-16,876,0.0331125827814569,9.0,1,1,1,1.0,1764.9,196.1,0.0011402508551881,3282.7139999999995,60.4417808219178,0.3082191780821918,1.0,4464.491039999999,1.0,0.4166666666666667,735.375,3.75,112.42171232876711,2.4,0.4166666666666667,60.4417808219178,28238.4,0.0011402508551881,3.743117445838084,16.0,2.0,Long Inactive,Very High Value,Low Frequency
CUST1724,0,49,Male,UK,active,1,9,1562.7599999999998,1562.7599999999998,173.64,4.3,1,16.0,16,16,2025-01-28,2025-01-28,2023-07-02,576,0.0495049504950495,9.0,1,1,1,1.0,1562.7599999999998,173.64,0.0017331022530329,2906.7336,81.39375,0.46875,1.0,3953.157695999999,1.0,0.6336805555555556,990.290625,5.703125,151.392375,1.578082191780822,0.6336805555555556,81.39375,26566.919999999995,0.0017331022530329,5.037666551126516,17.0,2.0,Long Inactive,Very High Value,Low Frequency
CUST1725,0,39,Female,India,cancelled,1,5,1033.25,1033.25,206.65,3.9,5,43.0,43,43,2024-12-26,2024-12-26,2022-07-19,891,0.0325732899022801,5.0,1,1,1,5.0,1033.25,206.65,0.0011210762331838,1839.185,34.78956228956229,0.1683501683501683,5.0,2354.1568,1.0,0.4096520763187429,423.2730078563412,2.048260381593715,61.92542087542088,2.441095890410959,0.4096520763187429,34.78956228956229,45463.0,0.0011210762331838,2.061866591928251,220.0,2.0,Long Inactive,Medium Value,Low Frequency
CUST1726,0,18,Male,Canada,active,1,1,477.57,477.57,477.57,4.4,1,41.0,41,41,2023-03-21,2023-03-21,2023-04-01,0,1.0,1.0,1,1,1,1.0,477.57,477.57,1.0,897.8316000000001,4775.7,10.0,1.0,1239.0076080000003,1.0,365.0,174313.05,365.0,8978.316,0.0,365.0,4775.7,20057.94,1.0,897.8316000000001,42.0,2.0,Long Inactive,Low Value,Low Frequency
CUST1727,1,53,Female,Pakistan,active,1,6,413.4,413.4,68.9,4.0,0,17.0,17,17,2022-11-22,2022-11-22,2021-02-04,656,0.0437317784256559,6.0,1,1,1,0.0,413.4,68.9,0.0015220700152207,744.1200000000001,18.90548780487805,0.274390243902439,0.0,967.3560000000002,1.0,0.5564024390243902,230.0167682926829,3.338414634146341,34.02987804878049,1.797260273972603,0.5564024390243902,18.90548780487805,7441.200000000001,0.0015220700152207,1.1326027397260274,0.0,2.0,Long Inactive,Low Value,Low Frequency
CUST1728,0,65,Female,Germany,active,1,7,1671.8100000000002,1671.8100000000002,238.83,4.5,3,22.0,22,22,2024-12-16,2024-12-16,2023-11-03,409,0.0683371298405467,7.0,1,1,1,3.0,1671.8100000000002,238.83,0.0024390243902439,3176.4390000000003,122.62665036674818,0.5134474327628362,3.0,4447.0146,1.0,0.8924205378973106,1491.957579462103,6.2469437652811735,232.9906356968216,1.1205479452054794,0.8924205378973106,122.62665036674818,38451.630000000005,0.0024390243902439,7.747412195121952,69.0,2.0,Long Inactive,Very High Value,Low Frequency
CUST1729,0,62,Male,India,paused,1,5,601.4,601.4,120.28,3.9,0,46.0,46,46,2025-05-23,2025-05-23,2021-09-28,1333,0.0220102714600146,5.0,1,1,1,0.0,601.4,120.28,0.0007496251874062,1070.492,13.534883720930234,0.1125281320330082,0.0,1370.22976,1.0,0.2738184546136534,164.67441860465115,1.369092273068267,24.092093023255813,3.652054794520548,0.2738184546136534,13.534883720930234,28265.8,0.0007496251874062,0.8024677661169415,0.0,2.0,Long Inactive,Medium Value,Low Frequency
CUST1730,0,51,Male,Germany,active,1,1,880.32,880.32,880.32,4.3,0,30.0,30,30,2024-04-04,2024-04-04,2021-12-03,853,0.0339750849377123,1.0,1,1,1,0.0,880.32,880.32,0.0011709601873536,1637.3952,30.96084407971864,0.0351699882766705,0.0,2226.857472,1.0,0.4279015240328253,376.6902696365768,0.4279015240328253,57.58716998827667,2.336986301369863,0.4279015240328253,30.96084407971864,27289.92,0.0011709601873536,1.9173245901639344,0.0,2.0,Long Inactive,Medium Value,Low Frequency
CUST1731,0,63,Female,Germany,active,1,1,425.19,425.19,425.19,4.2,1,8.0,8,8,2024-07-30,2024-07-30,2023-02-04,542,0.0524475524475524,1.0,1,1,1,1.0,425.19,425.19,0.001841620626151,782.3496,23.53450184501845,0.055350553505535,1.0,1048.348464,1.0,0.6734317343173433,286.3364391143912,0.6734317343173433,43.30348339483395,1.484931506849315,0.6734317343173433,23.53450184501845,3826.71,0.001841620626151,1.4407911602209946,9.0,2.0,Long Inactive,Low Value,Low Frequency
CUST1732,0,27,Male,Pakistan,active,1,3,1310.43,1310.43,436.81,4.1,5,42.0,42,42,2023-12-26,2023-12-26,2023-03-31,270,0.1,3.0,1,1,1,5.0,1310.43,436.81,0.003690036900369,2384.9826,145.60333333333335,0.3333333333333333,5.0,3148.177032,1.0,1.351851851851852,1771.5072222222225,4.055555555555555,264.99806666666666,0.7397260273972602,1.351851851851852,145.60333333333335,56348.490000000005,0.003690036900369,8.800673800738007,215.0,2.0,Long Inactive,High Value,Low Frequency
CUST1733,0,50,Female,Pakistan,active,1,3,163.95,163.95,54.65,4.2,0,21.0,21,21,2023-04-24,2023-04-24,2021-06-19,674,0.0426136363636363,3.0,1,1,1,0.0,163.95,54.65,0.0014814814814814,301.668,7.2974777448071215,0.1335311572700296,0.0,404.23512000000005,1.0,0.5415430267062314,88.78597922848664,1.6246290801186944,13.427359050445103,1.8465753424657532,0.5415430267062314,7.2974777448071215,3606.9,0.0014814814814814,0.4469155555555555,0.0,2.0,Long Inactive,Low Value,Low Frequency
CUST1734,0,51,Male,UK,active,1,6,1071.42,1071.42,178.57,4.5,3,33.0,33,33,2024-07-04,2024-07-04,2021-12-24,923,0.0314795383001049,6.0,1,1,1,3.0,1071.42,178.57000000000002,0.001082251082251,2035.698,34.8240520043337,0.1950162513542795,3.0,2849.9772,1.0,0.3954496208017334,423.69263271939326,2.3726977248104006,66.16569880823403,2.5287671232876714,0.3954496208017334,34.8240520043337,36428.28,0.001082251082251,2.203136363636364,102.0,2.0,Long Inactive,High Value,Low Frequency
CUST1735,0,67,Female,Canada,active,1,9,165.87,165.87,18.43,4.2,2,33.0,33,33,2025-12-04,2025-12-04,2021-06-30,1618,0.0182038834951456,9.0,1,1,1,2.0,165.87,18.43,0.0006176652254478,305.2008,3.075463535228677,0.1668726823238566,2.0,408.969072,1.0,0.2255871446229913,37.41813967861557,2.030284301606922,5.658852904820767,4.432876712328767,0.2255871446229913,3.075463535228677,5639.58,0.0006176652254478,0.1885119209388511,68.0,2.0,Very Recent,Low Value,Low Frequency
CUST1736,1,41,Female,India,cancelled,1,8,1297.04,1297.04,162.13,4.2,1,24.0,24,24,2021-07-25,2021-07-25,2020-09-27,301,0.0906344410876132,8.0,1,1,1,1.0,1297.04,162.13,0.0033112582781456,2386.5536,129.27308970099668,0.7973421926910299,1.0,3197.9818240000004,1.0,1.2126245847176078,1572.822591362126,9.700996677740862,237.8624850498339,0.8246575342465754,1.2126245847176078,129.27308970099668,32426.0,0.0033112582781456,7.902495364238411,25.0,2.0,Long Inactive,High Value,Low Frequency
CUST1737,0,19,Female,Pakistan,active,1,4,863.44,863.44,215.86,4.3,2,5.0,5,5,2023-09-23,2023-09-23,2021-09-11,742,0.038860103626943,4.0,1,1,1,2.0,863.44,215.86,0.0013458950201884,1605.9984,34.909973045822106,0.1617250673854447,2.0,2184.157824,1.0,0.4919137466307278,424.7380053908356,1.9676549865229112,64.9325498652291,2.032876712328767,0.4919137466307278,34.909973045822106,5180.64,0.0013458950201884,2.161505248990579,12.0,2.0,Long Inactive,Medium Value,Low Frequency
CUST1738,0,68,Male,Canada,active,1,4,1792.08,1792.08,448.02,4.0,2,4.0,4,4,2023-10-08,2023-10-08,2021-04-14,907,0.032017075773746,4.0,1,1,1,2.0,1792.08,448.02,0.001101321585903,3225.744,59.27497243660419,0.1323042998897464,2.0,4193.4672,1.0,0.402425578831312,721.1788313120177,1.609702315325248,106.69495038588754,2.484931506849315,0.402425578831312,59.27497243660419,8960.4,0.001101321585903,3.552581497797357,10.0,2.0,Long Inactive,Very High Value,Low Frequency
CUST1739,0,24,Female,UK,active,1,4,808.92,808.92,202.23,4.5,1,29.0,29,29,2024-07-23,2024-07-23,2022-03-16,860,0.0337078651685393,4.0,1,1,1,1.0,808.92,202.23,0.0011614401858304,1536.948,28.21813953488372,0.1395348837209302,1.0,2151.7272,1.0,0.4244186046511627,343.32069767441857,1.697674418604651,53.61446511627906,2.356164383561644,0.4244186046511627,28.21813953488372,24267.6,0.0011614401858304,1.7850731707317071,30.0,2.0,Long Inactive,Medium Value,Low Frequency
CUST1740,0,67,Male,Germany,active,1,1,412.98,412.98,412.98,3.8,1,22.0,22,22,2024-08-11,2024-08-11,2022-06-11,792,0.0364963503649635,1.0,1,1,1,1.0,412.98,412.98,0.0012610340479192,726.8448000000001,15.64318181818182,0.0378787878787878,1.0,915.824448,1.0,0.4608585858585858,190.3253787878788,0.4608585858585858,27.532000000000004,2.16986301369863,0.4608585858585858,15.64318181818182,9498.54,0.0012610340479192,0.9165760403530896,23.0,2.0,Long Inactive,Low Value,Low Frequency
CUST1741,1,45,Male,Canada,cancelled,1,4,750.12,750.12,187.53,3.9,4,22.0,22,22,2021-03-27,2021-03-27,2021-02-16,39,0.4347826086956522,4.0,1,1,1,4.0,750.12,187.53,0.025,1335.2136,577.0153846153846,3.0769230769230766,4.0,1709.0734080000002,1.0,9.358974358974358,7020.353846153846,37.43589743589743,1027.0873846153845,0.1068493150684931,9.358974358974358,577.0153846153846,17252.76,0.025,33.380340000000004,92.0,2.0,Long Inactive,Medium Value,Low Frequency
CUST1742,1,52,Male,UK,active,1,8,1126.48,1126.48,140.81,4.0,1,5.0,5,5,2022-12-29,2022-12-29,2022-07-13,169,0.1507537688442211,8.0,1,1,1,1.0,1126.48,140.81,0.0058823529411764,2027.664,199.96686390532545,1.4201183431952662,1.0,2635.9632,1.0,2.159763313609468,2432.930177514793,17.27810650887574,359.94035502958576,0.4630136986301369,2.159763313609468,199.96686390532545,6758.88,0.0058823529411764,11.927435294117648,6.0,2.0,Long Inactive,High Value,Low Frequency
CUST1743,0,52,Other,India,active,1,7,468.79,468.79,66.97,4.1,1,1.0,1,1,2024-10-17,2024-10-17,2021-09-14,1129,0.0258843830888697,7.0,1,1,1,1.0,468.79,66.97,0.0008849557522123,853.1977999999999,12.45677590788308,0.1860053144375553,1.0,1126.2210959999998,1.0,0.3232949512843224,151.5574402125775,2.263064658990257,22.671332152347208,3.0931506849315067,0.3232949512843224,12.45677590788308,937.58,0.0008849557522123,0.7550423008849557,2.0,2.0,Long Inactive,Low Value,Low Frequency
CUST1744,0,60,Female,UK,active,1,5,365.4500000000001,365.4500000000001,73.09,3.4,5,12.0,12,12,2024-12-27,2024-12-27,2021-10-15,1169,0.0250208507089241,5.0,1,1,1,5.0,365.4500000000001,73.09,0.0008547008547008,613.956,9.378528656971772,0.1283147989734816,5.0,724.46808,1.0,0.3122326775021386,114.10543199315656,1.561163387510693,15.755928143712577,3.202739726027397,0.3122326775021386,9.378528656971772,4750.85,0.0008547008547008,0.5247487179487179,65.0,2.0,Long Inactive,Low Value,Low Frequency
CUST1745,0,49,Male,Pakistan,active,1,1,1326.91,1326.91,1326.91,4.0,5,3.0,3,3,2023-06-13,2023-06-13,2021-11-25,565,0.0504201680672268,1.0,1,1,1,5.0,1326.91,1326.91,0.0017667844522968,2388.438,70.4553982300885,0.0530973451327433,5.0,3104.9694000000004,1.0,0.6460176991150443,857.2073451327434,0.6460176991150443,126.8197168141593,1.547945205479452,0.6460176991150443,70.4553982300885,5307.64,0.0017667844522968,4.219855123674912,20.0,2.0,Long Inactive,High Value,Low Frequency
CUST1746,1,59,Female,Canada,active,1,2,374.7,374.7,187.35,3.4,1,23.0,23,23,2022-07-11,2022-07-11,2021-04-21,446,0.0630252100840336,2.0,1,1,1,1.0,374.7,187.35,0.0022371364653243,629.496,25.20403587443946,0.1345291479820627,1.0,742.8052799999999,1.0,0.8183856502242152,306.64910313901345,1.6367713004484303,42.342780269058295,1.2219178082191782,0.8183856502242152,25.20403587443946,8992.8,0.0022371364653243,1.4082684563758388,24.0,2.0,Long Inactive,Low Value,Low Frequency
CUST1747,0,45,Female,UK,active,1,2,842.28,842.28,421.14,4.3,0,23.0,23,23,2024-08-10,2024-08-10,2021-06-13,1154,0.0253378378378378,2.0,1,1,1,0.0,842.28,421.14,0.0008658008658008,1566.6408,21.89636048526863,0.0519930675909878,0.0,2130.6314879999995,1.0,0.3162911611785095,266.405719237435,0.6325823223570191,40.727230502599646,3.1616438356164385,0.3162911611785095,21.89636048526863,20214.72,0.0008658008658008,1.3563989610389608,0.0,2.0,Long Inactive,Medium Value,Low Frequency
CUST1748,0,37,Female,India,active,1,9,970.83,970.83,107.87,3.9,2,31.0,31,31,2025-03-28,2025-03-28,2022-10-04,906,0.032051282051282,9.0,1,1,1,2.0,970.83,107.87,0.0011025358324145,1728.0774,32.14668874172185,0.2980132450331126,2.0,2211.939072,1.0,0.402869757174393,391.1180463576159,3.625827814569537,57.22110596026491,2.4821917808219176,0.402869757174393,32.14668874172185,31066.56,0.0011025358324145,1.9052672546857772,64.0,2.0,Long Inactive,Medium Value,Low Frequency
CUST1749,0,38,Female,India,active,1,9,1673.64,1673.64,185.96,4.1,4,6.0,6,6,2023-11-06,2023-11-06,2020-03-12,1334,0.0219941348973607,9.0,1,1,1,4.0,1673.64,185.96,0.0007490636704119,3046.0248,37.63808095952024,0.2023988005997001,4.0,4020.752736,1.0,0.2736131934032983,457.9299850074962,2.4625187406296853,68.50130734632684,3.654794520547945,0.2736131934032983,37.63808095952024,11715.48,0.0007490636704119,2.281666516853933,28.0,2.0,Long Inactive,Very High Value,Low Frequency
CUST1750,0,44,Female,USA,cancelled,1,7,1266.58,1266.58,180.94,4.3,3,34.0,34,34,2025-08-03,2025-08-03,2023-09-06,697,0.0412654745529573,7.0,1,1,1,3.0,1266.58,180.94,0.0014326647564469,2355.8387999999995,54.51563845050215,0.3012912482065997,3.0,3203.940767999999,1.0,0.5236728837876614,663.2736011477762,3.6657101865136297,101.39908751793398,1.9095890410958904,0.5236728837876614,54.51563845050215,44330.3,0.0014326647564469,3.375127220630372,105.0,2.0,At Risk,High Value,Low Frequency
CUST1751,0,26,Female,UK,paused,1,3,416.4,416.4,138.8,4.5,2,1.0,1,1,2023-03-26,2023-03-26,2022-11-05,141,0.175438596491228,3.0,1,1,1,2.0,416.4,138.8,0.0070422535211267,791.1600000000001,88.59574468085107,0.6382978723404255,2.0,1107.624,1.0,2.588652482269503,1077.914893617021,7.76595744680851,168.33191489361704,0.3863013698630137,2.588652482269503,88.59574468085107,832.8000000000001,0.0070422535211267,5.571549295774648,4.0,2.0,Long Inactive,Low Value,Low Frequency
CUST1752,0,38,Male,Pakistan,cancelled,1,1,856.16,856.16,856.16,4.2,2,26.0,26,26,2024-08-31,2024-08-31,2023-05-15,474,0.0595238095238095,1.0,1,1,1,2.0,856.16,856.16,0.0021052631578947,1575.3344,54.187341772151896,0.0632911392405063,2.0,2110.948096,1.0,0.770042194092827,659.2793248945147,0.770042194092827,99.70470886075948,1.2986301369863014,0.770042194092827,54.187341772151896,23116.32,0.0021052631578947,3.3164934736842104,54.0,2.0,Long Inactive,Medium Value,Low Frequency
CUST1753,0,24,Male,USA,active,1,9,1860.03,1860.03,206.67,4.1,5,8.0,8,8,2025-08-02,2025-08-02,2023-07-14,750,0.0384615384615384,9.0,1,1,1,5.0,1860.03,206.67,0.0013315579227696,3385.2546,74.4012,0.36,5.0,4468.536071999999,1.0,0.4866666666666666,905.2146,4.38,135.410184,2.054794520547945,0.4866666666666666,74.4012,16740.27,0.0013315579227696,4.50766258322237,45.0,2.0,At Risk,Very High Value,Low Frequency
CUST1754,0,33,Male,India,active,1,3,525.3,525.3,175.1,4.4,2,19.0,19,19,2025-02-14,2025-02-14,2021-10-20,1213,0.0241351568785197,3.0,1,1,1,2.0,525.3,175.1,0.000823723228995,987.564,12.991755976916735,0.0741962077493817,2.0,1362.83832,1.0,0.3009068425391591,158.06636438582026,0.9027205276174772,24.424501236603465,3.3232876712328765,0.3009068425391591,12.991755976916735,10506.0,0.000823723228995,0.8134794069192751,40.0,2.0,Long Inactive,Low Value,Low Frequency
CUST1755,0,58,Female,Canada,active,1,5,874.5999999999999,874.5999999999999,174.92,4.3,5,15.0,15,15,2023-03-26,2023-03-26,2021-03-30,726,0.0396825396825396,5.0,1,1,1,5.0,874.5999999999999,174.92,0.0013755158184319,1626.7559999999996,36.14049586776859,0.2066115702479339,5.0,2212.3881599999995,1.0,0.5027548209366391,439.7093663911845,2.513774104683196,67.22132231404957,1.989041095890411,0.5027548209366391,36.14049586776859,13993.6,0.0013755158184319,2.237628610729023,80.0,2.0,Long Inactive,Medium Value,Low Frequency
CUST1756,0,64,Other,USA,cancelled,1,3,1219.17,1219.17,406.39,4.3,0,46.0,46,46,2023-11-30,2023-11-30,2021-05-04,940,0.0309278350515463,3.0,1,1,1,0.0,1219.17,406.39,0.0010626992561105,2267.6562,38.90968085106383,0.0957446808510638,0.0,3084.0124319999995,1.0,0.3882978723404255,473.4011170212766,1.1648936170212765,72.37200638297873,2.5753424657534247,0.3882978723404255,38.90968085106383,57300.990000000005,0.0010626992561105,2.40983655685441,0.0,2.0,Long Inactive,High Value,Low Frequency
CUST1757,0,53,Male,Germany,active,1,9,1718.46,1718.46,190.94,4.3,3,43.0,43,43,2024-11-27,2024-11-27,2022-09-17,802,0.0360576923076923,9.0,1,1,1,3.0,1718.46,190.94,0.0012453300124533,3196.3356,64.28154613466334,0.3366583541147132,3.0,4347.016416,1.0,0.4551122194513715,782.092144638404,4.096009975062344,119.5636758104738,2.197260273972603,0.4551122194513715,64.28154613466334,75612.24,0.0012453300124533,3.9804926525529263,132.0,2.0,Long Inactive,Very High Value,Low Frequency
CUST1758,1,35,Male,UK,active,1,4,1815.84,1815.84,453.96,4.2,3,17.0,17,17,2021-04-01,2021-04-01,2020-10-11,172,0.1485148514851485,4.0,1,1,1,3.0,1815.84,453.96,0.0057803468208092,3341.1456,316.71627906976744,0.6976744186046512,3.0,4477.135104,1.0,2.1220930232558137,3853.381395348837,8.488372093023255,582.7579534883721,0.4712328767123288,2.1220930232558137,316.71627906976744,32685.12,0.0057803468208092,19.312980346820808,54.0,2.0,Long Inactive,Very High Value,Low Frequency
CUST1759,1,45,Female,India,active,1,4,747.4,747.4,186.85,4.1,3,8.0,8,8,2022-06-14,2022-06-14,2021-06-27,352,0.0785340314136125,4.0,1,1,1,3.0,747.4,186.85,0.0028328611898017,1360.2679999999998,63.69886363636364,0.3409090909090909,3.0,1795.5537599999996,1.0,1.036931818181818,775.0028409090909,4.1477272727272725,115.9319318181818,0.9643835616438357,1.036931818181818,63.69886363636364,6726.599999999999,0.0028328611898017,3.853450424929178,27.0,2.0,Long Inactive,Medium Value,Low Frequency
CUST1760,1,41,Male,Germany,paused,1,9,1226.52,1226.52,136.28,4.1,3,24.0,24,24,2022-12-18,2022-12-18,2021-12-07,376,0.0738916256157635,9.0,1,1,1,3.0,1226.52,136.28,0.0026525198938992,2232.2664,97.86063829787234,0.7180851063829787,3.0,2946.591648,1.0,0.9707446808510638,1190.6377659574468,8.736702127659575,178.10636170212766,1.03013698630137,0.9707446808510638,97.86063829787234,30663.0,0.0026525198938992,5.921131034482758,75.0,2.0,Long Inactive,High Value,Low Frequency
CUST1761,0,46,Female,USA,cancelled,1,5,939.6,939.6,187.92,4.5,2,30.0,30,30,2023-10-11,2023-10-11,2021-05-15,879,0.033003300330033,5.0,1,1,1,2.0,939.6,187.92,0.0011363636363636,1785.2399999999998,32.06825938566553,0.1706484641638225,2.0,2499.336,1.0,0.4152445961319681,390.1638225255972,2.0762229806598405,60.929692832764495,2.408219178082192,0.4152445961319681,32.06825938566553,29127.6,0.0011363636363636,2.028681818181818,62.0,2.0,Long Inactive,Medium Value,Low Frequency
CUST1762,1,33,Male,Pakistan,active,1,1,1779.7,1779.7,1779.7,4.4,5,12.0,12,12,2023-01-11,2023-01-11,2021-08-20,509,0.0556586270871985,1.0,1,1,1,5.0,1779.7,1779.7,0.0019607843137254,3345.836,104.89390962671906,0.0589390962671905,5.0,4617.253680000001,1.0,0.7170923379174853,1276.2092337917486,0.7170923379174853,197.20055009823187,1.3945205479452054,0.7170923379174853,104.89390962671906,23136.1,0.0019607843137254,6.56046274509804,65.0,2.0,Long Inactive,Very High Value,Low Frequency
CUST1763,0,38,Female,UK,active,1,5,538.15,538.15,107.63,4.3,2,5.0,5,5,2023-10-04,2023-10-04,2022-05-20,502,0.056390977443609,5.0,1,1,1,2.0,538.15,107.63,0.0019880715705765,1000.959,32.16035856573705,0.298804780876494,2.0,1361.3042399999997,1.0,0.7270916334661355,391.2843625498008,3.6354581673306776,59.81826693227091,1.3753424657534246,0.7270916334661355,32.16035856573705,3228.9,0.0019880715705765,1.9899781312127236,12.0,2.0,Long Inactive,Low Value,Low Frequency
CUST1764,0,29,Female,India,cancelled,1,2,625.24,625.24,312.62,4.3,0,21.0,21,21,2024-07-28,2024-07-28,2023-10-04,298,0.0914634146341463,2.0,1,1,1,0.0,625.24,312.62,0.0033444816053511,1162.9464,62.94362416107383,0.2013422818791946,0.0,1581.607104,1.0,1.2248322147651007,765.8140939597316,2.449664429530201,117.07514093959732,0.8164383561643835,1.2248322147651007,62.94362416107383,13755.28,0.0033444816053511,3.889452842809365,0.0,2.0,Long Inactive,Medium Value,Low Frequency
CUST1765,0,38,Female,UK,paused,1,5,1484.7,1484.7,296.94,4.3,4,36.0,36,36,2024-04-12,2024-04-12,2020-05-10,1433,0.0205058099794941,5.0,1,1,1,4.0,1484.7,296.94,0.000697350069735,2761.542,31.08234473133287,0.104675505931612,4.0,3755.69712,1.0,0.2547103977669225,378.1685275645499,1.2735519888346127,57.81316120027913,3.926027397260274,0.2547103977669225,31.08234473133287,54933.9,0.000697350069735,1.9257615062761504,148.0,2.0,Long Inactive,High Value,Low Frequency
CUST1766,0,38,Male,UK,cancelled,1,3,1814.97,1814.97,604.99,4.0,4,5.0,5,5,2025-04-28,2025-04-28,2023-04-03,756,0.0381679389312977,3.0,1,1,1,4.0,1814.97,604.99,0.0013210039630118,3266.946,72.02261904761905,0.119047619047619,4.0,4247.0298,1.0,0.4828042328042328,876.2751984126985,1.4484126984126984,129.6407142857143,2.0712328767123287,0.4828042328042328,72.02261904761905,10889.82,0.0013210039630118,4.315648612945839,24.0,2.0,Long Inactive,Very High Value,Low Frequency
CUST1767,0,67,Female,UK,active,1,5,1339.65,1339.65,267.93,4.3,2,19.0,19,19,2025-10-03,2025-10-03,2023-04-13,904,0.032119914346895,5.0,1,1,1,2.0,1339.65,267.93,0.0011049723756906,2491.749,44.45741150442478,0.165929203539823,2.0,3388.7786399999995,1.0,0.4037610619469026,540.8985066371682,2.018805309734513,82.69078539823008,2.4767123287671238,0.4037610619469026,44.45741150442478,26793.0,0.0011049723756906,2.7533138121546963,40.0,2.0,Moderate,High Value,Low Frequency
CUST1768,0,38,Male,India,cancelled,1,4,1809.44,1809.44,452.36,4.0,0,48.0,48,48,2025-07-21,2025-07-21,2023-08-05,716,0.0402144772117962,4.0,1,1,1,0.0,1809.44,452.36,0.00139470013947,3256.992,75.81452513966481,0.1675977653631284,0.0,4234.0896,1.0,0.5097765363128491,922.410055865922,2.039106145251397,136.46614525139665,1.9616438356164383,0.5097765363128491,75.81452513966481,88662.56,0.00139470013947,4.54252719665272,0.0,2.0,At Risk,Very High Value,Low Frequency
CUST1769,1,46,Male,Canada,active,1,2,1781.1,1781.1,890.55,4.4,1,24.0,24,24,2022-05-17,2022-05-17,2021-05-12,370,0.075,2.0,1,1,1,1.0,1781.1,890.55,0.0026954177897574,3348.468,144.4135135135135,0.1621621621621621,1.0,4620.88584,1.0,0.9864864864864864,1757.0310810810809,1.9729729729729728,271.4974054054054,1.0136986301369864,0.9864864864864864,144.4135135135135,44527.5,0.0026954177897574,9.025520215633422,25.0,2.0,Long Inactive,Very High Value,Low Frequency
CUST1770,0,27,Female,USA,active,1,2,691.76,691.76,345.88,4.0,4,41.0,41,41,2025-09-07,2025-09-07,2021-09-22,1446,0.0203252032520325,2.0,1,1,1,4.0,691.76,345.88,0.0006910850034554,1245.168,14.351867219917011,0.0414937759336099,4.0,1618.7184000000002,1.0,0.2524204702627939,174.61438450899033,0.5048409405255878,25.833360995850622,3.9616438356164383,0.2524204702627939,14.351867219917011,29053.92,0.0006910850034554,0.8605169315825847,168.0,2.0,At Risk,Medium Value,Low Frequency
CUST1771,0,23,Male,Germany,active,1,9,944.1,944.1,104.9,4.3,0,26.0,26,26,2023-04-10,2023-04-10,2021-01-30,800,0.036144578313253,9.0,1,1,1,0.0,944.1,104.9,0.0012484394506866,1756.0259999999998,35.40375,0.3374999999999999,0.0,2388.19536,1.0,0.45625,430.745625,4.10625,65.85097499999999,2.191780821917808,0.45625,35.40375,25490.7,0.0012484394506866,2.1922921348314603,0.0,2.0,Long Inactive,Medium Value,Low Frequency
CUST1772,0,67,Male,USA,active,1,4,1877.52,1877.52,469.38,3.3,1,19.0,19,19,2024-01-25,2024-01-25,2023-05-15,255,0.1052631578947368,4.0,1,1,1,1.0,1877.52,469.38,0.00390625,3116.6832,220.88470588235293,0.4705882352941176,1.0,3615.352512,1.0,1.431372549019608,2687.430588235294,5.725490196078432,366.6686117647059,0.6986301369863014,1.431372549019608,220.88470588235293,37550.4,0.00390625,12.17454375,20.0,2.0,Long Inactive,Very High Value,Low Frequency
CUST1773,1,30,Female,UK,active,1,1,1603.98,1603.98,1603.98,3.7,2,11.0,11,11,2023-01-25,2023-01-25,2022-03-31,300,0.0909090909090909,1.0,1,1,1,2.0,1603.98,1603.98,0.0033222591362126,2790.9252,160.398,0.1,2.0,3460.747248,1.0,1.2166666666666668,1951.509,1.2166666666666668,279.09252000000004,0.821917808219178,1.2166666666666668,160.398,19247.76,0.0033222591362126,9.272176744186048,24.0,2.0,Long Inactive,Very High Value,Low Frequency
CUST1774,1,50,Other,USA,active,1,9,852.39,852.39,94.71,4.1,4,35.0,35,35,2021-08-06,2021-08-06,2021-03-14,145,0.1714285714285714,9.0,1,1,1,4.0,852.39,94.71,0.0068493150684931,1551.3497999999995,176.35655172413794,1.862068965517241,4.0,2047.7817359999997,1.0,2.5172413793103448,2145.671379310345,22.655172413793103,320.968924137931,0.3972602739726027,2.5172413793103448,176.35655172413794,30686.04,0.0068493150684931,10.625683561643832,144.0,2.0,Long Inactive,Medium Value,Low Frequency
CUST1775,0,47,Male,India,active,1,3,1069.92,1069.92,356.64,5.0,2,10.0,10,10,2024-10-21,2024-10-21,2020-12-27,1394,0.021067415730337,3.0,1,1,1,2.0,1069.92,356.64000000000004,0.0007168458781362,2139.84,23.025538020086085,0.0645624103299856,2.0,3209.76,1.0,0.2618364418938307,280.1440459110474,0.7855093256814921,46.05107604017217,3.819178082191781,0.2618364418938307,23.025538020086085,11769.12,0.0007168458781362,1.5339354838709678,22.0,2.0,Long Inactive,High Value,Low Frequency
CUST1776,0,46,Female,Pakistan,cancelled,1,1,1866.7,1866.7,1866.7,4.5,2,22.0,22,22,2024-10-01,2024-10-01,2022-07-07,817,0.0354191263282172,1.0,1,1,1,2.0,1866.7,1866.7,0.0012224938875305,3546.73,68.54467564259485,0.03671970624235,2.0,4965.422,1.0,0.4467564259485924,833.9602203182376,0.4467564259485924,130.23488372093024,2.238356164383561,0.4467564259485924,68.54467564259485,42934.1,0.0012224938875305,4.335855745721271,46.0,2.0,Long Inactive,Very High Value,Low Frequency
CUST1777,0,34,Female,USA,active,1,9,1473.3,1473.3,163.7,3.9,0,14.0,14,14,2023-06-19,2023-06-19,2023-03-18,93,0.2439024390243902,9.0,1,1,1,0.0,1473.3,163.7,0.0106382978723404,2622.474,475.258064516129,2.903225806451613,0.0,3356.76672,1.0,3.924731182795699,5782.306451612903,35.32258064516129,845.9593548387097,0.2547945205479452,3.924731182795699,475.258064516129,22099.5,0.0106382978723404,27.898659574468088,0.0,2.0,Long Inactive,High Value,Low Frequency
CUST1778,1,45,Female,Pakistan,cancelled,1,4,623.28,623.28,155.82,4.4,4,12.0,12,12,2022-10-18,2022-10-18,2020-11-11,706,0.0407608695652173,4.0,1,1,1,4.0,623.28,155.82,0.0014144271570014,1171.7664,26.484985835694047,0.1699716713881019,4.0,1617.037632,1.0,0.5169971671388102,322.2339943342776,2.0679886685552407,49.79177337110481,1.9342465753424656,0.5169971671388102,26.484985835694047,8102.639999999999,0.0014144271570014,1.6573782178217822,52.0,2.0,Long Inactive,Medium Value,Low Frequency
CUST1779,0,48,Male,UK,paused,1,8,848.8,848.8,106.1,4.1,0,4.0,4,4,2025-06-23,2025-06-23,2022-07-22,1067,0.0273473108477666,8.0,1,1,1,0.0,848.8,106.1,0.0009363295880149,1544.8159999999998,23.86504217432052,0.2249297094657919,0.0,2039.1571199999996,1.0,0.3420805998125586,290.3580131208997,2.736644798500469,43.434376757263344,2.9232876712328766,0.3420805998125586,23.86504217432052,4244.0,0.0009363295880149,1.446456928838951,0.0,2.0,At Risk,Medium Value,Low Frequency
CUST1780,0,22,Female,India,active,1,1,1612.53,1612.53,1612.53,3.6,4,17.0,17,17,2023-11-04,2023-11-04,2021-12-26,678,0.0423728813559322,1.0,1,1,1,4.0,1612.53,1612.53,0.0014727540500736,2773.5516,71.3508849557522,0.0442477876106194,4.0,3383.732952,1.0,0.5383480825958702,868.1024336283186,0.5383480825958702,122.7235221238938,1.8575342465753424,0.5383480825958702,71.3508849557522,29025.54,0.0014727540500736,4.084759351988217,72.0,2.0,Long Inactive,Very High Value,Low Frequency
CUST1781,1,25,Female,USA,active,1,9,563.6700000000001,563.6700000000001,62.63,3.8,1,25.0,25,25,2022-04-25,2022-04-25,2022-11-02,0,1.0,9.0,1,1,1,1.0,563.6700000000001,62.63000000000001,1.0,992.0592,5636.700000000001,90.0,1.0,1249.9945920000002,1.0,365.0,205739.55,3285.0,9920.592,0.0,365.0,5636.700000000001,14655.420000000002,1.0,992.0592,26.0,2.0,Long Inactive,Medium Value,Low Frequency
CUST1782,0,57,Female,India,active,1,8,957.36,957.36,119.67,3.6,2,27.0,27,27,2024-06-20,2024-06-20,2023-06-07,379,0.0733496332518337,8.0,1,1,1,2.0,957.36,119.67,0.0026315789473684,1646.6592,75.78047493403695,0.633245382585752,2.0,2008.924224,1.0,0.9630606860158312,921.995778364116,7.704485488126648,130.34241688654353,1.0383561643835617,0.9630606860158312,75.78047493403695,26806.08,0.0026315789473684,4.333313684210526,56.0,2.0,Long Inactive,Medium Value,Low Frequency
CUST1783,1,47,Male,Pakistan,active,1,2,1042.78,1042.78,521.39,4.2,1,45.0,45,45,2023-01-08,2023-01-08,2022-07-24,168,0.1515151515151515,2.0,1,1,1,1.0,1042.78,521.39,0.0059171597633136,1918.7152,186.2107142857143,0.3571428571428571,1.0,2571.0783680000004,1.0,2.1726190476190474,2265.5636904761905,4.345238095238095,342.6277142857143,0.4602739726027397,2.1726190476190474,186.2107142857143,47967.88,0.0059171597633136,11.353344378698225,46.0,2.0,Long Inactive,Medium Value,Low Frequency
CUST1784,0,50,Female,UK,paused,1,9,1857.33,1857.33,206.37,4.4,5,8.0,8,8,2024-02-11,2024-02-11,2023-09-03,161,0.1570680628272251,9.0,1,1,1,5.0,1857.33,206.37,0.0061728395061728,3491.7804,346.0863354037267,1.6770186335403727,5.0,4818.656952,1.0,2.267080745341614,4210.717080745341,20.403726708074533,650.6423105590063,0.4410958904109589,2.267080745341614,346.0863354037267,16715.97,0.0061728395061728,21.5542,45.0,2.0,Long Inactive,Very High Value,Low Frequency
CUST1785,0,43,Male,India,active,1,4,1661.28,1661.28,415.32,3.8,1,17.0,17,17,2024-07-13,2024-07-13,2023-11-04,252,0.1063829787234042,4.0,1,1,1,1.0,1661.28,415.32,0.0039525691699604,2923.8528,197.77142857142857,0.4761904761904761,1.0,3684.054528,1.0,1.4484126984126984,2406.219047619048,5.7936507936507935,348.0777142857143,0.6904109589041096,1.4484126984126984,197.77142857142857,29903.04,0.0039525691699604,11.556730434782608,18.0,2.0,Long Inactive,Very High Value,Low Frequency
CUST1786,0,31,Male,Germany,active,1,2,1183.48,1183.48,591.74,4.2,5,27.0,27,27,2025-08-07,2025-08-07,2021-08-16,1452,0.020242914979757,2.0,1,1,1,5.0,1183.48,591.74,0.0006882312456985,2177.6032,24.45206611570248,0.0413223140495867,5.0,2917.988288,1.0,0.2513774104683196,297.50013774104684,0.5027548209366391,44.99180165289256,3.978082191780822,0.2513774104683196,24.45206611570248,33137.44,0.0006882312456985,1.498694562973159,140.0,2.0,At Risk,High Value,Low Frequency
CUST1787,0,47,Female,Canada,cancelled,1,8,645.92,645.92,80.74,4.3,3,33.0,33,33,2024-07-20,2024-07-20,2022-05-19,793,0.0364520048602673,8.0,1,1,1,3.0,645.92,80.74,0.0012594458438287,1201.4111999999998,24.435813366960907,0.3026481715006305,3.0,1633.9192319999995,1.0,0.4602774274905422,297.302395964691,3.682219419924338,45.45061286254728,2.1726027397260275,0.4602774274905422,24.435813366960907,21961.28,0.0012594458438287,1.5131123425692692,102.0,2.0,Long Inactive,Medium Value,Low Frequency
CUST1788,1,24,Female,Canada,active,1,6,1839.36,1839.36,306.56,4.4,2,3.0,3,3,2023-01-28,2023-01-28,2021-01-20,738,0.0390625,6.0,1,1,1,2.0,1839.36,306.56,0.0013531799729364,3457.9968000000003,74.77073170731707,0.2439024390243902,2.0,4772.035584000001,1.0,0.494579945799458,909.7105691056912,2.967479674796748,140.5689756097561,2.021917808219178,0.494579945799458,74.77073170731707,7357.44,0.0013531799729364,4.67929201623816,8.0,2.0,Long Inactive,Very High Value,Low Frequency
CUST1789,0,21,Female,Canada,cancelled,1,5,1779.1999999999998,1779.1999999999998,355.84,4.1,4,34.0,34,34,2025-06-03,2025-06-03,2022-08-15,1023,0.0284900284900284,5.0,1,1,1,4.0,1779.1999999999998,355.84,0.0009765625,3238.144,52.17595307917888,0.1466275659824046,4.0,4274.350079999998,1.0,0.3567937438905181,634.8074291300097,1.7839687194525904,94.96023460410557,2.802739726027397,0.3567937438905181,52.17595307917888,62271.99999999999,0.0009765625,3.16225,140.0,2.0,Long Inactive,Very High Value,Low Frequency
CUST1790,0,61,Female,Pakistan,paused,1,1,1830.76,1830.76,1830.76,4.4,4,38.0,38,38,2023-04-24,2023-04-24,2021-02-08,805,0.0359281437125748,1.0,1,1,1,4.0,1830.76,1830.76,0.0012406947890818,3441.8288,68.22708074534162,0.0372670807453416,4.0,4749.723744000001,1.0,0.453416149068323,830.096149068323,0.453416149068323,128.26691180124226,2.2054794520547945,0.453416149068323,68.22708074534162,71399.64,0.0012406947890818,4.270259057071961,156.0,2.0,Long Inactive,Very High Value,Low Frequency
CUST1791,0,30,Male,Pakistan,active,1,7,1121.26,1121.26,160.18,4.4,2,5.0,5,5,2023-11-12,2023-11-12,2021-03-29,958,0.0303643724696356,7.0,1,1,1,2.0,1121.26,160.18,0.0010427528675703,2107.9688,35.1125260960334,0.2192066805845511,2.0,2908.9969440000004,1.0,0.3810020876826722,427.202400835073,2.6670146137787056,66.0115490605428,2.6246575342465754,0.3810020876826722,35.1125260960334,6727.56,0.0010427528675703,2.198090510948905,12.0,2.0,Long Inactive,High Value,Low Frequency
CUST1792,0,40,Female,India,active,1,3,1852.89,1852.89,617.63,4.4,0,24.0,24,24,2024-02-16,2024-02-16,2023-03-16,337,0.0817438692098092,3.0,1,1,1,0.0,1852.89,617.63,0.0029585798816568,3483.4332,164.94569732937686,0.2670623145400593,0.0,4807.137816,1.0,1.083086053412463,2006.8393175074184,3.249258160237389,310.0979109792285,0.9232876712328768,1.083086053412463,164.94569732937686,46322.25,0.0029585798816568,10.306015384615383,0.0,2.0,Long Inactive,Very High Value,Low Frequency
CUST1793,1,50,Female,India,cancelled,1,3,1606.56,1606.56,535.52,4.4,2,1.0,1,1,2022-03-15,2022-03-15,2021-09-21,175,0.1463414634146341,3.0,1,1,1,2.0,1606.56,535.52,0.0056818181818181,3020.3328,275.4102857142857,0.5142857142857143,2.0,4168.059264,1.0,2.085714285714286,3350.825142857143,6.257142857142857,517.7713371428572,0.4794520547945205,2.085714285714286,275.4102857142857,3213.12,0.0056818181818181,17.16098181818182,4.0,2.0,Long Inactive,Very High Value,Low Frequency
CUST1794,0,67,Male,India,cancelled,1,5,910.95,910.95,182.19,4.3,2,19.0,19,19,2025-10-08,2025-10-08,2020-10-15,1819,0.0162249864791779,5.0,1,1,1,2.0,910.95,182.19,0.0005494505494505,1694.367,15.023914238592637,0.0824628916987355,2.0,2304.33912,1.0,0.2006597031335898,182.7909565695437,1.0032985156679497,27.944480483782296,4.983561643835617,0.2006597031335898,15.023914238592637,18219.0,0.0005494505494505,0.9309708791208792,40.0,2.0,Moderate,Medium Value,Low Frequency
CUST1795,0,46,Female,UK,active,1,4,372.08,372.08,93.02,4.3,2,41.0,41,41,2024-03-05,2024-03-05,2023-04-03,337,0.0817438692098092,4.0,1,1,1,2.0,372.08,93.02,0.0029585798816568,692.0687999999999,33.122848664688426,0.3560830860534125,2.0,941.2135679999998,1.0,1.083086053412463,402.9946587537092,4.332344213649852,61.60849851632047,0.9232876712328768,1.083086053412463,33.122848664688426,15627.36,0.0029585798816568,2.0475408284023664,84.0,2.0,Long Inactive,Low Value,Low Frequency
CUST1796,0,20,Male,Canada,active,1,8,1328.0,1328.0,166.0,4.3,1,39.0,39,39,2023-05-06,2023-05-06,2022-01-22,469,0.0601202404809619,8.0,1,1,1,1.0,1328.0,166.0,0.002127659574468,2470.08,84.94669509594883,0.511727078891258,1.0,3359.3088,1.0,0.7782515991471216,1033.5181236673775,6.226012793176973,158.00085287846483,1.284931506849315,0.7782515991471216,84.94669509594883,53120.0,0.002127659574468,5.255489361702128,40.0,2.0,Long Inactive,High Value,Low Frequency
CUST1797,1,54,Female,India,active,1,6,424.14,424.14,70.69,4.2,0,38.0,38,38,2022-09-09,2022-09-09,2021-02-15,571,0.0499168053244592,6.0,1,1,1,0.0,424.14,70.69,0.0017482517482517,780.4176,22.28406304728546,0.3152364273204903,0.0,1045.759584,1.0,0.63922942206655,271.1227670753065,3.8353765323993,41.00267600700525,1.5643835616438355,0.63922942206655,22.28406304728546,16541.46,0.0017482517482517,1.3643664335664336,0.0,2.0,Long Inactive,Low Value,Low Frequency
CUST1798,0,42,Female,UK,cancelled,1,4,1556.52,1556.52,389.13,4.3,1,38.0,38,38,2025-01-17,2025-01-17,2021-08-02,1264,0.0231839258114374,4.0,1,1,1,1.0,1556.52,389.13,0.000790513833992,2895.1272,36.94272151898734,0.0949367088607595,1.0,3937.372992,1.0,0.2887658227848101,449.4697784810127,1.1550632911392404,68.71346202531646,3.463013698630137,0.2887658227848101,36.94272151898734,60704.28,0.000790513833992,2.2886381027667984,39.0,2.0,Long Inactive,Very High Value,Low Frequency
CUST1799,0,49,Male,Germany,active,1,1,775.47,775.47,775.47,4.2,3,36.0,36,36,2023-06-04,2023-06-04,2022-07-26,313,0.0874635568513119,1.0,1,1,1,3.0,775.47,775.47,0.0031847133757961,1426.8648,74.3261980830671,0.0958466453674121,3.0,1911.998832,1.0,1.1661341853035143,904.3020766773164,1.1661341853035143,136.76020447284344,0.8575342465753425,1.1661341853035143,74.3261980830671,28692.39,0.0031847133757961,4.54415541401274,111.0,2.0,Long Inactive,Medium Value,Low Frequency
CUST1800,0,46,Female,UK,active,1,6,1652.22,1652.22,275.37,3.8,2,30.0,30,30,2024-09-05,2024-09-05,2022-04-30,859,0.0337457817772778,6.0,1,1,1,2.0,1652.22,275.37,0.0011627906976744,2907.9072,57.70267753201397,0.209545983701979,2.0,3663.963072,1.0,0.4249126891734575,702.04924330617,2.549476135040745,101.5567124563446,2.3534246575342466,0.4249126891734575,57.70267753201397,51218.82,0.0011627906976744,3.381287441860465,62.0,2.0,Long Inactive,Very High Value,Low Frequency
CUST1801,0,24,Female,UK,active,1,8,562.88,562.88,70.36,4.3,2,45.0,45,45,2024-10-15,2024-10-15,2021-04-20,1274,0.0230061349693251,8.0,1,1,1,2.0,562.88,70.36,0.0007843137254901,1046.9568,13.254631083202511,0.1883830455259026,2.0,1423.8612479999997,1.0,0.2864992150706436,161.2646781789639,2.291993720565149,24.653613814756667,3.4904109589041097,0.2864992150706436,13.254631083202511,25892.48,0.0007843137254901,0.8211425882352941,92.0,2.0,Long Inactive,Medium Value,Low Frequency
CUST1802,0,19,Male,UK,active,1,2,1168.24,1168.24,584.12,4.5,1,38.0,38,38,2025-07-15,2025-07-15,2022-11-15,973,0.0299102691924227,2.0,1,1,1,1.0,1168.24,584.12,0.0010266940451745,2219.656,36.01973278520042,0.0616649537512846,1.0,3107.5184,1.0,0.3751284686536485,438.2400822199384,0.750256937307297,68.43749229188079,2.665753424657534,0.3751284686536485,36.01973278520042,45561.36,0.0010266940451745,2.2789075975359343,39.0,2.0,At Risk,High Value,Low Frequency
CUST1803,0,65,Male,Canada,cancelled,1,7,1925.49,1925.49,275.07,4.1,1,25.0,25,25,2024-12-08,2024-12-08,2021-03-04,1375,0.0213523131672597,7.0,1,1,1,1.0,1925.49,275.07,0.0007267441860465,3504.3918,42.0106909090909,0.1527272727272727,1.0,4625.797175999999,1.0,0.2654545454545454,511.1300727272728,1.8581818181818184,76.45945745454544,3.767123287671233,0.2654545454545454,42.0106909090909,50062.74,0.0007267441860465,2.54679636627907,26.0,2.0,Long Inactive,Very High Value,Low Frequency
CUST1804,0,19,Male,USA,active,1,6,1371.24,1371.24,228.54,4.2,3,18.0,18,18,2023-05-13,2023-05-13,2021-11-20,539,0.0527240773286467,6.0,1,1,1,3.0,1371.24,228.54,0.0018518518518518,2523.0816,76.3213358070501,0.3339517625231911,3.0,3380.929344,1.0,0.6771799628942486,928.5762523191096,4.063079777365491,140.43125788497218,1.476712328767123,0.6771799628942486,76.3213358070501,26053.56,0.0018518518518518,4.672373333333334,57.0,2.0,Long Inactive,High Value,Low Frequency
CUST1805,0,42,Female,Germany,cancelled,1,6,1240.98,1240.98,206.83,4.0,2,3.0,3,3,2024-02-13,2024-02-13,2023-12-01,74,0.2884615384615384,6.0,1,1,1,2.0,1240.98,206.83,0.0133333333333333,2233.764,503.1,2.4324324324324325,2.0,2903.8932000000004,1.0,4.9324324324324325,6121.05,29.594594594594597,905.58,0.2027397260273972,4.9324324324324325,503.1,4963.92,0.0133333333333333,29.783520000000003,8.0,2.0,Long Inactive,High Value,Low Frequency
CUST1806,1,30,Male,Pakistan,active,1,3,492.75,492.75,164.25,4.1,1,8.0,8,8,2022-10-26,2022-10-26,2022-09-15,41,0.4225352112676056,3.0,1,1,1,1.0,492.75,164.25,0.0238095238095238,896.805,360.5487804878049,2.1951219512195124,1.0,1183.7825999999998,1.0,8.902439024390244,4386.676829268293,26.70731707317073,656.1987804878048,0.1123287671232876,8.902439024390244,360.5487804878049,4434.75,0.0238095238095238,21.3525,9.0,2.0,Long Inactive,Low Value,Low Frequency
CUST1807,0,54,Female,India,paused,1,9,536.04,536.04,59.56,4.1,5,15.0,15,15,2024-05-15,2024-05-15,2023-04-24,387,0.0719424460431654,9.0,1,1,1,5.0,536.04,59.56,0.0025773195876288,975.5928,41.55348837209302,0.6976744186046512,5.0,1287.7824959999998,1.0,0.9431524547803618,505.56744186046507,8.488372093023257,75.6273488372093,1.0602739726027397,0.9431524547803618,41.55348837209302,8576.64,0.0025773195876288,2.5144144329896903,80.0,2.0,Long Inactive,Low Value,Low Frequency
CUST1808,0,68,Male,Germany,active,1,6,1926.42,1926.42,321.07,4.3,0,37.0,37,37,2023-04-28,2023-04-28,2021-06-18,679,0.0423131170662905,6.0,1,1,1,0.0,1926.42,321.07,0.0014705882352941,3583.1412,85.11428571428571,0.2650957290132548,0.0,4873.072032,1.0,0.5375552282768777,1035.557142857143,3.2253313696612667,158.31257142857143,1.86027397260274,0.5375552282768777,85.11428571428571,73203.96,0.0014705882352941,5.269325294117647,0.0,2.0,Long Inactive,Very High Value,Low Frequency
CUST1809,0,39,Male,India,cancelled,1,1,1727.6,1727.6,1727.6,4.5,5,38.0,38,38,2023-07-15,2023-07-15,2021-08-07,707,0.0407055630936228,1.0,1,1,1,5.0,1727.6,1727.6,0.001412429378531,3282.44,73.3069306930693,0.0424328147100424,5.0,4595.415999999999,1.0,0.5162659123055163,891.9009900990098,0.5162659123055163,139.28316831683168,1.936986301369863,0.5162659123055163,73.3069306930693,67376.4,0.001412429378531,4.636214689265536,195.0,2.0,Long Inactive,Very High Value,Low Frequency
CUST1810,0,39,Male,UK,active,1,1,636.4,636.4,636.4,4.5,5,38.0,38,38,2024-04-23,2024-04-23,2021-09-24,942,0.0308641975308642,1.0,1,1,1,5.0,636.4,636.4,0.0010604453870625,1209.16,20.26751592356688,0.0318471337579617,5.0,1692.8239999999996,1.0,0.3874734607218684,246.58811040339705,0.3874734607218684,38.50828025477707,2.580821917808219,0.3874734607218684,20.26751592356688,24819.6,0.0010604453870625,1.2822481442205726,195.0,2.0,Long Inactive,Medium Value,Low Frequency
CUST1811,0,19,Male,USA,active,1,8,25.76,25.76,3.22,4.1,1,29.0,29,29,2023-04-04,2023-04-04,2022-11-18,137,0.1796407185628742,8.0,1,1,1,1.0,25.76,3.22,0.0072463768115942,46.8832,5.64087591240876,1.7518248175182485,1.0,61.88582399999999,1.0,2.6642335766423355,68.63065693430657,21.313868613138684,10.266394160583944,0.3753424657534246,2.6642335766423355,5.64087591240876,772.8000000000001,0.0072463768115942,0.3397333333333333,30.0,2.0,Long Inactive,Low Value,Low Frequency
CUST1812,1,31,Male,India,paused,1,3,1237.59,1237.59,412.53,4.3,3,15.0,15,15,2022-04-08,2022-04-08,2021-09-06,214,0.1229508196721311,3.0,1,1,1,3.0,1237.59,412.53,0.0046511627906976,2301.9174,173.49392523364483,0.4205607476635514,3.0,3130.607664,1.0,1.7056074766355138,2110.8427570093454,5.1168224299065415,322.6987009345794,0.5863013698630137,1.7056074766355138,173.49392523364483,19801.44,0.0046511627906976,10.706592558139532,48.0,2.0,Long Inactive,High Value,Low Frequency
CUST1813,1,36,Female,Germany,active,1,6,37.68,37.68,6.28,3.6,0,23.0,23,23,2023-02-15,2023-02-15,2023-06-02,0,1.0,6.0,1,1,1,0.0,37.68,6.28,1.0,64.8096,376.8,60.0,0.0,79.067712,1.0,365.0,13753.2,2190.0,648.096,0.0,365.0,376.8,904.32,1.0,64.8096,0.0,2.0,Long Inactive,Low Value,Low Frequency
CUST1814,0,48,Female,USA,active,1,4,880.6,880.6,220.15,4.4,4,11.0,11,11,2023-11-07,2023-11-07,2020-09-13,1150,0.0254237288135593,4.0,1,1,1,4.0,880.6,220.15,0.0008688097306689,1655.5280000000002,22.97217391304348,0.1043478260869565,4.0,2284.6286400000004,1.0,0.3173913043478261,279.49478260869563,1.2695652173913043,43.18768695652175,3.150684931506849,0.3173913043478261,22.97217391304348,10567.2,0.0008688097306689,1.4383388357949611,48.0,2.0,Long Inactive,Medium Value,Low Frequency
CUST1815,1,32,Male,India,active,1,3,1159.83,1159.83,386.61,4.5,1,13.0,13,13,2022-12-19,2022-12-19,2022-04-20,243,0.1098901098901098,3.0,1,1,1,1.0,1159.83,386.61,0.0040983606557377,2203.677,143.1888888888889,0.3703703703703704,1.0,3085.1477999999997,1.0,1.5020576131687242,1742.1314814814812,4.506172839506172,272.0588888888889,0.6657534246575343,1.5020576131687242,143.1888888888889,16237.62,0.0040983606557377,9.031463114754098,14.0,2.0,Long Inactive,High Value,Low Frequency
CUST1816,0,66,Male,UK,active,1,8,1066.96,1066.96,133.37,3.9,1,33.0,33,33,2024-07-16,2024-07-16,2022-04-12,826,0.0350467289719626,8.0,1,1,1,1.0,1066.96,133.37,0.0012091898428053,1899.1888,38.75157384987893,0.2905569007263922,1.0,2430.9616640000004,1.0,0.4418886198547216,471.4774818401938,3.535108958837773,68.9778014527845,2.263013698630137,0.4418886198547216,38.75157384987893,36276.64,0.0012091898428053,2.296479806529625,34.0,2.0,Long Inactive,High Value,Low Frequency
CUST1817,0,46,Female,Germany,paused,1,8,1277.28,1277.28,159.66,4.0,4,27.0,27,27,2024-02-21,2024-02-21,2022-11-06,472,0.0597609561752988,8.0,1,1,1,4.0,1277.28,159.66,0.0021141649048625,2299.104,81.18305084745764,0.5084745762711864,4.0,2988.8352,1.0,0.7733050847457626,987.7271186440678,6.186440677966101,146.12949152542373,1.2931506849315069,0.7733050847457626,81.18305084745764,35763.84,0.0021141649048625,4.860684989429175,112.0,2.0,Long Inactive,High Value,Low Frequency
CUST1818,0,47,Male,Germany,paused,1,2,1555.26,1555.26,777.63,4.0,1,5.0,5,5,2024-11-23,2024-11-23,2021-03-26,1338,0.0219298245614035,2.0,1,1,1,1.0,1555.26,777.63,0.0007468259895444,2799.468,34.87130044843049,0.0448430493273542,1.0,3639.3084,1.0,0.2727952167414051,424.2674887892377,0.5455904334828102,62.76834080717488,3.665753424657534,0.2727952167414051,34.87130044843049,9331.56,0.0007468259895444,2.0907154592979835,6.0,2.0,Long Inactive,Very High Value,Low Frequency
CUST1819,0,65,Female,Canada,active,1,8,1282.64,1282.64,160.33,4.4,0,49.0,49,49,2025-05-14,2025-05-14,2023-05-20,725,0.0397350993377483,8.0,1,1,1,0.0,1282.64,160.33,0.0013774104683195,2411.3632,53.07475862068966,0.3310344827586207,0.0,3327.6812160000004,1.0,0.503448275862069,645.7428965517242,4.027586206896552,99.78054620689656,1.9863013698630136,0.503448275862069,53.07475862068966,64132.00000000001,0.0013774104683195,3.321436914600552,0.0,2.0,Long Inactive,High Value,Low Frequency
CUST1820,0,36,Female,USA,cancelled,1,6,1690.92,1690.92,281.82,4.6,3,38.0,38,38,2023-04-21,2023-04-21,2021-02-22,788,0.0366748166259168,6.0,1,1,1,3.0,1690.92,281.82,0.0012674271229404,3246.5664,64.37512690355331,0.2284263959390863,3.0,4610.124288,1.0,0.4631979695431472,783.2307106598985,2.779187817258883,123.60024365482236,2.158904109589041,0.4631979695431472,64.37512690355331,65945.88,0.0012674271229404,4.114786311787072,117.0,2.0,Long Inactive,Very High Value,Low Frequency
CUST1821,0,54,Male,Canada,active,1,5,163.95,163.95,32.79,4.4,2,8.0,8,8,2023-11-07,2023-11-07,2021-05-10,911,0.0318809776833156,5.0,1,1,1,2.0,163.95,32.79,0.0010964912280701,308.226,5.399012074643249,0.1646542261251372,2.0,425.3518800000001,1.0,0.4006586169045005,65.68798024149287,2.003293084522503,10.150142700329308,2.495890410958904,0.4006586169045005,5.399012074643249,1475.55,0.0010964912280701,0.3379671052631579,18.0,2.0,Long Inactive,Low Value,Low Frequency
CUST1822,0,67,Male,USA,active,1,9,576.18,576.18,64.02,4.4,0,49.0,49,49,2023-11-09,2023-11-09,2022-12-17,327,0.0840336134453781,9.0,1,1,1,0.0,576.18,64.02,0.0030487804878048,1083.2184,52.86055045871559,0.8256880733944953,0.0,1494.841392,1.0,1.1162079510703364,643.1366972477064,10.045871559633028,99.37783486238531,0.8958904109589041,1.1162079510703364,52.86055045871559,28809.0,0.0030487804878048,3.30249512195122,0.0,2.0,Long Inactive,Medium Value,Low Frequency
CUST1823,0,65,Female,Canada,active,1,6,1315.5,1315.5,219.25,4.3,5,7.0,7,7,2025-02-16,2025-02-16,2021-04-11,1407,0.0208768267223382,6.0,1,1,1,5.0,1315.5,219.25,0.0007102272727272,2446.83,28.04904051172708,0.1279317697228145,5.0,3327.6887999999994,1.0,0.2594171997157072,341.2633262260128,1.556503198294243,52.17121535181237,3.854794520547945,0.2594171997157072,28.04904051172708,10524.0,0.0007102272727272,1.7378053977272727,40.0,2.0,Long Inactive,High Value,Low Frequency
CUST1824,0,36,Female,Germany,cancelled,1,3,722.91,722.91,240.97,4.3,3,12.0,12,12,2025-07-29,2025-07-29,2022-03-10,1237,0.0236779794790844,3.0,1,1,1,3.0,722.91,240.97,0.0008077544426494,1344.6126,17.532174616006465,0.0727566693613581,3.0,1828.673136,1.0,0.2950687146321746,213.30812449474536,0.8852061438965239,32.609844785772026,3.389041095890411,0.2950687146321746,17.532174616006465,9397.83,0.0008077544426494,1.0861168012924072,39.0,2.0,At Risk,Medium Value,Low Frequency
CUST1825,0,59,Other,Germany,cancelled,1,8,877.2,877.2,109.65,4.4,0,33.0,33,33,2023-10-04,2023-10-04,2022-11-17,321,0.0854700854700854,8.0,1,1,1,0.0,877.2,109.65,0.0031055900621118,1649.1360000000002,81.98130841121497,0.7476635514018692,0.0,2275.8076800000003,1.0,1.1370716510903427,997.4392523364486,9.096573208722742,154.12485981308413,0.8794520547945206,1.1370716510903427,81.98130841121497,29824.800000000003,0.0031055900621118,5.121540372670808,0.0,2.0,Long Inactive,Medium Value,Low Frequency
CUST1826,0,63,Female,UK,paused,1,4,589.92,589.92,147.48,4.0,5,33.0,33,33,2023-11-01,2023-11-01,2022-05-08,542,0.0524475524475524,4.0,1,1,1,5.0,589.92,147.48,0.001841620626151,1061.856,32.65239852398524,0.2214022140221402,5.0,1380.4128,1.0,0.6734317343173433,397.2708487084871,2.693726937269373,58.77431734317343,1.484931506849315,0.6734317343173433,32.65239852398524,20057.28,0.001841620626151,1.95553591160221,170.0,2.0,Long Inactive,Medium Value,Low Frequency
CUST1827,0,29,Female,Germany,cancelled,1,4,1143.24,1143.24,285.81,4.2,0,22.0,22,22,2023-02-19,2023-02-19,2022-05-26,269,0.1003344481605351,4.0,1,1,1,0.0,1143.24,285.81,0.0037037037037037,2103.5616,127.49888475836433,0.4460966542750929,0.0,2818.7725440000004,1.0,1.3568773234200744,1551.236431226766,5.4275092936802976,234.59794795539037,0.736986301369863,1.3568773234200744,127.49888475836433,26294.52,0.0037037037037037,7.790968888888889,0.0,2.0,Long Inactive,High Value,Low Frequency
CUST1828,1,46,Male,UK,paused,1,2,494.88,494.88,247.44,3.8,4,4.0,4,4,2022-01-29,2022-01-29,2021-08-08,174,0.1470588235294117,2.0,1,1,1,4.0,494.88,247.44,0.0057142857142857,870.9888,85.32413793103449,0.3448275862068966,4.0,1097.445888,1.0,2.0977011494252875,1038.1103448275862,4.195402298850575,150.1704827586207,0.4767123287671233,2.0977011494252875,85.32413793103449,2474.4,0.0057142857142857,4.977078857142857,20.0,2.0,Long Inactive,Low Value,Low Frequency
CUST1829,0,61,Male,Pakistan,active,1,5,1963.4,1963.4,392.68,4.1,4,24.0,24,24,2024-05-30,2024-05-30,2020-04-11,1510,0.0194805194805194,5.0,1,1,1,4.0,1963.4,392.68,0.00066181336863,3573.388,39.00794701986755,0.0993377483443708,4.0,4716.872159999999,1.0,0.2417218543046357,474.5966887417219,1.2086092715231789,70.99446357615894,4.136986301369863,0.2417218543046357,39.00794701986755,49085.0,0.00066181336863,2.364915949702184,100.0,2.0,Long Inactive,Very High Value,Low Frequency
CUST1830,0,21,Female,USA,paused,1,2,1142.04,1142.04,571.02,4.2,1,47.0,47,47,2023-10-25,2023-10-25,2021-09-12,773,0.037359900373599,2.0,1,1,1,1.0,1142.04,571.02,0.0012919896640826,2101.3536,44.32238033635188,0.0776196636481242,1.0,2815.813824,1.0,0.4721862871927555,539.2556274256145,0.944372574385511,81.55317981888746,2.117808219178082,0.4721862871927555,44.32238033635188,54817.92,0.0012919896640826,2.7149271317829458,48.0,2.0,Long Inactive,High Value,Low Frequency
CUST1831,0,67,Female,Germany,active,1,9,1741.14,1741.14,193.46,4.2,0,1.0,1,1,2023-12-22,2023-12-22,2022-04-21,610,0.046875,9.0,1,1,1,0.0,1741.14,193.46,0.0016366612111292,3203.6976000000004,85.62983606557378,0.4426229508196722,0.0,4292.9547840000005,1.0,0.5983606557377049,1041.8296721311476,5.385245901639344,157.55889836065575,1.6712328767123288,0.5983606557377049,85.62983606557378,3482.28,0.0016366612111292,5.243367594108021,0.0,2.0,Long Inactive,Very High Value,Low Frequency
CUST1832,0,60,Female,Canada,cancelled,1,9,1914.12,1914.12,212.68,4.4,0,10.0,10,10,2025-09-03,2025-09-03,2022-01-26,1316,0.0222882615156017,9.0,1,1,1,0.0,1914.12,212.68,0.0007593014426727,3598.5456000000004,43.63495440729484,0.2051671732522796,0.0,4965.992928000001,1.0,0.277355623100304,530.8919452887538,2.496200607902736,82.0337142857143,3.6054794520547935,0.277355623100304,43.63495440729484,21055.32,0.0007593014426727,2.732380865603645,0.0,2.0,At Risk,Very High Value,Low Frequency
CUST1833,0,26,Male,India,active,1,3,1892.82,1892.82,630.94,4.3,5,26.0,26,26,2024-04-26,2024-04-26,2022-04-18,739,0.0390117035110533,3.0,1,1,1,5.0,1892.82,630.94,0.0013513513513513,3520.6452,76.83978349120434,0.121786197564276,5.0,4788.077471999999,1.0,0.4939106901217862,934.8840324763196,1.4817320703653585,142.92199729364006,2.024657534246576,0.4939106901217862,76.83978349120434,51106.14000000001,0.0013513513513513,4.757628648648649,135.0,2.0,Long Inactive,Very High Value,Low Frequency
CUST1834,0,47,Male,Pakistan,paused,1,1,1649.05,1649.05,1649.05,4.1,1,18.0,18,18,2024-06-14,2024-06-14,2020-07-10,1435,0.0204778156996587,1.0,1,1,1,1.0,1649.05,1649.05,0.0006963788300835,3001.271,34.47491289198606,0.0209059233449477,1.0,3961.677719999999,1.0,0.2543554006968641,419.4447735191637,0.2543554006968641,62.74434146341463,3.9315068493150687,0.2543554006968641,34.47491289198606,31331.95,0.0006963788300835,2.0900215877437325,19.0,2.0,Long Inactive,Very High Value,Low Frequency
CUST1835,0,67,Female,UK,active,1,7,1650.18,1650.18,235.74,4.4,5,4.0,4,4,2023-02-23,2023-02-23,2022-09-15,161,0.1570680628272251,7.0,1,1,1,5.0,1650.18,235.74,0.0061728395061728,3102.3384,307.4869565217392,1.3043478260869563,5.0,4281.226992000001,1.0,2.267080745341614,3741.091304347826,15.869565217391305,578.0754782608697,0.4410958904109589,2.267080745341614,307.4869565217392,8250.9,0.0061728395061728,19.15023703703704,25.0,2.0,Long Inactive,Very High Value,Low Frequency
CUST1836,0,57,Other,India,cancelled,1,2,560.12,560.12,280.06,3.9,0,36.0,36,36,2023-06-26,2023-06-26,2022-03-29,454,0.0619834710743801,2.0,1,1,1,0.0,560.12,280.06,0.0021978021978021,997.0136,37.01233480176212,0.13215859030837,0.0,1276.177408,1.0,0.8039647577092511,450.31674008810575,1.6079295154185025,65.88195594713656,1.2438356164383562,0.8039647577092511,37.01233480176212,20724.44,0.0021978021978021,2.1912386813186813,0.0,2.0,Long Inactive,Medium Value,Low Frequency
CUST1837,0,61,Other,Canada,paused,1,2,814.72,814.72,407.36,3.9,3,7.0,7,7,2024-08-22,2024-08-22,2021-03-10,1261,0.0232378001549186,2.0,1,1,1,3.0,814.72,407.36,0.0007923930269413,1450.2016,19.3827121332276,0.0475812846946867,3.0,1856.258048,1.0,0.2894528152260111,235.82299762093572,0.5789056304520221,34.501227597145125,3.4547945205479453,0.2894528152260111,19.3827121332276,6517.76,0.0007923930269413,1.1491296354992078,24.0,2.0,Long Inactive,Medium Value,Low Frequency
CUST1838,1,49,Male,India,cancelled,1,6,94.44,94.44,15.74,3.6,0,38.0,38,38,2022-07-24,2022-07-24,2021-01-05,565,0.0504201680672268,6.0,1,1,1,0.0,94.44,15.74,0.0017667844522968,162.4368,5.014513274336284,0.3185840707964602,0.0,198.172896,1.0,0.6460176991150443,61.00991150442478,3.8761061946902657,8.624962831858408,1.547945205479452,0.6460176991150443,5.014513274336284,3683.16,0.0017667844522968,0.2869908127208481,0.0,2.0,Long Inactive,Low Value,Low Frequency
CUST1839,0,36,Female,Pakistan,cancelled,1,6,1156.1999999999998,1156.1999999999998,192.7,4.4,5,6.0,6,6,2024-08-07,2024-08-07,2021-08-30,1073,0.027198549410698,6.0,1,1,1,5.0,1156.1999999999998,192.7,0.0009310986964618,2173.656,32.32618825722274,0.1677539608574091,5.0,2999.64528,1.0,0.3401677539608574,393.30195712954327,2.0410065237651445,60.77323392357875,2.9397260273972603,0.3401677539608574,32.32618825722274,8093.399999999999,0.0009310986964618,2.0238882681564245,35.0,2.0,Long Inactive,High Value,Low Frequency
CUST1840,1,27,Female,Germany,active,1,5,345.90000000000003,345.90000000000003,69.18,4.0,3,36.0,36,36,2021-12-28,2021-12-28,2021-04-20,252,0.1063829787234042,5.0,1,1,1,3.0,345.90000000000003,69.18,0.0039525691699604,622.6200000000001,41.17857142857143,0.5952380952380952,3.0,809.4060000000002,1.0,1.4484126984126984,501.0059523809524,7.242063492063491,74.12142857142858,0.6904109589041096,1.4484126984126984,41.17857142857143,12798.3,0.0039525691699604,2.460948616600791,111.0,2.0,Long Inactive,Low Value,Low Frequency
CUST1841,0,42,Male,Germany,cancelled,1,3,1738.11,1738.11,579.37,3.5,5,40.0,40,40,2023-07-22,2023-07-22,2023-01-17,186,0.1388888888888889,3.0,1,1,1,5.0,1738.11,579.37,0.0053475935828877,2954.7870000000003,280.3403225806452,0.4838709677419354,5.0,3545.7444,1.0,1.9623655913978493,3410.807258064516,5.887096774193548,476.5785483870968,0.5095890410958904,1.9623655913978493,280.3403225806452,71262.51000000001,0.0053475935828877,15.801,205.0,2.0,Long Inactive,Very High Value,Low Frequency
CUST1842,1,32,Female,India,paused,1,3,1183.74,1183.74,394.58,4.1,1,39.0,39,39,2022-10-03,2022-10-03,2021-09-28,370,0.075,3.0,1,1,1,1.0,1183.74,394.58,0.0026954177897574,2154.4068,95.97891891891892,0.2432432432432432,1.0,2843.816975999999,1.0,0.9864864864864864,1167.7435135135136,2.959459459459459,174.6816324324324,1.0136986301369864,0.9864864864864864,95.97891891891892,47349.6,0.0026954177897574,5.807026415094339,40.0,2.0,Long Inactive,High Value,Low Frequency
CUST1843,0,62,Female,Canada,active,1,5,1126.85,1126.85,225.37,4.1,0,38.0,38,38,2025-09-06,2025-09-06,2020-08-31,1832,0.0161117078410311,5.0,1,1,1,0.0,1126.85,225.37,0.000545553737043,2050.867,18.45278384279476,0.0818777292576419,0.0,2707.144439999999,1.0,0.199235807860262,224.50887008733625,0.99617903930131,33.584066593886455,5.019178082191781,0.199235807860262,18.45278384279476,43947.15,0.000545553737043,1.1188581560283686,0.0,2.0,At Risk,High Value,Low Frequency
CUST1844,0,29,Other,UK,cancelled,1,3,402.3,402.3,134.1,4.0,2,34.0,34,34,2025-05-05,2025-05-05,2023-06-06,699,0.0411522633744856,3.0,1,1,1,2.0,402.3,134.1,0.0014285714285714,724.14,17.266094420600854,0.1287553648068669,2.0,941.382,1.0,0.5221745350500715,210.07081545064372,1.5665236051502145,31.078969957081544,1.915068493150685,0.5221745350500715,17.266094420600854,14080.499999999998,0.0014285714285714,1.0344857142857142,70.0,2.0,Long Inactive,Low Value,Low Frequency
CUST1845,0,60,Female,Canada,cancelled,1,5,1357.65,1357.65,271.53,4.1,2,45.0,45,45,2024-04-18,2024-04-18,2023-01-18,456,0.0617283950617284,5.0,1,1,1,2.0,1357.65,271.53,0.0021881838074398,2470.923,89.31907894736841,0.3289473684210526,2.0,3261.6183599999986,1.0,0.8004385964912281,1086.7154605263156,4.00219298245614,162.5607236842105,1.2493150684931509,0.8004385964912281,89.31907894736841,62451.9,0.0021881838074398,5.406833698030633,92.0,2.0,Long Inactive,High Value,Low Frequency
CUST1846,0,53,Female,India,cancelled,1,4,740.92,740.92,185.23,4.0,3,5.0,5,5,2025-05-02,2025-05-02,2023-01-18,835,0.0346820809248554,4.0,1,1,1,3.0,740.92,185.23,0.0011961722488038,1333.656,26.61988023952096,0.1437125748502994,3.0,1733.7528,1.0,0.437125748502994,323.8752095808383,1.7485029940119765,47.91578443113772,2.287671232876712,0.437125748502994,26.61988023952096,4445.52,0.0011961722488038,1.5952822966507176,18.0,2.0,Long Inactive,Medium Value,Low Frequency
CUST1847,1,28,Male,Germany,active,1,3,1978.02,1978.02,659.34,3.8,1,1.0,1,1,2021-11-09,2021-11-09,2021-07-24,108,0.2173913043478261,3.0,1,1,1,1.0,1978.02,659.34,0.0091743119266055,3481.3152,549.4499999999999,0.8333333333333333,1.0,4386.457152,1.0,3.3796296296296298,6684.974999999999,10.13888888888889,967.032,0.2958904109589041,3.3796296296296298,549.4499999999999,3956.04,0.0091743119266055,31.93867155963303,2.0,2.0,Long Inactive,Very High Value,Low Frequency
CUST1848,0,69,Female,Germany,cancelled,1,2,230.96,230.96,115.48,4.3,4,35.0,35,35,2023-08-22,2023-08-22,2021-12-26,604,0.0473186119873817,2.0,1,1,1,4.0,230.96,115.48,0.0016528925619834,429.5856,11.471523178807947,0.0993377483443708,4.0,584.236416,1.0,0.6043046357615893,139.5701986754967,1.2086092715231789,21.33703311258278,1.6547945205479453,0.6043046357615893,11.471523178807947,8314.56,0.0016528925619834,0.7100588429752066,144.0,2.0,Long Inactive,Low Value,Low Frequency
CUST1849,0,23,Male,Germany,active,1,4,867.64,867.64,216.91,4.2,0,41.0,41,41,2024-11-23,2024-11-23,2021-01-04,1419,0.020703933747412,4.0,1,1,1,0.0,867.64,216.91,0.0007042253521126,1596.4576,18.343340380549684,0.0845665961945031,0.0,2139.253184,1.0,0.2572233967582805,223.17730796335448,1.028893587033122,33.751746300211416,3.887671232876712,0.2572233967582805,18.343340380549684,36440.88,0.0007042253521126,1.1242659154929575,0.0,2.0,Long Inactive,Medium Value,Low Frequency
CUST1850,0,55,Male,Germany,active,1,2,1131.08,1131.08,565.54,4.1,1,15.0,15,15,2024-03-28,2024-03-28,2021-03-26,1098,0.026595744680851,2.0,1,1,1,1.0,1131.08,565.54,0.0009099181073703,2058.5656,30.903825136612017,0.0546448087431694,1.0,2717.3065919999995,1.0,0.3324225865209472,375.9965391621129,0.6648451730418944,56.24496174863388,3.008219178082192,0.3324225865209472,30.903825136612017,18097.28,0.0009099181073703,1.8731261146496816,16.0,2.0,Long Inactive,High Value,Low Frequency
CUST1851,0,38,Female,Germany,cancelled,1,1,1146.75,1146.75,1146.75,4.2,2,31.0,31,31,2025-06-02,2025-06-02,2023-04-21,773,0.037359900373599,1.0,1,1,1,2.0,1146.75,1146.75,0.0012919896640826,2110.02,44.50517464424321,0.0388098318240621,2.0,2827.4268,1.0,0.4721862871927555,541.4796248382924,0.4721862871927555,81.8895213454075,2.117808219178082,0.4721862871927555,44.50517464424321,36696.0,0.0012919896640826,2.726124031007752,64.0,2.0,Long Inactive,High Value,Low Frequency
CUST1852,0,21,Male,India,paused,1,6,1849.62,1849.62,308.27,4.5,4,29.0,29,29,2024-07-22,2024-07-22,2021-02-06,1262,0.023219814241486,6.0,1,1,1,4.0,1849.62,308.27,0.0007917656373713,3514.278,43.9687797147385,0.1426307448494453,4.0,4919.989199999999,1.0,0.2892234548335974,534.9534865293185,1.735340729001585,83.54068145800316,3.4575342465753423,0.2892234548335974,43.9687797147385,55488.6,0.0007917656373713,2.782484560570071,120.0,2.0,Long Inactive,Very High Value,Low Frequency
CUST1853,0,57,Male,USA,active,1,6,215.64,215.64,35.94,4.6,0,47.0,47,47,2025-07-30,2025-07-30,2021-04-12,1570,0.01875,6.0,1,1,1,0.0,215.64,35.94,0.0006365372374283,414.02879999999993,4.120509554140127,0.1146496815286624,0.0,587.9208959999999,1.0,0.232484076433121,50.13286624203821,1.394904458598726,7.911378343949043,4.301369863013699,0.232484076433121,4.120509554140127,10350.72,0.0006365372374283,0.2635447485677911,0.0,2.0,At Risk,Low Value,Low Frequency
CUST1854,0,42,Female,Canada,active,1,7,418.81,418.81,59.83,4.3,4,40.0,40,40,2024-05-29,2024-05-29,2022-01-30,850,0.034090909090909,7.0,1,1,1,4.0,418.81,59.83,0.0011750881316098,778.9866,14.781529411764708,0.2470588235294117,4.0,1059.421776,1.0,0.4294117647058824,179.84194117647058,3.0058823529411764,27.493644705882357,2.328767123287671,0.4294117647058824,14.781529411764708,17171.21,0.0011750881316098,0.9153779083431256,164.0,2.0,Long Inactive,Low Value,Low Frequency
CUST1855,0,49,Female,USA,active,1,5,356.15000000000003,356.15000000000003,71.23,4.0,0,28.0,28,28,2025-06-04,2025-06-04,2023-03-06,821,0.0352526439482961,5.0,1,1,1,0.0,356.15000000000003,71.23,0.0012165450121654,641.07,13.01400730816078,0.1827040194884287,0.0,833.3910000000001,1.0,0.4445797807551765,158.33708891595614,2.222898903775883,23.42521315468941,2.249315068493151,0.4445797807551765,13.01400730816078,10328.35,0.0012165450121654,0.7798905109489052,0.0,2.0,Long Inactive,Low Value,Low Frequency
CUST1856,1,57,Female,Germany,active,1,9,520.1999999999999,520.1999999999999,57.8,4.2,3,37.0,37,37,2023-01-07,2023-01-07,2023-12-06,0,1.0,9.0,1,1,1,3.0,520.1999999999999,57.79999999999999,1.0,957.168,5201.999999999999,90.0,3.0,1282.60512,1.0,365.0,189873.0,3285.0,9571.679999999998,0.0,365.0,5201.999999999999,19767.6,1.0,957.168,114.0,2.0,Long Inactive,Low Value,Low Frequency
CUST1857,0,66,Female,USA,active,1,8,1347.36,1347.36,168.42,3.3,3,36.0,36,36,2023-08-05,2023-08-05,2023-03-30,128,0.189873417721519,8.0,1,1,1,3.0,1347.36,168.42,0.0077519379844961,2236.6176,315.7875,1.875,3.0,2594.4764159999995,1.0,2.8515625,3842.08125,22.8125,524.2072499999999,0.3506849315068493,2.8515625,315.7875,49852.32,0.0077519379844961,17.338120930232556,111.0,2.0,Long Inactive,High Value,Low Frequency
CUST1858,0,59,Male,USA,active,1,4,1839.64,1839.64,459.91,4.3,3,20.0,20,20,2024-12-15,2024-12-15,2023-08-05,498,0.0568181818181818,4.0,1,1,1,3.0,1839.64,459.91,0.002004008016032,3421.7304,110.82168674698796,0.2409638554216867,3.0,4653.553343999999,1.0,0.7329317269076305,1348.3305220883535,2.931726907630522,206.12833734939755,1.3643835616438356,0.7329317269076305,110.82168674698796,38632.44,0.002004008016032,6.8571751503006,63.0,2.0,Long Inactive,Very High Value,Low Frequency
CUST1859,1,19,Male,India,active,1,3,1661.1,1661.1,553.7,3.7,3,34.0,34,34,2022-04-18,2022-04-18,2021-08-17,244,0.1094890510948905,3.0,1,1,1,3.0,1661.1,553.7,0.0040816326530612,2890.3140000000003,204.23360655737707,0.3688524590163934,3.0,3583.9893600000005,1.0,1.495901639344262,2484.842213114754,4.487704918032787,355.36647540983614,0.6684931506849315,1.495901639344262,204.23360655737707,58138.50000000001,0.0040816326530612,11.797200000000002,105.0,2.0,Long Inactive,Very High Value,Low Frequency
CUST1860,0,35,Female,Germany,paused,1,9,987.48,987.48,109.72,3.9,1,46.0,46,46,2023-11-06,2023-11-06,2022-03-02,614,0.046583850931677,9.0,1,1,1,1.0,987.48,109.72,0.0016260162601626,1757.7144,48.24820846905538,0.4397394136807818,1.0,2249.874432,1.0,0.5944625407166124,587.0198697068404,5.350162866449511,85.88181107491857,1.6821917808219178,0.5944625407166124,48.24820846905538,46411.56,0.0016260162601626,2.8580721951219514,47.0,2.0,Long Inactive,Medium Value,Low Frequency
CUST1861,0,30,Female,Canada,active,1,8,1483.92,1483.92,185.49,4.3,4,5.0,5,5,2024-12-26,2024-12-26,2021-03-05,1392,0.0210970464135021,8.0,1,1,1,4.0,1483.92,185.49,0.0007178750897343,2760.0912,31.981034482758623,0.1724137931034483,4.0,3753.724032,1.0,0.2622126436781609,389.1025862068966,2.0977011494252875,59.48472413793103,3.813698630136986,0.2622126436781609,31.981034482758623,8903.52,0.0007178750897343,1.9814007178750896,24.0,2.0,Long Inactive,High Value,Low Frequency
CUST1862,1,65,Female,Germany,cancelled,1,7,844.34,844.34,120.62,4.1,3,43.0,43,43,2021-07-13,2021-07-13,2021-02-05,158,0.1595744680851064,7.0,1,1,1,3.0,844.34,120.62,0.0062893081761006,1536.6988,160.31772151898736,1.3291139240506329,3.0,2028.442416,1.0,2.310126582278481,1950.5322784810128,16.17088607594937,291.77825316455693,0.4328767123287671,2.310126582278481,160.31772151898736,37150.96,0.0062893081761006,9.664772327044023,132.0,2.0,Long Inactive,Medium Value,Low Frequency
CUST1863,0,31,Male,USA,active,1,8,97.04,97.04,12.13,4.2,4,49.0,49,49,2024-05-29,2024-05-29,2023-08-19,284,0.0955414012738853,8.0,1,1,1,4.0,97.04,12.13,0.0035087719298245,178.55360000000002,10.250704225352113,0.8450704225352113,4.0,239.26182400000005,1.0,1.2852112676056338,124.71690140845072,10.28169014084507,18.86129577464789,0.7780821917808219,1.2852112676056338,10.250704225352113,4852.0,0.0035087719298245,0.6265038596491229,200.0,2.0,Long Inactive,Low Value,Low Frequency
CUST1864,0,62,Male,Pakistan,active,1,8,1005.36,1005.36,125.67,4.5,0,4.0,4,4,2024-09-05,2024-09-05,2022-06-16,812,0.0356294536817102,8.0,1,1,1,0.0,1005.36,125.67,0.001230012300123,1910.184,37.14384236453202,0.2955665024630542,0.0,2674.2576,1.0,0.4495073891625615,451.91674876847287,3.5960591133004924,70.57330049261084,2.2246575342465755,0.4495073891625615,37.14384236453202,5026.8,0.001230012300123,2.349549815498155,0.0,2.0,Long Inactive,Medium Value,Low Frequency
CUST1865,0,61,Male,Germany,active,1,5,1288.1999999999998,1288.1999999999998,257.64,4.0,1,11.0,11,11,2023-11-29,2023-11-29,2021-04-08,965,0.0301507537688442,5.0,1,1,1,1.0,1288.1999999999998,257.64,0.0010351966873706,2318.76,40.04766839378238,0.155440414507772,1.0,3014.388,1.0,0.3782383419689119,487.2466321243523,1.89119170984456,72.08580310880829,2.643835616438356,0.3782383419689119,40.04766839378238,15458.399999999998,0.0010351966873706,2.400372670807453,12.0,2.0,Long Inactive,High Value,Low Frequency
CUST1866,0,47,Female,Pakistan,cancelled,1,3,813.33,813.33,271.11,4.5,4,30.0,30,30,2025-04-03,2025-04-03,2020-02-10,1879,0.0157150340492404,3.0,1,1,1,4.0,813.33,271.11,0.000531914893617,1545.327,12.985577434805748,0.0478978179882916,4.0,2163.4578,1.0,0.194252261841405,157.99119212346994,0.582756785524215,24.67259712613092,5.147945205479452,0.194252261841405,12.985577434805748,25213.23,0.000531914893617,0.8219824468085106,124.0,2.0,Long Inactive,Medium Value,Low Frequency
CUST1867,1,48,Female,USA,cancelled,1,9,1469.88,1469.88,163.32,3.5,4,45.0,45,45,2021-09-24,2021-09-24,2021-06-17,99,0.2325581395348837,9.0,1,1,1,4.0,1469.88,163.32,0.01,2498.796,445.4181818181818,2.7272727272727275,4.0,2998.5552,1.0,3.686868686868687,5419.254545454545,33.18181818181818,757.2109090909091,0.2712328767123287,3.686868686868687,445.4181818181818,67614.48,0.01,24.98796,184.0,2.0,Long Inactive,High Value,Low Frequency
CUST1868,0,53,Female,USA,active,1,5,1961.3,1961.3,392.26,4.5,4,1.0,1,1,2023-09-28,2023-09-28,2022-10-19,344,0.0802139037433155,5.0,1,1,1,4.0,1961.3,392.26,0.0028985507246376,3726.47,171.04360465116278,0.436046511627907,4.0,5217.057999999999,1.0,1.0610465116279069,2081.030523255814,5.305232558139535,324.9828488372093,0.9424657534246575,1.0610465116279069,171.04360465116278,3922.6,0.0028985507246376,10.80136231884058,8.0,2.0,Long Inactive,Very High Value,Low Frequency
CUST1869,0,55,Female,Germany,active,1,6,81.66,81.66,13.61,4.3,3,4.0,4,4,2023-07-29,2023-07-29,2022-09-20,312,0.087719298245614,6.0,1,1,1,3.0,81.66,13.61,0.0031948881789137,151.8876,7.851923076923076,0.5769230769230769,3.0,206.567136,1.0,1.1698717948717947,95.53173076923076,7.019230769230769,14.60457692307692,0.8547945205479452,1.1698717948717947,7.851923076923076,408.3,0.0031948881789137,0.4852638977635782,15.0,2.0,Long Inactive,Low Value,Low Frequency
CUST1870,1,68,Female,Pakistan,active,1,3,649.95,649.95,216.65,3.3,5,7.0,7,7,2022-09-03,2022-09-03,2021-08-28,371,0.0748129675810473,3.0,1,1,1,5.0,649.95,216.65,0.0026881720430107,1078.917,52.55660377358491,0.2425876010781671,5.0,1251.54372,1.0,0.9838274932614556,639.4386792452831,2.951482479784367,87.24396226415094,1.0164383561643835,0.9838274932614556,52.55660377358491,5199.6,0.0026881720430107,2.900314516129032,40.0,2.0,Long Inactive,Medium Value,Low Frequency
CUST1871,1,67,Female,Pakistan,cancelled,1,2,33.42,33.42,16.71,4.1,3,40.0,40,40,2022-11-11,2022-11-11,2021-01-24,656,0.0437317784256559,2.0,1,1,1,3.0,33.42,16.71,0.0015220700152207,60.8244,1.5283536585365851,0.0914634146341463,3.0,80.28820799999998,1.0,0.5564024390243902,18.594969512195124,1.1128048780487805,2.7816036585365853,1.797260273972603,0.5564024390243902,1.5283536585365851,1370.22,0.0015220700152207,0.0925789954337899,123.0,2.0,Long Inactive,Low Value,Low Frequency
CUST1872,1,18,Male,Canada,paused,1,9,1575.72,1575.72,175.08,3.8,0,22.0,22,22,2022-03-02,2022-03-02,2021-11-30,92,0.2459016393442623,9.0,1,1,1,0.0,1575.72,175.08,0.010752688172043,2773.2672,513.8217391304347,2.934782608695652,0.0,3494.3166720000004,1.0,3.9673913043478257,6251.497826086957,35.70652173913043,904.3262608695652,0.2520547945205479,3.9673913043478257,513.8217391304347,36241.56,0.010752688172043,29.82007741935484,0.0,2.0,Long Inactive,Very High Value,Low Frequency
CUST1873,0,32,Male,Germany,active,1,3,43.44,43.44,14.48,3.5,1,43.0,43,43,2025-03-30,2025-03-30,2020-08-30,1673,0.017615971814445,3.0,1,1,1,1.0,43.44,14.48,0.0005973715651135,73.848,0.7789599521817094,0.0537955768081291,1.0,88.6176,1.0,0.2181709503885236,9.477346084877466,0.6545128511655708,1.3242319187089062,4.583561643835616,0.2181709503885236,0.7789599521817094,1911.36,0.0005973715651135,0.0441146953405017,44.0,2.0,Long Inactive,Low Value,Low Frequency
CUST1874,0,46,Male,Germany,active,1,7,1949.85,1949.85,278.55,4.1,2,46.0,46,46,2025-01-01,2025-01-01,2020-09-18,1566,0.018796992481203,7.0,1,1,1,2.0,1949.85,278.55,0.0006381620931716,3548.727,37.35344827586207,0.1340996168582375,2.0,4684.319639999999,1.0,0.2330779054916986,454.46695402298855,1.63154533844189,67.98327586206896,4.2904109589041095,0.2330779054916986,37.35344827586207,91642.95,0.0006381620931716,2.2646630504148053,94.0,2.0,Long Inactive,Very High Value,Low Frequency
CUST1875,0,62,Female,India,active,1,9,1927.62,1927.62,214.18,4.5,1,2.0,2,2,2023-09-02,2023-09-02,2021-04-22,863,0.0335946248600224,9.0,1,1,1,1.0,1927.62,214.18,0.0011574074074074,3662.478,67.0088064889919,0.3128621089223639,1.0,5127.4692,1.0,0.4229432213209733,815.2738122827348,3.80648899188876,127.3167323290846,2.364383561643836,0.4229432213209733,67.0088064889919,5782.860000000001,0.0011574074074074,4.238979166666667,3.0,2.0,Long Inactive,Very High Value,Low Frequency
CUST1876,0,23,Female,Germany,cancelled,1,3,691.62,691.62,230.54,4.4,5,49.0,49,49,2025-04-22,2025-04-22,2022-07-04,1023,0.0284900284900284,3.0,1,1,1,5.0,691.62,230.54,0.0009765625,1300.2456000000002,20.282111436950142,0.0879765395894428,5.0,1794.3389280000004,1.0,0.3567937438905181,246.76568914956013,1.0703812316715542,38.13036950146628,2.802739726027397,0.3567937438905181,20.282111436950142,34581.0,0.0009765625,1.2697710937500002,250.0,2.0,Long Inactive,Medium Value,Low Frequency
CUST1877,0,20,Female,India,paused,1,3,1168.56,1168.56,389.52,4.1,5,32.0,32,32,2024-06-26,2024-06-26,2021-06-19,1103,0.0264783759929391,3.0,1,1,1,5.0,1168.56,389.52,0.0009057971014492,2126.7791999999995,31.783136899365367,0.0815956482320943,5.0,2807.348543999999,1.0,0.3309156844968268,386.694832275612,0.9927470534904804,57.84530915684496,3.021917808219178,0.3309156844968268,31.783136899365367,38562.48,0.0009057971014492,1.926430434782608,165.0,2.0,Long Inactive,High Value,Low Frequency
CUST1878,0,66,Male,Germany,paused,1,7,359.59,359.59,51.37,4.3,2,38.0,38,38,2023-07-31,2023-07-31,2022-04-29,458,0.0614754098360655,7.0,1,1,1,2.0,359.59,51.37,0.0021786492374727,668.8373999999999,23.553930131004364,0.4585152838427947,2.0,909.6188639999998,1.0,0.7969432314410481,286.57281659388644,5.578602620087336,43.81031004366811,1.2547945205479452,0.7969432314410481,23.553930131004364,14024.009999999998,0.0021786492374727,1.457162091503268,78.0,2.0,Long Inactive,Low Value,Low Frequency
CUST1879,1,57,Female,Canada,cancelled,1,3,368.07,368.07,122.69,3.6,1,2.0,2,2,2021-01-25,2021-01-25,2020-12-27,29,0.5084745762711864,3.0,1,1,1,1.0,368.07,122.69,0.0333333333333333,633.0803999999999,380.7620689655173,3.103448275862069,1.0,772.358088,1.0,12.586206896551722,4632.605172413792,37.75862068965517,654.9107586206895,0.0794520547945205,12.586206896551722,380.7620689655173,1104.21,0.0333333333333333,21.10268,3.0,2.0,Long Inactive,Low Value,Low Frequency
CUST1880,0,69,Other,USA,active,1,6,1983.72,1983.72,330.62,4.0,2,14.0,14,14,2025-05-24,2025-05-24,2022-11-14,922,0.0315126050420168,6.0,1,1,1,2.0,1983.72,330.62,0.0010834236186348,3570.696,64.54620390455531,0.1952277657266811,2.0,4641.9048,1.0,0.3958785249457701,785.312147505423,2.3752711496746204,116.18316702819956,2.526027397260274,0.3958785249457701,64.54620390455531,29755.8,0.0010834236186348,3.868576381365113,30.0,2.0,Long Inactive,Very High Value,Low Frequency
CUST1881,0,18,Male,USA,active,1,9,1422.36,1422.36,158.04,4.1,3,19.0,19,19,2023-03-02,2023-03-02,2022-08-07,207,0.1265822784810126,9.0,1,1,1,3.0,1422.36,158.04,0.0048076923076923,2588.6952,206.13913043478257,1.3043478260869563,3.0,3417.077663999999,1.0,1.7632850241545894,2508.0260869565213,15.869565217391305,375.17321739130426,0.5671232876712329,1.7632850241545894,206.13913043478257,28447.2,0.0048076923076923,12.44565,60.0,2.0,Long Inactive,High Value,Low Frequency
CUST1882,0,33,Male,Germany,active,1,3,619.14,619.14,206.38,4.5,4,10.0,10,10,2025-10-07,2025-10-07,2021-01-28,1713,0.0172117039586919,3.0,1,1,1,4.0,619.14,206.38,0.0005834305717619,1176.366,10.8430823117338,0.052539404553415,4.0,1646.9124,1.0,0.2130764740221833,131.92416812609457,0.6392294220665499,20.60185639229422,4.693150684931507,0.2130764740221833,10.8430823117338,6810.54,0.0005834305717619,0.6863278879813302,44.0,2.0,Moderate,Medium Value,Low Frequency
CUST1883,1,24,Female,UK,paused,1,8,633.44,633.44,79.18,4.2,3,35.0,35,35,2022-01-17,2022-01-17,2020-12-31,382,0.0728155339805825,8.0,1,1,1,3.0,633.44,79.18,0.0026109660574412,1165.5296,49.74659685863875,0.6282722513089005,3.0,1561.809664,1.0,0.955497382198953,605.2502617801048,7.643979057591624,91.5337382198953,1.0465753424657531,0.955497382198953,49.74659685863875,22803.840000000004,0.0026109660574412,3.043158224543081,108.0,2.0,Long Inactive,Medium Value,Low Frequency
CUST1884,0,45,Female,Germany,cancelled,1,6,1530.84,1530.84,255.14,4.3,2,39.0,39,39,2023-07-31,2023-07-31,2023-01-30,182,0.1415094339622641,6.0,1,1,1,2.0,1530.84,255.14,0.0054644808743169,2847.3623999999995,252.33626373626373,0.989010989010989,2.0,3872.412863999999,1.0,2.005494505494505,3070.0912087912084,12.032967032967033,469.3454505494505,0.4986301369863014,2.005494505494505,252.33626373626373,61233.6,0.0054644808743169,15.559357377049178,80.0,2.0,Long Inactive,Very High Value,Low Frequency
CUST1885,1,57,Female,India,active,1,8,298.4,298.4,37.3,4.2,1,35.0,35,35,2022-05-23,2022-05-23,2021-09-18,247,0.1083032490974729,8.0,1,1,1,1.0,298.4,37.3,0.0040322580645161,549.0559999999999,36.24291497975709,0.97165991902834,1.0,735.7350399999999,1.0,1.4777327935222673,440.9554655870445,11.821862348178138,66.68696356275304,0.6767123287671233,1.4777327935222673,36.24291497975709,10742.4,0.0040322580645161,2.2139354838709675,36.0,2.0,Long Inactive,Low Value,Low Frequency
CUST1886,0,61,Female,Pakistan,active,1,8,1635.76,1635.76,204.47,4.6,5,19.0,19,19,2024-08-21,2024-08-21,2023-06-16,432,0.0649350649350649,8.0,1,1,1,5.0,1635.76,204.47,0.0023094688221709,3140.6592,113.59444444444443,0.5555555555555556,5.0,4459.736064,1.0,0.8449074074074074,1382.0657407407407,6.75925925925926,218.10133333333332,1.1835616438356165,0.8449074074074074,113.59444444444443,32715.2,0.0023094688221709,7.253254503464203,100.0,2.0,Long Inactive,Very High Value,Low Frequency
CUST1887,0,46,Female,Germany,cancelled,1,2,135.16,135.16,67.58,4.5,5,34.0,34,34,2023-10-10,2023-10-10,2021-01-06,1007,0.0289296046287367,2.0,1,1,1,5.0,135.16,67.58,0.0009920634920634,256.804,4.026613704071499,0.0595829195630585,5.0,359.52559999999994,1.0,0.362462760675273,48.99046673286991,0.7249255213505461,7.650566037735848,2.758904109589041,0.362462760675273,4.026613704071499,4730.599999999999,0.0009920634920634,0.254765873015873,175.0,2.0,Long Inactive,Low Value,Low Frequency
CUST1888,1,61,Male,India,active,1,8,966.24,966.24,120.78,4.3,0,36.0,36,36,2022-08-24,2022-08-24,2021-10-04,324,0.0847457627118644,8.0,1,1,1,0.0,966.24,120.78,0.003076923076923,1797.2063999999998,89.46666666666667,0.7407407407407407,0.0,2444.2007039999994,1.0,1.126543209876543,1088.5111111111112,9.012345679012345,166.40799999999996,0.8876712328767123,1.126543209876543,89.46666666666667,35750.88,0.003076923076923,5.529865846153846,0.0,2.0,Long Inactive,Medium Value,Low Frequency
CUST1889,0,51,Male,UK,active,1,5,55.7,55.7,11.14,4.1,4,1.0,1,1,2024-12-27,2024-12-27,2022-11-16,772,0.0374064837905236,5.0,1,1,1,4.0,55.7,11.14,0.001293661060802,101.374,2.164507772020725,0.194300518134715,4.0,133.81367999999998,1.0,0.4727979274611398,26.33484455958549,2.3639896373056994,3.93940414507772,2.115068493150685,0.4727979274611398,2.164507772020725,111.4,0.001293661060802,0.131143596377749,8.0,2.0,Long Inactive,Low Value,Low Frequency
CUST1890,1,48,Female,USA,active,1,1,1928.31,1928.31,1928.31,4.5,0,21.0,21,21,2022-12-16,2022-12-16,2021-02-11,673,0.0426742532005689,1.0,1,1,1,0.0,1928.31,1928.31,0.0014836795252225,3663.789,85.95735512630014,0.0445765230312035,0.0,5129.3046,1.0,0.5423476968796433,1045.814487369985,0.5423476968796433,163.31897473997026,1.8438356164383565,0.5423476968796433,85.95735512630014,42422.82,0.0014836795252225,5.435888724035608,0.0,2.0,Long Inactive,Very High Value,Low Frequency
CUST1891,0,50,Female,Germany,active,1,9,811.98,811.98,90.22,3.5,0,5.0,5,5,2025-05-25,2025-05-25,2022-05-14,1107,0.0263852242744063,9.0,1,1,1,0.0,811.98,90.22,0.0009025270758122,1380.366,22.00487804878049,0.2439024390243902,0.0,1656.4392,1.0,0.3297199638663053,267.7260162601626,2.967479674796748,37.40829268292683,3.032876712328767,0.3297199638663053,22.00487804878049,4871.88,0.0009025270758122,1.245817689530686,0.0,2.0,Long Inactive,Medium Value,Low Frequency
CUST1892,0,55,Female,UK,paused,1,3,1715.8200000000002,1715.8200000000002,571.94,4.4,1,24.0,24,24,2024-11-18,2024-11-18,2021-02-16,1371,0.0214132762312633,3.0,1,1,1,1.0,1715.8200000000002,571.94,0.0007288629737609,3225.7416000000003,37.545295404814006,0.0656455142231947,1.0,4451.523408000001,1.0,0.2662290299051787,456.8010940919037,0.7986870897155361,70.58515536105033,3.756164383561644,0.2662290299051787,37.545295404814006,42895.50000000001,0.0007288629737609,2.35112361516035,25.0,2.0,Long Inactive,Very High Value,Low Frequency
CUST1893,0,35,Female,India,cancelled,1,5,1472.0500000000002,1472.0500000000002,294.41,4.2,0,32.0,32,32,2025-07-18,2025-07-18,2021-11-12,1344,0.0218340611353711,5.0,1,1,1,0.0,1472.0500000000002,294.41,0.0007434944237918,2708.572000000001,32.85825892857144,0.1116071428571428,0.0,3629.486480000001,1.0,0.2715773809523809,399.7754836309524,1.3578869047619049,60.459196428571445,3.682191780821918,0.2715773809523809,32.85825892857144,48577.65000000001,0.0007434944237918,2.013808178438662,0.0,2.0,At Risk,High Value,Low Frequency
CUST1894,0,21,Other,Pakistan,paused,1,7,477.47,477.47,68.21,4.4,0,22.0,22,22,2024-07-09,2024-07-09,2021-05-15,1151,0.025402201524132,7.0,1,1,1,0.0,477.47,68.21,0.0008680555555555,897.6436,12.444917463075583,0.1824500434404865,0.0,1238.748168,1.0,0.317115551694179,151.41316246741962,2.219808861859253,23.3964448305821,3.1534246575342464,0.317115551694179,12.444917463075583,10981.81,0.0008680555555555,0.7792045138888888,0.0,2.0,Long Inactive,Low Value,Low Frequency
CUST1895,0,51,Female,Germany,active,1,3,404.04,404.04,134.68,4.4,2,31.0,31,31,2023-03-18,2023-03-18,2022-09-13,186,0.1388888888888889,3.0,1,1,1,2.0,404.04,134.68,0.0053475935828877,759.5952000000001,65.16774193548387,0.4838709677419354,2.0,1048.2413760000002,1.0,1.9623655913978493,792.8741935483871,5.887096774193548,122.51535483870968,0.5095890410958904,1.9623655913978493,65.16774193548387,12929.28,0.0053475935828877,4.0620064171123,64.0,2.0,Long Inactive,Low Value,Low Frequency
CUST1896,0,50,Other,Pakistan,active,1,5,1475.35,1475.35,295.07,4.2,5,42.0,42,42,2024-11-15,2024-11-15,2022-03-12,979,0.0297324083250743,5.0,1,1,1,5.0,1475.35,295.07,0.0010204081632653,2714.644,45.20990806945863,0.153217568947906,5.0,3637.62296,1.0,0.372829417773238,550.0538815117467,1.86414708886619,83.18623084780387,2.682191780821918,0.372829417773238,45.20990806945863,63440.05,0.0010204081632653,2.770044897959184,215.0,2.0,Long Inactive,High Value,Low Frequency
CUST1897,0,44,Female,Pakistan,active,1,9,1514.7,1514.7,168.3,4.5,5,17.0,17,17,2024-11-02,2024-11-02,2021-10-03,1126,0.0259515570934256,9.0,1,1,1,5.0,1514.7,168.3,0.0008873114463176,2877.93,40.35612788632327,0.2397868561278863,5.0,4029.102,1.0,0.3241563055062167,490.9995559502664,2.9174067495559504,76.67664298401421,3.084931506849315,0.3241563055062167,40.35612788632327,27264.6,0.0008873114463176,2.553620230700976,90.0,2.0,Long Inactive,Very High Value,Low Frequency
CUST1898,0,39,Male,India,paused,1,9,1210.59,1210.59,134.51,4.3,3,32.0,32,32,2023-10-24,2023-10-24,2020-08-28,1152,0.0253807106598984,9.0,1,1,1,3.0,1210.59,134.51,0.0008673026886383,2251.6974,31.52578125,0.234375,3.0,3062.3084639999997,1.0,0.3168402777777778,383.563671875,2.8515625,58.63795312499999,3.156164383561644,0.3168402777777778,31.52578125,39949.47,0.0008673026886383,1.9529032090199476,99.0,2.0,Long Inactive,High Value,Low Frequency
CUST1899,1,50,Male,USA,cancelled,1,7,1421.35,1421.35,203.05,3.8,1,43.0,43,43,2022-04-03,2022-04-03,2020-11-27,492,0.0574712643678161,7.0,1,1,1,1.0,1421.35,203.05,0.0020283975659229,2501.5760000000005,86.66768292682929,0.426829268292683,1.0,3151.9857600000005,1.0,0.741869918699187,1054.4568089430895,5.193089430894309,152.53512195121957,1.347945205479452,0.741869918699187,86.66768292682929,62539.40000000001,0.0020283975659229,5.074190669371197,44.0,2.0,Long Inactive,High Value,Low Frequency
CUST1900,0,32,Male,USA,active,1,3,1936.14,1936.14,645.38,3.9,2,9.0,9,9,2024-08-01,2024-08-01,2023-11-03,272,0.0993377483443708,3.0,1,1,1,2.0,1936.14,645.38,0.0036630036630036,3446.3292,213.5448529411765,0.3308823529411764,2.0,4411.301375999999,1.0,1.3419117647058822,2598.1290441176466,4.025735294117647,380.1098382352941,0.7452054794520548,1.3419117647058822,213.5448529411765,19361.4,0.0036630036630036,12.62391648351648,20.0,2.0,Long Inactive,Very High Value,Low Frequency
CUST1901,0,64,Male,Germany,active,1,4,1583.24,1583.24,395.81,4.0,1,44.0,44,44,2024-12-14,2024-12-14,2020-09-12,1554,0.0189393939393939,4.0,1,1,1,1.0,1583.24,395.81,0.0006430868167202,2849.832,30.564478764478768,0.0772200772200772,1.0,3704.7816,1.0,0.2348777348777349,371.867824967825,0.9395109395109396,55.016061776061775,4.257534246575342,0.2348777348777349,30.564478764478768,71245.8,0.0006430868167202,1.832689389067524,45.0,2.0,Long Inactive,Very High Value,Low Frequency
CUST1902,0,32,Male,UK,active,1,4,1305.48,1305.48,326.37,4.1,5,2.0,2,2,2023-11-15,2023-11-15,2023-02-03,285,0.0952380952380952,4.0,1,1,1,5.0,1305.48,326.37,0.0034965034965034,2375.9736,137.41894736842104,0.4210526315789473,5.0,3136.2851519999995,1.0,1.280701754385965,1671.9305263157894,5.12280701754386,250.10248421052628,0.7808219178082192,1.280701754385965,137.41894736842104,3916.44,0.0034965034965034,8.307599999999999,15.0,2.0,Long Inactive,High Value,Low Frequency
CUST1903,0,20,Female,India,active,1,1,1200.43,1200.43,1200.43,4.4,1,31.0,31,31,2024-10-08,2024-10-08,2022-05-14,878,0.0330396475770925,1.0,1,1,1,1.0,1200.43,1200.43,0.0011376564277588,2256.8084000000003,41.01697038724374,0.0341685649202733,1.0,3114.3955920000008,1.0,0.4157175398633257,499.03980637813214,0.4157175398633257,77.11190432801824,2.405479452054794,0.4157175398633257,41.01697038724374,38413.76,0.0011376564277588,2.5674725824800912,32.0,2.0,Long Inactive,High Value,Low Frequency
CUST1904,0,44,Female,USA,active,1,2,1545.42,1545.42,772.71,4.4,2,4.0,4,4,2025-11-02,2025-11-02,2022-12-27,1041,0.0280112044817927,2.0,1,1,1,2.0,1545.42,772.71,0.0009596928982725,2905.3896000000004,44.53659942363112,0.0576368876080691,2.0,4009.437648000001,1.0,0.3506243996157541,541.8619596541787,0.7012487992315082,83.72880691642652,2.852054794520548,0.3506243996157541,44.53659942363112,7727.1,0.0009596928982725,2.7882817658349333,10.0,2.0,Recent,Very High Value,Low Frequency
CUST1905,0,40,Female,USA,active,1,7,165.62,165.62,23.66,4.4,4,46.0,46,46,2025-12-07,2025-12-07,2020-07-09,1977,0.014947683109118,7.0,1,1,1,4.0,165.62,23.66,0.0005055611729019,311.36560000000003,2.51320182094082,0.1062215477996965,4.0,429.68452800000006,1.0,0.1846231664137582,30.57728882144664,1.2923621648963075,4.72481942336874,5.416438356164384,0.1846231664137582,2.51320182094082,7784.14,0.0005055611729019,0.1574143579373104,188.0,2.0,Very Recent,Low Value,Low Frequency
CUST1906,0,24,Male,Germany,active,1,6,1715.64,1715.64,285.94,3.5,4,31.0,31,31,2025-11-01,2025-11-01,2021-06-29,1586,0.0185643564356435,6.0,1,1,1,4.0,1715.64,285.94,0.0006301197227473,2916.588,32.452206809583856,0.1134930643127364,4.0,3499.9056,1.0,0.2301387137452711,394.8351828499369,1.3808322824716266,55.16875157629256,4.345205479452055,0.2301387137452711,32.452206809583856,54900.48,0.0006301197227473,1.8377996219281665,128.0,2.0,Recent,Very High Value,Low Frequency
CUST1907,0,21,Female,UK,active,1,4,1649.04,1649.04,412.26,4.5,1,9.0,9,9,2025-01-21,2025-01-21,2021-11-13,1165,0.0251046025104602,4.0,1,1,1,1.0,1649.04,412.26,0.0008576329331046,3133.176,42.46454935622317,0.1030042918454935,1.0,4386.4464,1.0,0.3133047210300429,516.6520171673819,1.2532188841201717,80.68264377682402,3.191780821917808,0.3133047210300429,42.46454935622317,16490.4,0.0008576329331046,2.687114922813036,10.0,2.0,Long Inactive,Very High Value,Low Frequency
CUST1908,0,54,Male,Germany,active,1,7,781.13,781.13,111.59,4.1,3,42.0,42,42,2023-05-28,2023-05-28,2021-03-07,812,0.0356294536817102,7.0,1,1,1,3.0,781.13,111.59,0.001230012300123,1421.6565999999998,28.85948275862069,0.2586206896551724,3.0,1876.586712,1.0,0.4495073891625615,351.1237068965517,3.1465517241379306,52.52425862068965,2.2246575342465755,0.4495073891625615,28.85948275862069,33588.59,0.001230012300123,1.7486551045510452,129.0,2.0,Long Inactive,Medium Value,Low Frequency
CUST1909,0,23,Male,USA,active,1,7,951.02,951.02,135.86,4.4,5,29.0,29,29,2024-06-13,2024-06-13,2022-06-18,726,0.0396825396825396,7.0,1,1,1,5.0,951.02,135.86,0.0013755158184319,1787.9176000000002,39.29834710743802,0.2892561983471075,5.0,2467.3262880000007,1.0,0.5027548209366391,478.12988980716256,3.5192837465564737,73.88089256198349,1.989041095890411,0.5027548209366391,39.29834710743802,28530.6,0.0013755158184319,2.45930894085282,150.0,2.0,Long Inactive,Medium Value,Low Frequency
CUST1910,1,64,Female,UK,paused,1,3,1957.23,1957.23,652.41,4.1,3,26.0,26,26,2022-07-05,2022-07-05,2021-08-12,327,0.0840336134453781,3.0,1,1,1,3.0,1957.23,652.41,0.0030487804878048,3562.1586,179.56238532110092,0.2752293577981651,3.0,4702.049351999999,1.0,1.1162079510703364,2184.6756880733947,3.3486238532110093,326.80354128440365,0.8958904109589041,1.1162079510703364,179.56238532110092,52845.21,0.0030487804878048,10.86023963414634,81.0,2.0,Long Inactive,Very High Value,Low Frequency
CUST1911,0,62,Female,Canada,active,1,7,191.03,191.03,27.29,4.2,3,34.0,34,34,2024-04-04,2024-04-04,2020-12-26,1195,0.0244897959183673,7.0,1,1,1,3.0,191.03,27.29,0.0008361204013377,351.4952,4.795732217573222,0.1757322175732217,3.0,471.003568,1.0,0.305439330543933,58.34807531380753,2.1380753138075312,8.824147280334728,3.2739726027397262,0.305439330543933,4.795732217573222,6686.05,0.0008361204013377,0.2938923076923077,105.0,2.0,Long Inactive,Low Value,Low Frequency
CUST1912,0,23,Female,USA,cancelled,1,8,908.16,908.16,113.52,4.2,1,43.0,43,43,2025-01-17,2025-01-17,2023-04-04,654,0.043859649122807,8.0,1,1,1,1.0,908.16,113.52,0.0015267175572519,1671.0144,41.65871559633028,0.3669724770642201,1.0,2239.1592960000003,1.0,0.5581039755351682,506.8477064220184,4.464831804281346,76.65203669724771,1.7917808219178082,0.5581039755351682,41.65871559633028,39959.04,0.0015267175572519,2.5511670229007635,44.0,2.0,Long Inactive,Medium Value,Low Frequency
CUST1913,0,28,Male,India,cancelled,1,4,651.28,651.28,162.82,4.3,3,11.0,11,11,2025-01-02,2025-01-02,2023-08-07,514,0.0551470588235294,4.0,1,1,1,3.0,651.28,162.82,0.0019417475728155,1211.3808,38.0124513618677,0.2334630350194552,3.0,1647.4778879999997,1.0,0.7101167315175098,462.4848249027237,2.840466926070039,70.70315953307393,1.4082191780821918,0.7101167315175098,38.0124513618677,7815.36,0.0019417475728155,2.35219572815534,36.0,2.0,Long Inactive,Medium Value,Low Frequency
CUST1914,0,63,Female,Germany,cancelled,1,8,99.6,99.6,12.45,4.3,5,8.0,8,8,2024-09-11,2024-09-11,2021-02-22,1297,0.0226073850791258,8.0,1,1,1,5.0,99.6,12.45,0.0007704160246533,185.256,2.3037779491133383,0.1850424055512721,5.0,251.94815999999997,1.0,0.2814186584425597,28.02929838087895,2.251349267540478,4.285026985350809,3.5534246575342467,0.2814186584425597,2.3037779491133383,896.4,0.0007704160246533,0.1427241910631741,45.0,2.0,Long Inactive,Low Value,Low Frequency
CUST1915,0,38,Female,USA,cancelled,1,2,211.06,211.06,105.53,3.7,0,26.0,26,26,2023-10-14,2023-10-14,2022-07-02,469,0.0601202404809619,2.0,1,1,1,0.0,211.06,105.53,0.002127659574468,367.2444,13.500639658848614,0.1279317697228145,0.0,455.383056,1.0,0.7782515991471216,164.2577825159915,1.5565031982942432,23.49111300639659,1.284931506849315,0.7782515991471216,13.500639658848614,5698.62,0.002127659574468,0.7813710638297872,0.0,2.0,Long Inactive,Low Value,Low Frequency
CUST1916,1,51,Female,USA,cancelled,1,9,1596.33,1596.33,177.37,3.9,5,37.0,37,37,2022-08-23,2022-08-23,2022-11-07,0,1.0,9.0,1,1,1,5.0,1596.33,177.37,1.0,2841.4674,15963.3,90.0,5.0,3637.078272,1.0,365.0,582660.45,3285.0,28414.674,0.0,365.0,15963.3,60660.53999999999,1.0,2841.4674,190.0,2.0,Long Inactive,Very High Value,Low Frequency
CUST1917,1,67,Male,Canada,active,1,1,236.75,236.75,236.75,4.5,5,24.0,24,24,2022-10-25,2022-10-25,2022-06-26,121,0.1986754966887417,1.0,1,1,1,5.0,236.75,236.75,0.0081967213114754,449.825,58.69834710743802,0.2479338842975206,5.0,629.755,1.0,3.0165289256198347,714.1632231404958,3.0165289256198347,111.52685950413225,0.3315068493150685,3.0165289256198347,58.69834710743802,5918.75,0.0081967213114754,3.6870901639344265,125.0,2.0,Long Inactive,Low Value,Low Frequency
CUST1918,0,51,Female,Pakistan,active,1,6,539.04,539.04,89.84,4.1,0,43.0,43,43,2023-04-13,2023-04-13,2022-11-11,153,0.1639344262295082,6.0,1,1,1,0.0,539.04,89.83999999999999,0.0064935064935064,981.0527999999998,105.69411764705882,1.1764705882352942,0.0,1294.9896959999996,1.0,2.38562091503268,1285.9450980392155,14.31372549019608,192.36329411764703,0.4191780821917808,2.38562091503268,105.69411764705882,23717.76,0.0064935064935064,6.370472727272727,0.0,2.0,Long Inactive,Low Value,Low Frequency
CUST1919,1,31,Female,Pakistan,active,1,8,1894.96,1894.96,236.87,4.0,5,40.0,40,40,2021-12-18,2021-12-18,2020-09-28,446,0.0630252100840336,8.0,1,1,1,5.0,1894.96,236.87,0.0022371364653243,3410.9280000000003,127.46367713004484,0.5381165919282511,5.0,4434.206400000001,1.0,0.8183856502242152,1550.8080717488788,6.547085201793721,229.43461883408077,1.2219178082191782,0.8183856502242152,127.46367713004484,77693.36,0.0022371364653243,7.630711409395974,205.0,2.0,Long Inactive,Very High Value,Low Frequency
CUST1920,0,48,Male,Pakistan,cancelled,1,4,1943.08,1943.08,485.77,3.8,2,49.0,49,49,2023-09-12,2023-09-12,2022-10-05,342,0.0806451612903225,4.0,1,1,1,2.0,1943.08,485.77,0.0029154518950437,3419.8208,170.44561403508771,0.3508771929824561,2.0,4308.974208,1.0,1.067251461988304,2073.754970760234,4.269005847953216,299.9842807017544,0.936986301369863,1.067251461988304,170.44561403508771,97154.0,0.0029154518950437,9.97032303206997,100.0,2.0,Long Inactive,Very High Value,Low Frequency
CUST1921,0,36,Male,India,active,1,6,1339.8000000000002,1339.8000000000002,223.3,3.4,5,22.0,22,22,2024-11-25,2024-11-25,2022-11-29,727,0.0396301188903566,6.0,1,1,1,5.0,1339.8000000000002,223.30000000000004,0.0013736263736263,2250.864,55.287482806052274,0.2475928473177441,5.0,2656.01952,1.0,0.5020632737276479,672.6643741403027,3.0123796423658877,92.88297111416782,1.991780821917808,0.5020632737276479,55.287482806052274,30815.400000000005,0.0013736263736263,3.091846153846154,115.0,2.0,Long Inactive,High Value,Low Frequency
CUST1922,1,68,Female,Canada,cancelled,1,8,1134.32,1134.32,141.79,4.3,2,17.0,17,17,2021-04-23,2021-04-23,2020-01-12,467,0.0603621730382293,8.0,1,1,1,2.0,1134.32,141.79,0.0021367521367521,2109.8351999999995,72.86852248394004,0.5139186295503212,2.0,2869.375871999999,1.0,0.7815845824411135,886.5670235546038,6.252676659528908,135.53545182012846,1.2794520547945205,0.7815845824411135,72.86852248394004,20417.76,0.0021367521367521,4.508194871794871,36.0,2.0,Long Inactive,High Value,Low Frequency
CUST1923,1,44,Male,USA,active,1,6,1897.26,1897.26,316.21,4.3,4,22.0,22,22,2022-02-03,2022-02-03,2021-05-04,275,0.0983606557377049,6.0,1,1,1,4.0,1897.26,316.21,0.0036231884057971,3528.903599999999,206.97381818181816,0.6545454545454545,4.0,4799.308895999999,1.0,1.3272727272727272,2518.181454545454,7.963636363636364,384.97130181818176,0.7534246575342466,1.3272727272727272,206.97381818181816,43636.98,0.0036231884057971,12.78588260869565,92.0,2.0,Long Inactive,Very High Value,Low Frequency
CUST1924,0,66,Female,UK,active,1,1,253.96,253.96,253.96,4.3,1,37.0,37,37,2025-08-05,2025-08-05,2021-05-27,1531,0.0192184497117232,1.0,1,1,1,1.0,253.96,253.96,0.0006527415143603,472.3656,4.976355323318093,0.0195950359242325,1.0,642.4172159999999,1.0,0.2384062704114957,60.54565643370346,0.2384062704114957,9.256020901371652,4.1945205479452055,0.2384062704114957,4.976355323318093,9650.48,0.0006527415143603,0.308332637075718,38.0,2.0,At Risk,Low Value,Low Frequency
CUST1925,0,33,Female,India,paused,1,1,314.54,314.54,314.54,4.2,0,39.0,39,39,2024-01-30,2024-01-30,2023-01-18,377,0.0737100737100737,1.0,1,1,1,0.0,314.54,314.54,0.0026455026455026,578.7536000000001,25.029708222811674,0.0795755968169761,0.0,775.5298240000002,1.0,0.9681697612732094,304.52811671087534,0.9681697612732094,46.05466312997349,1.0328767123287672,0.9681697612732094,25.029708222811674,12581.6,0.0026455026455026,1.5310941798941802,0.0,2.0,Long Inactive,Low Value,Low Frequency
CUST1926,0,44,Other,UK,active,1,7,1285.2,1285.2,183.6,4.1,4,30.0,30,30,2023-03-24,2023-03-24,2021-08-04,597,0.0478468899521531,7.0,1,1,1,4.0,1285.2,183.6,0.0016722408026755,2339.064,64.58291457286433,0.3517587939698492,4.0,3087.5644799999995,1.0,0.6113902847571189,785.7587939698492,4.279731993299833,117.54090452261306,1.6356164383561644,0.6113902847571189,64.58291457286433,39841.2,0.0016722408026755,3.911478260869565,124.0,2.0,Long Inactive,High Value,Low Frequency
CUST1927,0,54,Female,Germany,paused,1,5,1631.0,1631.0,326.2,4.0,3,16.0,16,16,2023-10-09,2023-10-09,2020-09-28,1106,0.0264084507042253,5.0,1,1,1,3.0,1631.0,326.2,0.000903342366757,2935.8,44.24050632911392,0.1356238698010849,3.0,3816.54,1.0,0.3300180831826401,538.2594936708861,1.6500904159132006,79.63291139240506,3.03013698630137,0.3300180831826401,44.24050632911392,27727.0,0.000903342366757,2.652032520325203,51.0,2.0,Long Inactive,Very High Value,Low Frequency
CUST1928,0,19,Male,India,paused,1,9,1829.61,1829.61,203.29,4.3,1,8.0,8,8,2023-06-13,2023-06-13,2020-10-31,955,0.0304568527918781,9.0,1,1,1,1.0,1829.61,203.29,0.0010460251046025,3403.0745999999995,57.47465968586388,0.2827225130890052,1.0,4628.181455999998,1.0,0.3821989528795811,699.2750261780105,3.4397905759162306,106.9028670157068,2.616438356164384,0.3821989528795811,57.47465968586388,16466.489999999998,0.0010460251046025,3.559701464435145,9.0,2.0,Long Inactive,Very High Value,Low Frequency
CUST1929,1,21,Other,UK,active,1,4,1151.92,1151.92,287.98,4.0,0,38.0,38,38,2022-01-05,2022-01-05,2021-10-15,82,0.2678571428571428,4.0,1,1,1,0.0,1151.92,287.98,0.0120481927710843,2073.456,421.4341463414634,1.4634146341463414,0.0,2695.4928000000004,1.0,4.451219512195122,5127.448780487805,17.804878048780488,758.5814634146342,0.2246575342465753,4.451219512195122,421.4341463414634,44924.880000000005,0.0120481927710843,24.98139759036145,0.0,2.0,Long Inactive,High Value,Low Frequency
CUST1930,0,42,Female,Pakistan,active,1,1,1187.15,1187.15,1187.15,4.1,3,37.0,37,37,2023-10-14,2023-10-14,2023-04-22,175,0.1463414634146341,1.0,1,1,1,3.0,1187.15,1187.15,0.0056818181818181,2160.613,203.5114285714286,0.1714285714285714,3.0,2852.00916,1.0,2.085714285714286,2476.0557142857147,2.085714285714286,370.3908,0.4794520547945205,2.085714285714286,203.5114285714286,45111.7,0.0056818181818181,12.276210227272726,114.0,2.0,Long Inactive,High Value,Low Frequency
CUST1931,0,31,Female,USA,active,1,2,82.52,82.52,41.26,4.0,1,43.0,43,43,2024-09-15,2024-09-15,2021-06-18,1185,0.0246913580246913,2.0,1,1,1,1.0,82.52,41.26,0.0008431703204047,148.536,2.0891139240506327,0.050632911392405,1.0,193.0968,1.0,0.3080168776371308,25.41755274261603,0.6160337552742616,3.760405063291139,3.246575342465753,0.3080168776371308,2.0891139240506327,3630.88,0.0008431703204047,0.1252411467116357,44.0,2.0,Long Inactive,Low Value,Low Frequency
CUST1932,0,25,Male,UK,active,1,4,1768.44,1768.44,442.11,3.8,5,32.0,32,32,2025-05-14,2025-05-14,2020-07-09,1770,0.0166666666666666,4.0,1,1,1,5.0,1768.44,442.11,0.0005646527385657,3112.4544,29.9735593220339,0.0677966101694915,5.0,3921.692544,1.0,0.2062146892655367,364.6783050847458,0.824858757062147,52.75346440677966,4.849315068493151,0.2062146892655367,29.9735593220339,58358.52,0.0005646527385657,1.757455900621118,165.0,2.0,Long Inactive,Very High Value,Low Frequency
CUST1933,0,21,Male,Canada,active,1,7,1101.8,1101.8,157.4,4.2,0,45.0,45,45,2025-01-27,2025-01-27,2021-08-09,1267,0.023130300693909,7.0,1,1,1,0.0,1101.8,157.4,0.000788643533123,2027.312,26.088397790055247,0.1657458563535911,0.0,2716.59808,1.0,0.2880820836621942,317.4088397790055,2.016574585635359,48.00265193370166,3.4712328767123286,0.2880820836621942,26.088397790055247,50682.8,0.000788643533123,1.5988264984227127,0.0,2.0,Long Inactive,High Value,Low Frequency
CUST1934,0,30,Female,USA,active,1,2,1681.72,1681.72,840.86,4.3,0,21.0,21,21,2025-08-04,2025-08-04,2022-05-03,1189,0.0246103363412633,2.0,1,1,1,0.0,1681.72,840.86,0.0008403361344537,3127.9992,42.431959629941126,0.0504625735912531,0.0,4254.078911999999,1.0,0.3069806560134567,516.2555088309504,0.6139613120269134,78.9234449116905,3.2575342465753425,0.3069806560134567,42.431959629941126,36997.84,0.0008403361344537,2.628570756302521,0.0,2.0,At Risk,Very High Value,Low Frequency
CUST1935,0,43,Female,Canada,paused,1,6,1607.64,1607.64,267.94,4.4,3,40.0,40,40,2024-05-05,2024-05-05,2022-10-23,560,0.0508474576271186,6.0,1,1,1,3.0,1607.64,267.94,0.0017825311942959,3022.3632,86.12357142857141,0.3214285714285714,3.0,4170.861216,1.0,0.6517857142857143,1047.8367857142855,3.910714285714286,161.91231428571427,1.5342465753424657,0.6517857142857143,86.12357142857141,65913.23999999999,0.0017825311942959,5.387456684491978,123.0,2.0,Long Inactive,Very High Value,Low Frequency
CUST1936,0,40,Male,UK,active,1,8,1768.56,1768.56,221.07,4.1,5,27.0,27,27,2023-09-16,2023-09-16,2022-01-24,600,0.0476190476190476,8.0,1,1,1,5.0,1768.56,221.07,0.0016638935108153,3218.7791999999995,88.428,0.4,5.0,4248.788543999999,1.0,0.6083333333333334,1075.874,4.866666666666667,160.93895999999998,1.643835616438356,0.6083333333333334,88.428,49519.68,0.0016638935108153,5.355705823627287,140.0,2.0,Long Inactive,Very High Value,Low Frequency
CUST1937,0,52,Male,Germany,cancelled,1,4,794.4,794.4,198.6,4.5,0,47.0,47,47,2024-06-22,2024-06-22,2021-04-15,1164,0.0251256281407035,4.0,1,1,1,0.0,794.4,198.6,0.0008583690987124,1509.36,20.474226804123717,0.1030927835051546,0.0,2113.104,1.0,0.313573883161512,249.1030927835052,1.254295532646048,38.90103092783505,3.1890410958904107,0.313573883161512,20.474226804123717,38131.2,0.0008583690987124,1.2955879828326178,0.0,2.0,Long Inactive,Medium Value,Low Frequency
CUST1938,1,69,Female,Canada,active,1,1,1782.82,1782.82,1782.82,4.0,1,47.0,47,47,2022-04-30,2022-04-30,2020-05-12,718,0.0401069518716577,1.0,1,1,1,1.0,1782.82,1782.82,0.0013908205841446,3209.076,74.49108635097492,0.0417827298050139,1.0,4171.7988000000005,1.0,0.5083565459610028,906.308217270195,0.5083565459610028,134.08395543175487,1.9671232876712328,0.5083565459610028,74.49108635097492,85575.36,0.0013908205841446,4.463248956884562,48.0,2.0,Long Inactive,Very High Value,Low Frequency
CUST1939,1,45,Male,Pakistan,cancelled,1,7,1728.37,1728.37,246.91,4.2,3,25.0,25,25,2022-07-21,2022-07-21,2022-03-18,125,0.1935483870967742,7.0,1,1,1,3.0,1728.37,246.91,0.0079365079365079,3180.2008,414.8088,1.68,3.0,4261.469072000001,1.0,2.9200000000000004,5046.8404,20.44,763.248192,0.3424657534246575,2.9200000000000004,414.8088,44937.62,0.0079365079365079,25.23968888888889,78.0,2.0,Long Inactive,Very High Value,Low Frequency
CUST1940,0,26,Male,Pakistan,paused,1,7,290.5,290.5,41.5,3.9,0,7.0,7,7,2023-02-26,2023-02-26,2021-08-07,568,0.0501672240802675,7.0,1,1,1,0.0,290.5,41.5,0.0017574692442882,517.09,15.34330985915493,0.3697183098591549,0.0,661.8752000000001,1.0,0.6426056338028169,186.6769366197183,4.498239436619718,27.31109154929577,1.556164383561644,0.6426056338028169,15.34330985915493,2324.0,0.0017574692442882,0.9087697715289984,0.0,2.0,Long Inactive,Low Value,Low Frequency
CUST1941,0,27,Male,USA,active,1,5,247.7,247.7,49.54,4.3,3,2.0,2,2,2024-06-29,2024-06-29,2022-06-11,749,0.0385109114249037,5.0,1,1,1,3.0,247.7,49.54,0.0013333333333333,460.7219999999999,9.921228304405874,0.2002670226969292,3.0,626.5819199999999,1.0,0.4873164218958611,120.7082777036048,2.4365821094793056,18.453484646194926,2.052054794520548,0.4873164218958611,9.921228304405874,743.0999999999999,0.0013333333333333,0.6142959999999998,9.0,2.0,Long Inactive,Low Value,Low Frequency
CUST1942,0,56,Female,UK,active,1,5,1974.95,1974.95,394.99,4.0,1,35.0,35,35,2024-01-21,2024-01-21,2022-06-05,595,0.048,5.0,1,1,1,1.0,1974.95,394.99,0.0016778523489932,3554.9100000000003,99.57731092436975,0.2521008403361344,1.0,4621.383000000001,1.0,0.6134453781512604,1211.523949579832,3.0672268907563023,179.23915966386556,1.63013698630137,0.6134453781512604,99.57731092436975,71098.2,0.0016778523489932,5.964614093959732,36.0,2.0,Long Inactive,Very High Value,Low Frequency
CUST1943,0,38,Female,Germany,active,1,6,704.88,704.88,117.48,4.2,0,47.0,47,47,2023-04-04,2023-04-04,2023-03-13,22,0.5769230769230769,6.0,1,1,1,0.0,704.88,117.48,0.0434782608695652,1296.9792,961.2,8.181818181818182,0.0,1737.952128,1.0,16.59090909090909,11694.6,99.54545454545456,1768.6080000000002,0.0602739726027397,16.59090909090909,961.2,33834.24,0.0434782608695652,56.3904,0.0,2.0,Long Inactive,Medium Value,Low Frequency
CUST1944,0,33,Male,India,cancelled,1,4,1051.56,1051.56,262.89,4.3,5,14.0,14,14,2024-03-16,2024-03-16,2021-02-21,1119,0.0261096605744125,4.0,1,1,1,5.0,1051.56,262.89,0.0008928571428571,1955.9016,28.19195710455764,0.1072386058981233,5.0,2660.0261759999994,1.0,0.326184092940125,343.0021447721179,1.3047363717605005,52.43704021447721,3.0657534246575344,0.326184092940125,28.19195710455764,15773.4,0.0008928571428571,1.746340714285714,75.0,2.0,Long Inactive,Medium Value,Low Frequency
CUST1945,1,19,Male,Canada,paused,1,9,1022.76,1022.76,113.64,4.2,0,17.0,17,17,2022-07-12,2022-07-12,2022-05-04,69,0.303030303030303,9.0,1,1,1,0.0,1022.76,113.64,0.0142857142857142,1881.8784,444.6782608695653,3.91304347826087,0.0,2521.7170560000004,1.0,5.2898550724637685,5410.252173913043,47.60869565217392,818.2080000000001,0.1890410958904109,5.2898550724637685,444.6782608695653,18409.68,0.0142857142857142,26.883977142857145,0.0,2.0,Long Inactive,Medium Value,Low Frequency
CUST1946,0,44,Female,Germany,paused,1,2,1743.7,1743.7,871.85,4.2,1,23.0,23,23,2024-01-18,2024-01-18,2023-07-18,184,0.1401869158878504,2.0,1,1,1,1.0,1743.7,871.85,0.0054054054054054,3208.4080000000004,284.29891304347825,0.3260869565217391,1.0,4299.2667200000005,1.0,1.9836956521739129,3458.970108695652,3.9673913043478257,523.11,0.5041095890410959,1.9836956521739129,284.29891304347825,41848.8,0.0054054054054054,17.34274594594595,24.0,2.0,Long Inactive,Very High Value,Low Frequency
CUST1947,1,69,Male,USA,active,1,3,1411.11,1411.11,470.37,4.1,5,37.0,37,37,2022-06-22,2022-06-22,2022-05-31,22,0.5769230769230769,3.0,1,1,1,5.0,1411.11,470.37000000000006,0.0434782608695652,2568.2202,1924.240909090909,4.090909090909091,5.0,3390.050664,1.0,16.59090909090909,23411.59772727273,49.77272727272727,3502.1184545454557,0.0602739726027397,16.59090909090909,1924.240909090909,53622.18000000001,0.0434782608695652,111.66174782608697,190.0,2.0,Long Inactive,High Value,Low Frequency
CUST1948,1,39,Male,USA,active,1,5,1747.25,1747.25,349.45,4.3,5,22.0,22,22,2021-07-06,2021-07-06,2020-11-12,236,0.112781954887218,5.0,1,1,1,5.0,1747.25,349.45,0.0042194092827004,3249.885,222.10805084745763,0.6355932203389831,5.0,4419.843599999999,1.0,1.5466101694915253,2702.314618644068,7.733050847457627,413.1209745762712,0.6465753424657534,1.5466101694915253,222.10805084745763,40186.75,0.0042194092827004,13.71259493670886,115.0,2.0,Long Inactive,Very High Value,Low Frequency
CUST1949,1,67,Female,India,paused,1,6,1480.26,1480.26,246.71,4.3,0,12.0,12,12,2022-07-25,2022-07-25,2021-10-20,278,0.0974025974025974,6.0,1,1,1,0.0,1480.26,246.71,0.003584229390681,2753.2836,159.74028776978415,0.6474820143884892,0.0,3744.4656959999993,1.0,1.3129496402877698,1943.506834532374,7.877697841726619,297.1169352517985,0.7616438356164383,1.3129496402877698,159.74028776978415,19243.38,0.003584229390681,9.8684,0.0,2.0,Long Inactive,High Value,Low Frequency
CUST1950,0,22,Male,Germany,active,1,4,879.52,879.52,219.88,4.2,2,48.0,48,48,2024-04-22,2024-04-22,2023-09-04,231,0.1149425287356322,4.0,1,1,1,2.0,879.52,219.88,0.0043103448275862,1618.3168,114.22337662337662,0.5194805194805194,2.0,2168.5445120000004,1.0,1.5800865800865802,1389.717748917749,6.320346320346321,210.171012987013,0.6328767123287671,1.5800865800865802,114.22337662337662,43096.48,0.0043103448275862,6.975503448275862,98.0,2.0,Long Inactive,Medium Value,Low Frequency
CUST1951,1,57,Female,Canada,active,1,7,272.3,272.3,38.9,4.5,5,48.0,48,48,2023-02-09,2023-02-09,2022-09-09,153,0.1639344262295082,7.0,1,1,1,5.0,272.3,38.9,0.0064935064935064,517.37,53.392156862745104,1.3725490196078431,5.0,724.318,1.0,2.38562091503268,649.6045751633987,16.69934640522876,101.4450980392157,0.4191780821917808,2.38562091503268,53.392156862745104,13342.7,0.0064935064935064,3.359545454545455,245.0,2.0,Long Inactive,Low Value,Low Frequency
CUST1952,0,18,Male,Pakistan,active,1,6,1413.96,1413.96,235.66,4.4,5,9.0,9,9,2023-08-14,2023-08-14,2022-08-27,352,0.0785340314136125,6.0,1,1,1,5.0,1413.96,235.66,0.0028328611898017,2658.2448000000004,120.50795454545457,0.5113636363636364,5.0,3668.377824000001,1.0,1.036931818181818,1466.1801136363636,6.221590909090909,226.5549545454546,0.9643835616438357,1.036931818181818,120.50795454545457,14139.6,0.0028328611898017,7.5304385269121825,50.0,2.0,Long Inactive,High Value,Low Frequency
CUST1953,0,30,Female,Canada,active,1,1,1880.02,1880.02,1880.02,4.2,1,48.0,48,48,2025-04-13,2025-04-13,2021-04-13,1461,0.0201207243460764,1.0,1,1,1,1.0,1880.02,1880.02,0.0006839945280437,3459.2368,38.60410677618069,0.0205338809034907,1.0,4635.3773120000005,1.0,0.2498288843258042,469.6832991101985,0.2498288843258042,71.03155646817248,4.002739726027397,0.2498288843258042,38.60410677618069,92120.98,0.0006839945280437,2.3660990424076607,49.0,2.0,Long Inactive,Very High Value,Low Frequency
CUST1954,0,64,Male,Pakistan,cancelled,1,9,499.68,499.68,55.52,4.1,4,42.0,42,42,2024-12-21,2024-12-21,2023-06-15,555,0.0512820512820512,9.0,1,1,1,4.0,499.68,55.52,0.0017985611510791,909.4176,27.00972972972973,0.4864864864864865,4.0,1200.4312319999997,1.0,0.6576576576576576,328.61837837837834,5.918918918918918,49.1577081081081,1.5205479452054795,0.6576576576576576,27.00972972972973,21486.24,0.0017985611510791,1.6356431654676258,172.0,2.0,Long Inactive,Low Value,Low Frequency
CUST1955,0,45,Female,USA,active,1,6,438.12,438.12,73.02,4.3,1,21.0,21,21,2025-09-02,2025-09-02,2023-11-04,668,0.0429799426934097,6.0,1,1,1,1.0,438.12,73.02,0.0014947683109118,814.9032,19.676047904191616,0.2694610778443114,1.0,1108.2683519999998,1.0,0.5464071856287425,239.39191616766468,3.2784431137724552,36.59744910179641,1.83013698630137,0.5464071856287425,19.676047904191616,9638.64,0.0014947683109118,1.2180914798206277,22.0,2.0,At Risk,Low Value,Low Frequency
CUST1956,0,58,Male,Pakistan,active,1,1,1802.85,1802.85,1802.85,4.4,3,37.0,37,37,2025-03-27,2025-03-27,2021-11-28,1215,0.0240963855421686,1.0,1,1,1,3.0,1802.85,1802.85,0.0008223684210526,3389.358,44.51481481481481,0.0246913580246913,3.0,4677.31404,1.0,0.3004115226337449,541.5969135802469,0.3004115226337449,83.68785185185186,3.328767123287671,0.3004115226337449,44.51481481481481,68508.3,0.0008223684210526,2.787300986842105,114.0,2.0,Long Inactive,Very High Value,Low Frequency
CUST1957,1,21,Male,Pakistan,cancelled,1,2,1556.76,1556.76,778.38,4.1,5,28.0,28,28,2021-10-27,2021-10-27,2021-12-10,0,1.0,2.0,1,1,1,5.0,1556.76,778.38,1.0,2833.3032,15567.6,20.0,5.0,3739.960224,1.0,365.0,568217.4,730.0,28333.032,0.0,365.0,15567.6,45146.04,1.0,2833.3032,145.0,2.0,Long Inactive,Very High Value,Low Frequency
CUST1958,0,22,Female,Pakistan,cancelled,1,9,1153.2599999999998,1153.2599999999998,128.14,3.6,3,9.0,9,9,2024-09-29,2024-09-29,2022-01-27,976,0.0298210735586481,9.0,1,1,1,3.0,1153.2599999999998,128.14,0.0010235414534288,1983.6071999999997,35.44856557377049,0.2766393442622951,3.0,2420.0007839999994,1.0,0.3739754098360655,431.29088114754086,3.36577868852459,60.971532786885234,2.673972602739726,0.3739754098360655,35.44856557377049,11532.6,0.0010235414534288,2.030304196519958,30.0,2.0,Long Inactive,High Value,Low Frequency
CUST1959,1,36,Female,Germany,active,1,7,1226.47,1226.47,175.21,4.0,3,5.0,5,5,2022-08-07,2022-08-07,2021-02-08,545,0.0521739130434782,7.0,1,1,1,3.0,1226.47,175.21,0.0018315018315018,2207.646,67.51211009174311,0.3853211009174311,3.0,2869.939800000001,1.0,0.6697247706422018,821.3973394495413,4.6880733944954125,121.5217981651376,1.4931506849315068,0.6697247706422018,67.51211009174311,7358.82,0.0018315018315018,4.0433076923076925,18.0,2.0,Long Inactive,High Value,Low Frequency
CUST1960,0,24,Male,India,cancelled,1,3,536.52,536.52,178.84,4.0,4,34.0,34,34,2025-03-15,2025-03-15,2020-03-10,1831,0.0161203653949489,3.0,1,1,1,4.0,536.52,178.84,0.0005458515283842,965.736,8.790606226105954,0.0491534680502457,4.0,1255.4568,1.0,0.1993446204259967,106.95237575095577,0.5980338612779902,15.823091206990716,5.016438356164383,0.1993446204259967,8.790606226105954,18778.2,0.0005458515283842,0.5271484716157205,140.0,2.0,Long Inactive,Low Value,Low Frequency
CUST1961,1,65,Female,Canada,active,1,6,604.8,604.8,100.8,4.4,1,38.0,38,38,2022-08-13,2022-08-13,2022-01-21,204,0.1282051282051282,6.0,1,1,1,1.0,604.8,100.8,0.0048780487804878,1137.024,88.94117647058823,0.8823529411764706,1.0,1569.09312,1.0,1.7892156862745097,1082.1176470588234,10.735294117647058,167.20941176470586,0.5589041095890411,1.7892156862745097,88.94117647058823,23587.2,0.0048780487804878,5.546458536585365,39.0,2.0,Long Inactive,Medium Value,Low Frequency
CUST1962,0,56,Male,USA,active,1,3,1407.54,1407.54,469.18,3.9,0,12.0,12,12,2025-07-25,2025-07-25,2021-10-31,1363,0.0215362526920315,3.0,1,1,1,0.0,1407.54,469.18,0.000733137829912,2505.4212,30.98033749082905,0.066030814380044,0.0,3206.939136,1.0,0.2677916360968452,376.9274394717535,0.8033749082905356,55.14500073367572,3.734246575342466,0.2677916360968452,30.98033749082905,18298.02,0.000733137829912,1.8368190615835776,0.0,2.0,At Risk,High Value,Low Frequency
CUST1963,0,21,Male,India,cancelled,1,5,1975.9,1975.9,395.18,4.3,1,7.0,7,7,2023-05-19,2023-05-19,2022-09-26,235,0.1132075471698113,5.0,1,1,1,1.0,1975.9,395.18,0.0042372881355932,3675.174,252.24255319148935,0.6382978723404256,1.0,4998.236639999999,1.0,1.553191489361702,3068.9510638297875,7.76595744680851,469.1711489361703,0.6438356164383562,1.553191489361702,252.24255319148935,15807.2,0.0042372881355932,15.572771186440676,8.0,2.0,Long Inactive,Very High Value,Low Frequency
CUST1964,0,39,Female,Canada,active,1,7,468.30000000000007,468.30000000000007,66.9,4.6,3,5.0,5,5,2025-01-05,2025-01-05,2022-11-14,783,0.03690036900369,7.0,1,1,1,3.0,468.30000000000007,66.9,0.0012755102040816,899.1360000000001,17.942528735632184,0.2681992337164751,3.0,1276.77312,1.0,0.4661558109833972,218.30076628352492,3.26309067688378,34.44965517241379,2.1452054794520548,0.4661558109833972,17.942528735632184,2809.8,0.0012755102040816,1.1468571428571428,18.0,2.0,Long Inactive,Low Value,Low Frequency
CUST1965,0,39,Female,Pakistan,cancelled,1,7,1602.72,1602.72,228.96,4.4,3,11.0,11,11,2023-12-21,2023-12-21,2021-04-11,984,0.029585798816568,7.0,1,1,1,3.0,1602.72,228.96,0.0010152284263959,3013.1136,48.863414634146345,0.2134146341463415,3.0,4158.096768,1.0,0.3709349593495935,594.5048780487805,2.5965447154471546,91.86321951219512,2.695890410958904,0.3709349593495935,48.863414634146345,19232.64,0.0010152284263959,3.058998578680203,36.0,2.0,Long Inactive,Very High Value,Low Frequency
CUST1966,0,29,Male,USA,paused,1,5,751.5,751.5,150.3,4.5,2,44.0,44,44,2024-02-19,2024-02-19,2021-05-13,1012,0.0287907869481765,5.0,1,1,1,2.0,751.5,150.3,0.0009871668311944,1427.85,22.277667984189723,0.1482213438735178,2.0,1998.99,1.0,0.3606719367588932,271.0449604743083,1.8033596837944663,42.32756916996047,2.772602739726028,0.3606719367588932,22.277667984189723,33817.5,0.0009871668311944,1.4095261599210265,90.0,2.0,Long Inactive,Medium Value,Low Frequency
CUST1967,1,32,Male,Germany,cancelled,1,3,231.36,231.36,77.12,3.9,2,31.0,31,31,2022-05-20,2022-05-20,2021-07-31,293,0.0928792569659442,3.0,1,1,1,2.0,231.36,77.12,0.0034013605442176,411.8208,23.688737201365186,0.3071672354948805,2.0,527.130624,1.0,1.2457337883959043,288.21296928327644,3.737201365187713,42.16595221843004,0.8027397260273973,1.2457337883959043,23.688737201365186,7403.52,0.0034013605442176,1.4007510204081632,64.0,2.0,Long Inactive,Low Value,Low Frequency
CUST1968,0,54,Female,Pakistan,active,1,6,433.26,433.26,72.21,4.1,1,29.0,29,29,2024-12-06,2024-12-06,2021-10-03,1160,0.0252100840336134,6.0,1,1,1,1.0,433.26,72.21,0.0008613264427217,788.5332,11.205,0.1551724137931034,1.0,1040.8638239999998,1.0,0.3146551724137931,136.3275,1.887931034482759,20.3931,3.1780821917808217,0.3146551724137931,11.205,12997.8,0.0008613264427217,0.679184496124031,30.0,2.0,Long Inactive,Low Value,Low Frequency
CUST1969,0,36,Male,India,cancelled,1,3,588.99,588.99,196.33,4.3,1,22.0,22,22,2024-11-12,2024-11-12,2023-06-20,511,0.055452865064695,3.0,1,1,1,1.0,588.99,196.33,0.001953125,1095.5214,34.57866927592955,0.1761252446183953,1.0,1489.9091039999996,1.0,0.7142857142857143,420.7071428571429,2.142857142857143,64.31632485322895,1.4,0.7142857142857143,34.57866927592955,13546.77,0.001953125,2.139690234375,23.0,2.0,Long Inactive,Medium Value,Low Frequency
CUST1970,0,47,Male,Germany,active,1,6,22.74,22.74,3.79,4.5,4,47.0,47,47,2025-03-19,2025-03-19,2022-03-17,1098,0.026595744680851,6.0,1,1,1,4.0,22.74,3.790000000000001,0.0009099181073703,43.206,0.6213114754098361,0.1639344262295081,4.0,60.4884,1.0,0.3324225865209472,7.55928961748634,1.994535519125683,1.1804918032786886,3.008219178082192,0.3324225865209472,0.6213114754098361,1091.52,0.0009099181073703,0.0393139217470427,192.0,2.0,Long Inactive,Low Value,Low Frequency
CUST1971,0,29,Female,India,active,1,3,318.66,318.66,106.22,4.5,5,36.0,36,36,2024-11-14,2024-11-14,2022-04-18,941,0.0308959835221421,3.0,1,1,1,5.0,318.66,106.21999999999998,0.0010615711252653,605.454,10.159192348565355,0.0956429330499468,5.0,847.6355999999998,1.0,0.38788522848034,123.60350690754514,1.16365568544102,19.30246546227417,2.578082191780822,0.38788522848034,10.159192348565355,11790.419999999998,0.0010615711252653,0.642732484076433,185.0,2.0,Long Inactive,Low Value,Low Frequency
CUST1972,0,62,Female,India,cancelled,1,3,542.25,542.25,180.75,3.6,2,37.0,37,37,2025-07-24,2025-07-24,2023-05-01,815,0.0355029585798816,3.0,1,1,1,2.0,542.25,180.75,0.0012254901960784,932.67,19.960122699386503,0.1104294478527607,2.0,1137.8574,1.0,0.4478527607361963,242.84815950920245,1.343558282208589,34.33141104294478,2.232876712328767,0.4478527607361963,19.960122699386503,20605.5,0.0012254901960784,1.1429779411764704,76.0,2.0,At Risk,Low Value,Low Frequency
CUST1973,0,61,Female,Pakistan,active,1,4,1187.68,1187.68,296.92,4.1,3,28.0,28,28,2025-01-18,2025-01-18,2021-09-25,1211,0.024174053182917,4.0,1,1,1,3.0,1187.68,296.92,0.0008250825082508,2161.5776,29.422295623451696,0.0990916597853014,3.0,2853.282432,1.0,0.3014037985136251,357.97126341866226,1.2056151940545003,53.54857803468208,3.317808219178082,0.3014037985136251,29.422295623451696,34442.72,0.0008250825082508,1.7834798679867987,87.0,2.0,Long Inactive,High Value,Low Frequency
CUST1974,1,63,Male,Canada,active,1,8,236.0,236.0,29.5,4.3,5,14.0,14,14,2023-01-23,2023-01-23,2022-02-03,354,0.078125,8.0,1,1,1,5.0,236.0,29.5,0.0028169014084507,438.96,20.0,0.6779661016949152,5.0,596.9855999999999,1.0,1.0310734463276836,243.33333333333331,8.248587570621469,37.2,0.96986301369863,1.0310734463276836,20.0,3540.0,0.0028169014084507,1.2365070422535211,75.0,2.0,Long Inactive,Low Value,Low Frequency
CUST1975,0,53,Female,India,active,1,9,286.74,286.74,31.86,3.8,2,14.0,14,14,2025-05-24,2025-05-24,2022-06-05,1084,0.0269299820466786,9.0,1,1,1,2.0,286.74,31.86,0.0009216589861751,504.6624,7.935608856088561,0.2490774907749077,2.0,635.874624,1.0,0.3367158671586716,96.5499077490775,3.0304428044280445,13.966671586715869,2.96986301369863,0.3367158671586716,7.935608856088561,4301.1,0.0009216589861751,0.4651266359447004,30.0,2.0,Long Inactive,Low Value,Low Frequency
CUST1976,0,43,Female,USA,active,1,7,1021.16,1021.16,145.88,4.6,0,9.0,9,9,2023-07-11,2023-07-11,2023-12-06,0,1.0,7.0,1,1,1,0.0,1021.16,145.88,1.0,1960.6272,10211.6,70.0,0.0,2784.090624,1.0,365.0,372723.4,2555.0,19606.272,0.0,365.0,10211.6,10211.6,1.0,1960.6272,0.0,2.0,Long Inactive,Medium Value,Low Frequency
CUST1977,1,63,Male,Canada,active,1,4,1185.4,1185.4,296.35,4.1,5,8.0,8,8,2022-03-12,2022-03-12,2021-05-26,290,0.09375,4.0,1,1,1,5.0,1185.4,296.35,0.0034364261168384,2157.428,122.62758620689657,0.4137931034482759,5.0,2847.8049599999995,1.0,1.2586206896551724,1491.9689655172417,5.0344827586206895,223.1822068965517,0.7945205479452054,1.2586206896551724,122.62758620689657,10668.6,0.0034364261168384,7.413841924398625,45.0,2.0,Long Inactive,High Value,Low Frequency
CUST1978,0,61,Male,Pakistan,active,1,4,1954.64,1954.64,488.66,4.0,0,20.0,20,20,2023-09-18,2023-09-18,2022-12-14,278,0.0974025974025974,4.0,1,1,1,0.0,1954.64,488.66,0.003584229390681,3518.3520000000003,210.9323741007194,0.4316546762589928,0.0,4573.8576,1.0,1.3129496402877698,2566.3438848920864,5.251798561151079,379.67827338129496,0.7616438356164383,1.3129496402877698,210.9323741007194,41047.44,0.003584229390681,12.610580645161292,0.0,2.0,Long Inactive,Very High Value,Low Frequency
CUST1979,0,29,Female,Canada,paused,1,4,528.84,528.84,132.21,4.5,1,6.0,6,6,2025-06-25,2025-06-25,2022-03-07,1206,0.0242718446601941,4.0,1,1,1,1.0,528.84,132.21,0.0008285004142502,1004.796,13.155223880597015,0.099502487562189,1.0,1406.7144,1.0,0.302653399668325,160.05522388059703,1.2106135986733002,24.99492537313433,3.304109589041096,0.302653399668325,13.155223880597015,3701.88,0.0008285004142502,0.8324739022369512,7.0,2.0,At Risk,Low Value,Low Frequency
CUST1980,0,64,Female,Pakistan,paused,1,7,1494.5,1494.5,213.5,4.3,3,39.0,39,39,2025-02-26,2025-02-26,2022-04-18,1045,0.027906976744186,7.0,1,1,1,3.0,1494.5,213.5,0.0009560229445506,2779.77,42.90430622009569,0.200956937799043,3.0,3780.4872,1.0,0.3492822966507177,522.0023923444976,2.444976076555024,79.80200956937799,2.863013698630137,0.3492822966507177,42.90430622009569,59780.0,0.0009560229445506,2.6575239005736138,120.0,2.0,Long Inactive,High Value,Low Frequency
CUST1981,0,46,Male,UK,cancelled,1,7,1126.3,1126.3,160.9,4.0,3,41.0,41,41,2025-04-18,2025-04-18,2023-06-27,661,0.0434153400868306,7.0,1,1,1,3.0,1126.3,160.9,0.0015105740181268,2027.34,51.1180030257186,0.3177004538577912,3.0,2635.542,1.0,0.5521936459909228,621.9357034795763,3.86535552193646,92.01240544629349,1.810958904109589,0.5521936459909228,51.1180030257186,47304.6,0.0015105740181268,3.0624471299093656,126.0,2.0,Long Inactive,High Value,Low Frequency
CUST1982,1,67,Male,Pakistan,cancelled,1,7,411.67,411.67,58.81,4.5,1,46.0,46,46,2022-11-09,2022-11-09,2020-09-28,772,0.0374064837905236,7.0,1,1,1,1.0,411.67,58.81,0.001293661060802,782.173,15.997538860103626,0.272020725388601,1.0,1095.0422,1.0,0.4727979274611398,194.63672279792743,3.309585492227979,30.39532383419689,2.115068493150685,0.4727979274611398,15.997538860103626,19348.49,0.001293661060802,1.0118667529107377,47.0,2.0,Long Inactive,Low Value,Low Frequency
CUST1983,1,37,Male,UK,active,1,6,1271.04,1271.04,211.84,4.0,0,30.0,30,30,2022-05-15,2022-05-15,2022-10-04,0,1.0,6.0,1,1,1,0.0,1271.04,211.84,1.0,2287.872,12710.4,60.0,0.0,2974.2336,1.0,365.0,463929.6,2190.0,22878.72,0.0,365.0,12710.4,39402.24,1.0,2287.872,0.0,2.0,Long Inactive,High Value,Low Frequency
CUST1984,1,25,Male,India,active,1,1,1982.82,1982.82,1982.82,4.5,1,7.0,7,7,2022-10-06,2022-10-06,2021-03-14,571,0.0499168053244592,1.0,1,1,1,1.0,1982.82,1982.82,0.0017482517482517,3767.358,104.17618213660243,0.052539404553415,1.0,5274.301199999999,1.0,0.63922942206655,1267.4768826619966,0.63922942206655,197.93474605954464,1.5643835616438355,0.63922942206655,104.17618213660243,15862.56,0.0017482517482517,6.586290209790209,8.0,2.0,Long Inactive,Very High Value,Low Frequency
CUST1985,0,22,Male,Pakistan,paused,1,8,79.44,79.44,9.93,4.1,3,28.0,28,28,2024-07-03,2024-07-03,2023-06-02,397,0.0702576112412178,8.0,1,1,1,3.0,79.44,9.93,0.0025125628140703,144.58079999999998,6.003022670025189,0.6045340050377834,3.0,190.846656,1.0,0.919395465994962,73.0367758186398,7.355163727959697,10.925501259445843,1.0876712328767124,0.919395465994962,6.003022670025189,2303.76,0.0025125628140703,0.3632683417085426,87.0,2.0,Long Inactive,Low Value,Low Frequency
CUST1986,0,54,Male,Germany,active,1,8,58.0,58.0,7.25,4.3,3,29.0,29,29,2024-04-02,2024-04-02,2021-01-04,1184,0.0247116968698517,8.0,1,1,1,3.0,58.0,7.25,0.00084388185654,107.88,1.4695945945945943,0.2027027027027027,3.0,146.71679999999998,1.0,0.308277027027027,17.88006756756757,2.466216216216216,2.7334459459459457,3.243835616438356,0.308277027027027,1.4695945945945943,1740.0,0.00084388185654,0.0910379746835443,90.0,2.0,Long Inactive,Low Value,Low Frequency
CUST1987,0,18,Female,UK,active,1,9,193.32,193.32,21.48,4.1,4,17.0,17,17,2023-04-24,2023-04-24,2023-02-19,64,0.3191489361702128,9.0,1,1,1,4.0,193.32,21.48,0.0153846153846153,351.84239999999994,90.61875,4.21875,4.0,464.4319679999999,1.0,5.703125,1102.528125,51.328125,164.92612499999998,0.1753424657534246,5.703125,90.61875,3479.76,0.0153846153846153,5.412959999999999,72.0,2.0,Long Inactive,Low Value,Low Frequency
CUST1988,0,44,Male,Germany,active,1,1,211.96,211.96,211.96,4.0,4,3.0,3,3,2023-07-31,2023-07-31,2023-08-01,0,1.0,1.0,1,1,1,4.0,211.96,211.96,1.0,381.528,2119.6,10.0,4.0,495.98640000000006,1.0,365.0,77365.40000000001,365.0,3815.28,0.0,365.0,2119.6,847.84,1.0,381.528,16.0,2.0,Long Inactive,Low Value,Low Frequency
CUST1989,0,62,Female,India,active,1,4,926.84,926.84,231.71,4.1,0,2.0,2,2,2024-07-06,2024-07-06,2022-12-25,559,0.0509337860780984,4.0,1,1,1,0.0,926.84,231.71,0.0017857142857142,1686.8488,49.74096601073346,0.2146690518783542,0.0,2226.640416,1.0,0.6529516994633273,605.1817531305903,2.6118067978533093,90.52855813953488,1.5315068493150683,0.6529516994633273,49.74096601073346,2780.52,0.0017857142857142,3.01223,0.0,2.0,Long Inactive,Medium Value,Low Frequency
CUST1990,1,42,Female,UK,active,1,6,1116.12,1116.12,186.02,4.1,1,11.0,11,11,2022-10-29,2022-10-29,2022-02-24,247,0.1083032490974729,6.0,1,1,1,1.0,1116.12,186.02,0.0040322580645161,2031.3384,135.5611336032389,0.7287449392712552,1.0,2681.366688,1.0,1.4777327935222673,1649.3271255060731,8.866396761133604,246.7212631578948,0.6767123287671233,1.4777327935222673,135.5611336032389,13393.440000000002,0.0040322580645161,8.19088064516129,12.0,2.0,Long Inactive,High Value,Low Frequency
CUST1991,0,53,Female,Pakistan,paused,1,1,437.26,437.26,437.26,4.4,1,8.0,8,8,2024-09-19,2024-09-19,2021-11-02,1052,0.0277264325323475,1.0,1,1,1,1.0,437.26,437.26,0.0009496676163342,822.0488,12.469391634980989,0.0285171102661596,1.0,1134.4273440000002,1.0,0.3469581749049429,151.71093155893536,0.3469581749049429,23.442456273764257,2.882191780821918,0.3469581749049429,12.469391634980989,3935.34,0.0009496676163342,0.7806731244064578,9.0,2.0,Long Inactive,Low Value,Low Frequency
CUST1992,0,26,Other,Pakistan,cancelled,1,3,419.82,419.82,139.94,4.0,1,33.0,33,33,2024-02-15,2024-02-15,2022-02-13,732,0.0393700787401574,3.0,1,1,1,1.0,419.82,139.94,0.0013642564802182,755.676,17.205737704918032,0.1229508196721311,1.0,982.3788,1.0,0.4986338797814207,209.33647540983603,1.495901639344262,30.97032786885246,2.0054794520547947,0.4986338797814207,17.205737704918032,14273.88,0.0013642564802182,1.0309358799454298,34.0,2.0,Long Inactive,Low Value,Low Frequency
CUST1993,0,40,Female,UK,active,1,4,500.96,500.96,125.24,4.1,2,3.0,3,3,2023-11-21,2023-11-21,2022-12-20,336,0.0819672131147541,4.0,1,1,1,2.0,500.96,125.24,0.0029673590504451,911.7472,44.72857142857143,0.3571428571428571,2.0,1203.5063039999998,1.0,1.0863095238095235,544.197619047619,4.345238095238095,81.40599999999999,0.9205479452054794,1.0863095238095235,44.72857142857143,2003.84,0.0029673590504451,2.705481305637982,8.0,2.0,Long Inactive,Low Value,Low Frequency
CUST1994,1,49,Female,Pakistan,active,1,1,404.7,404.7,404.7,4.4,5,19.0,19,19,2021-03-22,2021-03-22,2020-09-12,191,0.1357466063348416,1.0,1,1,1,5.0,404.7,404.7,0.0052083333333333,760.836,63.56544502617801,0.1570680628272251,5.0,1049.95368,1.0,1.910994764397906,773.3795811518326,1.910994764397906,119.50303664921466,0.5232876712328767,1.910994764397906,63.56544502617801,8094.0,0.0052083333333333,3.9626875,100.0,2.0,Long Inactive,Low Value,Low Frequency
CUST1995,0,32,Female,Pakistan,active,1,8,1133.44,1133.44,141.68,4.3,5,21.0,21,21,2023-07-05,2023-07-05,2020-09-13,1025,0.0284360189573459,8.0,1,1,1,5.0,1133.44,141.68,0.0009746588693957,2108.1984,33.173853658536586,0.2341463414634146,5.0,2867.149824,1.0,0.3560975609756097,403.6152195121951,2.848780487804878,61.70336780487805,2.808219178082192,0.3560975609756097,33.173853658536586,24935.68,0.0009746588693957,2.0547742690058475,110.0,2.0,Long Inactive,High Value,Low Frequency
CUST1996,0,39,Male,Canada,active,1,5,1488.3000000000002,1488.3000000000002,297.66,4.2,1,27.0,27,27,2025-05-06,2025-05-06,2021-11-20,1263,0.0232018561484918,5.0,1,1,1,1.0,1488.3000000000002,297.66,0.0007911392405063,2738.4720000000007,35.35154394299288,0.1187648456057007,1.0,3669.552480000001,1.0,0.2889944576405384,430.1104513064134,1.444972288202692,65.04684085510691,3.46027397260274,0.2889944576405384,35.35154394299288,41672.40000000001,0.0007911392405063,2.1665126582278487,28.0,2.0,Long Inactive,High Value,Low Frequency
CUST1997,0,53,Female,UK,active,1,5,184.6,184.6,36.92,3.6,2,24.0,24,24,2023-10-15,2023-10-15,2022-10-13,367,0.0755667506297229,5.0,1,1,1,2.0,184.6,36.92,0.0027173913043478,317.51200000000006,15.089918256130794,0.4087193460490463,2.0,387.36464000000007,1.0,0.994550408719346,183.5940054495913,4.9727520435967305,25.95465940054497,1.0054794520547945,0.994550408719346,15.089918256130794,4615.000000000001,0.0027173913043478,0.8628043478260871,50.0,2.0,Long Inactive,Low Value,Low Frequency
CUST1998,1,68,Female,Canada,active,1,2,22.56,22.56,11.28,4.2,1,32.0,32,32,2023-02-05,2023-02-05,2023-05-02,0,1.0,2.0,1,1,1,1.0,22.56,11.28,1.0,41.5104,225.6,20.0,1.0,55.623936,1.0,365.0,8234.4,730.0,415.1039999999999,0.0,365.0,225.6,744.4799999999999,1.0,41.5104,33.0,2.0,Long Inactive,Low Value,Low Frequency
CUST1999,0,63,Male,Germany,cancelled,1,3,186.75,186.75,62.25,4.2,4,40.0,40,40,2023-11-01,2023-11-01,2022-03-11,600,0.0476190476190476,3.0,1,1,1,4.0,186.75,62.25,0.0016638935108153,343.62,9.3375,0.15,4.0,460.4508,1.0,0.6083333333333334,113.60625,1.825,17.181,1.643835616438356,0.6083333333333334,9.3375,7656.75,0.0016638935108153,0.5717470881863561,164.0,2.0,Long Inactive,Low Value,Low Frequency
CUST2000,0,40,Male,USA,paused,1,4,1271.68,1271.68,317.92,3.9,2,48.0,48,48,2025-11-01,2025-11-01,2023-03-30,947,0.0307062436028659,4.0,1,1,1,2.0,1271.68,317.92,0.0010548523206751,2263.5904,40.28553326293559,0.1267159450897571,2.0,2897.395712,1.0,0.3854276663146779,490.14065469904966,1.5417106652587118,71.70824920802535,2.5945205479452054,0.3854276663146779,40.28553326293559,62312.32,0.0010548523206751,2.3877535864978903,98.0,2.0,Recent,High Value,Low Frequency
CUST2001,0,50,Male,Canada,active,1,6,1643.22,1643.22,273.87,4.2,5,22.0,22,22,2023-05-10,2023-05-10,2023-01-06,124,0.1948051948051948,6.0,1,1,1,5.0,1643.22,273.87,0.008,3023.5248,397.5532258064516,1.4516129032258065,5.0,4051.523232000001,1.0,2.9435483870967745,4836.897580645162,17.661290322580644,731.497935483871,0.3397260273972602,2.9435483870967745,397.5532258064516,37794.06,0.008,24.1881984,115.0,2.0,Long Inactive,Very High Value,Low Frequency
CUST2002,0,55,Male,Germany,cancelled,1,2,816.58,816.58,408.29,4.5,5,37.0,37,37,2024-01-14,2024-01-14,2021-01-09,1100,0.0265486725663716,2.0,1,1,1,5.0,816.58,408.29,0.0009082652134423,1551.502,22.27036363636364,0.0545454545454545,5.0,2172.1028,1.0,0.3318181818181818,270.9560909090909,0.6636363636363636,42.31369090909091,3.0136986301369864,0.3318181818181818,22.27036363636364,31030.04,0.0009082652134423,1.4091752951861942,190.0,2.0,Long Inactive,Medium Value,Low Frequency
CUST2003,0,66,Female,UK,active,1,7,1177.96,1177.96,168.28,4.3,0,48.0,48,48,2024-05-01,2024-05-01,2021-04-19,1108,0.0263620386643233,7.0,1,1,1,0.0,1177.96,168.28,0.0009017132551848,2191.0056,31.894223826714807,0.1895306859205776,0.0,2979.767616,1.0,0.3294223826714801,388.0463898916968,2.305956678700361,59.323256317689534,3.0356164383561643,0.3294223826714801,31.894223826714807,57720.04,0.0009017132551848,1.9756587917042376,0.0,2.0,Long Inactive,High Value,Low Frequency
CUST2004,0,55,Male,UK,active,1,3,1097.73,1097.73,365.91,4.2,0,34.0,34,34,2025-02-08,2025-02-08,2021-07-20,1299,0.0225733634311512,3.0,1,1,1,0.0,1097.73,365.91,0.0007692307692307,2019.8232,25.35173210161663,0.069284064665127,0.0,2706.5630880000003,1.0,0.2809853733641262,308.44607390300234,0.8429561200923787,46.6471870669746,3.558904109589041,0.2809853733641262,25.35173210161663,38420.55,0.0007692307692307,1.553710153846154,0.0,2.0,Long Inactive,High Value,Low Frequency
CUST2005,0,26,Female,India,paused,1,9,492.66,492.66,54.74,4.1,2,20.0,20,20,2024-07-02,2024-07-02,2022-05-17,777,0.037174721189591,9.0,1,1,1,2.0,492.66,54.74,0.0012853470437017,896.6411999999999,19.021621621621623,0.3474903474903475,2.0,1183.5663839999995,1.0,0.4697554697554698,231.42972972972976,4.2277992277992285,34.61935135135135,2.128767123287671,0.4697554697554698,19.021621621621623,10345.86,0.0012853470437017,1.1524951156812338,42.0,2.0,Long Inactive,Low Value,Low Frequency
CUST2006,0,36,Male,India,active,1,5,1718.0500000000002,1718.0500000000002,343.61,4.1,5,5.0,5,5,2023-05-09,2023-05-09,2021-07-28,650,0.0441176470588235,5.0,1,1,1,5.0,1718.0500000000002,343.61,0.0015360983102918,3126.851,79.29461538461538,0.2307692307692307,5.0,4127.443319999999,1.0,0.5615384615384615,964.751153846154,2.8076923076923075,144.3162,1.7808219178082192,0.5615384615384615,79.29461538461538,10308.3,0.0015360983102918,4.803150537634409,30.0,2.0,Long Inactive,Very High Value,Low Frequency
CUST2007,0,36,Male,Germany,paused,1,8,1156.88,1156.88,144.61,4.6,3,16.0,16,16,2023-12-07,2023-12-07,2021-05-29,922,0.0315126050420168,8.0,1,1,1,3.0,1156.88,144.61,0.0010834236186348,2221.2096,37.64251626898048,0.2603036876355748,3.0,3154.117632,1.0,0.3958785249457701,457.9839479392625,3.1670281995661607,72.27363123644251,2.526027397260274,0.3958785249457701,37.64251626898048,19666.960000000003,0.0010834236186348,2.406510942578548,51.0,2.0,Long Inactive,High Value,Low Frequency
CUST2008,0,46,Male,Pakistan,cancelled,1,5,1162.2,1162.2,232.44,3.8,5,38.0,38,38,2023-12-19,2023-12-19,2021-10-18,792,0.0364963503649635,5.0,1,1,1,5.0,1162.2,232.44,0.0012610340479192,2045.472,44.02272727272727,0.1893939393939394,5.0,2577.29472,1.0,0.4608585858585858,535.6098484848485,2.304292929292929,77.48,2.16986301369863,0.4608585858585858,44.02272727272727,45325.8,0.0012610340479192,2.5794098360655737,195.0,2.0,Long Inactive,High Value,Low Frequency
CUST2009,1,68,Female,Germany,active,1,3,1138.74,1138.74,379.58,4.3,2,20.0,20,20,2021-11-29,2021-11-29,2021-08-02,119,0.2013422818791946,3.0,1,1,1,2.0,1138.74,379.58,0.0083333333333333,2118.0564,287.0773109243697,0.7563025210084033,2.0,2880.556704,1.0,3.0672268907563027,3492.773949579832,9.201680672268909,533.9637983193277,0.3260273972602739,3.0672268907563027,287.0773109243697,23913.54,0.0083333333333333,17.65047,42.0,2.0,Long Inactive,High Value,Low Frequency
CUST2010,0,40,Other,UK,active,1,9,861.21,861.21,95.69,4.2,1,2.0,2,2,2023-08-17,2023-08-17,2021-01-02,957,0.0303951367781155,9.0,1,1,1,1.0,861.21,95.69,0.0010438413361169,1584.6264,26.99717868338558,0.2821316614420063,1.0,2123.3993760000003,1.0,0.3814002089864158,328.46567398119123,3.4326018808777428,49.67480877742948,2.621917808219178,0.3814002089864158,26.99717868338558,2583.63,0.0010438413361169,1.6540985386221294,3.0,2.0,Long Inactive,Medium Value,Low Frequency
CUST2011,0,57,Male,UK,active,1,5,1748.8,1748.8,349.76,4.2,4,21.0,21,21,2023-11-30,2023-11-30,2021-10-10,781,0.0369913686806411,5.0,1,1,1,4.0,1748.8,349.76,0.0012787723785166,3217.792,67.1754161331626,0.1920614596670934,4.0,4311.841280000001,1.0,0.467349551856594,817.3008962868117,2.33674775928297,123.6027656850192,2.1397260273972605,0.467349551856594,67.1754161331626,38473.6,0.0012787723785166,4.1148235294117645,88.0,2.0,Long Inactive,Very High Value,Low Frequency
CUST2012,0,60,Female,Germany,active,1,5,46.75,46.75,9.35,4.4,2,21.0,21,21,2025-10-02,2025-10-02,2022-03-17,1295,0.0226415094339622,5.0,1,1,1,2.0,46.75,9.35,0.0007716049382716,87.89,1.0830115830115832,0.1158301158301158,2.0,121.28820000000002,1.0,0.2818532818532818,13.176640926640928,1.4092664092664091,2.0360617760617763,3.547945205479452,0.2818532818532818,1.0830115830115832,1028.5,0.0007716049382716,0.0678163580246913,44.0,2.0,Moderate,Low Value,Low Frequency
CUST2013,1,55,Male,India,paused,1,1,869.42,869.42,869.42,3.9,2,7.0,7,7,2022-08-17,2022-08-17,2021-03-04,531,0.053475935828877,1.0,1,1,1,2.0,869.42,869.42,0.0018796992481203,1547.5676,49.11977401129944,0.0564971751412429,2.0,1980.886528,1.0,0.6873822975517891,597.6239171374765,0.6873822975517891,87.43319774011299,1.4547945205479451,0.6873822975517891,49.11977401129944,6955.36,0.0018796992481203,2.908961654135338,16.0,2.0,Long Inactive,Medium Value,Low Frequency
CUST2014,0,50,Male,Canada,active,1,2,657.9,657.9,328.95,4.0,0,48.0,48,48,2024-10-04,2024-10-04,2023-07-14,448,0.0627615062761506,2.0,1,1,1,0.0,657.9,328.95,0.0022271714922048,1184.22,44.05580357142857,0.1339285714285714,0.0,1539.486,1.0,0.8147321428571428,536.0122767857142,1.6294642857142856,79.30044642857143,1.227397260273973,0.8147321428571428,44.05580357142857,32237.1,0.0022271714922048,2.6374610244988865,0.0,2.0,Long Inactive,Medium Value,Low Frequency
CUST2015,0,40,Female,Canada,cancelled,1,4,816.04,816.04,204.01,4.2,3,12.0,12,12,2024-03-17,2024-03-17,2021-11-14,854,0.0339366515837104,4.0,1,1,1,3.0,816.04,204.01,0.0011695906432748,1501.5136,28.66651053864169,0.1405152224824356,3.0,2012.028224,1.0,0.4274004683840749,348.7758782201405,1.7096018735363,52.7463793911007,2.33972602739726,0.4274004683840749,28.66651053864169,10608.52,0.0011695906432748,1.7561562573099416,39.0,2.0,Long Inactive,Medium Value,Low Frequency
CUST2016,0,27,Female,Pakistan,paused,1,3,740.9399999999999,740.9399999999999,246.98,3.7,1,16.0,16,16,2023-09-19,2023-09-19,2020-04-11,1256,0.0233281493001555,3.0,1,1,1,1.0,740.9399999999999,246.98,0.0007955449482895,1289.2356,17.69761146496815,0.071656050955414,1.0,1598.652144,1.0,0.2906050955414013,215.32093949044585,0.8718152866242038,30.793843949044582,3.441095890410959,0.2906050955414013,17.69761146496815,12595.98,0.0007955449482895,1.0256448687350836,17.0,2.0,Long Inactive,Medium Value,Low Frequency
CUST2017,1,48,Female,India,paused,1,4,1299.12,1299.12,324.78,4.5,4,39.0,39,39,2022-10-30,2022-10-30,2022-10-22,8,0.7894736842105263,4.0,1,1,1,4.0,1299.12,324.78,0.1111111111111111,2468.3279999999995,4871.7,15.0,4.0,3455.659199999999,1.0,45.625,59272.34999999999,182.5,9256.229999999998,0.021917808219178,45.625,4871.7,51964.8,0.1111111111111111,274.2586666666666,160.0,2.0,Long Inactive,High Value,Low Frequency
CUST2018,0,39,Female,UK,paused,1,4,1154.96,1154.96,288.74,4.5,2,20.0,20,20,2023-09-02,2023-09-02,2022-10-20,317,0.0864553314121037,4.0,1,1,1,2.0,1154.96,288.74,0.0031446540880503,2194.424,109.30220820189275,0.3785488958990536,2.0,3072.1936,1.0,1.1514195583596214,1329.8435331230285,4.605678233438486,207.67419558359623,0.8684931506849315,1.1514195583596214,109.30220820189275,24254.16,0.0031446540880503,6.900704402515723,42.0,2.0,Long Inactive,High Value,Low Frequency
CUST2019,1,67,Female,UK,cancelled,1,6,1557.96,1557.96,259.66,3.6,4,42.0,42,42,2021-08-11,2021-08-11,2021-10-21,0,1.0,6.0,1,1,1,4.0,1557.96,259.66,1.0,2679.6912,15579.6,60.0,4.0,3269.223264,1.0,365.0,568655.4,2190.0,26796.912,0.0,365.0,15579.6,66992.28,1.0,2679.6912,172.0,2.0,Long Inactive,Very High Value,Low Frequency
CUST2020,0,36,Male,USA,active,1,8,751.84,751.84,93.98,4.3,5,49.0,49,49,2025-03-25,2025-03-25,2022-03-20,1101,0.026525198938992,8.0,1,1,1,5.0,751.84,93.98,0.0009074410163339,1398.4224,20.48610354223433,0.217983651226158,5.0,1901.854464,1.0,0.3315168029064487,249.2475930971844,2.652134423251589,38.104152588555856,3.016438356164384,0.3315168029064487,20.48610354223433,37592.0,0.0009074410163339,1.2689858439201451,250.0,2.0,Long Inactive,Medium Value,Low Frequency
CUST2021,0,32,Male,UK,active,1,2,1235.34,1235.34,617.67,4.1,2,46.0,46,46,2025-04-03,2025-04-03,2023-03-01,764,0.0377833753148614,2.0,1,1,1,2.0,1235.34,617.67,0.0013071895424836,2248.3188,48.50811518324608,0.0785340314136125,2.0,2967.780815999999,1.0,0.4777486910994765,590.1820680628273,0.955497382198953,88.28476963350784,2.0931506849315067,0.4777486910994765,48.50811518324608,58060.98,0.0013071895424836,2.938978823529411,94.0,2.0,Long Inactive,High Value,Low Frequency
CUST2022,0,32,Male,Germany,active,1,7,1456.5600000000002,1456.5600000000002,208.08,3.9,4,39.0,39,39,2023-07-09,2023-07-09,2021-07-31,708,0.040650406504065,7.0,1,1,1,4.0,1456.5600000000002,208.08,0.001410437235543,2592.6768,61.71864406779661,0.2966101694915254,4.0,3318.6263040000003,1.0,0.5155367231638418,750.9101694915255,3.6087570621468927,109.85918644067796,1.9397260273972603,0.5155367231638418,61.71864406779661,58262.40000000001,0.001410437235543,3.6568078984485193,160.0,2.0,Long Inactive,High Value,Low Frequency
CUST2023,1,27,Female,USA,cancelled,1,4,1409.2,1409.2,352.3,3.6,2,18.0,18,18,2021-12-25,2021-12-25,2020-08-28,484,0.0583657587548638,4.0,1,1,1,2.0,1409.2,352.3,0.002061855670103,2423.824,87.34710743801654,0.2479338842975206,2.0,2957.06528,1.0,0.7541322314049587,1062.7231404958677,3.0165289256198347,150.23702479338843,1.326027397260274,0.7541322314049587,87.34710743801654,26774.8,0.002061855670103,4.997575257731959,38.0,2.0,Long Inactive,High Value,Low Frequency
CUST2024,1,57,Female,USA,active,1,1,1129.55,1129.55,1129.55,4.0,1,4.0,4,4,2022-09-13,2022-09-13,2022-06-21,84,0.2631578947368421,1.0,1,1,1,1.0,1129.55,1129.55,0.0117647058823529,2033.19,403.4107142857143,0.3571428571428571,1.0,2643.147,1.0,4.345238095238095,4908.16369047619,4.345238095238095,726.1392857142857,0.2301369863013698,4.345238095238095,403.4107142857143,5647.75,0.0117647058823529,23.919882352941176,5.0,2.0,Long Inactive,High Value,Low Frequency
CUST2025,0,42,Male,Canada,active,1,1,578.42,578.42,578.42,4.1,3,41.0,41,41,2024-03-18,2024-03-18,2021-08-16,945,0.0307692307692307,1.0,1,1,1,3.0,578.42,578.42,0.0010570824524312,1052.7243999999998,18.36253968253968,0.0317460317460317,3.0,1389.5962079999997,1.0,0.3862433862433862,223.41089947089944,0.3862433862433862,33.419822222222216,2.589041095890411,0.3862433862433862,18.36253968253968,24293.64,0.0010570824524312,1.112816490486258,126.0,2.0,Long Inactive,Medium Value,Low Frequency
CUST2026,0,27,Male,Canada,active,1,4,717.92,717.92,179.48,3.7,1,37.0,37,37,2025-03-15,2025-03-15,2022-08-17,941,0.0308959835221421,4.0,1,1,1,1.0,717.92,179.48,0.0010615711252653,1249.1808,22.88799149840595,0.1275239107332625,1.0,1548.984192,1.0,0.38788522848034,278.4705632306057,1.55154091392136,39.82510520722635,2.578082191780822,0.38788522848034,22.88799149840595,27280.96,0.0010615711252653,1.3260942675159233,38.0,2.0,Long Inactive,Medium Value,Low Frequency
CUST2027,0,19,Female,India,active,1,7,1099.91,1099.91,157.13,3.9,4,5.0,5,5,2025-05-04,2025-05-04,2023-05-17,718,0.0401069518716577,7.0,1,1,1,4.0,1099.91,157.12999999999997,0.0013908205841446,1957.8398,45.95724233983286,0.2924791086350975,4.0,2506.0349439999995,1.0,0.5083565459610028,559.1464484679665,3.5584958217270195,81.8038913649025,1.9671232876712328,0.5083565459610028,45.95724233983286,6599.459999999999,0.0013908205841446,2.723003894297635,24.0,2.0,Long Inactive,High Value,Low Frequency
CUST2028,0,24,Female,USA,active,1,6,126.12,126.12,21.02,4.1,0,2.0,2,2,2024-07-24,2024-07-24,2022-11-21,611,0.046801872074883,6.0,1,1,1,0.0,126.12,21.02,0.0016339869281045,229.5384,6.192471358428805,0.2945990180032733,0.0,302.990688,1.0,0.5973813420621932,75.3417348608838,3.584288052373159,11.270297872340423,1.673972602739726,0.5973813420621932,6.192471358428805,378.36,0.0016339869281045,0.3750627450980392,0.0,2.0,Long Inactive,Low Value,Low Frequency
CUST2029,0,53,Female,Canada,cancelled,1,2,503.64,503.64,251.82,3.9,1,25.0,25,25,2025-03-27,2025-03-27,2023-10-07,537,0.0529100529100529,2.0,1,1,1,1.0,503.64,251.82,0.0018587360594795,896.4792,28.13631284916201,0.111731843575419,1.0,1147.493376,1.0,0.6797020484171322,342.32513966480445,1.3594040968342644,50.08263687150839,1.4712328767123288,0.6797020484171322,28.13631284916201,13094.64,0.0018587360594795,1.666318215613383,26.0,2.0,Long Inactive,Low Value,Low Frequency
CUST2030,0,54,Male,India,paused,1,6,952.56,952.56,158.76,3.9,4,25.0,25,25,2024-07-08,2024-07-08,2022-10-21,626,0.0457317073170731,6.0,1,1,1,4.0,952.56,158.76,0.0015948963317384,1695.5567999999998,45.64984025559105,0.2875399361022364,4.0,2170.312704,1.0,0.5830670926517572,555.4063897763577,3.498402555910543,81.25671565495206,1.715068493150685,0.5830670926517572,45.64984025559105,24766.56,0.0015948963317384,2.7042373205741623,104.0,2.0,Long Inactive,Medium Value,Low Frequency
CUST2031,1,37,Female,Germany,cancelled,1,4,1536.84,1536.84,384.21,3.9,1,14.0,14,14,2021-02-02,2021-02-02,2020-12-16,48,0.3846153846153846,4.0,1,1,1,1.0,1536.84,384.21,0.0204081632653061,2735.5752,960.525,2.5,1.0,3501.536256,1.0,7.604166666666668,11686.3875,30.41666666666667,1709.7344999999998,0.1315068493150684,7.604166666666668,960.525,23052.6,0.0204081632653061,55.82806530612244,15.0,2.0,Long Inactive,Very High Value,Low Frequency
CUST2032,1,49,Female,Germany,active,1,1,456.94,456.94,456.94,3.8,3,20.0,20,20,2021-07-16,2021-07-16,2020-11-30,228,0.1162790697674418,1.0,1,1,1,3.0,456.94,456.94,0.0043668122270742,804.2144,60.12368421052632,0.131578947368421,3.0,1013.310144,1.0,1.600877192982456,731.5048245614036,1.600877192982456,105.81768421052632,0.6246575342465753,1.600877192982456,60.12368421052632,9595.74,0.0043668122270742,3.51185327510917,63.0,2.0,Long Inactive,Low Value,Low Frequency
CUST2033,0,68,Female,Canada,cancelled,1,8,482.96,482.96,60.37,3.8,2,7.0,7,7,2024-03-13,2024-03-13,2021-02-22,1115,0.0262008733624454,8.0,1,1,1,2.0,482.96,60.37,0.0008960573476702,850.0096,12.994439461883408,0.2152466367713004,2.0,1071.012096,1.0,0.3273542600896861,158.0990134529148,2.618834080717489,22.8702134529148,3.054794520547945,0.3273542600896861,12.994439461883408,3863.68,0.0008960573476702,0.7616573476702508,16.0,2.0,Long Inactive,Low Value,Low Frequency
CUST2034,0,56,Female,India,cancelled,1,8,711.76,711.76,88.97,4.1,3,22.0,22,22,2023-09-25,2023-09-25,2022-05-16,497,0.0569259962049335,8.0,1,1,1,3.0,711.76,88.97,0.002008032128514,1295.4032,42.96338028169014,0.482897384305835,3.0,1709.9322239999997,1.0,0.7344064386317907,522.7211267605634,5.875251509054325,78.19335211267605,1.3616438356164384,0.7344064386317907,42.96338028169014,16370.48,0.002008032128514,2.601211244979919,69.0,2.0,Long Inactive,Medium Value,Low Frequency
CUST2035,1,26,Female,Pakistan,active,1,7,774.69,774.69,110.67,4.1,1,36.0,36,36,2023-01-19,2023-01-19,2022-11-26,54,0.3571428571428571,7.0,1,1,1,1.0,774.69,110.67,0.0181818181818181,1409.9358,430.3833333333333,3.888888888888889,1.0,1861.115256,1.0,6.75925925925926,5236.330555555556,47.31481481481482,783.2976666666666,0.147945205479452,6.75925925925926,430.3833333333333,28663.53,0.0181818181818181,25.63519636363636,37.0,2.0,Long Inactive,Medium Value,Low Frequency
CUST2036,1,32,Male,UK,cancelled,1,2,1583.4,1583.4,791.7,3.3,2,23.0,23,23,2022-03-02,2022-03-02,2021-03-07,360,0.0769230769230769,2.0,1,1,1,2.0,1583.4,791.7,0.002770083102493,2628.444,131.95000000000002,0.1666666666666666,2.0,3048.99504,1.0,1.0138888888888888,1605.3916666666669,2.0277777777777777,219.037,0.9863013698630136,1.0138888888888888,131.95000000000002,38001.600000000006,0.002770083102493,7.281008310249307,48.0,2.0,Long Inactive,Very High Value,Low Frequency
CUST2037,0,54,Female,USA,paused,1,2,1623.6,1623.6,811.8,4.2,2,29.0,29,29,2025-02-24,2025-02-24,2022-05-01,1030,0.0283018867924528,2.0,1,1,1,2.0,1623.6,811.8,0.0009699321047526,2987.424,47.28932038834951,0.058252427184466,2.0,4003.14816,1.0,0.3543689320388349,575.3533980582523,0.7087378640776698,87.0123495145631,2.8219178082191783,0.3543689320388349,47.28932038834951,48708.0,0.0009699321047526,2.8975984481086323,60.0,2.0,Long Inactive,Very High Value,Low Frequency
CUST2038,0,63,Female,Canada,cancelled,1,9,642.6,642.6,71.4,4.0,0,27.0,27,27,2025-03-04,2025-03-04,2022-01-06,1153,0.0253592561284869,9.0,1,1,1,0.0,642.6,71.4,0.0008665511265164,1156.68,16.71986123156982,0.2341717259323504,0.0,1503.6840000000002,1.0,0.3165654813529922,203.4249783174328,2.8490893321769297,30.09575021682568,3.158904109589041,0.3165654813529922,16.71986123156982,17992.8,0.0008665511265164,1.002322357019064,0.0,2.0,Long Inactive,Medium Value,Low Frequency
CUST2039,1,19,Male,Pakistan,paused,1,6,985.02,985.02,164.17,4.3,0,41.0,41,41,2023-02-11,2023-02-11,2022-12-05,68,0.3061224489795918,6.0,1,1,1,0.0,985.02,164.17,0.0144927536231884,1832.1372,434.5676470588235,2.647058823529412,0.0,2491.7065919999995,1.0,5.367647058823529,5287.239705882353,32.205882352941174,808.2958235294118,0.1863013698630137,5.367647058823529,434.5676470588235,41370.84,0.0144927536231884,26.55271304347826,0.0,2.0,Long Inactive,Medium Value,Low Frequency
CUST2040,0,61,Female,India,active,1,4,1759.76,1759.76,439.94,4.0,2,46.0,46,46,2023-12-31,2023-12-31,2021-03-19,1017,0.0286532951289398,4.0,1,1,1,2.0,1759.76,439.94,0.0009823182711198,3167.568,51.91032448377581,0.1179941002949852,2.0,4117.838400000001,1.0,0.3588987217305801,631.5756145526057,1.4355948869223203,93.43858407079648,2.786301369863014,0.3588987217305801,51.91032448377581,82708.72,0.0009823182711198,3.111559921414538,94.0,2.0,Long Inactive,Very High Value,Low Frequency
CUST2041,1,22,Male,USA,cancelled,1,2,313.64,313.64,156.82,4.5,1,47.0,47,47,2021-10-16,2021-10-16,2021-07-23,85,0.2608695652173913,2.0,1,1,1,1.0,313.64,156.82,0.0116279069767441,595.9159999999999,110.69647058823529,0.7058823529411764,1.0,834.2823999999998,1.0,4.294117647058823,1346.8070588235294,8.588235294117647,210.32329411764704,0.2328767123287671,4.294117647058823,110.69647058823529,15054.72,0.0116279069767441,6.929255813953487,48.0,2.0,Long Inactive,Low Value,Low Frequency
CUST2042,0,51,Male,Pakistan,cancelled,1,5,310.7,310.7,62.14,4.1,2,33.0,33,33,2024-07-16,2024-07-16,2021-07-05,1107,0.0263852242744063,5.0,1,1,1,2.0,310.7,62.14,0.0009025270758122,565.4739999999999,8.420054200542005,0.1355013550135501,2.0,746.4256799999998,1.0,0.3297199638663053,102.44399277326109,1.6485998193315268,15.324498644986448,3.032876712328767,0.3297199638663053,8.420054200542005,10563.8,0.0009025270758122,0.51035559566787,68.0,2.0,Long Inactive,Low Value,Low Frequency
CUST2043,0,53,Male,UK,cancelled,1,7,242.69,242.69,34.67,4.0,1,37.0,37,37,2024-02-27,2024-02-27,2022-04-21,677,0.0424328147100424,7.0,1,1,1,1.0,242.69,34.67,0.0014749262536873,436.842,10.754357459379616,0.310192023633678,1.0,567.8946,1.0,0.5391432791728212,130.844682422452,3.774002954209749,19.35784342688331,1.8547945205479448,0.5391432791728212,10.754357459379616,9222.22,0.0014749262536873,0.6443097345132743,38.0,2.0,Long Inactive,Low Value,Low Frequency
CUST2044,0,52,Female,USA,active,1,1,1707.78,1707.78,1707.78,4.2,2,1.0,1,1,2024-03-08,2024-03-08,2023-03-14,360,0.0769230769230769,1.0,1,1,1,2.0,1707.78,1707.78,0.002770083102493,3142.3152,142.315,0.0833333333333333,2.0,4210.702368,1.0,1.0138888888888888,1731.4991666666667,1.0138888888888888,261.8596,0.9863013698630136,1.0138888888888888,142.315,3415.56,0.002770083102493,8.704474238227148,4.0,2.0,Long Inactive,Very High Value,Low Frequency
CUST2045,0,39,Male,India,active,1,6,1584.06,1584.06,264.01,3.8,2,27.0,27,27,2023-11-20,2023-11-20,2022-09-25,421,0.0665188470066518,6.0,1,1,1,2.0,1584.06,264.01,0.0023696682464454,2787.9456,112.87838479809976,0.4275534441805225,2.0,3512.811456,1.0,0.8669833729216152,1373.3536817102138,5.201900237529691,198.6659572446556,1.1534246575342466,0.8669833729216152,112.87838479809976,44353.68,0.0023696682464454,6.606506161137442,56.0,2.0,Long Inactive,Very High Value,Low Frequency
CUST2046,0,31,Female,India,active,1,5,437.55,437.55,87.51,4.2,2,13.0,13,13,2024-03-16,2024-03-16,2021-12-11,826,0.0350467289719626,5.0,1,1,1,2.0,437.55,87.51,0.0012091898428053,805.0920000000001,15.891646489104115,0.1815980629539951,2.0,1078.8232800000003,1.0,0.4418886198547216,193.34836561743344,2.209443099273608,29.240629539951577,2.263013698630137,0.4418886198547216,15.891646489104115,6125.7,0.0012091898428053,0.9735090689238212,28.0,2.0,Long Inactive,Low Value,Low Frequency
CUST2047,0,22,Male,USA,active,1,5,1215.65,1215.65,243.13,4.2,0,35.0,35,35,2024-07-25,2024-07-25,2021-09-22,1037,0.0281162136832239,5.0,1,1,1,0.0,1215.65,243.13,0.0009633911368015,2236.7960000000003,35.16827386692382,0.1446480231436837,0.0,2997.3066400000007,1.0,0.351976856316297,427.8806653809065,1.759884281581485,64.70962391513983,2.841095890410959,0.351976856316297,35.16827386692382,43763.4,0.0009633911368015,2.154909441233141,0.0,2.0,Long Inactive,High Value,Low Frequency
CUST2048,0,61,Female,Germany,cancelled,1,2,1760.72,1760.72,880.36,3.6,1,27.0,27,27,2024-07-15,2024-07-15,2022-01-17,910,0.0319148936170212,2.0,1,1,1,1.0,1760.72,880.36,0.0010976948408342,3028.4384,58.04571428571429,0.0659340659340659,1.0,3694.694848,1.0,0.401098901098901,706.2228571428572,0.8021978021978021,99.83862857142856,2.493150684931507,0.401098901098901,58.04571428571429,49300.16,0.0010976948408342,3.324301207464325,28.0,2.0,Long Inactive,Very High Value,Low Frequency
CUST2049,1,47,Female,Canada,cancelled,1,1,793.56,793.56,793.56,3.8,4,31.0,31,31,2022-12-23,2022-12-23,2021-02-07,684,0.042016806722689,1.0,1,1,1,4.0,793.56,793.56,0.0014598540145985,1396.6655999999998,34.805263157894736,0.043859649122807,4.0,1759.7986559999997,1.0,0.533625730994152,423.46403508771925,0.533625730994152,61.25726315789473,1.873972602739726,0.533625730994152,34.805263157894736,25393.92,0.0014598540145985,2.0389278832116786,128.0,2.0,Long Inactive,Medium Value,Low Frequency
CUST2050,0,29,Female,Canada,paused,1,9,900.36,900.36,100.04,4.1,1,11.0,11,11,2024-06-11,2024-06-11,2023-07-26,321,0.0854700854700854,9.0,1,1,1,1.0,900.36,100.04,0.0031055900621118,1638.6552,84.14579439252337,0.8411214953271029,1.0,2163.0248639999995,1.0,1.1370716510903427,1023.7738317757008,10.233644859813085,153.14534579439254,0.8794520547945206,1.1370716510903427,84.14579439252337,10804.32,0.0031055900621118,5.088991304347825,12.0,2.0,Long Inactive,Medium Value,Low Frequency
CUST2051,0,38,Female,USA,active,1,7,1453.48,1453.48,207.64,4.1,0,14.0,14,14,2025-07-02,2025-07-02,2022-08-12,1055,0.0276497695852534,7.0,1,1,1,0.0,1453.48,207.64,0.0009469696969696,2645.3336,41.33118483412323,0.1990521327014218,0.0,3491.840352,1.0,0.3459715639810427,502.8627488151659,2.4218009478672986,75.22275639810427,2.8904109589041096,0.3459715639810427,41.33118483412323,21802.2,0.0009469696969696,2.505050757575757,0.0,2.0,At Risk,High Value,Low Frequency
CUST2052,0,56,Female,Canada,cancelled,1,8,775.84,775.84,96.98,4.1,3,38.0,38,38,2025-05-16,2025-05-16,2022-03-10,1163,0.0251466890192791,8.0,1,1,1,3.0,775.84,96.98,0.0008591065292096,1412.0288,20.013069647463457,0.2063628546861565,3.0,1863.878016,1.0,0.3138435081685296,243.49234737747204,2.510748065348237,36.42378675838349,3.186301369863014,0.3138435081685296,20.013069647463457,30257.76,0.0008591065292096,1.2130831615120274,117.0,2.0,Long Inactive,Medium Value,Low Frequency
CUST2053,0,23,Female,Pakistan,paused,1,4,596.0,596.0,149.0,4.1,3,1.0,1,1,2024-12-18,2024-12-18,2022-02-24,1028,0.0283553875236294,4.0,1,1,1,3.0,596.0,149.0,0.0009718172983479,1084.7199999999998,17.39299610894942,0.1167315175097276,3.0,1431.8303999999996,1.0,0.3550583657587549,211.6147859922179,1.4202334630350195,31.65525291828793,2.8164383561643835,0.3550583657587549,17.39299610894942,1192.0,0.0009718172983479,1.0541496598639453,6.0,2.0,Long Inactive,Medium Value,Low Frequency
CUST2054,0,50,Female,India,active,1,2,903.14,903.14,451.57,4.2,1,21.0,21,21,2024-04-22,2024-04-22,2023-04-24,364,0.0761421319796954,2.0,1,1,1,1.0,903.14,451.57,0.0027397260273972,1661.7776,74.43461538461538,0.1648351648351648,1.0,2226.781984,1.0,1.0027472527472527,905.6211538461538,2.005494505494505,136.95969230769234,0.9972602739726028,1.0027472527472527,74.43461538461538,19869.08,0.0027397260273972,4.552815342465753,22.0,2.0,Long Inactive,Medium Value,Low Frequency
CUST2055,0,38,Male,Pakistan,paused,1,4,1171.84,1171.84,292.96,4.0,0,36.0,36,36,2023-08-10,2023-08-10,2023-07-20,21,0.5882352941176471,4.0,1,1,1,0.0,1171.84,292.96,0.0454545454545454,2109.312,1674.057142857143,5.714285714285714,0.0,2742.1056,1.0,17.38095238095238,20367.695238095235,69.52380952380952,3013.302857142857,0.0575342465753424,17.38095238095238,1674.057142857143,43358.08,0.0454545454545454,95.87781818181818,0.0,2.0,Long Inactive,High Value,Low Frequency
CUST2056,0,40,Male,India,active,1,1,1825.62,1825.62,1825.62,4.3,2,9.0,9,9,2024-08-20,2024-08-20,2023-07-25,392,0.0710900473933649,1.0,1,1,1,2.0,1825.62,1825.62,0.0025445292620865,3395.6532,139.7158163265306,0.0765306122448979,2.0,4618.088351999999,1.0,0.9311224489795918,1699.8757653061225,0.9311224489795918,259.8714183673469,1.073972602739726,0.9311224489795918,139.7158163265306,18256.2,0.0025445292620865,8.64033893129771,20.0,2.0,Long Inactive,Very High Value,Low Frequency
CUST2057,0,50,Male,UK,active,1,6,915.96,915.96,152.66,4.2,3,28.0,28,28,2025-07-01,2025-07-01,2021-02-16,1596,0.018450184501845,6.0,1,1,1,3.0,915.96,152.66,0.0006261740763932,1685.3664,17.217293233082707,0.112781954887218,3.0,2258.390976,1.0,0.2286967418546365,209.47706766917287,1.3721804511278195,31.67981954887218,4.372602739726028,0.2286967418546365,17.217293233082707,26562.84,0.0006261740763932,1.0553327489041957,87.0,2.0,At Risk,Medium Value,Low Frequency
CUST2058,0,61,Male,UK,cancelled,1,2,381.44,381.44,190.72,4.2,0,14.0,14,14,2023-02-24,2023-02-24,2021-12-21,430,0.0652173913043478,2.0,1,1,1,0.0,381.44,190.72,0.0023201856148491,701.8496,26.612093023255813,0.1395348837209302,0.0,940.478464,1.0,0.8488372093023255,323.78046511627906,1.697674418604651,48.9662511627907,1.178082191780822,0.8488372093023255,26.612093023255813,5721.6,0.0023201856148491,1.6284213457076566,0.0,2.0,Long Inactive,Low Value,Low Frequency
CUST2059,0,22,Female,UK,cancelled,1,2,1265.9,1265.9,632.95,3.7,5,21.0,21,21,2024-05-11,2024-05-11,2022-02-15,816,0.0354609929078014,2.0,1,1,1,5.0,1265.9,632.95,0.0012239902080783,2202.666,46.540441176470594,0.0735294117647058,5.0,2731.30584,1.0,0.4473039215686274,566.2420343137255,0.8946078431372548,80.98036764705883,2.2356164383561645,0.4473039215686274,46.540441176470594,27849.800000000003,0.0012239902080783,2.696041615667075,110.0,2.0,Long Inactive,High Value,Low Frequency
CUST2060,0,49,Male,Canada,active,1,5,908.25,908.25,181.65,4.1,3,38.0,38,38,2025-03-19,2025-03-19,2021-03-16,1464,0.0200803212851405,5.0,1,1,1,3.0,908.25,181.65,0.0006825938566552,1653.015,18.611680327868854,0.1024590163934426,3.0,2181.9798,1.0,0.2493169398907103,226.44211065573768,1.246584699453552,33.87325819672131,4.010958904109589,0.2493169398907103,18.611680327868854,35421.75,0.0006825938566552,1.1283378839590443,117.0,2.0,Long Inactive,Medium Value,Low Frequency
CUST2061,0,47,Female,Germany,active,1,9,984.42,984.42,109.38,4.4,3,34.0,34,34,2023-11-01,2023-11-01,2022-08-11,447,0.0628930817610062,9.0,1,1,1,3.0,984.42,109.38,0.0022321428571428,1850.7096,66.06845637583892,0.6040268456375839,3.0,2553.979248000001,1.0,0.8165548098434005,803.8328859060402,7.348993288590604,124.2086979865772,1.2246575342465753,0.8165548098434005,66.06845637583892,34454.7,0.0022321428571428,4.131048214285714,105.0,2.0,Long Inactive,Medium Value,Low Frequency
CUST2062,0,67,Male,Germany,paused,1,6,957.3,957.3,159.55,3.8,4,31.0,31,31,2024-12-01,2024-12-01,2021-07-31,1219,0.0240192153722978,6.0,1,1,1,4.0,957.3,159.55,0.0008196721311475,1684.8480000000002,23.559474979491387,0.1476620180475799,4.0,2122.90848,1.0,0.2994257588187038,286.6402789171452,1.796554552912223,41.464675963904845,3.33972602739726,0.2994257588187038,23.559474979491387,30633.6,0.0008196721311475,1.3810229508196723,128.0,2.0,Long Inactive,Medium Value,Low Frequency
CUST2063,0,20,Female,Canada,cancelled,1,1,688.6,688.6,688.6,4.0,5,21.0,21,21,2024-10-15,2024-10-15,2023-01-24,630,0.0454545454545454,1.0,1,1,1,5.0,688.6,688.6,0.0015847860538827,1239.48,32.79047619047619,0.0476190476190476,5.0,1611.324,1.0,0.5793650793650793,398.9507936507937,0.5793650793650793,59.02285714285714,1.726027397260274,0.5793650793650793,32.79047619047619,15149.2,0.0015847860538827,1.964310618066561,110.0,2.0,Long Inactive,Medium Value,Low Frequency
CUST2064,0,62,Female,UK,cancelled,1,7,1628.97,1628.97,232.71,4.2,3,37.0,37,37,2023-12-28,2023-12-28,2022-11-26,397,0.0702576112412178,7.0,1,1,1,3.0,1628.97,232.71,0.0025125628140703,2997.3048000000003,123.09596977329976,0.5289672544080605,3.0,4016.3884320000006,1.0,0.919395465994962,1497.6676322418134,6.435768261964735,226.4965843828716,1.0876712328767124,0.919395465994962,123.09596977329976,61900.86,0.0025125628140703,7.530916582914574,114.0,2.0,Long Inactive,Very High Value,Low Frequency
CUST2065,0,26,Male,UK,active,1,3,800.9100000000001,800.9100000000001,266.97,3.8,5,31.0,31,31,2024-03-20,2024-03-20,2020-01-12,1529,0.0192431045542014,3.0,1,1,1,5.0,800.9100000000001,266.97,0.0006535947712418,1409.6016000000002,15.714388489208634,0.0588620013080444,5.0,1776.098016,1.0,0.2387181164159581,191.19172661870508,0.7161543492478745,27.6573237410072,4.189041095890411,0.2387181164159581,15.714388489208634,25629.120000000003,0.0006535947712418,0.9213082352941178,160.0,2.0,Long Inactive,Medium Value,Low Frequency
CUST2066,1,40,Male,UK,active,1,9,195.84,195.84,21.76,4.2,0,20.0,20,20,2022-01-10,2022-01-10,2022-01-06,4,0.8823529411764706,9.0,1,1,1,0.0,195.84,21.76,0.2,360.3456000000001,1468.8,67.5,0.0,482.8631040000001,1.0,91.25,17870.4,821.25,2702.592000000001,0.010958904109589,91.25,1468.8,4112.64,0.2,72.06912000000001,0.0,2.0,Long Inactive,Low Value,Low Frequency
CUST2067,0,63,Female,Pakistan,cancelled,1,2,1690.2,1690.2,845.1,4.0,5,3.0,3,3,2025-07-07,2025-07-07,2022-03-25,1200,0.024390243902439,2.0,1,1,1,5.0,1690.2,845.1,0.0008326394671107,3042.36,42.255,0.05,5.0,3955.068,1.0,0.3041666666666667,514.1025000000001,0.6083333333333334,76.059,3.287671232876712,0.3041666666666667,42.255,6760.8,0.0008326394671107,2.533189009159034,20.0,2.0,At Risk,Very High Value,Low Frequency
CUST2068,0,30,Female,UK,active,1,7,1136.8,1136.8,162.4,3.9,2,33.0,33,33,2025-04-13,2025-04-13,2021-03-09,1496,0.019659239842726,7.0,1,1,1,2.0,1136.8,162.4,0.0006680026720106,2023.504,22.796791443850267,0.1403743315508021,2.0,2590.08512,1.0,0.2439839572192513,277.36096256684493,1.7078877005347592,40.57828877005348,4.098630136986301,0.2439839572192513,22.796791443850267,38651.2,0.0006680026720106,1.3517060788243154,68.0,2.0,Long Inactive,High Value,Low Frequency
CUST2069,0,68,Male,UK,cancelled,1,9,1519.38,1519.38,168.82,4.3,3,45.0,45,45,2024-08-15,2024-08-15,2022-02-23,904,0.032119914346895,9.0,1,1,1,3.0,1519.38,168.82,0.0011049723756906,2826.0468,50.42190265486725,0.2986725663716814,3.0,3843.423647999999,1.0,0.4037610619469026,613.4664823008849,3.633849557522124,93.78473893805308,2.4767123287671238,0.4037610619469026,50.42190265486725,69891.48,0.0011049723756906,3.12270364640884,138.0,2.0,Long Inactive,Very High Value,Low Frequency
CUST2070,1,63,Male,Pakistan,cancelled,1,7,361.27,361.27,51.61,3.8,3,24.0,24,24,2021-11-24,2021-11-24,2021-01-02,326,0.0842696629213483,7.0,1,1,1,3.0,361.27,51.61,0.0030581039755351,635.8352,33.24570552147239,0.6441717791411042,3.0,801.152352,1.0,1.1196319018404908,404.4894171779141,7.837423312883436,58.51244171779141,0.8931506849315068,1.1196319018404908,33.24570552147239,9031.75,0.0030581039755351,1.9444501529051987,75.0,2.0,Long Inactive,Low Value,Low Frequency
CUST2071,0,36,Male,Germany,active,1,6,1546.14,1546.14,257.69,4.0,4,5.0,5,5,2024-09-07,2024-09-07,2021-10-09,1064,0.0274223034734917,6.0,1,1,1,4.0,1546.14,257.69,0.0009389671361502,2783.052,43.59417293233082,0.169172932330827,4.0,3617.9676,1.0,0.3430451127819549,530.3957706766917,2.058270676691729,78.46951127819547,2.915068493150685,0.3430451127819549,43.59417293233082,9276.84,0.0009389671361502,2.613194366197183,24.0,2.0,Long Inactive,Very High Value,Low Frequency
CUST2072,1,53,Female,UK,cancelled,1,3,270.03000000000003,270.03000000000003,90.01,4.2,1,37.0,37,37,2021-06-05,2021-06-05,2020-08-10,299,0.0911854103343465,3.0,1,1,1,1.0,270.03000000000003,90.01,0.0033333333333333,496.8552000000001,27.0933110367893,0.3010033444816054,1.0,665.7859680000001,1.0,1.220735785953177,329.6352842809365,3.662207357859532,49.85169230769232,0.8191780821917808,1.220735785953177,27.0933110367893,10261.14,0.0033333333333333,1.6561840000000003,38.0,2.0,Long Inactive,Low Value,Low Frequency
CUST2073,0,51,Male,USA,paused,1,8,67.6,67.6,8.45,4.2,4,42.0,42,42,2023-06-26,2023-06-26,2021-07-04,722,0.0398936170212766,8.0,1,1,1,4.0,67.6,8.45,0.0013831258644536,124.384,2.8088642659279777,0.3324099722991689,4.0,166.67456,1.0,0.5055401662049861,34.17451523545706,4.044321329639889,5.16831024930748,1.978082191780822,0.5055401662049861,2.8088642659279777,2906.8,0.0013831258644536,0.1720387275242047,172.0,2.0,Long Inactive,Low Value,Low Frequency
CUST2074,0,59,Female,USA,active,1,8,1082.08,1082.08,135.26,3.6,2,36.0,36,36,2024-03-19,2024-03-19,2021-02-12,1131,0.0258397932816537,8.0,1,1,1,2.0,1082.08,135.26,0.0008833922261484,1861.1776,28.702387267904506,0.2122015915119363,2.0,2270.636672,1.0,0.3227232537577365,349.2123784261715,2.581786030061892,49.36810610079574,3.0986301369863014,0.3227232537577365,28.702387267904506,40036.96,0.0008833922261484,1.6441498233215546,74.0,2.0,Long Inactive,High Value,Low Frequency
CUST2075,0,45,Male,India,active,1,3,1307.76,1307.76,435.92,4.3,4,38.0,38,38,2023-12-08,2023-12-08,2023-09-06,93,0.2439024390243902,3.0,1,1,1,4.0,1307.76,435.92,0.0106382978723404,2432.4336,421.858064516129,0.9677419354838708,4.0,3308.1096959999995,1.0,3.924731182795699,5132.606451612903,11.774193548387096,784.656,0.2547945205479452,3.924731182795699,421.858064516129,51002.64,0.0106382978723404,25.87695319148936,156.0,2.0,Long Inactive,High Value,Low Frequency
CUST2076,0,64,Male,India,active,1,7,1306.62,1306.62,186.66,4.0,3,14.0,14,14,2025-04-20,2025-04-20,2022-12-18,854,0.0339366515837104,7.0,1,1,1,3.0,1306.62,186.66,0.0011695906432748,2351.916,45.9,0.2459016393442623,3.0,3057.4908,1.0,0.4274004683840749,558.4499999999999,2.9918032786885247,82.61999999999999,2.33972602739726,0.4274004683840749,45.9,19599.3,0.0011695906432748,2.7507789473684205,45.0,2.0,Long Inactive,High Value,Low Frequency
CUST2077,0,22,Male,Germany,cancelled,1,8,486.4,486.4,60.8,4.2,5,19.0,19,19,2024-04-21,2024-04-21,2022-08-13,617,0.0463678516228748,8.0,1,1,1,5.0,486.4,60.8,0.0016181229773462,894.976,23.64991896272285,0.3889789303079417,5.0,1199.26784,1.0,0.5915721231766613,287.74068071312803,4.73257698541329,43.51585089141005,1.6904109589041096,0.5915721231766613,23.64991896272285,9728.0,0.0016181229773462,1.4481812297734629,100.0,2.0,Long Inactive,Low Value,Low Frequency
CUST2078,1,41,Female,Pakistan,active,1,9,470.61,470.61,52.29,4.1,1,37.0,37,37,2022-11-30,2022-11-30,2022-05-17,197,0.13215859030837,9.0,1,1,1,1.0,470.61,52.29,0.005050505050505,856.5101999999999,71.66649746192894,1.370558375634518,1.0,1130.5934639999998,1.0,1.8527918781725887,871.9423857868021,16.6751269035533,130.43302538071066,0.5397260273972603,1.8527918781725887,71.66649746192894,17883.18,0.005050505050505,4.325809090909091,38.0,2.0,Long Inactive,Low Value,Low Frequency
CUST2079,0,19,Male,Pakistan,active,1,5,1627.1,1627.1,325.42,4.0,1,17.0,17,17,2024-12-02,2024-12-02,2020-11-24,1469,0.0200133422281521,5.0,1,1,1,1.0,1627.1,325.42,0.0006802721088435,2928.78,33.228727025187204,0.1021102791014295,1.0,3807.414,1.0,0.2484683458134785,404.28284547311097,1.2423417290673928,59.81170864533696,4.024657534246575,0.2484683458134785,33.228727025187204,29287.800000000003,0.0006802721088435,1.9923673469387757,18.0,2.0,Long Inactive,Very High Value,Low Frequency
CUST2080,1,50,Female,Canada,cancelled,1,9,1836.72,1836.72,204.08,4.3,2,20.0,20,20,2022-05-02,2022-05-02,2021-05-27,340,0.081081081081081,9.0,1,1,1,2.0,1836.72,204.08,0.002932551319648,3416.2992,162.0635294117647,0.7941176470588235,2.0,4646.166912,1.0,1.0735294117647058,1971.7729411764708,9.661764705882351,301.43816470588234,0.9315068493150684,1.0735294117647058,162.0635294117647,38571.12,0.002932551319648,10.018472727272728,42.0,2.0,Long Inactive,Very High Value,Low Frequency
CUST2081,0,55,Male,Canada,active,1,6,1420.68,1420.68,236.78,4.0,4,5.0,5,5,2024-08-18,2024-08-18,2021-07-29,1116,0.0261780104712041,6.0,1,1,1,4.0,1420.68,236.78,0.000895255147717,2557.224,38.19032258064516,0.1612903225806451,4.0,3324.3912000000005,1.0,0.3270609318996416,464.6489247311828,1.9623655913978493,68.74258064516128,3.0575342465753423,0.3270609318996416,38.19032258064516,8524.08,0.000895255147717,2.289367949865712,24.0,2.0,Long Inactive,High Value,Low Frequency
CUST2082,1,42,Female,Canada,paused,1,1,920.25,920.25,920.25,3.9,5,6.0,6,6,2022-08-16,2022-08-16,2022-02-06,191,0.1357466063348416,1.0,1,1,1,5.0,920.25,920.25,0.0052083333333333,1638.045,144.54188481675394,0.1570680628272251,5.0,2096.6976,1.0,1.910994764397906,1758.5929319371728,1.910994764397906,257.284554973822,0.5232876712328767,1.910994764397906,144.54188481675394,6441.75,0.0052083333333333,8.531484375,35.0,2.0,Long Inactive,Medium Value,Low Frequency
CUST2083,0,54,Male,India,paused,1,5,1243.8,1243.8,248.76,4.2,1,9.0,9,9,2025-05-13,2025-05-13,2023-02-21,812,0.0356294536817102,5.0,1,1,1,1.0,1243.8,248.76,0.001230012300123,2288.592,45.95320197044335,0.1847290640394088,1.0,3066.7132800000004,1.0,0.4495073891625615,559.097290640394,2.247536945812808,84.55389162561576,2.2246575342465755,0.4495073891625615,45.95320197044335,12438.0,0.001230012300123,2.8149963099631,10.0,2.0,Long Inactive,High Value,Low Frequency
CUST2084,0,28,Male,USA,active,1,6,264.72,264.72,44.12,4.1,0,11.0,11,11,2023-04-15,2023-04-15,2023-02-22,52,0.3658536585365853,6.0,1,1,1,0.0,264.72,44.12,0.0188679245283018,481.7903999999999,152.7230769230769,3.461538461538461,0.0,635.9633279999998,1.0,7.019230769230769,1858.1307692307687,42.11538461538461,277.956,0.1424657534246575,7.019230769230769,152.7230769230769,3176.6399999999994,0.0188679245283018,9.090384905660375,0.0,2.0,Long Inactive,Low Value,Low Frequency
CUST2085,0,19,Female,USA,paused,1,1,1330.98,1330.98,1330.98,4.4,1,24.0,24,24,2025-02-26,2025-02-26,2023-07-21,586,0.0487012987012987,1.0,1,1,1,1.0,1330.98,1330.98,0.0017035775127768,2502.2424,68.13890784982935,0.0511945392491467,1.0,3453.0945120000006,1.0,0.6228668941979522,829.0233788395905,0.6228668941979522,128.10114675767915,1.6054794520547946,0.6228668941979522,68.13890784982935,33274.5,0.0017035775127768,4.26276388415673,25.0,2.0,Long Inactive,High Value,Low Frequency
CUST2086,1,49,Female,USA,active,1,7,460.25,460.25,65.75,4.0,0,25.0,25,25,2022-03-16,2022-03-16,2021-04-11,339,0.08130081300813,7.0,1,1,1,0.0,460.25,65.75,0.0029411764705882,828.45,40.73008849557522,0.6194690265486725,0.0,1076.985,1.0,1.0766961651917404,495.5494100294986,7.536873156342184,73.3141592920354,0.9287671232876712,1.0766961651917404,40.73008849557522,11966.5,0.0029411764705882,2.4366176470588234,0.0,2.0,Long Inactive,Low Value,Low Frequency
CUST2087,0,45,Female,Germany,active,1,3,1719.1799999999998,1719.1799999999998,573.06,3.8,0,31.0,31,31,2023-08-13,2023-08-13,2021-06-09,795,0.0363636363636363,3.0,1,1,1,0.0,1719.1799999999998,573.06,0.0012562814070351,3025.7568,64.87471698113207,0.1132075471698113,0.0,3812.453568,1.0,0.459119496855346,789.3090566037736,1.377358490566038,114.17950188679244,2.1780821917808217,0.459119496855346,64.87471698113207,55013.76,0.0012562814070351,3.801202010050251,0.0,2.0,Long Inactive,Very High Value,Low Frequency
CUST2088,0,23,Male,Pakistan,active,1,5,1922.25,1922.25,384.45,4.0,4,23.0,23,23,2024-07-11,2024-07-11,2022-05-10,793,0.0364520048602673,5.0,1,1,1,4.0,1922.25,384.45,0.0012594458438287,3460.05,72.72068095838587,0.189155107187894,4.0,4498.0650000000005,1.0,0.4602774274905422,884.7682849936948,2.301387137452711,130.8972257250946,2.1726027397260275,0.4602774274905422,72.72068095838587,46134.0,0.0012594458438287,4.357745591939547,96.0,2.0,Long Inactive,Very High Value,Low Frequency
CUST2089,1,29,Female,Canada,active,1,9,553.0500000000001,553.0500000000001,61.45,3.1,0,42.0,42,42,2021-06-09,2021-06-09,2020-01-10,516,0.0549450549450549,9.0,1,1,1,0.0,553.0500000000001,61.45000000000001,0.0019342359767891,895.9410000000001,32.15406976744187,0.5232558139534884,0.0,1003.4539200000004,1.0,0.7073643410852714,391.2078488372094,6.366279069767442,52.08959302325582,1.4136986301369865,0.7073643410852714,32.15406976744187,23781.15,0.0019342359767891,1.7329613152804646,0.0,2.0,Long Inactive,Medium Value,Low Frequency
CUST2090,0,53,Male,USA,active,1,4,1905.92,1905.92,476.48,4.3,2,15.0,15,15,2023-02-22,2023-02-22,2021-11-26,453,0.062111801242236,4.0,1,1,1,2.0,1905.92,476.48,0.0022026431718061,3545.0112,126.21986754966888,0.2649006622516556,2.0,4821.215232,1.0,0.805739514348786,1535.6750551876382,3.222958057395144,234.7689536423841,1.2410958904109588,0.805739514348786,126.21986754966888,30494.72,0.0022026431718061,7.808394713656388,32.0,2.0,Long Inactive,Very High Value,Low Frequency
CUST2091,0,22,Female,Germany,paused,1,2,1085.74,1085.74,542.87,4.2,0,32.0,32,32,2025-02-18,2025-02-18,2022-08-22,911,0.0318809776833156,2.0,1,1,1,0.0,1085.74,542.87,0.0010964912280701,1997.7616,35.75433589462129,0.0658616904500548,0.0,2677.0005440000004,1.0,0.4006586169045005,435.01108671789245,0.8013172338090011,65.78797804610318,2.495890410958904,0.4006586169045005,35.75433589462129,35829.42,0.0010964912280701,2.1905280701754384,0.0,2.0,Long Inactive,High Value,Low Frequency
CUST2092,0,26,Female,Pakistan,active,1,4,1965.92,1965.92,491.48,4.4,3,26.0,26,26,2023-11-26,2023-11-26,2021-09-26,791,0.0365408038976857,4.0,1,1,1,3.0,1965.92,491.48,0.0012626262626262,3695.9296,74.56080910240202,0.1517067003792667,3.0,5100.382848000001,1.0,0.4614412136536031,907.1565107458914,1.8457648546144123,140.17432111251583,2.1671232876712327,0.4614412136536031,74.56080910240202,53079.84,0.0012626262626262,4.666577777777778,81.0,2.0,Long Inactive,Very High Value,Low Frequency
CUST2093,0,43,Female,Germany,active,1,3,928.11,928.11,309.37,4.1,0,31.0,31,31,2024-02-04,2024-02-04,2023-06-07,242,0.1102941176470588,3.0,1,1,1,0.0,928.11,309.37,0.0041152263374485,1689.1601999999998,115.05495867768596,0.371900826446281,0.0,2229.6914639999995,1.0,1.508264462809917,1399.8353305785124,4.524793388429751,209.4000247933884,0.663013698630137,1.508264462809917,115.05495867768596,29699.52,0.0041152263374485,6.951276543209876,0.0,2.0,Long Inactive,Medium Value,Low Frequency
CUST2094,1,51,Female,Germany,active,1,7,33.6,33.6,4.8,4.2,3,27.0,27,27,2022-11-26,2022-11-26,2020-11-22,734,0.0392670157068062,7.0,1,1,1,3.0,33.6,4.8,0.001360544217687,61.824000000000005,1.3732970027247955,0.2861035422343324,3.0,82.84416000000002,1.0,0.497275204359673,16.708446866485016,3.4809264305177114,2.5268664850136244,2.010958904109589,0.497275204359673,1.3732970027247955,940.8,0.001360544217687,0.0841142857142857,84.0,2.0,Long Inactive,Low Value,Low Frequency
CUST2095,0,63,Female,India,active,1,4,988.88,988.88,247.22,4.1,5,31.0,31,31,2023-07-18,2023-07-18,2022-08-10,342,0.0806451612903225,4.0,1,1,1,5.0,988.88,247.22,0.0029154518950437,1799.7615999999998,86.7438596491228,0.3508771929824561,5.0,2375.685312,1.0,1.067251461988304,1055.383625730994,4.269005847953216,157.8738245614035,0.936986301369863,1.067251461988304,86.7438596491228,31644.16,0.0029154518950437,5.247118367346938,160.0,2.0,Long Inactive,Medium Value,Low Frequency
CUST2096,0,64,Male,Germany,active,1,7,847.2800000000001,847.2800000000001,121.04,4.1,2,33.0,33,33,2024-02-10,2024-02-10,2022-01-18,753,0.0383141762452107,7.0,1,1,1,2.0,847.2800000000001,121.04,0.0013262599469496,1542.0496,33.756175298804784,0.2788844621513944,2.0,2035.505472,1.0,0.4847277556440902,410.70013280212487,3.393094289508632,61.4362390438247,2.063013698630137,0.4847277556440902,33.756175298804784,28807.520000000004,0.0013262599469496,2.045158620689655,68.0,2.0,Long Inactive,Medium Value,Low Frequency
CUST2097,0,54,Female,Pakistan,active,1,7,1028.37,1028.37,146.91,4.1,3,24.0,24,24,2023-11-21,2023-11-21,2022-01-03,687,0.0418410041841004,7.0,1,1,1,3.0,1028.37,146.91,0.001453488372093,1871.6334,44.906986899563314,0.3056768558951965,3.0,2470.556088,1.0,0.5312954876273653,546.3683406113537,3.7190684133915575,81.73071615720524,1.8821917808219175,0.5312954876273653,44.906986899563314,25709.25,0.001453488372093,2.72039738372093,75.0,2.0,Long Inactive,Medium Value,Low Frequency
CUST2098,0,50,Female,Canada,paused,1,1,1319.96,1319.96,1319.96,3.9,3,39.0,39,39,2023-09-08,2023-09-08,2022-02-04,581,0.0490998363338788,1.0,1,1,1,3.0,1319.96,1319.96,0.0017182130584192,2349.5288,68.15628227194492,0.0516351118760757,3.0,3007.3968640000003,1.0,0.6282271944922547,829.2347676419965,0.6282271944922547,121.31818244406196,1.5917808219178082,0.6282271944922547,68.15628227194492,52798.4,0.0017182130584192,4.036991065292097,120.0,2.0,Long Inactive,High Value,Low Frequency
CUST2099,0,63,Female,Germany,paused,1,4,337.04,337.04,84.26,3.9,1,15.0,15,15,2025-10-04,2025-10-04,2022-05-07,1246,0.0235109717868338,4.0,1,1,1,1.0,337.04,84.26,0.0008019246190858,599.9312,8.114927768860355,0.0963081861958266,1.0,767.911936,1.0,0.2929373996789727,98.73162118780095,1.1717495987158908,14.444571428571429,3.4136986301369863,0.2929373996789727,8.114927768860355,5392.64,0.0008019246190858,0.4810995990376904,16.0,2.0,Moderate,Low Value,Low Frequency
CUST2100,1,33,Male,USA,active,1,4,1252.96,1252.96,313.24,3.8,5,45.0,45,45,2022-09-30,2022-09-30,2022-05-07,146,0.1704545454545454,4.0,1,1,1,5.0,1252.96,313.24,0.0068027210884353,2205.2096,257.4575342465754,0.8219178082191781,5.0,2778.564096,1.0,2.5,3132.4,10.0,453.1252602739727,0.4,2.5,257.4575342465754,57636.16,0.0068027210884353,15.001425850340135,230.0,2.0,Long Inactive,High Value,Low Frequency
CUST2101,0,18,Female,India,cancelled,1,4,1047.2,1047.2,261.8,4.0,5,49.0,49,49,2024-02-20,2024-02-20,2022-04-27,664,0.0432276657060518,4.0,1,1,1,5.0,1047.2,261.8,0.0015037593984962,1884.96,47.31325301204819,0.180722891566265,5.0,2450.4480000000003,1.0,0.5496987951807228,575.644578313253,2.198795180722892,85.16385542168675,1.819178082191781,0.5496987951807228,47.31325301204819,52360.0,0.0015037593984962,2.834526315789474,250.0,2.0,Long Inactive,Medium Value,Low Frequency
CUST2102,0,69,Female,Canada,active,1,4,1464.32,1464.32,366.08,4.2,2,29.0,29,29,2023-12-12,2023-12-12,2023-07-28,137,0.1796407185628742,4.0,1,1,1,2.0,1464.32,366.08,0.0072463768115942,2694.3488,320.65401459854013,0.8759124087591241,2.0,3610.427392000001,1.0,2.6642335766423355,3901.2905109489047,10.656934306569342,590.003386861314,0.3753424657534246,2.6642335766423355,320.65401459854013,43929.6,0.0072463768115942,19.52426666666667,60.0,2.0,Long Inactive,High Value,Low Frequency
CUST2103,0,67,Male,Canada,active,1,5,1512.75,1512.75,302.55,4.1,4,30.0,30,30,2025-06-13,2025-06-13,2023-03-31,805,0.0359281437125748,5.0,1,1,1,4.0,1512.75,302.55,0.0012406947890818,2753.205,56.37577639751553,0.1863354037267081,4.0,3634.2306,1.0,0.453416149068323,685.9052795031056,2.267080745341615,102.60391304347826,2.2054794520547945,0.453416149068323,56.37577639751553,46895.25,0.0012406947890818,3.4158870967741937,124.0,2.0,At Risk,Very High Value,Low Frequency
CUST2104,0,38,Other,Pakistan,active,1,2,145.0,145.0,72.5,4.3,5,27.0,27,27,2024-10-10,2024-10-10,2021-01-28,1351,0.0217233888486603,2.0,1,1,1,5.0,145.0,72.5,0.0007396449704142,269.7,3.219837157660992,0.0444115470022205,5.0,366.792,1.0,0.2701702442635085,39.17468541820874,0.5403404885270171,5.988897113249445,3.7013698630136975,0.2701702442635085,3.219837157660992,4060.0,0.0007396449704142,0.19948224852071,140.0,2.0,Long Inactive,Low Value,Low Frequency
CUST2105,0,44,Male,India,active,1,1,1194.42,1194.42,1194.42,3.7,3,29.0,29,29,2024-06-21,2024-06-21,2021-06-14,1103,0.0264783759929391,1.0,1,1,1,3.0,1194.42,1194.42,0.0009057971014492,2078.2908,32.48649138712602,0.027198549410698,3.0,2577.0805920000003,1.0,0.3309156844968268,395.25231187669993,0.3309156844968268,56.52649501359928,3.021917808219178,0.3309156844968268,32.48649138712602,35832.600000000006,0.0009057971014492,1.882509782608696,90.0,2.0,Long Inactive,High Value,Low Frequency
CUST2106,0,22,Female,USA,active,1,8,1094.56,1094.56,136.82,4.2,2,39.0,39,39,2023-07-30,2023-07-30,2020-09-13,1050,0.0277777777777777,8.0,1,1,1,2.0,1094.56,136.82,0.0009514747859181,2013.9904,31.27314285714285,0.2285714285714285,2.0,2698.747136,1.0,0.3476190476190476,380.4899047619048,2.780952380952381,57.54258285714285,2.8767123287671232,0.3476190476190476,31.27314285714285,43782.4,0.0009514747859181,1.916261084681256,80.0,2.0,Long Inactive,High Value,Low Frequency
CUST2107,1,53,Male,Pakistan,active,1,1,1491.08,1491.08,1491.08,4.3,5,41.0,41,41,2022-12-28,2022-12-28,2022-08-31,119,0.2013422818791946,1.0,1,1,1,5.0,1491.08,1491.08,0.0083333333333333,2773.4088,375.9025210084033,0.2521008403361344,5.0,3771.835968,1.0,3.0672268907563027,4573.480672268907,3.0672268907563027,699.1786890756301,0.3260273972602739,3.0672268907563027,375.9025210084033,62625.36,0.0083333333333333,23.11174,210.0,2.0,Long Inactive,High Value,Low Frequency
CUST2108,0,69,Other,USA,cancelled,1,9,1575.72,1575.72,175.08,4.3,0,35.0,35,35,2023-03-28,2023-03-28,2022-10-16,163,0.155440414507772,9.0,1,1,1,0.0,1575.72,175.08,0.0060975609756097,2930.8392,290.00981595092026,1.656441717791411,0.0,3985.941312,1.0,2.239263803680981,3528.4527607361965,20.153374233128837,539.4182576687116,0.4465753424657534,2.239263803680981,290.00981595092026,56725.92,0.0060975609756097,17.870970731707317,0.0,2.0,Long Inactive,Very High Value,Low Frequency
CUST2109,0,22,Male,UK,active,1,4,1785.88,1785.88,446.47,4.4,3,14.0,14,14,2024-12-01,2024-12-01,2020-11-30,1462,0.0201072386058981,4.0,1,1,1,3.0,1785.88,446.47,0.0006835269993164,3357.4544000000005,36.64596443228454,0.082079343365253,3.0,4633.287072000001,1.0,0.2496580027359781,445.8592339261286,0.9986320109439124,68.89441313269495,4.005479452054795,0.2496580027359781,36.64596443228454,26788.2,0.0006835269993164,2.2949107313738897,45.0,2.0,Long Inactive,Very High Value,Low Frequency
CUST2110,1,54,Female,UK,active,1,4,816.72,816.72,204.18,3.8,5,43.0,43,43,2022-12-25,2022-12-25,2021-12-23,367,0.0755667506297229,4.0,1,1,1,5.0,816.72,204.18,0.0027173913043478,1437.4272,66.76185286103544,0.326975476839237,5.0,1811.158272,1.0,0.994550408719346,812.2692098092643,3.978201634877384,117.50086103542236,1.0054794520547945,0.994550408719346,66.76185286103544,35935.68,0.0027173913043478,3.9060521739130434,220.0,2.0,Long Inactive,Medium Value,Low Frequency
CUST2111,0,36,Male,USA,active,1,2,1929.0,1929.0,964.5,4.5,5,9.0,9,9,2023-09-03,2023-09-03,2022-08-16,383,0.072639225181598,2.0,1,1,1,5.0,1929.0,964.5,0.0026041666666666,3665.1,151.09660574412533,0.1566579634464751,5.0,5131.139999999999,1.0,0.9530026109660574,1838.3420365535248,1.9060052219321149,287.0835509138381,1.0493150684931507,0.9530026109660574,151.09660574412533,19290.0,0.0026041666666666,9.54453125,50.0,2.0,Long Inactive,Very High Value,Low Frequency
CUST2112,0,24,Female,UK,active,1,8,1074.4,1074.4,134.3,3.8,0,44.0,44,44,2024-04-03,2024-04-03,2021-01-26,1163,0.0251466890192791,8.0,1,1,1,0.0,1074.4,134.3,0.0008591065292096,1890.944,27.71453138435082,0.2063628546861565,0.0,2382.58944,1.0,0.3138435081685296,337.19346517626826,2.510748065348237,48.77757523645744,3.186301369863014,0.3138435081685296,27.71453138435082,48348.00000000001,0.0008591065292096,1.6245223367697597,0.0,2.0,Long Inactive,High Value,Low Frequency
CUST2113,1,64,Female,UK,active,1,5,1143.35,1143.35,228.67,3.8,0,19.0,19,19,2021-07-30,2021-07-30,2021-12-05,0,1.0,5.0,1,1,1,0.0,1143.35,228.67,1.0,2012.296,11433.499999999998,50.0,0.0,2535.49296,1.0,365.0,417322.75,1825.0,20122.959999999995,0.0,365.0,11433.499999999998,22867.0,1.0,2012.296,0.0,2.0,Long Inactive,High Value,Low Frequency
CUST2114,0,19,Male,USA,paused,1,5,1801.1,1801.1,360.22,4.1,2,33.0,33,33,2023-04-16,2023-04-16,2022-07-11,279,0.0970873786407767,5.0,1,1,1,2.0,1801.1,360.22,0.0035714285714285,3278.002,193.66666666666663,0.5376344086021505,2.0,4326.96264,1.0,1.3082437275985663,2356.277777777778,6.541218637992832,352.4733333333333,0.7643835616438356,1.3082437275985663,193.66666666666663,61237.4,0.0035714285714285,11.70715,68.0,2.0,Long Inactive,Very High Value,Low Frequency
CUST2115,0,29,Female,Pakistan,active,1,3,297.15,297.15,99.05,4.1,3,28.0,28,28,2023-08-28,2023-08-28,2020-12-27,974,0.0298804780876494,3.0,1,1,1,3.0,297.15,99.05,0.001025641025641,540.8129999999999,9.152464065708418,0.0924024640657084,3.0,713.8731599999998,1.0,0.3747433264887064,111.35497946611908,1.124229979466119,16.657484599589317,2.6684931506849314,0.3747433264887064,9.152464065708418,8617.349999999999,0.001025641025641,0.5546799999999998,87.0,2.0,Long Inactive,Low Value,Low Frequency
CUST2116,0,61,Female,Germany,paused,1,7,1487.29,1487.29,212.47,3.8,4,15.0,15,15,2023-04-09,2023-04-09,2021-05-24,685,0.0419580419580419,7.0,1,1,1,4.0,1487.29,212.47,0.0014577259475218,2617.6304,65.13678832116788,0.3065693430656934,4.0,3298.214304,1.0,0.5328467153284672,792.4975912408759,3.72992700729927,114.64074744525549,1.8767123287671232,0.5328467153284672,65.13678832116788,23796.64,0.0014577259475218,3.8157877551020407,64.0,2.0,Long Inactive,High Value,Low Frequency
CUST2117,1,59,Male,USA,active,1,8,112.96,112.96,14.12,3.3,1,19.0,19,19,2022-05-24,2022-05-24,2022-10-04,0,1.0,8.0,1,1,1,1.0,112.96,14.12,1.0,187.5136,1129.6,80.0,1.0,217.515776,1.0,365.0,41230.4,2920.0,1875.1359999999995,0.0,365.0,1129.6,2259.2,1.0,187.5136,20.0,2.0,Long Inactive,Low Value,Low Frequency
CUST2118,1,66,Male,India,cancelled,1,4,1033.48,1033.48,258.37,4.0,3,44.0,44,44,2020-09-20,2020-09-20,2020-09-15,5,0.8571428571428571,4.0,1,1,1,3.0,1033.48,258.37,0.1666666666666666,1860.264,6200.88,24.0,3.0,2418.3432000000003,1.0,73.0,75444.04000000001,292.0,11161.584,0.0136986301369863,73.0,6200.88,46506.6,0.1666666666666666,310.044,135.0,2.0,Long Inactive,Medium Value,Low Frequency
CUST2119,0,23,Female,USA,active,1,9,1273.05,1273.05,141.45,4.6,1,37.0,37,37,2024-04-05,2024-04-05,2022-08-06,608,0.0470219435736677,9.0,1,1,1,1.0,1273.05,141.45,0.0016420361247947,2444.256,62.81496710526316,0.4440789473684211,1.0,3470.8435199999994,1.0,0.600328947368421,764.2487664473683,5.402960526315789,120.60473684210528,1.6657534246575345,0.600328947368421,62.81496710526316,48375.9,0.0016420361247947,4.013556650246305,38.0,2.0,Long Inactive,High Value,Low Frequency
CUST2120,0,41,Male,Pakistan,cancelled,1,9,475.29,475.29,52.81,3.9,5,43.0,43,43,2023-11-23,2023-11-23,2023-05-27,180,0.1428571428571428,9.0,1,1,1,5.0,475.29,52.81,0.005524861878453,846.0162,79.215,1.5,5.0,1082.900736,1.0,2.0277777777777777,963.7825,18.25,141.0027,0.4931506849315068,2.0277777777777777,79.215,20912.76,0.005524861878453,4.674122651933701,220.0,2.0,Long Inactive,Low Value,Low Frequency
CUST2121,0,58,Female,USA,cancelled,1,5,849.05,849.05,169.81,3.7,0,38.0,38,38,2024-07-07,2024-07-07,2023-02-28,495,0.0571428571428571,5.0,1,1,1,0.0,849.05,169.81,0.002016129032258,1477.347,51.45757575757575,0.303030303030303,0.0,1831.91028,1.0,0.7373737373737373,626.0671717171716,3.6868686868686864,89.53618181818182,1.356164383561644,0.7373737373737373,51.45757575757575,33112.95,0.002016129032258,2.9785221774193547,0.0,2.0,Long Inactive,Medium Value,Low Frequency
CUST2122,0,37,Male,UK,active,1,6,671.9399999999999,671.9399999999999,111.99,4.2,1,8.0,8,8,2023-11-27,2023-11-27,2022-09-25,428,0.0655021834061135,6.0,1,1,1,1.0,671.9399999999999,111.99,0.0023310023310023,1236.3696,47.09859813084111,0.4205607476635514,1.0,1656.735264,1.0,0.8528037383177569,573.0329439252336,5.1168224299065415,86.66142056074766,1.1726027397260277,0.8528037383177569,47.09859813084111,6047.459999999999,0.0023310023310023,2.88198041958042,9.0,2.0,Long Inactive,Medium Value,Low Frequency
CUST2123,1,40,Other,UK,paused,1,3,1692.9,1692.9,564.3,4.1,0,7.0,7,7,2022-03-31,2022-03-31,2020-12-19,467,0.0603621730382293,3.0,1,1,1,0.0,1692.9,564.3,0.0021367521367521,3081.0779999999995,108.75160599571734,0.1927194860813704,0.0,4067.022959999999,1.0,0.7815845824411135,1323.144539614561,2.3447537473233404,197.92792291220556,1.2794520547945205,0.7815845824411135,108.75160599571734,13543.2,0.0021367521367521,6.5835,0.0,2.0,Long Inactive,Very High Value,Low Frequency
CUST2124,0,68,Male,USA,active,1,4,978.84,978.84,244.71,4.1,0,23.0,23,23,2024-08-03,2024-08-03,2020-12-28,1314,0.0223214285714285,4.0,1,1,1,0.0,978.84,244.71,0.0007604562737642,1781.4888,22.34794520547945,0.091324200913242,0.0,2351.5652159999995,1.0,0.2777777777777778,271.9,1.1111111111111112,40.6732602739726,3.6,0.2777777777777778,22.34794520547945,23492.16,0.0007604562737642,1.3547443346007602,0.0,2.0,Long Inactive,Medium Value,Low Frequency
CUST2125,1,23,Female,Canada,active,1,1,603.87,603.87,603.87,3.8,1,11.0,11,11,2020-10-11,2020-10-11,2020-10-21,0,1.0,1.0,1,1,1,1.0,603.87,603.87,1.0,1062.8112,6038.7,10.0,1.0,1339.1421120000002,1.0,365.0,220412.55,365.0,10628.112,0.0,365.0,6038.7,7246.44,1.0,1062.8112,12.0,2.0,Long Inactive,Medium Value,Low Frequency
CUST2126,1,25,Male,Germany,active,1,2,464.22,464.22,232.11,4.1,1,25.0,25,25,2022-09-14,2022-09-14,2020-12-10,643,0.0445765230312035,2.0,1,1,1,1.0,464.22,232.11,0.0015527950310559,844.8804,21.658786936236396,0.093312597200622,1.0,1115.242128,1.0,0.5676516329704511,263.5152410575428,1.135303265940902,39.41899222395024,1.7616438356164383,0.5676516329704511,21.658786936236396,12069.72,0.0015527950310559,1.3119260869565217,26.0,2.0,Long Inactive,Low Value,Low Frequency
CUST2127,0,60,Female,Germany,paused,1,5,252.6,252.6,50.52,4.6,1,7.0,7,7,2025-03-08,2025-03-08,2023-02-03,764,0.0377833753148614,5.0,1,1,1,1.0,252.6,50.52,0.0013071895424836,484.992,9.918848167539268,0.1963350785340314,1.0,688.68864,1.0,0.4777486910994765,120.67931937172776,2.3887434554973823,19.044188481675395,2.0931506849315067,0.4777486910994765,9.918848167539268,2020.8,0.0013071895424836,0.6339764705882353,8.0,2.0,Long Inactive,Low Value,Low Frequency
CUST2128,0,24,Male,UK,active,1,2,814.08,814.08,407.04,4.1,5,33.0,33,33,2024-09-25,2024-09-25,2023-05-17,497,0.0569259962049335,2.0,1,1,1,5.0,814.08,407.04,0.002008032128514,1481.6255999999998,49.139637826961774,0.1207243460764587,5.0,1955.7457919999997,1.0,0.7344064386317907,597.8655935613682,1.4688128772635811,89.43414084507042,1.3616438356164384,0.7344064386317907,49.139637826961774,27678.72,0.002008032128514,2.975151807228915,170.0,2.0,Long Inactive,Medium Value,Low Frequency
CUST2129,1,66,Male,USA,active,1,9,1916.28,1916.28,212.92,4.2,3,30.0,30,30,2022-03-14,2022-03-14,2021-05-28,290,0.09375,9.0,1,1,1,3.0,1916.28,212.92,0.0034364261168384,3525.9552,198.23586206896556,0.9310344827586208,3.0,4724.779968,1.0,1.2586206896551724,2411.869655172414,11.327586206896552,364.75398620689657,0.7945205479452054,1.2586206896551724,198.23586206896556,59404.68,0.0034364261168384,12.116684536082474,93.0,2.0,Long Inactive,Very High Value,Low Frequency
CUST2130,0,40,Male,Pakistan,cancelled,1,9,1074.15,1074.15,119.35,3.9,5,9.0,9,9,2024-01-25,2024-01-25,2020-03-10,1416,0.0207468879668049,9.0,1,1,1,5.0,1074.15,119.34999999999998,0.0007057163020465,1911.987,22.757415254237284,0.1906779661016949,5.0,2447.34336,1.0,0.2577683615819209,276.8818855932203,2.319915254237288,40.50819915254237,3.8794520547945206,0.2577683615819209,22.757415254237284,10741.499999999998,0.0007057163020465,1.349320395201129,50.0,2.0,Long Inactive,High Value,Low Frequency
CUST2131,0,62,Male,Canada,active,1,5,183.75,183.75,36.75,4.1,4,46.0,46,46,2025-05-14,2025-05-14,2021-03-09,1527,0.0192678227360308,5.0,1,1,1,4.0,183.75,36.75,0.0006544502617801,334.42499999999995,3.6100196463654224,0.0982318271119842,4.0,441.4409999999999,1.0,0.2390307793058284,43.92190569744598,1.1951538965291422,6.570235756385068,4.183561643835616,0.2390307793058284,3.6100196463654224,8636.25,0.0006544502617801,0.2188645287958115,188.0,2.0,Long Inactive,Low Value,Low Frequency
CUST2132,1,61,Male,India,cancelled,1,6,683.28,683.28,113.88,4.1,3,45.0,45,45,2023-01-05,2023-01-05,2022-08-21,137,0.1796407185628742,6.0,1,1,1,3.0,683.28,113.88,0.0072463768115942,1243.5695999999998,149.62335766423357,1.3138686131386863,3.0,1641.5118719999996,1.0,2.6642335766423355,1820.4175182481752,15.985401459854014,272.3145109489051,0.3753424657534246,2.6642335766423355,149.62335766423357,31430.88,0.0072463768115942,9.011373913043476,138.0,2.0,Long Inactive,Medium Value,Low Frequency
CUST2133,0,64,Male,USA,active,1,9,1520.55,1520.55,168.95,4.0,4,5.0,5,5,2024-05-24,2024-05-24,2022-09-12,620,0.0461538461538461,9.0,1,1,1,4.0,1520.55,168.95,0.001610305958132,2736.99,73.57499999999999,0.4354838709677419,4.0,3558.087,1.0,0.5887096774193549,895.1625,5.298387096774194,132.43499999999997,1.6986301369863013,0.5887096774193549,73.57499999999999,9123.3,0.001610305958132,4.407391304347826,24.0,2.0,Long Inactive,Very High Value,Low Frequency
CUST2134,0,40,Female,UK,paused,1,6,59.400000000000006,59.400000000000006,9.9,3.7,4,36.0,36,36,2023-11-17,2023-11-17,2021-09-13,795,0.0363636363636363,6.0,1,1,1,4.0,59.400000000000006,9.9,0.0012562814070351,103.356,2.2415094339622645,0.2264150943396226,4.0,128.16144,1.0,0.459119496855346,27.271698113207552,2.754716981132076,3.90022641509434,2.1780821917808217,0.459119496855346,2.2415094339622645,2197.8,0.0012562814070351,0.1298442211055276,148.0,2.0,Long Inactive,Low Value,Low Frequency
CUST2135,0,40,Female,India,active,1,9,1802.16,1802.16,200.24,4.1,0,29.0,29,29,2024-12-08,2024-12-08,2023-08-15,481,0.0587084148727984,9.0,1,1,1,0.0,1802.16,200.24,0.0020746887966804,3279.9312,112.4008316008316,0.5613305613305613,0.0,4329.509184,1.0,0.7588357588357588,1367.5434511434512,6.82952182952183,204.5695135135135,1.3178082191780822,0.7588357588357588,112.4008316008316,54064.8,0.0020746887966804,6.804836514522822,0.0,2.0,Long Inactive,Very High Value,Low Frequency
CUST2136,0,21,Female,Germany,active,1,8,364.72,364.72,45.59,4.1,3,45.0,45,45,2024-06-18,2024-06-18,2022-11-10,586,0.0487012987012987,8.0,1,1,1,3.0,364.72,45.59,0.0017035775127768,663.7904,18.671672354948804,0.409556313993174,3.0,876.2033279999998,1.0,0.6228668941979522,227.17201365187717,4.982935153583617,33.982443686006825,1.6054794520547946,0.6228668941979522,18.671672354948804,16777.120000000003,0.0017035775127768,1.130818398637138,138.0,2.0,Long Inactive,Low Value,Low Frequency
CUST2137,0,19,Female,USA,active,1,4,168.76,168.76,42.19,4.1,3,46.0,46,46,2023-05-03,2023-05-03,2022-01-09,479,0.0589390962671905,4.0,1,1,1,3.0,168.76,42.19,0.0020833333333333,307.1432,10.569519832985383,0.2505219206680584,3.0,405.4290239999999,1.0,0.7620041753653445,128.59582463465551,3.048016701461378,19.2365260960334,1.3123287671232875,0.7620041753653445,10.569519832985383,7931.719999999999,0.0020833333333333,0.6398816666666666,141.0,2.0,Long Inactive,Low Value,Low Frequency
CUST2138,0,52,Male,Pakistan,paused,1,6,1192.38,1192.38,198.73,3.3,2,24.0,24,24,2023-10-01,2023-10-01,2021-06-14,839,0.0345224395857307,6.0,1,1,1,2.0,1192.38,198.73,0.0011904761904761,1979.3508,42.6357568533969,0.2145411203814064,2.0,2296.0469279999998,1.0,0.435041716328963,518.7350417163289,2.6102502979737783,70.77535637663885,2.2986301369863016,0.435041716328963,42.6357568533969,29809.5,0.0011904761904761,2.35637,50.0,2.0,Long Inactive,High Value,Low Frequency
CUST2139,0,53,Male,Germany,active,1,1,339.6,339.6,339.6,4.1,4,42.0,42,42,2025-06-04,2025-06-04,2023-06-03,732,0.0393700787401574,1.0,1,1,1,4.0,339.6,339.6,0.0013642564802182,618.072,13.918032786885249,0.040983606557377,4.0,815.8550399999999,1.0,0.4986338797814207,169.3360655737705,0.4986338797814207,25.33081967213115,2.0054794520547947,0.4986338797814207,13.918032786885249,14602.8,0.0013642564802182,0.8432087312414734,172.0,2.0,Long Inactive,Low Value,Low Frequency
CUST2140,1,61,Female,Pakistan,active,1,8,581.84,581.84,72.73,4.1,1,39.0,39,39,2022-11-16,2022-11-16,2022-09-09,68,0.3061224489795918,8.0,1,1,1,1.0,581.84,72.73,0.0144927536231884,1058.9488,256.6941176470588,3.5294117647058822,1.0,1397.8124159999998,1.0,5.367647058823529,3123.1117647058823,42.94117647058823,467.1832941176471,0.1863013698630137,5.367647058823529,256.6941176470588,23273.6,0.0144927536231884,15.347084057971012,40.0,2.0,Long Inactive,Medium Value,Low Frequency
CUST2141,1,32,Female,UK,cancelled,1,4,861.64,861.64,215.41,4.4,5,45.0,45,45,2022-09-09,2022-09-09,2021-04-02,525,0.054054054054054,4.0,1,1,1,5.0,861.64,215.41,0.0019011406844106,1619.8832,49.23657142857143,0.2285714285714285,5.0,2235.4388160000003,1.0,0.6952380952380952,599.0449523809524,2.780952380952381,92.56475428571429,1.4383561643835616,0.6952380952380952,49.23657142857143,39635.44,0.0019011406844106,3.079625855513308,230.0,2.0,Long Inactive,Medium Value,Low Frequency
CUST2142,1,53,Female,India,cancelled,1,8,733.92,733.92,91.74,4.3,5,47.0,47,47,2022-12-22,2022-12-22,2022-03-08,289,0.0940438871473354,8.0,1,1,1,5.0,733.92,91.74,0.0034482758620689,1365.0911999999998,76.18546712802768,0.8304498269896194,5.0,1856.524032,1.0,1.2629757785467128,926.9231833910036,10.103806228373704,141.70496885813148,0.7917808219178082,1.2629757785467128,76.18546712802768,35228.16,0.0034482758620689,4.707211034482758,240.0,2.0,Long Inactive,Medium Value,Low Frequency
CUST2143,0,24,Other,Canada,active,1,9,515.52,515.52,57.28,4.1,1,49.0,49,49,2023-11-12,2023-11-12,2023-05-08,188,0.1376146788990825,9.0,1,1,1,1.0,515.52,57.28,0.0052910052910052,938.2464,82.26382978723404,1.4361702127659577,1.0,1238.4852479999995,1.0,1.941489361702128,1000.8765957446808,17.47340425531915,149.72017021276594,0.5150684931506849,1.941489361702128,82.26382978723404,25776.0,0.0052910052910052,4.964266666666666,50.0,2.0,Long Inactive,Low Value,Low Frequency
CUST2144,0,47,Female,USA,active,1,5,776.55,776.55,155.31,3.7,4,29.0,29,29,2025-05-24,2025-05-24,2023-03-07,809,0.035756853396901,5.0,1,1,1,4.0,776.55,155.31,0.0012345679012345,1351.197,28.796662546353524,0.1854140914709518,4.0,1675.48428,1.0,0.4511742892459827,350.35939431396787,2.255871446229913,50.10619283065513,2.2164383561643834,0.4511742892459827,28.796662546353524,23296.5,0.0012345679012345,1.6681444444444442,120.0,2.0,Long Inactive,Medium Value,Low Frequency
CUST2145,1,62,Female,UK,active,1,1,776.04,776.04,776.04,4.8,3,18.0,18,18,2021-04-29,2021-04-29,2020-10-18,193,0.1345291479820627,1.0,1,1,1,3.0,776.04,776.04,0.0051546391752577,1521.0384,120.6279792746114,0.155440414507772,3.0,2220.716064,1.0,1.8911917098445596,1467.6404145077718,1.8911917098445596,236.43083937823832,0.5287671232876713,1.8911917098445596,120.6279792746114,14744.759999999998,0.0051546391752577,7.840404123711339,57.0,2.0,Long Inactive,Medium Value,Low Frequency
CUST2146,0,49,Female,India,cancelled,1,3,809.6999999999999,809.6999999999999,269.9,4.5,0,37.0,37,37,2024-11-10,2024-11-10,2021-12-03,1073,0.027198549410698,3.0,1,1,1,0.0,809.6999999999999,269.9,0.0009310986964618,1538.4299999999998,22.63839701770736,0.0838769804287045,0.0,2153.802,1.0,0.3401677539608574,275.43383038210624,1.0205032618825722,43.01295433364398,2.9397260273972603,0.3401677539608574,22.63839701770736,30768.6,0.0009310986964618,1.432430167597765,0.0,2.0,Long Inactive,Medium Value,Low Frequency
CUST2147,0,60,Female,Germany,cancelled,1,2,449.08,449.08,224.54,4.0,5,14.0,14,14,2025-07-15,2025-07-15,2022-06-19,1122,0.0260416666666666,2.0,1,1,1,5.0,449.08,224.54,0.0008904719501335,808.3439999999999,12.007486631016045,0.053475935828877,5.0,1050.8472,1.0,0.3253119429590018,146.09108734402852,0.6506238859180036,21.61347593582888,3.073972602739726,0.3253119429590018,12.007486631016045,6736.2,0.0008904719501335,0.7198076580587711,75.0,2.0,At Risk,Low Value,Low Frequency
CUST2148,1,48,Female,Pakistan,cancelled,1,5,1056.9,1056.9,211.38,4.1,4,16.0,16,16,2022-07-02,2022-07-02,2021-11-04,240,0.1111111111111111,5.0,1,1,1,4.0,1056.9,211.38,0.0041493775933609,1923.558,132.1125,0.625,4.0,2539.0965599999995,1.0,1.5208333333333337,1607.3687500000003,7.604166666666667,240.44475,0.6575342465753424,1.5208333333333337,132.1125,17967.300000000003,0.0041493775933609,7.98156846473029,68.0,2.0,Long Inactive,Medium Value,Low Frequency
CUST2149,0,36,Female,UK,active,1,9,583.1999999999999,583.1999999999999,64.8,3.9,3,16.0,16,16,2025-04-22,2025-04-22,2022-10-10,925,0.031413612565445,9.0,1,1,1,3.0,583.1999999999999,64.8,0.0010799136069114,1038.096,18.914594594594597,0.2918918918918919,3.0,1328.76288,1.0,0.3945945945945946,230.12756756756755,3.5513513513513515,33.66797837837838,2.5342465753424657,0.3945945945945946,18.914594594594597,9914.4,0.0010799136069114,1.1210539956803456,51.0,2.0,Long Inactive,Medium Value,Low Frequency
CUST2150,0,30,Female,UK,active,1,7,1323.28,1323.28,189.04,4.1,5,46.0,46,46,2024-03-21,2024-03-21,2023-03-03,384,0.072463768115942,7.0,1,1,1,5.0,1323.28,189.04,0.0025974025974025,2408.3695999999995,103.38125,0.546875,5.0,3179.047871999999,1.0,0.9505208333333336,1257.8052083333334,6.653645833333334,188.15387499999997,1.0520547945205478,0.9505208333333336,103.38125,62194.16,0.0025974025974025,6.255505454545453,235.0,2.0,Long Inactive,High Value,Low Frequency
CUST2151,0,57,Male,Germany,active,1,5,1547.7,1547.7,309.54,4.2,4,17.0,17,17,2024-12-16,2024-12-16,2021-12-24,1088,0.0268336314847942,5.0,1,1,1,4.0,1547.7,309.54,0.0009182736455463,2847.768,42.67555147058824,0.1378676470588235,4.0,3816.00912,1.0,0.3354779411764705,519.2192095588235,1.6773897058823528,78.52301470588236,2.98082191780822,0.3354779411764705,42.67555147058824,27858.6,0.0009182736455463,2.615030303030303,72.0,2.0,Long Inactive,Very High Value,Low Frequency
CUST2152,0,21,Male,Pakistan,active,1,9,1991.34,1991.34,221.26,4.1,3,2.0,2,2,2025-07-24,2025-07-24,2020-12-20,1677,0.0175746924428822,9.0,1,1,1,3.0,1991.34,221.26,0.000595947556615,3624.2388,35.623255813953485,0.1610017889087656,3.0,4783.995215999999,1.0,0.2176505664877757,433.41627906976737,1.958855098389982,64.83432558139535,4.594520547945206,0.2176505664877757,35.623255813953485,5974.02,0.000595947556615,2.159856257449344,9.0,2.0,At Risk,Very High Value,Low Frequency
CUST2153,0,20,Male,USA,paused,1,8,1882.24,1882.24,235.28,3.5,0,27.0,27,27,2025-08-02,2025-08-02,2023-01-31,914,0.0317796610169491,8.0,1,1,1,0.0,1882.24,235.28,0.0010928961748633,3199.808,61.780306345733045,0.262582056892779,0.0,3839.7696,1.0,0.399343544857768,751.6603938730854,3.194748358862144,105.02652078774618,2.504109589041096,0.399343544857768,61.780306345733045,52702.72,0.0010928961748633,3.497057923497268,0.0,2.0,At Risk,Very High Value,Low Frequency
CUST2154,0,48,Female,Pakistan,active,1,1,1010.74,1010.74,1010.74,4.3,4,39.0,39,39,2025-12-03,2025-12-03,2023-05-31,917,0.0316789862724392,1.0,1,1,1,4.0,1010.74,1010.74,0.0010893246187363,1879.9764,33.06673936750273,0.0327153762268266,4.0,2556.767904,1.0,0.3980370774263904,402.31199563794985,0.3980370774263904,61.50413522355507,2.512328767123288,0.3980370774263904,33.06673936750273,40429.6,0.0010893246187363,2.047904575163398,160.0,2.0,Very Recent,Medium Value,Low Frequency
CUST2155,0,61,Other,Germany,active,1,1,38.46,38.46,38.46,3.9,2,32.0,32,32,2023-06-23,2023-06-23,2023-05-18,36,0.4545454545454545,1.0,1,1,1,2.0,38.46,38.46,0.027027027027027,68.4588,32.050000000000004,0.8333333333333334,2.0,87.627264,1.0,10.13888888888889,389.94166666666666,10.13888888888889,57.049,0.0986301369863013,10.13888888888889,32.050000000000004,1269.18,0.027027027027027,1.850237837837838,66.0,2.0,Long Inactive,Low Value,Low Frequency
CUST2156,0,53,Male,UK,paused,1,6,231.24,231.24,38.54,4.2,5,6.0,6,6,2024-10-26,2024-10-26,2022-11-14,712,0.0404312668463611,6.0,1,1,1,5.0,231.24,38.54,0.0014025245441795,425.4816,9.743258426966293,0.2528089887640449,5.0,570.145344,1.0,0.5126404494382023,118.54297752808988,3.0758426966292136,17.927595505617976,1.9506849315068493,0.5126404494382023,9.743258426966293,1618.68,0.0014025245441795,0.5967483870967742,35.0,2.0,Long Inactive,Low Value,Low Frequency
CUST2157,0,49,Female,USA,paused,1,4,1492.4,1492.4,373.1,3.8,0,45.0,45,45,2023-10-25,2023-10-25,2021-01-24,1004,0.0290135396518375,4.0,1,1,1,0.0,1492.4,373.1,0.0009950248756218,2626.6240000000003,44.59362549800797,0.1195219123505976,0.0,3309.54624,1.0,0.3635458167330677,542.5557768924303,1.454183266932271,78.48478087649403,2.750684931506849,0.3635458167330677,44.59362549800797,68650.40000000001,0.0009950248756218,2.613556218905473,0.0,2.0,Long Inactive,High Value,Low Frequency
CUST2158,0,39,Male,USA,active,1,7,1051.82,1051.82,150.26,4.5,3,18.0,18,18,2025-06-29,2025-06-29,2023-12-08,569,0.0500834724540901,7.0,1,1,1,3.0,1051.82,150.26,0.0017543859649122,1998.458,55.456239015817225,0.3690685413005273,3.0,2797.8412,1.0,0.6414762741652021,674.7175746924429,4.490333919156415,105.36685413005272,1.558904109589041,0.6414762741652021,55.456239015817225,19984.58,0.0017543859649122,3.5060666666666664,57.0,2.0,At Risk,Medium Value,Low Frequency
CUST2159,0,37,Male,Pakistan,active,1,8,1468.08,1468.08,183.51,3.8,3,25.0,25,25,2025-07-26,2025-07-26,2023-08-08,718,0.0401069518716577,8.0,1,1,1,3.0,1468.08,183.51,0.0013908205841446,2583.8208,61.34038997214484,0.3342618384401114,3.0,3255.614208,1.0,0.5083565459610028,746.3080779944289,4.066852367688022,107.95908635097491,1.9671232876712328,0.5083565459610028,61.34038997214484,38170.08,0.0013908205841446,3.5936311543810846,78.0,2.0,At Risk,High Value,Low Frequency
CUST2160,0,42,Female,UK,active,1,3,1046.67,1046.67,348.89,4.1,3,49.0,49,49,2023-11-24,2023-11-24,2021-03-17,982,0.0296442687747035,3.0,1,1,1,3.0,1046.67,348.89000000000004,0.0010172939979654,1904.9394,31.97566191446029,0.0916496945010183,3.0,2514.5200079999995,1.0,0.3716904276985743,389.0372199592669,1.115071283095723,58.19570468431772,2.6904109589041094,0.3716904276985743,31.97566191446029,52333.5,0.0010172939979654,1.937883418107833,150.0,2.0,Long Inactive,Medium Value,Low Frequency
CUST2161,1,27,Female,UK,paused,1,9,1024.29,1024.29,113.81,4.2,4,5.0,5,5,2022-03-06,2022-03-06,2022-02-27,7,0.8108108108108107,9.0,1,1,1,4.0,1024.29,113.81,0.125,1884.6936,4389.814285714286,38.57142857142857,4.0,2525.4894240000003,1.0,52.14285714285714,53409.40714285714,469.2857142857143,8077.258285714286,0.0191780821917808,52.14285714285714,4389.814285714286,6145.74,0.125,235.5867,24.0,2.0,Long Inactive,Medium Value,Low Frequency
CUST2162,1,25,Male,Germany,active,1,6,153.84,153.84,25.64,4.1,1,32.0,32,32,2021-04-15,2021-04-15,2021-02-19,55,0.3529411764705882,6.0,1,1,1,1.0,153.84,25.64,0.0178571428571428,279.9888,83.91272727272728,3.272727272727273,1.0,369.5852159999999,1.0,6.636363636363637,1020.938181818182,39.81818181818182,152.72116363636363,0.1506849315068493,6.636363636363637,83.91272727272728,5076.72,0.0178571428571428,4.9998,33.0,2.0,Long Inactive,Low Value,Low Frequency
CUST2163,0,20,Male,USA,active,1,4,264.32,264.32,66.08,4.2,3,29.0,29,29,2024-08-14,2024-08-14,2021-09-05,1074,0.0271739130434782,4.0,1,1,1,3.0,264.32,66.08,0.0009302325581395,486.3488,7.383240223463687,0.111731843575419,3.0,651.707392,1.0,0.3398510242085661,89.82942271880819,1.3594040968342644,13.585162011173184,2.9424657534246577,0.3398510242085661,7.383240223463687,7929.599999999999,0.0009302325581395,0.452417488372093,90.0,2.0,Long Inactive,Low Value,Low Frequency
CUST2164,0,20,Male,Germany,paused,1,6,1065.6,1065.6,177.6,4.5,2,7.0,7,7,2023-10-26,2023-10-26,2021-10-05,751,0.0384122919334186,6.0,1,1,1,2.0,1065.6,177.6,0.0013297872340425,2024.64,42.56724367509986,0.2396804260985352,2.0,2834.495999999999,1.0,0.4860186418109188,517.9014647137151,2.9161118508655126,80.87776298268973,2.0575342465753423,0.4860186418109188,42.56724367509986,8524.8,0.0013297872340425,2.6923404255319143,16.0,2.0,Long Inactive,High Value,Low Frequency
CUST2165,1,55,Male,UK,active,1,4,1635.48,1635.48,408.87,4.0,5,31.0,31,31,2022-04-21,2022-04-21,2020-02-09,802,0.0360576923076923,4.0,1,1,1,5.0,1635.48,408.87,0.0012453300124533,2943.864,61.177556109725685,0.1496259351620947,5.0,3827.0232,1.0,0.4551122194513715,744.3269326683292,1.820448877805486,110.11960099750624,2.197260273972603,0.4551122194513715,61.177556109725685,52335.36,0.0012453300124533,3.6660821917808217,160.0,2.0,Long Inactive,Very High Value,Low Frequency
CUST2166,0,20,Male,Canada,paused,1,8,691.76,691.76,86.47,4.4,4,13.0,13,13,2023-03-25,2023-03-25,2021-06-02,661,0.0434153400868306,8.0,1,1,1,4.0,691.76,86.47,0.0015105740181268,1300.5088,31.396066565809377,0.3630862329803328,4.0,1794.7021440000003,1.0,0.5521936459909228,381.9854765506808,4.417549167927382,59.02460514372163,1.810958904109589,0.5521936459909228,31.396066565809377,9684.64,0.0015105740181268,1.9645148036253777,56.0,2.0,Long Inactive,Medium Value,Low Frequency
CUST2167,0,60,Female,UK,active,1,2,1231.84,1231.84,615.92,4.0,0,27.0,27,27,2025-08-18,2025-08-18,2022-09-12,1071,0.0272479564032697,2.0,1,1,1,0.0,1231.84,615.92,0.0009328358208955,2217.312,34.50532212885154,0.0560224089635854,0.0,2882.5056,1.0,0.3408029878618114,419.81475256769374,0.6816059757236228,62.10957983193276,2.9342465753424656,0.3408029878618114,34.50532212885154,34491.52,0.0009328358208955,2.0683880597014923,0.0,2.0,At Risk,High Value,Low Frequency
CUST2168,1,46,Female,UK,active,1,2,1324.92,1324.92,662.46,4.0,3,8.0,8,8,2022-12-01,2022-12-01,2020-02-09,1026,0.0284090909090909,2.0,1,1,1,3.0,1324.92,662.46,0.0009737098344693,2384.856,38.74035087719298,0.0584795321637426,3.0,3100.3128000000006,1.0,0.3557504873294346,471.3409356725146,0.7115009746588693,69.73263157894736,2.8109589041095893,0.3557504873294346,38.74035087719298,11924.28,0.0009737098344693,2.3221577409931844,27.0,2.0,Long Inactive,High Value,Low Frequency
CUST2169,0,63,Female,Canada,active,1,3,1470.99,1470.99,490.33,3.9,3,15.0,15,15,2023-12-05,2023-12-05,2020-11-19,1111,0.0262927256792287,3.0,1,1,1,3.0,1470.99,490.33,0.0008992805755395,2618.3622,39.72070207020703,0.081008100810081,3.0,3351.503616,1.0,0.3285328532853285,483.2685418541855,0.9855985598559855,70.7028496849685,3.043835616438356,0.3285328532853285,39.72070207020703,23535.84,0.0008992805755395,2.3546422661870503,48.0,2.0,Long Inactive,High Value,Low Frequency
CUST2170,0,67,Female,UK,paused,1,5,1899.95,1899.95,379.99,4.0,3,4.0,4,4,2024-08-05,2024-08-05,2022-12-26,588,0.0485436893203883,5.0,1,1,1,3.0,1899.95,379.99,0.0016977928692699,3419.9100000000003,96.93622448979592,0.2551020408163265,3.0,4445.883000000001,1.0,0.6207482993197279,1179.390731292517,3.1037414965986394,174.48520408163265,1.610958904109589,0.6207482993197279,96.93622448979592,9499.75,0.0016977928692699,5.806298811544992,15.0,2.0,Long Inactive,Very High Value,Low Frequency
CUST2171,0,60,Male,USA,cancelled,1,6,1562.04,1562.04,260.34,3.8,3,45.0,45,45,2025-11-02,2025-11-02,2023-01-23,1014,0.028735632183908,6.0,1,1,1,3.0,1562.04,260.34,0.0009852216748768,2749.1904,46.21420118343195,0.1775147928994083,3.0,3463.979904,1.0,0.3599605522682446,562.2727810650888,2.159763313609468,81.33699408284025,2.778082191780822,0.3599605522682446,46.21420118343195,71853.84,0.0009852216748768,2.7085619704433497,138.0,2.0,Recent,Very High Value,Low Frequency
CUST2172,1,64,Male,UK,active,1,5,1119.1,1119.1,223.82,4.2,2,35.0,35,35,2022-09-18,2022-09-18,2020-03-10,922,0.0315126050420168,5.0,1,1,1,2.0,1119.1,223.82,0.0010834236186348,2059.144,36.41323210412147,0.1626898047722342,2.0,2759.25296,1.0,0.3958785249457701,443.0276572668112,1.9793926247288505,67.0003470715835,2.526027397260274,0.3958785249457701,36.41323210412147,40287.6,0.0010834236186348,2.2309252437703138,72.0,2.0,Long Inactive,High Value,Low Frequency
CUST2173,1,69,Female,Pakistan,active,1,7,1881.04,1881.04,268.72,4.3,5,21.0,21,21,2021-02-25,2021-02-25,2020-01-09,413,0.0677200902934537,7.0,1,1,1,5.0,1881.04,268.72,0.002415458937198,3498.7344000000003,136.63728813559322,0.5084745762711864,5.0,4758.278784,1.0,0.8837772397094432,1662.4203389830511,6.186440677966102,254.1453559322034,1.1315068493150684,0.8837772397094432,136.63728813559322,41382.880000000005,0.002415458937198,8.451049275362319,110.0,2.0,Long Inactive,Very High Value,Low Frequency
CUST2174,0,26,Male,Pakistan,active,1,8,1142.08,1142.08,142.76,4.2,5,31.0,31,31,2023-11-28,2023-11-28,2022-10-20,404,0.0691244239631336,8.0,1,1,1,5.0,1142.08,142.76,0.0024691358024691,2101.4272,84.8079207920792,0.594059405940594,5.0,2815.9124480000005,1.0,0.9034653465346536,1031.8297029702971,7.227722772277229,156.04657425742576,1.106849315068493,0.9034653465346536,84.8079207920792,36546.56,0.0024691358024691,5.188709135802469,160.0,2.0,Long Inactive,High Value,Low Frequency
CUST2175,1,19,Male,USA,active,1,9,1064.34,1064.34,118.26,4.3,0,35.0,35,35,2022-01-08,2022-01-08,2021-09-14,116,0.2054794520547945,9.0,1,1,1,0.0,1064.34,118.26000000000002,0.0085470085470085,1979.6724,275.26034482758627,2.327586206896552,0.0,2692.354464,1.0,3.1465517241379306,3349.000862068965,28.318965517241377,511.9842413793104,0.3178082191780822,3.1465517241379306,275.26034482758627,38316.240000000005,0.0085470085470085,16.920276923076926,0.0,2.0,Long Inactive,High Value,Low Frequency
CUST2176,1,54,Male,India,cancelled,1,8,1335.36,1335.36,166.92,4.2,1,40.0,40,40,2023-02-01,2023-02-01,2022-11-09,84,0.2631578947368421,8.0,1,1,1,1.0,1335.36,166.92,0.0117647058823529,2457.0624,476.9142857142857,2.857142857142857,1.0,3292.463616,1.0,4.345238095238095,5802.457142857143,34.76190476190476,877.5222857142857,0.2301369863013698,4.345238095238095,476.9142857142857,54749.76,0.0117647058823529,28.906616470588236,41.0,2.0,Long Inactive,High Value,Low Frequency
CUST2177,0,61,Male,USA,active,1,1,1356.12,1356.12,1356.12,4.4,5,49.0,49,49,2025-12-03,2025-12-03,2022-10-28,1132,0.0258175559380378,1.0,1,1,1,5.0,1356.12,1356.12,0.0008826125330979,2549.5056,35.93957597173144,0.0265017667844522,5.0,3518.3177280000004,1.0,0.3224381625441695,437.26484098939926,0.3224381625441695,67.56640282685512,3.1013698630136988,0.3224381625441695,35.93957597173144,67806.0,0.0008826125330979,2.25022559576346,250.0,2.0,Very Recent,High Value,Low Frequency
CUST2178,0,67,Male,India,cancelled,1,6,1972.38,1972.38,328.73,3.8,1,46.0,46,46,2025-08-19,2025-08-19,2022-05-18,1189,0.0246103363412633,6.0,1,1,1,1.0,1972.38,328.73,0.0008403361344537,3471.3888,49.76568544995795,0.1513877207737594,1.0,4373.949888,1.0,0.3069806560134567,605.4825063078217,1.84188393608074,87.58760639192599,3.2575342465753425,0.3069806560134567,49.76568544995795,92701.86,0.0008403361344537,2.9171334453781514,47.0,2.0,At Risk,Very High Value,Low Frequency
CUST2179,0,46,Male,Canada,active,1,9,348.57,348.57,38.73,4.1,1,16.0,16,16,2023-07-21,2023-07-21,2022-09-19,305,0.0895522388059701,9.0,1,1,1,1.0,348.57,38.73,0.0032679738562091,634.3974,34.2855737704918,0.8852459016393444,1.0,837.4045679999998,1.0,1.1967213114754098,417.1411475409836,10.770491803278688,62.39974426229508,0.8356164383561644,1.1967213114754098,34.2855737704918,5925.69,0.0032679738562091,2.0731941176470587,17.0,2.0,Long Inactive,Low Value,Low Frequency
CUST2180,1,68,Male,Germany,paused,1,8,1613.36,1613.36,201.67,3.9,3,17.0,17,17,2021-08-17,2021-08-17,2020-11-15,275,0.0983606557377049,8.0,1,1,1,3.0,1613.36,201.67,0.0036231884057971,2871.7808,176.0029090909091,0.8727272727272728,3.0,3675.879424,1.0,1.3272727272727272,2141.368727272727,10.618181818181816,313.2851781818182,0.7534246575342466,1.3272727272727272,176.0029090909091,29040.48,0.0036231884057971,10.405002898550723,54.0,2.0,Long Inactive,Very High Value,Low Frequency
CUST2181,0,30,Male,Pakistan,cancelled,1,4,33.2,33.2,8.3,4.3,3,6.0,6,6,2023-11-27,2023-11-27,2021-09-29,789,0.0366300366300366,4.0,1,1,1,3.0,33.2,8.3,0.0012658227848101,61.752,1.2623574144486691,0.1520912547528517,3.0,83.98272,1.0,0.4626108998732572,15.358681875792142,1.850443599493029,2.347984790874525,2.1616438356164385,0.4626108998732572,1.2623574144486691,232.40000000000003,0.0012658227848101,0.0781670886075949,21.0,2.0,Long Inactive,Low Value,Low Frequency
CUST2182,0,28,Female,Germany,active,1,9,1175.85,1175.85,130.65,4.4,3,33.0,33,33,2024-03-17,2024-03-17,2022-02-23,753,0.0383141762452107,9.0,1,1,1,3.0,1175.85,130.65,0.0013262599469496,2210.5980000000004,46.84661354581674,0.3585657370517928,3.0,3050.6252400000008,1.0,0.4847277556440902,569.9671314741037,4.362549800796812,88.07163346613547,2.063013698630137,0.4847277556440902,46.84661354581674,39978.9,0.0013262599469496,2.931827586206897,102.0,2.0,Long Inactive,High Value,Low Frequency
CUST2183,0,59,Male,UK,active,1,3,899.4000000000001,899.4000000000001,299.8,3.6,2,18.0,18,18,2023-10-22,2023-10-22,2022-07-14,465,0.0606060606060606,3.0,1,1,1,2.0,899.4000000000001,299.8,0.0021459227467811,1546.968,58.02580645161291,0.1935483870967742,2.0,1887.30096,1.0,0.7849462365591398,705.9806451612905,2.3548387096774195,99.8043870967742,1.273972602739726,0.7849462365591398,58.02580645161291,17088.600000000002,0.0021459227467811,3.3196738197424893,38.0,2.0,Long Inactive,Medium Value,Low Frequency
CUST2184,1,45,Male,Pakistan,cancelled,1,2,643.98,643.98,321.99,3.8,0,26.0,26,26,2022-04-11,2022-04-11,2022-05-30,0,1.0,2.0,1,1,1,0.0,643.98,321.99,1.0,1133.4048,6439.8,20.0,0.0,1428.090048,1.0,365.0,235052.7,730.0,11334.048,0.0,365.0,6439.8,17387.46,1.0,1133.4048,0.0,2.0,Long Inactive,Medium Value,Low Frequency
CUST2185,1,60,Female,Canada,paused,1,2,819.6,819.6,409.8,4.0,3,4.0,4,4,2023-01-02,2023-01-02,2022-08-29,126,0.1923076923076923,2.0,1,1,1,3.0,819.6,409.8,0.0078740157480314,1475.28,195.14285714285717,0.4761904761904761,3.0,1917.864,1.0,2.8968253968253967,2374.238095238095,5.7936507936507935,351.2571428571428,0.3452054794520548,2.8968253968253967,195.14285714285717,4098.0,0.0078740157480314,11.616377952755904,15.0,2.0,Long Inactive,Medium Value,Low Frequency
CUST2186,0,67,Male,Pakistan,paused,1,9,1077.21,1077.21,119.69,4.1,2,30.0,30,30,2023-07-07,2023-07-07,2022-04-10,453,0.062111801242236,9.0,1,1,1,2.0,1077.21,119.69,0.0022026431718061,1960.5222,71.33841059602649,0.5960264900662252,2.0,2587.889304,1.0,0.805739514348786,867.9506622516558,7.251655629139074,129.8359072847682,1.2410958904109588,0.805739514348786,71.33841059602649,33393.51,0.0022026431718061,4.318330837004406,62.0,2.0,Long Inactive,High Value,Low Frequency
CUST2187,0,35,Male,Pakistan,cancelled,1,2,1264.72,1264.72,632.36,4.3,2,39.0,39,39,2023-11-29,2023-11-29,2022-05-07,571,0.0499168053244592,2.0,1,1,1,2.0,1264.72,632.36,0.0017482517482517,2352.3792,66.4476357267951,0.1050788091068301,2.0,3199.235712,1.0,0.63922942206655,808.4462346760071,1.2784588441331,123.59260245183886,1.5643835616438355,0.63922942206655,66.4476357267951,50588.8,0.0017482517482517,4.112551048951048,80.0,2.0,Long Inactive,High Value,Low Frequency
CUST2188,0,62,Male,Germany,cancelled,1,2,665.88,665.88,332.94,4.0,0,15.0,15,15,2023-09-18,2023-09-18,2021-06-21,819,0.0353356890459364,2.0,1,1,1,0.0,665.88,332.94,0.0012195121951219,1198.584,24.39120879120879,0.0732600732600732,0.0,1558.1592,1.0,0.4456654456654457,296.75970695970693,0.8913308913308914,43.90417582417582,2.243835616438356,0.4456654456654457,24.39120879120879,10654.08,0.0012195121951219,1.4616878048780488,0.0,2.0,Long Inactive,Medium Value,Low Frequency
CUST2189,0,22,Male,Canada,active,1,5,1894.9,1894.9,378.98,3.9,3,9.0,9,9,2024-03-11,2024-03-11,2022-05-30,651,0.0440528634361233,5.0,1,1,1,3.0,1894.9,378.98,0.0015337423312883,3372.922,87.3225806451613,0.2304147465437788,3.0,4317.34016,1.0,0.5606758832565285,1062.4247311827958,2.803379416282642,155.4341935483871,1.7835616438356163,0.5606758832565285,87.3225806451613,18949.0,0.0015337423312883,5.173193251533743,30.0,2.0,Long Inactive,Very High Value,Low Frequency
CUST2190,0,31,Male,Pakistan,active,1,3,1805.82,1805.82,601.94,4.4,3,44.0,44,44,2023-06-02,2023-06-02,2022-04-05,423,0.0662251655629139,3.0,1,1,1,3.0,1805.82,601.94,0.0023584905660377,3394.941600000001,128.07234042553193,0.2127659574468085,3.0,4685.019408000001,1.0,0.8628841607565012,1558.213475177305,2.588652482269504,240.77600000000004,1.158904109589041,0.8628841607565012,128.07234042553193,81261.90000000001,0.0023584905660377,8.006937735849057,135.0,2.0,Long Inactive,Very High Value,Low Frequency
CUST2191,0,33,Male,Canada,active,1,8,611.12,611.12,76.39,3.7,1,49.0,49,49,2024-01-25,2024-01-25,2022-09-11,501,0.0564971751412429,8.0,1,1,1,1.0,611.12,76.39,0.0019920318725099,1063.3488,36.59401197604791,0.4790419161676646,1.0,1318.552512,1.0,0.7285429141716566,445.2271457085829,5.828343313373253,63.67358083832335,1.3726027397260274,0.7285429141716566,36.59401197604791,30556.0,0.0019920318725099,2.118224701195219,50.0,2.0,Long Inactive,Medium Value,Low Frequency
CUST2192,1,32,Female,India,cancelled,1,6,1482.18,1482.18,247.03,3.6,2,27.0,27,27,2021-10-07,2021-10-07,2021-06-26,103,0.225563909774436,6.0,1,1,1,2.0,1482.18,247.03,0.0096153846153846,2549.3496,431.7029126213593,1.7475728155339807,2.0,3110.206512,1.0,3.5436893203883493,5252.385436893204,21.262135922330096,742.5290097087379,0.2821917808219178,3.5436893203883493,431.7029126213593,41501.04,0.0096153846153846,24.512976923076923,56.0,2.0,Long Inactive,High Value,Low Frequency
CUST2193,0,50,Female,UK,cancelled,1,4,862.8,862.8,215.7,3.7,5,13.0,13,13,2024-08-01,2024-08-01,2021-10-10,1026,0.0284090909090909,4.0,1,1,1,5.0,862.8,215.7,0.0009737098344693,1501.272,25.228070175438592,0.1169590643274853,5.0,1861.57728,1.0,0.3557504873294346,306.9415204678362,1.4230019493177386,43.896842105263154,2.8109589041095893,0.3557504873294346,25.228070175438592,12079.2,0.0009737098344693,1.4618033106134372,70.0,2.0,Long Inactive,Medium Value,Low Frequency
CUST2194,0,35,Female,UK,active,1,4,1896.6,1896.6,474.15,4.0,3,40.0,40,40,2025-10-08,2025-10-08,2022-02-18,1328,0.0220913107511045,4.0,1,1,1,3.0,1896.6,474.15,0.000752445447705,3413.88,42.84487951807229,0.0903614457831325,3.0,4438.044,1.0,0.2748493975903614,521.2793674698795,1.0993975903614457,77.12078313253012,3.638356164383562,0.2748493975903614,42.84487951807229,77760.59999999999,0.000752445447705,2.5687584650112867,123.0,2.0,Moderate,Very High Value,Low Frequency
CUST2195,1,57,Male,UK,active,1,5,33.2,33.2,6.64,4.2,2,4.0,4,4,2023-02-07,2023-02-07,2021-02-15,722,0.0398936170212766,5.0,1,1,1,2.0,33.2,6.639999999999999,0.0013831258644536,61.088,1.3795013850415512,0.2077562326869806,2.0,81.85792,1.0,0.5055401662049861,16.783933518005536,2.5277008310249305,2.538282548476454,1.978082191780822,0.5055401662049861,1.3795013850415512,165.99999999999997,0.0013831258644536,0.0844923928077455,10.0,2.0,Long Inactive,Low Value,Low Frequency
CUST2196,0,58,Male,UK,paused,1,2,1514.94,1514.94,757.47,3.8,1,21.0,21,21,2024-04-19,2024-04-19,2021-09-18,944,0.0308008213552361,2.0,1,1,1,1.0,1514.94,757.47,0.001058201058201,2666.2944,48.14427966101695,0.0635593220338983,1.0,3359.530944,1.0,0.3866525423728813,585.7554025423728,0.7733050847457626,84.73393220338984,2.5863013698630137,0.3866525423728813,48.14427966101695,33328.68,0.001058201058201,2.821475555555556,22.0,2.0,Long Inactive,Very High Value,Low Frequency
CUST2197,0,31,Other,USA,active,1,5,1921.75,1921.75,384.35,4.2,2,41.0,41,41,2023-06-07,2023-06-07,2022-12-31,158,0.1595744680851064,5.0,1,1,1,2.0,1921.75,384.35,0.0062893081761006,3536.02,364.88924050632914,0.949367088607595,2.0,4738.2668,1.0,2.310126582278481,4439.485759493671,11.550632911392404,671.3962025316456,0.4328767123287671,2.310126582278481,364.88924050632914,80713.5,0.0062893081761006,22.23911949685535,84.0,2.0,Long Inactive,Very High Value,Low Frequency
CUST2198,0,35,Male,UK,active,1,4,1008.76,1008.76,252.19,3.9,5,7.0,7,7,2023-04-19,2023-04-19,2021-09-02,594,0.048076923076923,4.0,1,1,1,5.0,1008.76,252.19,0.0016806722689075,1795.5928,50.94747474747474,0.202020202020202,5.0,2298.358784,1.0,0.6144781144781145,619.8609427609427,2.457912457912458,90.68650505050503,1.6273972602739726,0.6144781144781145,50.94747474747474,8070.08,0.0016806722689075,3.017803025210084,40.0,2.0,Long Inactive,Medium Value,Low Frequency
CUST2199,0,30,Male,USA,active,1,3,1685.97,1685.97,561.99,4.0,4,39.0,39,39,2023-10-31,2023-10-31,2023-03-08,237,0.1123595505617977,3.0,1,1,1,4.0,1685.97,561.99,0.0042016806722689,3034.746,213.4139240506329,0.3797468354430379,4.0,3945.1698,1.0,1.540084388185654,2596.536075949367,4.620253164556962,384.14506329113925,0.6493150684931507,1.540084388185654,213.4139240506329,67438.8,0.0042016806722689,12.751033613445378,160.0,2.0,Long Inactive,Very High Value,Low Frequency
CUST2200,0,69,Male,UK,active,1,3,470.52,470.52,156.84,4.1,5,20.0,20,20,2023-04-11,2023-04-11,2022-01-19,447,0.0628930817610062,3.0,1,1,1,5.0,470.52,156.84,0.0022321428571428,856.3463999999999,31.578523489932884,0.2013422818791946,5.0,1130.3772479999998,1.0,0.8165548098434005,384.2053691275168,2.449664429530201,57.472912751677846,1.2246575342465753,0.8165548098434005,31.578523489932884,9880.92,0.0022321428571428,1.9114875,105.0,2.0,Long Inactive,Low Value,Low Frequency
CUST2201,0,55,Female,UK,active,1,1,948.96,948.96,948.96,4.8,2,25.0,25,25,2023-12-09,2023-12-09,2023-11-03,36,0.4545454545454545,1.0,1,1,1,2.0,948.96,948.96,0.027027027027027,1859.9616,790.8000000000001,0.8333333333333334,2.0,2715.543936,1.0,10.13888888888889,9621.4,10.13888888888889,1549.968,0.0986301369863013,10.13888888888889,790.8000000000001,24672.96,0.027027027027027,50.26923243243244,52.0,2.0,Long Inactive,Medium Value,Low Frequency
CUST2202,1,56,Female,UK,active,1,9,1955.16,1955.16,217.24,4.2,4,36.0,36,36,2021-12-16,2021-12-16,2021-12-01,15,0.6666666666666666,9.0,1,1,1,4.0,1955.16,217.24,0.0625,3597.4944000000005,3910.32,18.0,4.0,4820.642496000001,1.0,24.333333333333336,47575.560000000005,219.0,7194.988800000001,0.0410958904109589,24.333333333333336,3910.32,72340.92,0.0625,224.84340000000003,148.0,2.0,Long Inactive,Very High Value,Low Frequency
CUST2203,0,43,Male,Canada,active,1,6,1184.34,1184.34,197.39,4.1,2,6.0,6,6,2023-08-10,2023-08-10,2021-04-24,838,0.0345622119815668,6.0,1,1,1,2.0,1184.34,197.39,0.00119189511323,2155.4988,42.398806682577565,0.2147971360381861,2.0,2845.258416,1.0,0.4355608591885441,515.8521479713603,2.6133651551312647,77.16582816229116,2.295890410958904,0.4355608591885441,42.398806682577565,8290.38,0.00119189511323,2.569128486293206,14.0,2.0,Long Inactive,High Value,Low Frequency
CUST2204,0,54,Female,USA,active,1,7,694.4699999999999,694.4699999999999,99.21,4.0,1,47.0,47,47,2024-01-03,2024-01-03,2021-07-11,906,0.032051282051282,7.0,1,1,1,1.0,694.4699999999999,99.21,0.0011025358324145,1250.0459999999998,22.995695364238408,0.2317880794701987,1.0,1625.0597999999998,1.0,0.402869757174393,279.78096026490067,2.82008830022075,41.39225165562913,2.4821917808219176,0.402869757174393,22.995695364238408,33334.56,0.0011025358324145,1.3782205071664828,48.0,2.0,Long Inactive,Medium Value,Low Frequency
CUST2205,0,30,Male,USA,active,1,9,1591.7400000000002,1591.7400000000002,176.86,3.9,4,12.0,12,12,2024-02-03,2024-02-03,2022-06-07,606,0.0471698113207547,9.0,1,1,1,4.0,1591.7400000000002,176.86,0.0016474464579901,2833.2972000000004,78.79900990099011,0.4455445544554455,4.0,3626.6204160000007,1.0,0.6023102310231023,958.721287128713,5.420792079207921,140.26223762376242,1.6602739726027398,0.6023102310231023,78.79900990099011,20692.620000000003,0.0016474464579901,4.667705436573312,52.0,2.0,Long Inactive,Very High Value,Low Frequency
CUST2206,0,42,Female,UK,paused,1,5,1298.1999999999998,1298.1999999999998,259.64,4.1,4,20.0,20,20,2024-01-12,2024-01-12,2021-01-21,1086,0.0268817204301075,5.0,1,1,1,4.0,1298.1999999999998,259.64,0.0009199632014719,2362.7239999999997,35.86187845303866,0.1381215469613259,4.0,3118.795679999999,1.0,0.3360957642725598,436.3195211786372,1.6804788213627992,65.26861878453036,2.9753424657534246,0.3360957642725598,35.86187845303866,27262.2,0.0009199632014719,2.1736191352345897,84.0,2.0,Long Inactive,High Value,Low Frequency
CUST2207,0,38,Male,India,active,1,3,1745.79,1745.79,581.93,4.3,4,23.0,23,23,2023-12-27,2023-12-27,2023-10-05,83,0.2654867256637168,3.0,1,1,1,4.0,1745.79,581.93,0.0119047619047619,3247.1694,631.0084337349398,1.0843373493975903,4.0,4416.150384,1.0,4.397590361445783,7677.269277108433,13.192771084337348,1173.6756867469878,0.2273972602739726,4.397590361445783,631.0084337349398,41898.96,0.0119047619047619,38.65677857142857,96.0,2.0,Long Inactive,Very High Value,Low Frequency
CUST2208,1,48,Female,Pakistan,active,1,1,297.19,297.19,297.19,4.1,0,27.0,27,27,2022-11-28,2022-11-28,2021-12-22,341,0.0808625336927223,1.0,1,1,1,0.0,297.19,297.19,0.0029239766081871,540.8857999999999,26.14574780058651,0.0879765395894428,0.0,713.9692559999997,1.0,1.0703812316715542,318.1065982404692,1.0703812316715542,47.58526099706744,0.9342465753424658,1.0703812316715542,26.14574780058651,8321.32,0.0029239766081871,1.5815374269005844,0.0,2.0,Long Inactive,Low Value,Low Frequency
CUST2209,0,67,Male,Canada,cancelled,1,2,699.48,699.48,349.74,4.2,1,5.0,5,5,2025-09-05,2025-09-05,2022-05-21,1203,0.024330900243309,2.0,1,1,1,1.0,699.48,349.74,0.0008305647840531,1287.0432,17.443391521197007,0.0498753117206982,1.0,1724.6378880000002,1.0,0.3034081463009144,212.2279301745636,0.6068162926018288,32.0958403990025,3.295890410958904,0.3034081463009144,17.443391521197007,4196.88,0.0008305647840531,1.0689727574750831,6.0,2.0,At Risk,Medium Value,Low Frequency
CUST2210,0,29,Male,India,cancelled,1,1,603.4,603.4,603.4,3.9,3,19.0,19,19,2025-03-22,2025-03-22,2020-10-31,1603,0.0183710961420698,1.0,1,1,1,3.0,603.4,603.4,0.0006234413965087,1074.052,11.292576419213974,0.0187149095446038,3.0,1374.78656,1.0,0.2276980661260137,137.39301310043666,0.2276980661260137,20.100786026200872,4.391780821917808,0.2276980661260137,11.292576419213974,12068.0,0.0006234413965087,0.6696084788029925,60.0,2.0,Long Inactive,Medium Value,Low Frequency
CUST2211,1,18,Male,Germany,active,1,4,354.0,354.0,88.5,3.7,3,28.0,28,28,2022-10-22,2022-10-22,2021-06-19,490,0.0576923076923076,4.0,1,1,1,3.0,354.0,88.5,0.0020366598778004,615.96,21.673469387755105,0.2448979591836735,3.0,763.7904000000001,1.0,0.7448979591836734,263.6938775510204,2.9795918367346936,37.71183673469388,1.3424657534246576,0.7448979591836734,21.673469387755105,10266.0,0.0020366598778004,1.2545010183299388,87.0,2.0,Long Inactive,Low Value,Low Frequency
CUST2212,0,28,Female,UK,active,1,8,1154.72,1154.72,144.34,4.1,0,36.0,36,36,2024-11-05,2024-11-05,2022-12-09,697,0.0412654745529573,8.0,1,1,1,0.0,1154.72,144.34,0.0014326647564469,2101.5904,49.70100430416069,0.3443328550932568,0.0,2774.099328,1.0,0.5236728837876614,604.6955523672884,4.189383070301291,90.45582783357246,1.9095890410958904,0.5236728837876614,49.70100430416069,42724.64,0.0014326647564469,3.0108744985673352,0.0,2.0,Long Inactive,High Value,Low Frequency
CUST2213,0,57,Male,India,active,1,2,1855.4,1855.4,927.7,4.0,4,23.0,23,23,2024-01-20,2024-01-20,2022-04-03,657,0.0436681222707423,2.0,1,1,1,4.0,1855.4,927.7,0.0015197568389057,3339.7200000000003,84.72146118721462,0.091324200913242,4.0,4341.636,1.0,0.5555555555555556,1030.7777777777778,1.1111111111111112,152.49863013698632,1.8,0.5555555555555556,84.72146118721462,44529.600000000006,0.0015197568389057,5.075562310030396,96.0,2.0,Long Inactive,Very High Value,Low Frequency
CUST2214,0,40,Male,UK,paused,1,8,29.12,29.12,3.64,3.8,4,44.0,44,44,2023-05-20,2023-05-20,2022-09-04,258,0.1041666666666666,8.0,1,1,1,4.0,29.12,3.64,0.0038610038610038,51.2512,3.386046511627907,0.9302325581395348,4.0,64.57651200000001,1.0,1.4147286821705427,41.1968992248062,11.317829457364342,5.959441860465117,0.7068493150684931,1.4147286821705427,3.386046511627907,1310.4,0.0038610038610038,0.1978810810810811,180.0,2.0,Long Inactive,Low Value,Low Frequency
CUST2215,0,62,Male,USA,cancelled,1,4,395.36,395.36,98.84,4.2,0,20.0,20,20,2023-05-12,2023-05-12,2021-01-05,857,0.0338218714768883,4.0,1,1,1,0.0,395.36,98.84,0.0011655011655011,727.4624,13.83990665110852,0.1400233372228704,0.0,974.799616,1.0,0.4259043173862311,168.38553092182033,1.7036172695449243,25.465428238039674,2.347945205479452,0.4259043173862311,13.83990665110852,8302.56,0.0011655011655011,0.847858275058275,0.0,2.0,Long Inactive,Low Value,Low Frequency
CUST2216,0,29,Male,USA,active,1,9,1096.29,1096.29,121.81,4.6,0,42.0,42,42,2023-07-02,2023-07-02,2021-12-01,578,0.0493421052631578,9.0,1,1,1,0.0,1096.29,121.81,0.001727115716753,2104.8768,56.90086505190312,0.4671280276816609,0.0,2988.925056,1.0,0.6314878892733564,692.2938581314879,5.683391003460208,109.249660899654,1.5835616438356164,0.6314878892733564,56.90086505190312,47140.47,0.001727115716753,3.635365803108808,0.0,2.0,Long Inactive,High Value,Low Frequency
CUST2217,0,50,Male,UK,active,1,3,613.92,613.92,204.64,4.1,0,5.0,5,5,2024-11-15,2024-11-15,2021-08-02,1201,0.0243704305442729,3.0,1,1,1,0.0,613.92,204.64,0.0008319467554076,1117.3343999999995,15.335220649458783,0.0749375520399667,0.0,1474.8814079999995,1.0,0.3039134054954205,186.5785179017485,0.9117402164862616,27.91010158201498,3.290410958904109,0.3039134054954205,15.335220649458783,3683.52,0.0008319467554076,0.9295627287853576,0.0,2.0,Long Inactive,Medium Value,Low Frequency
CUST2218,0,41,Female,USA,active,1,9,1515.15,1515.15,168.35,3.3,0,29.0,29,29,2024-11-20,2024-11-20,2023-01-06,684,0.042016806722689,9.0,1,1,1,0.0,1515.15,168.35,0.0014598540145985,2515.1489999999994,66.45394736842104,0.3947368421052631,0.0,2917.57284,1.0,0.533625730994152,808.5230263157894,4.802631578947368,110.31355263157891,1.873972602739726,0.533625730994152,66.45394736842104,45454.49999999999,0.0014598540145985,3.6717503649635024,0.0,2.0,Long Inactive,Very High Value,Low Frequency
CUST2219,1,64,Female,USA,paused,1,5,1202.55,1202.55,240.51,4.2,4,44.0,44,44,2022-04-05,2022-04-05,2021-11-07,149,0.1675977653631284,5.0,1,1,1,4.0,1202.55,240.51,0.0066666666666666,2212.692,242.1241610738255,1.006711409395973,4.0,2965.0072800000003,1.0,2.449664429530201,2945.843959731544,12.248322147651008,445.5084563758389,0.4082191780821917,2.449664429530201,242.1241610738255,54114.75,0.0066666666666666,14.75128,180.0,2.0,Long Inactive,High Value,Low Frequency
CUST2220,0,39,Female,Germany,active,1,6,81.30000000000001,81.30000000000001,13.55,4.3,1,6.0,6,6,2025-02-01,2025-02-01,2021-02-04,1458,0.0201612903225806,6.0,1,1,1,1.0,81.30000000000001,13.550000000000002,0.0006854009595613,151.21800000000002,1.6728395061728396,0.1234567901234567,1.0,205.65648,1.0,0.2503429355281207,20.352880658436217,1.5020576131687244,3.1114814814814817,3.994520547945205,0.2503429355281207,1.6728395061728396,569.1000000000001,0.0006854009595613,0.1036449623029472,7.0,2.0,Long Inactive,Low Value,Low Frequency
CUST2221,0,53,Male,Pakistan,active,1,3,1057.56,1057.56,352.52,4.3,1,15.0,15,15,2023-04-28,2023-04-28,2022-07-11,291,0.0934579439252336,3.0,1,1,1,1.0,1057.56,352.52,0.0034246575342465,1967.0616,109.02680412371134,0.3092783505154639,1.0,2675.2037759999994,1.0,1.254295532646048,1326.4927835051546,3.7628865979381447,202.7898556701031,0.7972602739726027,1.254295532646048,109.02680412371134,16920.96,0.0034246575342465,6.736512328767122,16.0,2.0,Long Inactive,High Value,Low Frequency
CUST2222,1,45,Male,Canada,cancelled,1,3,1921.68,1921.68,640.56,4.3,1,38.0,38,38,2022-08-29,2022-08-29,2021-10-04,329,0.0835654596100278,3.0,1,1,1,1.0,1921.68,640.56,0.003030303030303,3574.3247999999994,175.22917933130697,0.2735562310030395,1.0,4861.081727999999,1.0,1.109422492401216,2131.955015197568,3.328267477203648,325.92627355623097,0.9013698630136986,1.109422492401216,175.22917933130697,74945.51999999999,0.003030303030303,10.831287272727272,39.0,2.0,Long Inactive,Very High Value,Low Frequency
CUST2223,0,60,Other,Pakistan,active,1,3,638.8499999999999,638.8499999999999,212.95,4.7,0,22.0,22,22,2024-03-23,2024-03-23,2021-04-12,1076,0.0271247739602169,3.0,1,1,1,0.0,638.8499999999999,212.95,0.000928505106778,1239.3689999999997,17.81180297397769,0.0836431226765799,0.0,1784.6913599999996,1.0,0.3392193308550186,216.7102695167286,1.0176579925650555,34.55489776951672,2.947945205479452,0.3392193308550186,17.81180297397769,14693.549999999996,0.000928505106778,1.150760445682451,0.0,2.0,Long Inactive,Medium Value,Low Frequency
CUST2224,0,29,Female,Germany,active,1,7,1131.48,1131.48,161.64,4.4,3,12.0,12,12,2023-07-10,2023-07-10,2020-09-20,1023,0.0284900284900284,7.0,1,1,1,3.0,1131.48,161.64,0.0009765625,2127.1824,33.18123167155425,0.2052785923753665,3.0,2935.5117120000004,1.0,0.3567937438905181,403.7049853372434,2.4975562072336266,62.380715542522,2.802739726027397,0.3567937438905181,33.18123167155425,14709.24,0.0009765625,2.0773265625,39.0,2.0,Long Inactive,High Value,Low Frequency
CUST2225,0,36,Female,Pakistan,active,1,9,1303.02,1303.02,144.78,3.9,0,13.0,13,13,2024-11-26,2024-11-26,2023-08-07,477,0.0591715976331361,9.0,1,1,1,0.0,1303.02,144.78,0.002092050209205,2319.3756,81.9509433962264,0.5660377358490566,0.0,2968.800768,1.0,0.7651991614255764,997.0698113207546,6.886792452830188,145.872679245283,1.3068493150684932,0.7651991614255764,81.9509433962264,18242.28,0.002092050209205,4.85225020920502,0.0,2.0,Long Inactive,High Value,Low Frequency
CUST2226,0,25,Female,Germany,active,1,8,1779.52,1779.52,222.44,4.7,5,31.0,31,31,2024-12-01,2024-12-01,2023-03-24,618,0.0462962962962962,8.0,1,1,1,5.0,1779.52,222.44,0.0016155088852988,3452.2688,86.38446601941747,0.3883495145631068,5.0,4971.267072,1.0,0.5906148867313916,1051.011003236246,4.724919093851133,167.5858640776699,1.6931506849315068,0.5906148867313916,86.38446601941747,56944.64,0.0016155088852988,5.577170920840064,160.0,2.0,Long Inactive,Very High Value,Low Frequency
CUST2227,1,52,Male,India,active,1,7,207.83,207.83,29.69,4.1,3,48.0,48,48,2022-12-30,2022-12-30,2022-05-18,226,0.1171875,7.0,1,1,1,3.0,207.83,29.69,0.0044052863436123,378.2506,27.58805309734513,0.9292035398230089,3.0,499.2907919999999,1.0,1.6150442477876106,335.6546460176991,11.305309734513274,50.210256637168136,0.6191780821917808,1.6150442477876106,27.58805309734513,10183.67,0.0044052863436123,1.6663022026431715,147.0,2.0,Long Inactive,Low Value,Low Frequency
CUST2228,0,60,Other,Germany,active,1,8,809.28,809.28,101.16,3.8,0,35.0,35,35,2025-03-14,2025-03-14,2023-07-04,619,0.0462249614791987,8.0,1,1,1,0.0,809.28,101.16,0.0016129032258064,1424.3328,39.221970920840064,0.3877221324717286,0.0,1794.659328,1.0,0.5896607431340872,477.2006462035541,4.717285945072698,69.03066882067851,1.695890410958904,0.5896607431340872,39.221970920840064,29134.08,0.0016129032258064,2.2973109677419354,0.0,2.0,Long Inactive,Medium Value,Low Frequency
CUST2229,0,53,Female,UK,active,1,6,1005.06,1005.06,167.51,4.4,5,32.0,32,32,2024-02-23,2024-02-23,2022-10-08,503,0.0562851782363977,6.0,1,1,1,5.0,1005.06,167.51,0.0019841269841269,1889.5128,59.94393638170974,0.3578528827037773,5.0,2607.527664,1.0,0.7256461232604374,729.3178926441351,4.353876739562624,112.69460039761432,1.378082191780822,0.7256461232604374,59.94393638170974,33166.98,0.0019841269841269,3.749033333333333,165.0,2.0,Long Inactive,Medium Value,Low Frequency
CUST2230,0,46,Female,India,cancelled,1,3,324.15,324.15,108.05,4.3,5,48.0,48,48,2023-11-25,2023-11-25,2021-05-20,919,0.0316122233930453,3.0,1,1,1,5.0,324.15,108.05,0.0010869565217391,602.9189999999999,10.581610446137104,0.0979325353645266,5.0,819.9698399999997,1.0,0.397170837867247,128.7429270946681,1.1915125136017408,19.68179542981501,2.5178082191780824,0.397170837867247,10.581610446137104,15883.35,0.0010869565217391,0.6553467391304346,245.0,2.0,Long Inactive,Low Value,Low Frequency
CUST2231,0,40,Female,Pakistan,paused,1,6,1994.58,1994.58,332.43,3.4,0,38.0,38,38,2025-07-23,2025-07-23,2021-06-02,1512,0.0194552529182879,6.0,1,1,1,0.0,1994.58,332.43,0.0006609385327164,3350.8944,39.575,0.119047619047619,0.0,3954.0553919999993,1.0,0.2414021164021164,481.4958333333333,1.4484126984126984,66.48599999999999,4.142465753424657,0.2414021164021164,39.575,77788.62,0.0006609385327164,2.2147352280237933,0.0,2.0,At Risk,Very High Value,Low Frequency
CUST2232,1,50,Female,India,active,1,2,1361.28,1361.28,680.64,4.2,0,5.0,5,5,2020-12-22,2020-12-22,2020-12-12,10,0.75,2.0,1,1,1,0.0,1361.28,680.64,0.0909090909090909,2504.7552,4083.84,6.0,0.0,3356.3719680000004,1.0,36.5,49686.72,73.0,7514.265600000001,0.0273972602739726,36.5,4083.84,8167.68,0.0909090909090909,227.7050181818182,0.0,2.0,Long Inactive,High Value,Low Frequency
CUST2233,0,67,Female,Canada,active,1,7,1785.5600000000002,1785.5600000000002,255.08,3.7,3,36.0,36,36,2023-11-28,2023-11-28,2020-10-19,1135,0.0257510729613733,7.0,1,1,1,3.0,1785.5600000000002,255.08,0.0008802816901408,3106.8744,47.19541850220264,0.185022026431718,3.0,3852.524256,1.0,0.3215859030837004,574.2109251101322,2.251101321585903,82.1200281938326,3.1095890410958904,0.3215859030837004,47.19541850220264,66065.72,0.0008802816901408,2.734924647887324,111.0,2.0,Long Inactive,Very High Value,Low Frequency
CUST2234,1,34,Female,Germany,active,1,7,804.23,804.23,114.89,4.3,5,27.0,27,27,2021-07-20,2021-07-20,2020-08-20,334,0.0824175824175824,7.0,1,1,1,5.0,804.23,114.89,0.0029850746268656,1495.8678,72.23622754491018,0.62874251497006,5.0,2034.380208,1.0,1.092814371257485,878.8741017964072,7.649700598802395,134.35938323353295,0.915068493150685,1.092814371257485,72.23622754491018,22518.44,0.0029850746268656,4.465277014925373,140.0,2.0,Long Inactive,Medium Value,Low Frequency
CUST2235,0,44,Female,Germany,active,1,6,1155.6,1155.6,192.6,4.3,1,17.0,17,17,2024-03-25,2024-03-25,2022-09-09,563,0.0505902192242833,6.0,1,1,1,1.0,1155.6,192.6,0.00177304964539,2149.416,61.57726465364121,0.3197158081705151,1.0,2923.2057599999994,1.0,0.6483126110124334,749.190053285968,3.8898756660746,114.53371225577264,1.5424657534246575,0.6483126110124334,61.57726465364121,20800.8,0.00177304964539,3.811021276595744,18.0,2.0,Long Inactive,High Value,Low Frequency
CUST2236,0,63,Female,India,cancelled,1,3,416.82,416.82,138.94,4.4,1,27.0,27,27,2024-05-05,2024-05-05,2021-07-19,1021,0.0285442435775451,3.0,1,1,1,1.0,416.82,138.94,0.0009784735812133,783.6216000000001,12.247404505386877,0.0881488736532811,1.0,1081.3978080000002,1.0,0.3574926542605289,149.01008814887365,1.0724779627815866,23.02512047012733,2.797260273972603,0.3574926542605289,12.247404505386877,11670.96,0.0009784735812133,0.7667530332681017,28.0,2.0,Long Inactive,Low Value,Low Frequency
CUST2237,0,49,Female,Germany,active,1,1,1427.64,1427.64,1427.64,4.1,4,7.0,7,7,2025-01-31,2025-01-31,2021-09-03,1246,0.0235109717868338,1.0,1,1,1,4.0,1427.64,1427.64,0.0008019246190858,2598.3048,34.37335473515249,0.0240770465489566,4.0,3429.762336,1.0,0.2929373996789727,418.2091492776887,0.2929373996789727,62.55950561797753,3.4136986301369863,0.2929373996789727,34.37335473515249,11421.12,0.0008019246190858,2.083644587008821,32.0,2.0,Long Inactive,High Value,Low Frequency
CUST2238,0,51,Female,Pakistan,paused,1,7,174.92999999999998,174.92999999999998,24.99,4.0,4,18.0,18,18,2024-05-19,2024-05-19,2022-12-22,514,0.0551470588235294,7.0,1,1,1,4.0,174.92999999999998,24.99,0.0019417475728155,314.874,10.209922178988323,0.4085603112840467,4.0,409.3362,1.0,0.7101167315175098,124.22071984435796,4.970817120622568,18.37785992217899,1.4082191780821918,0.7101167315175098,10.209922178988323,3323.67,0.0019417475728155,0.6114058252427184,76.0,2.0,Long Inactive,Low Value,Low Frequency
CUST2239,0,29,Male,India,active,1,3,184.92,184.92,61.64,4.4,5,28.0,28,28,2023-11-25,2023-11-25,2023-07-18,130,0.1875,3.0,1,1,1,5.0,184.92,61.64000000000001,0.0076335877862595,347.6496000000001,42.67384615384616,0.6923076923076924,5.0,479.75644800000015,1.0,2.807692307692308,519.1984615384616,8.423076923076923,80.22683076923079,0.3561643835616438,2.807692307692308,42.67384615384616,5362.68,0.0076335877862595,2.653813740458016,145.0,2.0,Long Inactive,Low Value,Low Frequency
CUST2240,0,44,Male,Germany,active,1,2,1074.12,1074.12,537.06,3.8,1,39.0,39,39,2024-06-06,2024-06-06,2022-02-08,849,0.0341296928327645,2.0,1,1,1,1.0,1074.12,537.06,0.0011764705882352,1890.4512,37.9547703180212,0.0706713780918728,1.0,2381.968512,1.0,0.4299175500588928,461.783038869258,0.8598351001177856,66.8003957597173,2.326027397260274,0.4299175500588928,37.9547703180212,42964.8,0.0011764705882352,2.224060235294117,40.0,2.0,Long Inactive,High Value,Low Frequency
CUST2241,1,55,Female,Germany,active,1,4,848.32,848.32,212.08,4.3,0,16.0,16,16,2022-01-10,2022-01-10,2021-03-03,313,0.0874635568513119,4.0,1,1,1,0.0,848.32,212.08,0.0031847133757961,1577.8752,81.30862619808308,0.3833865814696485,0.0,2145.910272,1.0,1.1661341853035143,989.2549520766772,4.664536741214057,151.2340447284345,0.8575342465753425,1.1661341853035143,81.30862619808308,14421.44,0.0031847133757961,5.025080254777071,0.0,2.0,Long Inactive,Medium Value,Low Frequency
CUST2242,0,41,Female,Pakistan,active,1,4,974.32,974.32,243.58,3.8,4,14.0,14,14,2025-07-03,2025-07-03,2023-02-18,866,0.0334821428571428,4.0,1,1,1,4.0,974.32,243.58,0.0011534025374855,1714.8032,33.75242494226328,0.138568129330254,4.0,2160.652032,1.0,0.4214780600461894,410.6545034642033,1.6859122401847575,59.404267898383374,2.372602739726027,0.4214780600461894,33.75242494226328,14614.8,0.0011534025374855,1.977858362168397,60.0,2.0,At Risk,Medium Value,Low Frequency
CUST2243,0,26,Female,UK,active,1,2,1984.8,1984.8,992.4,2.3,3,10.0,10,10,2024-01-05,2024-01-05,2022-11-10,421,0.0665188470066518,2.0,1,1,1,3.0,1984.8,992.4,0.0023696682464454,2897.808,141.43467933491686,0.1425178147268408,3.0,2781.89568,1.0,0.8669833729216152,1720.7885985748217,1.7339667458432304,206.4946318289786,1.1534246575342466,0.8669833729216152,141.43467933491686,21832.8,0.0023696682464454,6.866843601895735,33.0,2.0,Long Inactive,Very High Value,Low Frequency
CUST2244,0,18,Male,Germany,active,1,1,610.13,610.13,610.13,4.5,5,20.0,20,20,2024-01-10,2024-01-10,2021-06-16,938,0.03099173553719,1.0,1,1,1,5.0,610.13,610.13,0.0010649627263045,1159.2469999999998,19.513752665245203,0.0319829424307036,5.0,1622.9457999999995,1.0,0.3891257995735608,237.41732409381663,0.3891257995735608,37.07613006396589,2.56986301369863,0.3891257995735608,19.513752665245203,12812.73,0.0010649627263045,1.2345548455804047,105.0,2.0,Long Inactive,Medium Value,Low Frequency
CUST2245,0,55,Female,Canada,active,1,9,553.59,553.59,61.51,4.0,3,7.0,7,7,2023-09-16,2023-09-16,2020-11-13,1037,0.0281162136832239,9.0,1,1,1,3.0,553.59,61.510000000000005,0.0009633911368015,996.462,16.01513982642237,0.2603664416586306,3.0,1295.4006000000002,1.0,0.351976856316297,194.85086788813888,3.167791706846673,28.82725168756027,2.841095890410959,0.351976856316297,16.01513982642237,4428.72,0.0009633911368015,0.9599826589595376,24.0,2.0,Long Inactive,Medium Value,Low Frequency
CUST2246,0,36,Female,Germany,cancelled,1,2,1399.52,1399.52,699.76,3.7,3,28.0,28,28,2024-08-14,2024-08-14,2022-09-29,685,0.0419580419580419,2.0,1,1,1,3.0,1399.52,699.76,0.0014577259475218,2435.1648,61.29284671532847,0.0875912408759124,3.0,3019.604352,1.0,0.5328467153284672,745.7296350364963,1.0656934306569343,106.64955328467154,1.8767123287671232,0.5328467153284672,61.29284671532847,40586.08,0.0014577259475218,3.549802915451895,87.0,2.0,Long Inactive,High Value,Low Frequency
CUST2247,0,60,Male,India,active,1,1,1111.66,1111.66,1111.66,4.0,0,8.0,8,8,2025-07-05,2025-07-05,2021-01-18,1629,0.0180831826401446,1.0,1,1,1,0.0,1111.66,1111.66,0.0006134969325153,2000.9880000000005,20.47255985267035,0.0184162062615101,0.0,2601.2844000000005,1.0,0.2240638428483732,249.0828115408226,0.2240638428483732,36.85060773480664,4.463013698630137,0.2240638428483732,20.47255985267035,10004.94,0.0006134969325153,1.2276000000000002,0.0,2.0,At Risk,High Value,Low Frequency
CUST2248,0,46,Male,India,active,1,9,394.11,394.11,43.79,4.4,3,5.0,5,5,2025-03-16,2025-03-16,2023-04-13,703,0.0409276944065484,9.0,1,1,1,3.0,394.11,43.79,0.0014204545454545,740.9268000000001,16.818349928876245,0.3840682788051209,3.0,1022.4789840000002,1.0,0.519203413940256,204.6232574679943,4.672830725462305,31.618497866287345,1.926027397260274,0.519203413940256,16.818349928876245,2364.66,0.0014204545454545,1.052452840909091,18.0,2.0,Long Inactive,Low Value,Low Frequency
CUST2249,1,49,Male,Germany,cancelled,1,6,162.12,162.12,27.02,4.1,4,35.0,35,35,2023-02-08,2023-02-08,2022-08-02,190,0.1363636363636363,6.0,1,1,1,4.0,162.12,27.02,0.0052356020942408,295.0584,25.597894736842107,0.9473684210526316,4.0,389.477088,1.0,1.921052631578948,311.441052631579,11.526315789473683,46.58816842105264,0.5205479452054794,1.921052631578948,25.597894736842107,5836.32,0.0052356020942408,1.544808376963351,144.0,2.0,Long Inactive,Low Value,Low Frequency
CUST2250,0,48,Male,UK,active,1,4,499.12,499.12,124.78,4.4,1,10.0,10,10,2023-05-07,2023-05-07,2021-12-11,512,0.055350553505535,4.0,1,1,1,1.0,499.12,124.78,0.0019493177387914,938.3456,29.2453125,0.234375,1.0,1294.9169280000003,1.0,0.712890625,355.81796875,2.8515625,54.9811875,1.4027397260273973,0.712890625,29.2453125,5490.32,0.0019493177387914,1.8291337231968807,11.0,2.0,Long Inactive,Low Value,Low Frequency
CUST2251,1,58,Female,USA,cancelled,1,6,1014.18,1014.18,169.03,3.1,4,44.0,44,44,2021-07-19,2021-07-19,2020-06-09,405,0.0689655172413793,6.0,1,1,1,4.0,1014.18,169.03,0.0024630541871921,1642.9716000000003,75.12444444444445,0.4444444444444444,4.0,1840.1281920000008,1.0,0.9012345679012346,914.0140740740742,5.407407407407407,121.70160000000004,1.1095890410958904,0.9012345679012346,75.12444444444445,45638.100000000006,0.0024630541871921,4.046728078817734,180.0,2.0,Long Inactive,Medium Value,Low Frequency
CUST2252,0,26,Male,Canada,active,1,2,266.92,266.92,133.46,4.3,1,39.0,39,39,2024-02-22,2024-02-22,2021-05-07,1021,0.0285442435775451,2.0,1,1,1,1.0,266.92,133.46,0.0009784735812133,496.4712,7.842899118511264,0.058765915768854,1.0,675.200832,1.0,0.3574926542605289,95.42193927522035,0.7149853085210578,14.587792360430951,2.797260273972603,0.3574926542605289,7.842899118511264,10676.8,0.0009784735812133,0.4857839530332681,40.0,2.0,Long Inactive,Low Value,Low Frequency
CUST2253,0,42,Female,Pakistan,active,1,8,38.96,38.96,4.87,4.4,2,19.0,19,19,2023-09-07,2023-09-07,2021-10-08,699,0.0411522633744856,8.0,1,1,1,2.0,38.96,4.87,0.0014285714285714,73.24480000000001,1.6721030042918454,0.3433476394849785,2.0,101.07782400000002,1.0,0.5221745350500715,20.343919885550783,4.177396280400572,3.14355364806867,1.915068493150685,0.5221745350500715,1.6721030042918454,779.2,0.0014285714285714,0.1046354285714285,40.0,2.0,Long Inactive,Low Value,Low Frequency
CUST2254,1,54,Female,Canada,paused,1,1,526.33,526.33,526.33,4.4,4,33.0,33,33,2021-10-16,2021-10-16,2021-10-14,2,0.9375,1.0,1,1,1,4.0,526.33,526.33,0.3333333333333333,989.5004,5263.3,10.0,4.0,1365.5105520000002,1.0,182.5,96055.225,182.5,9895.004,0.0054794520547945,182.5,5263.3,17895.22,0.3333333333333333,329.8334666666667,136.0,2.0,Long Inactive,Low Value,Low Frequency
CUST2255,1,51,Female,India,cancelled,1,3,1964.49,1964.49,654.83,4.1,2,19.0,19,19,2022-11-09,2022-11-09,2021-10-05,400,0.0697674418604651,3.0,1,1,1,2.0,1964.49,654.83,0.0024937655860349,3575.3718,147.33675000000002,0.2249999999999999,2.0,4719.490776,1.0,0.9125,1792.5971250000002,2.7375000000000003,268.152885,1.095890410958904,0.9125,147.33675000000002,39289.8,0.0024937655860349,8.916139152119701,40.0,2.0,Long Inactive,Very High Value,Low Frequency
CUST2256,1,28,Female,Germany,active,1,3,984.45,984.45,328.15,4.1,0,39.0,39,39,2022-03-12,2022-03-12,2021-09-23,170,0.15,3.0,1,1,1,0.0,984.45,328.15,0.0058479532163742,1791.6989999999996,173.7264705882353,0.5294117647058824,0.0,2365.042679999999,1.0,2.147058823529412,2113.6720588235294,6.441176470588236,316.18217647058816,0.4657534246575342,2.147058823529412,173.7264705882353,39378.0,0.0058479532163742,10.47777192982456,0.0,2.0,Long Inactive,Medium Value,Low Frequency
CUST2257,0,56,Male,Canada,cancelled,1,4,424.44,424.44,106.11,4.0,2,6.0,6,6,2023-12-17,2023-12-17,2020-12-09,1103,0.0264783759929391,4.0,1,1,1,2.0,424.44,106.11,0.0009057971014492,763.992,11.5441523118767,0.1087941976427923,2.0,993.1896,1.0,0.3309156844968268,140.45385312783318,1.3236627379873074,20.779474161378054,3.021917808219178,0.3309156844968268,11.5441523118767,2971.08,0.0009057971014492,0.6920217391304347,14.0,2.0,Long Inactive,Low Value,Low Frequency
CUST2258,0,46,Male,Canada,active,1,3,306.42,306.42,102.14,3.6,3,17.0,17,17,2024-09-24,2024-09-24,2021-09-20,1100,0.0265486725663716,3.0,1,1,1,3.0,306.42,102.14,0.0009082652134423,527.0424,8.356909090909092,0.0818181818181818,3.0,642.9917280000001,1.0,0.3318181818181818,101.67572727272729,0.9954545454545456,14.373883636363638,3.0136986301369864,0.3318181818181818,8.356909090909092,5515.56,0.0009082652134423,0.4786942779291553,54.0,2.0,Long Inactive,Low Value,Low Frequency
CUST2259,1,39,Male,Germany,active,1,7,1358.91,1358.91,194.13,3.9,0,39.0,39,39,2021-03-27,2021-03-27,2020-10-20,158,0.1595744680851064,7.0,1,1,1,0.0,1358.91,194.13,0.0062893081761006,2418.8598,258.02088607594936,1.3291139240506329,0.0,3096.140544,1.0,2.310126582278481,3139.25411392405,16.17088607594937,459.27717721518985,0.4328767123287671,2.310126582278481,258.02088607594936,54356.4,0.0062893081761006,15.21295471698113,0.0,2.0,Long Inactive,High Value,Low Frequency
CUST2260,0,50,Male,Germany,active,1,6,1161.9,1161.9,193.65,3.9,5,4.0,4,4,2023-11-09,2023-11-09,2022-02-28,619,0.0462249614791987,6.0,1,1,1,5.0,1161.9,193.65,0.0016129032258064,2068.182,56.31179321486269,0.2907915993537964,5.0,2647.27296,1.0,0.5896607431340872,685.126817447496,3.537964458804524,100.2349919224556,1.695890410958904,0.5896607431340872,56.31179321486269,5809.5,0.0016129032258064,3.335777419354839,25.0,2.0,Long Inactive,High Value,Low Frequency
CUST2261,0,50,Female,UK,active,1,6,210.18,210.18,35.03,3.8,2,47.0,47,47,2025-02-26,2025-02-26,2023-11-02,482,0.05859375,6.0,1,1,1,2.0,210.18,35.03,0.0020703933747412,369.9168,13.081742738589211,0.3734439834024896,2.0,466.09516800000006,1.0,0.7572614107883818,159.16120331950208,4.543568464730291,23.023867219917012,1.3205479452054794,0.7572614107883818,13.081742738589211,10088.64,0.0020703933747412,0.7658732919254659,96.0,2.0,Long Inactive,Low Value,Low Frequency
CUST2262,1,58,Male,USA,paused,1,3,91.23,91.23,30.41,4.1,0,29.0,29,29,2023-01-10,2023-01-10,2022-12-15,26,0.5357142857142857,3.0,1,1,1,0.0,91.23,30.41,0.037037037037037,166.0386,105.26538461538462,3.461538461538461,0.0,219.170952,1.0,14.038461538461538,1280.7288461538462,42.11538461538461,191.583,0.0712328767123287,14.038461538461538,105.26538461538462,2736.9,0.037037037037037,6.149577777777777,0.0,2.0,Long Inactive,Low Value,Low Frequency
CUST2263,0,19,Female,UK,paused,1,3,1127.94,1127.94,375.98,4.1,3,38.0,38,38,2025-06-04,2025-06-04,2023-11-03,579,0.0492610837438423,3.0,1,1,1,3.0,1127.94,375.98,0.0017241379310344,2052.8508,58.44248704663213,0.155440414507772,3.0,2709.763056,1.0,0.6303972366148531,711.0502590673575,1.89119170984456,106.36532642487045,1.5863013698630135,0.6303972366148531,58.44248704663213,43989.66,0.0017241379310344,3.539397931034482,117.0,2.0,Long Inactive,High Value,Low Frequency
CUST2264,0,25,Male,Pakistan,active,1,2,578.12,578.12,289.06,4.1,1,38.0,38,38,2024-05-30,2024-05-30,2023-07-23,312,0.087719298245614,2.0,1,1,1,1.0,578.12,289.06,0.0031948881789137,1052.1784,55.58846153846154,0.1923076923076923,1.0,1388.875488,1.0,1.1698717948717947,676.3262820512821,2.339743589743589,101.171,0.8547945205479452,1.1698717948717947,55.58846153846154,22546.68,0.0031948881789137,3.3615923322683705,39.0,2.0,Long Inactive,Medium Value,Low Frequency
CUST2265,1,48,Female,Canada,active,1,3,372.21,372.21,124.07,3.8,3,27.0,27,27,2022-10-08,2022-10-08,2021-05-11,515,0.055045871559633,3.0,1,1,1,3.0,372.21,124.07,0.001937984496124,655.0896,21.68213592233009,0.174757281553398,3.0,825.412896,1.0,0.7087378640776698,263.7993203883495,2.1262135922330097,38.16055922330097,1.4109589041095891,0.7087378640776698,21.68213592233009,10421.88,0.001937984496124,1.2695534883720931,84.0,2.0,Long Inactive,Low Value,Low Frequency
CUST2266,0,28,Female,Canada,active,1,2,1127.8,1127.8,563.9,4.3,5,49.0,49,49,2023-06-03,2023-06-03,2020-04-09,1150,0.0254237288135593,2.0,1,1,1,5.0,1127.8,563.9,0.0008688097306689,2097.708,29.420869565217387,0.0521739130434782,5.0,2852.882879999999,1.0,0.3173913043478261,357.9539130434782,0.6347826086956522,54.72281739130433,3.150684931506849,0.3173913043478261,29.420869565217387,56390.0,0.0008688097306689,1.822509122502172,250.0,2.0,Long Inactive,High Value,Low Frequency
CUST2267,0,65,Male,UK,cancelled,1,6,1191.84,1191.84,198.64,4.5,1,11.0,11,11,2024-04-17,2024-04-17,2021-06-27,1025,0.0284360189573459,6.0,1,1,1,1.0,1191.84,198.64,0.0009746588693957,2264.496,34.883121951219515,0.175609756097561,1.0,3170.2943999999998,1.0,0.3560975609756097,424.41131707317066,2.1365853658536587,66.27793170731707,2.808219178082192,0.3560975609756097,34.883121951219515,14302.079999999998,0.0009746588693957,2.207111111111111,12.0,2.0,Long Inactive,High Value,Low Frequency
CUST2268,1,68,Female,USA,cancelled,1,8,1988.48,1988.48,248.56,4.2,3,4.0,4,4,2021-11-09,2021-11-09,2021-08-21,80,0.2727272727272727,8.0,1,1,1,3.0,1988.48,248.56,0.0123456790123456,3658.8032,745.6800000000001,3.0,3.0,4902.7962880000005,1.0,4.5625,9072.44,36.5,1372.0512,0.2191780821917808,4.5625,745.6800000000001,9942.4,0.0123456790123456,45.17040987654321,15.0,2.0,Long Inactive,Very High Value,Low Frequency
CUST2269,0,43,Female,Pakistan,active,1,7,1532.79,1532.79,218.97,3.9,4,23.0,23,23,2024-01-17,2024-01-17,2021-02-16,1065,0.0273972602739726,7.0,1,1,1,4.0,1532.79,218.97,0.0009380863039399,2728.3662,43.17718309859155,0.1971830985915492,4.0,3492.308736,1.0,0.3427230046948357,525.3223943661972,2.399061032863849,76.85538591549296,2.9178082191780823,0.3427230046948357,43.17718309859155,36786.96,0.0009380863039399,2.559442964352721,96.0,2.0,Long Inactive,Very High Value,Low Frequency
CUST2270,0,24,Male,UK,active,1,1,915.31,915.31,915.31,3.5,0,42.0,42,42,2023-08-10,2023-08-10,2022-06-21,415,0.0674157303370786,1.0,1,1,1,0.0,915.31,915.31,0.0024038461538461,1556.0269999999998,66.16698795180722,0.072289156626506,0.0,1867.2324,1.0,0.8795180722891566,805.0316867469878,0.8795180722891566,112.48387951807229,1.1369863013698631,0.8795180722891566,66.16698795180722,39358.33,0.0024038461538461,3.740449519230769,0.0,2.0,Long Inactive,Medium Value,Low Frequency
CUST2271,1,55,Male,Canada,active,1,3,969.39,969.39,323.13,4.3,3,43.0,43,43,2022-10-17,2022-10-17,2022-10-04,13,0.6976744186046512,3.0,1,1,1,3.0,969.39,323.13,0.0714285714285714,1803.0654,2237.053846153846,6.9230769230769225,3.0,2452.168944,1.0,28.07692307692308,27217.48846153846,84.23076923076923,4160.920153846154,0.0356164383561643,28.07692307692308,2237.053846153846,42653.16,0.0714285714285714,128.7903857142857,132.0,2.0,Long Inactive,Medium Value,Low Frequency
CUST2272,0,47,Male,USA,paused,1,8,401.12,401.12,50.14,3.9,2,17.0,17,17,2025-04-16,2025-04-16,2023-04-02,745,0.0387096774193548,8.0,1,1,1,2.0,401.12,50.14,0.0013404825737265,713.9936,16.152483221476512,0.3221476510067114,2.0,913.911808,1.0,0.4899328859060402,196.52187919463088,3.919463087248322,28.75142013422819,2.041095890410959,0.4899328859060402,16.152483221476512,7220.16,0.0013404825737265,0.9570959785522788,36.0,2.0,Long Inactive,Low Value,Low Frequency
CUST2273,1,25,Female,Pakistan,active,1,1,1991.63,1991.63,1991.63,3.9,5,31.0,31,31,2021-07-29,2021-07-29,2021-03-31,120,0.2,1.0,1,1,1,5.0,1991.63,1991.63,0.0082644628099173,3545.1014000000005,497.9075,0.25,5.0,4537.729792000001,1.0,3.041666666666667,6057.874583333334,3.041666666666667,886.2753500000001,0.3287671232876712,3.041666666666667,497.9075,63732.16,0.0082644628099173,29.298358677685957,160.0,2.0,Long Inactive,Very High Value,Low Frequency
CUST2274,0,60,Female,Canada,active,1,3,1147.65,1147.65,382.55,4.0,0,1.0,1,1,2024-10-11,2024-10-11,2021-03-30,1291,0.0227100681302043,3.0,1,1,1,0.0,1147.65,382.55,0.0007739938080495,2065.7700000000004,26.66886134779241,0.069713400464756,0.0,2685.5010000000007,1.0,0.2827265685515104,324.471146398141,0.8481797056545314,48.00395042602635,3.536986301369863,0.2827265685515104,26.66886134779241,2295.3,0.0007739938080495,1.5988931888544895,0.0,2.0,Long Inactive,High Value,Low Frequency
CUST2275,0,58,Male,India,active,1,5,149.2,149.2,29.84,4.7,4,12.0,12,12,2025-03-08,2025-03-08,2022-08-17,934,0.0311203319502074,5.0,1,1,1,4.0,149.2,29.84,0.0010695187165775,289.448,4.792291220556745,0.1605995717344753,4.0,416.80511999999993,1.0,0.3907922912205567,58.30620985010707,1.953961456102784,9.297044967880083,2.558904109589041,0.3907922912205567,4.792291220556745,1939.6,0.0010695187165775,0.3095700534759358,52.0,2.0,Long Inactive,Low Value,Low Frequency
CUST2276,1,18,Female,India,paused,1,6,840.06,840.06,140.01,4.1,5,19.0,19,19,2022-06-12,2022-06-12,2022-09-13,0,1.0,6.0,1,1,1,5.0,840.06,140.01,1.0,1528.9091999999998,8400.599999999999,60.0,5.0,2018.1601439999995,1.0,365.0,306621.9,2190.0,15289.091999999995,0.0,365.0,8400.599999999999,16801.199999999997,1.0,1528.9091999999998,100.0,2.0,Long Inactive,Medium Value,Low Frequency
CUST2277,0,53,Male,USA,active,1,5,163.1,163.1,32.62,3.8,2,18.0,18,18,2024-02-26,2024-02-26,2021-01-03,1149,0.0254452926208651,5.0,1,1,1,2.0,163.1,32.62,0.0008695652173913,287.056,4.258485639686684,0.1305483028720626,2.0,361.69056,1.0,0.3176675369886858,51.811575282854655,1.588337684943429,7.494934725848564,3.147945205479452,0.3176675369886858,4.258485639686684,3098.9,0.0008695652173913,0.2496139130434782,38.0,2.0,Long Inactive,Low Value,Low Frequency
CUST2278,0,34,Female,UK,cancelled,1,3,1587.3000000000002,1587.3000000000002,529.1,4.1,0,32.0,32,32,2024-01-26,2024-01-26,2023-02-26,334,0.0824175824175824,3.0,1,1,1,0.0,1587.3000000000002,529.1,0.0029850746268656,2888.886,142.57185628742516,0.2694610778443114,0.0,3813.3295199999993,1.0,1.092814371257485,1734.624251497006,3.2784431137724552,259.48077844311376,0.915068493150685,1.092814371257485,142.57185628742516,52380.90000000001,0.0029850746268656,8.623540298507463,0.0,2.0,Long Inactive,Very High Value,Low Frequency
CUST2279,0,53,Female,Canada,active,1,6,61.74,61.74,10.29,4.0,1,4.0,4,4,2025-05-08,2025-05-08,2023-03-13,787,0.03671970624235,6.0,1,1,1,1.0,61.74,10.29,0.0012690355329949,111.132,2.3534942820838625,0.2287166454891994,1.0,144.4716,1.0,0.4637865311308767,28.63418043202033,2.7827191867852608,4.236289707750952,2.156164383561644,0.4637865311308767,2.3534942820838625,308.7,0.0012690355329949,0.1410304568527918,5.0,2.0,Long Inactive,Low Value,Low Frequency
CUST2280,0,41,Male,Germany,active,1,8,1137.2,1137.2,142.15,4.1,1,21.0,21,21,2024-09-10,2024-09-10,2023-09-02,374,0.0742574257425742,8.0,1,1,1,1.0,1137.2,142.15,0.0026666666666666,2069.704,91.2192513368984,0.6417112299465241,1.0,2732.0092799999998,1.0,0.9759358288770054,1109.8342245989304,7.807486631016043,166.01903743315506,1.0246575342465754,0.9759358288770054,91.2192513368984,25018.4,0.0026666666666666,5.519210666666666,22.0,2.0,Long Inactive,High Value,Low Frequency
CUST2281,0,27,Male,Germany,active,1,9,1313.19,1313.19,145.91,3.9,2,4.0,4,4,2025-08-19,2025-08-19,2023-05-01,841,0.0344431687715269,9.0,1,1,1,2.0,1313.19,145.91,0.001187648456057,2337.4782,46.84387633769322,0.3210463733650416,2.0,2991.972096,1.0,0.4340071343638526,569.9338287752676,3.906064209274673,83.38209988109394,2.304109589041096,0.4340071343638526,46.84387633769322,6565.950000000001,0.001187648456057,2.776102375296912,10.0,2.0,At Risk,High Value,Low Frequency
CUST2282,0,27,Female,UK,active,1,5,526.25,526.25,105.25,3.8,0,36.0,36,36,2024-08-08,2024-08-08,2021-07-24,1111,0.0262927256792287,5.0,1,1,1,0.0,526.25,105.25,0.0008992805755395,926.2,14.210171017101713,0.135013501350135,0.0,1167.0120000000002,1.0,0.3285328532853285,172.89041404140414,1.6426642664266429,25.009900990099013,3.043835616438356,0.3285328532853285,14.210171017101713,19471.25,0.0008992805755395,0.8329136690647483,0.0,2.0,Long Inactive,Low Value,Low Frequency
CUST2283,0,52,Male,Germany,active,1,6,585.72,585.72,97.62,4.1,1,33.0,33,33,2023-08-13,2023-08-13,2022-01-13,577,0.0494233937397034,6.0,1,1,1,1.0,585.72,97.62,0.0017301038062283,1066.0104,30.45337954939341,0.3119584055459272,1.0,1407.1337279999998,1.0,0.6325823223570191,370.5161178509532,3.7954939341421134,55.42515077989601,1.5808219178082192,0.6325823223570191,30.45337954939341,19914.48,0.0017301038062283,1.844308650519031,34.0,2.0,Long Inactive,Medium Value,Low Frequency
CUST2284,0,46,Male,India,active,1,9,1928.52,1928.52,214.28,4.3,2,28.0,28,28,2024-11-20,2024-11-20,2021-09-30,1147,0.0254885301614273,9.0,1,1,1,2.0,1928.52,214.28,0.0008710801393728,3587.0471999999995,50.44080209241499,0.2353966870095902,2.0,4878.384191999999,1.0,0.3182214472537053,613.6964254577158,2.863993025283348,93.81989189189188,3.1424657534246574,0.3182214472537053,50.44080209241499,55927.08,0.0008710801393728,3.124605574912892,58.0,2.0,Long Inactive,Very High Value,Low Frequency
CUST2285,0,26,Male,UK,active,1,5,1019.35,1019.35,203.87,3.9,4,35.0,35,35,2025-09-05,2025-09-05,2022-05-23,1201,0.0243704305442729,5.0,1,1,1,4.0,1019.35,203.87,0.0008319467554076,1814.443,25.46253122398002,0.1248959200666111,4.0,2322.48704,1.0,0.3039134054954205,309.7941298917569,1.5195670274771025,45.32330557868443,3.290410958904109,0.3039134054954205,25.46253122398002,36696.6,0.0008319467554076,1.5095199667221295,144.0,2.0,At Risk,Medium Value,Low Frequency
CUST2286,1,56,Female,UK,active,1,7,729.75,729.75,104.25,2.8,2,34.0,34,34,2022-10-24,2022-10-24,2021-10-06,383,0.072639225181598,7.0,1,1,1,2.0,729.75,104.25,0.0026041666666666,1138.41,57.16057441253263,0.5483028720626631,2.0,1206.7146000000002,1.0,0.9530026109660574,695.4536553524804,6.6710182767624016,89.17049608355092,1.0493150684931507,0.9530026109660574,57.16057441253263,25541.25,0.0026041666666666,2.964609375,70.0,2.0,Long Inactive,Medium Value,Low Frequency
CUST2287,0,32,Female,Canada,active,1,8,337.6,337.6,42.2,4.0,0,36.0,36,36,2024-11-05,2024-11-05,2021-01-05,1400,0.0209790209790209,8.0,1,1,1,0.0,337.6,42.2,0.0007137758743754,607.6800000000001,7.234285714285715,0.1714285714285714,0.0,789.9840000000002,1.0,0.2607142857142857,88.01714285714287,2.085714285714286,13.021714285714287,3.835616438356164,0.2607142857142857,7.234285714285715,12491.2,0.0007137758743754,0.4337473233404711,0.0,2.0,Long Inactive,Low Value,Low Frequency
CUST2288,0,69,Female,India,cancelled,1,4,1671.92,1671.92,417.98,4.5,2,35.0,35,35,2023-05-28,2023-05-28,2022-07-07,325,0.0845070422535211,4.0,1,1,1,2.0,1671.92,417.98,0.0030674846625766,3176.648,154.33107692307692,0.3692307692307692,2.0,4447.3072,1.0,1.123076923076923,1877.6947692307688,4.492307692307692,293.2290461538461,0.8904109589041096,1.123076923076923,154.33107692307692,60189.12,0.0030674846625766,9.744319018404909,72.0,2.0,Long Inactive,Very High Value,Low Frequency
CUST2289,0,64,Female,Pakistan,cancelled,1,6,692.16,692.16,115.36,4.6,5,5.0,5,5,2024-09-26,2024-09-26,2023-04-03,542,0.0524475524475524,6.0,1,1,1,5.0,692.16,115.36,0.001841620626151,1328.9471999999998,38.31143911439114,0.3321033210332103,5.0,1887.105024,1.0,0.6734317343173433,466.1225092250922,4.04059040590406,73.55796309963098,1.484931506849315,0.6734317343173433,38.31143911439114,4152.96,0.001841620626151,2.447416574585635,30.0,2.0,Long Inactive,Medium Value,Low Frequency
CUST2290,0,24,Female,Pakistan,paused,1,6,309.36,309.36,51.56,4.1,3,27.0,27,27,2024-05-29,2024-05-29,2022-06-18,711,0.0404858299595141,6.0,1,1,1,3.0,309.36,51.56,0.0014044943820224,563.0352,13.053164556962026,0.2531645569620253,3.0,743.206464,1.0,0.5133614627285513,158.81350210970464,3.080168776371308,23.756759493670888,1.947945205479452,0.5133614627285513,13.053164556962026,8662.08,0.0014044943820224,0.7907797752808989,84.0,2.0,Long Inactive,Low Value,Low Frequency
CUST2291,0,18,Male,Germany,cancelled,1,4,806.96,806.96,201.74,4.1,5,19.0,19,19,2023-05-07,2023-05-07,2022-10-08,211,0.1244813278008298,4.0,1,1,1,5.0,806.96,201.74,0.0047169811320754,1468.6672,114.73364928909952,0.5687203791469194,5.0,1938.640704,1.0,1.7298578199052137,1395.9260663507112,6.919431279620854,208.81524170616112,0.5780821917808219,1.7298578199052137,114.73364928909952,16139.2,0.0047169811320754,6.927675471698112,100.0,2.0,Long Inactive,Medium Value,Low Frequency
CUST2292,0,19,Female,Canada,active,1,5,27.35,27.35,5.47,3.4,1,39.0,39,39,2023-02-17,2023-02-17,2021-11-17,457,0.0616016427104722,5.0,1,1,1,1.0,27.35,5.47,0.0021834061135371,45.94799999999999,1.7954048140043763,0.3282275711159738,1.0,54.21863999999999,1.0,0.798687089715536,21.84409190371991,3.99343544857768,3.016280087527352,1.252054794520548,0.798687089715536,1.7954048140043763,1094.0,0.0021834061135371,0.1003231441048034,40.0,2.0,Long Inactive,Low Value,Low Frequency
CUST2293,1,59,Female,USA,cancelled,1,9,810.4499999999999,810.4499999999999,90.05,4.6,2,26.0,26,26,2022-06-12,2022-06-12,2020-11-22,567,0.050251256281407,9.0,1,1,1,2.0,810.4499999999999,90.05,0.0017605633802816,1556.064,42.88095238095238,0.4761904761904762,2.0,2209.61088,1.0,0.6437389770723104,521.718253968254,5.7936507936507935,82.33142857142857,1.5534246575342463,0.6437389770723104,42.88095238095238,21882.15,0.0017605633802816,2.739549295774648,54.0,2.0,Long Inactive,Medium Value,Low Frequency
CUST2294,0,19,Female,UK,active,1,6,580.8,580.8,96.8,4.2,2,32.0,32,32,2025-06-01,2025-06-01,2023-03-29,795,0.0363636363636363,6.0,1,1,1,2.0,580.8,96.8,0.0012562814070351,1068.672,21.91698113207547,0.2264150943396226,2.0,1432.02048,1.0,0.459119496855346,266.6566037735849,2.754716981132076,40.32724528301887,2.1780821917808217,0.459119496855346,21.91698113207547,19166.4,0.0012562814070351,1.3425527638190955,66.0,2.0,Long Inactive,Medium Value,Low Frequency
CUST2295,0,31,Male,Pakistan,active,1,6,1457.46,1457.46,242.91,3.9,4,40.0,40,40,2024-05-20,2024-05-20,2021-05-25,1091,0.0267618198037466,6.0,1,1,1,4.0,1457.46,242.91,0.0009157509157509,2594.2788,40.07681026581118,0.1649862511457378,4.0,3320.676864,1.0,0.3345554537121906,487.60119156736937,2.007332722273144,71.3367222731439,2.989041095890411,0.3345554537121906,40.07681026581118,59755.86,0.0009157509157509,2.375713186813187,164.0,2.0,Long Inactive,High Value,Low Frequency
CUST2296,0,66,Male,India,active,1,4,1385.72,1385.72,346.43,4.2,3,10.0,10,10,2024-05-26,2024-05-26,2022-02-04,842,0.0344036697247706,4.0,1,1,1,3.0,1385.72,346.43,0.0011862396204033,2549.7248,49.37244655581948,0.1425178147268408,3.0,3416.631232,1.0,0.4334916864608076,600.6980997624703,1.7339667458432304,90.84530166270784,2.306849315068493,0.4334916864608076,49.37244655581948,15242.92,0.0011862396204033,3.024584578884935,33.0,2.0,Long Inactive,High Value,Low Frequency
CUST2297,0,63,Female,Germany,active,1,5,1363.8,1363.8,272.76,4.2,1,30.0,30,30,2025-05-03,2025-05-03,2022-05-12,1087,0.0268576544315129,5.0,1,1,1,1.0,1363.8,272.76,0.0009191176470588,2509.392,37.639374425023,0.1379944802207911,1.0,3362.58528,1.0,0.3357865685372585,457.9457221711131,1.6789328426862924,69.25644894204231,2.978082191780822,0.3357865685372585,37.639374425023,42277.8,0.0009191176470588,2.306426470588235,31.0,2.0,Long Inactive,High Value,Low Frequency
CUST2298,0,56,Female,Canada,paused,1,2,251.4,251.4,125.7,4.1,0,16.0,16,16,2024-03-17,2024-03-17,2021-09-10,919,0.0316122233930453,2.0,1,1,1,0.0,251.4,125.7,0.0010869565217391,457.548,8.206746463547335,0.0652883569096844,0.0,603.9633599999999,1.0,0.397170837867247,99.84874863982589,0.794341675734494,14.936278563656147,2.5178082191780824,0.397170837867247,8.206746463547335,4273.8,0.0010869565217391,0.4973347826086956,0.0,2.0,Long Inactive,Low Value,Low Frequency
CUST2299,1,33,Female,USA,active,1,8,572.8,572.8,71.6,4.8,2,13.0,13,13,2023-01-14,2023-01-14,2022-02-15,333,0.0826446280991735,8.0,1,1,1,2.0,572.8,71.6,0.0029940119760479,1122.688,51.6036036036036,0.7207207207207208,2.0,1639.1244799999995,1.0,1.0960960960960962,627.8438438438437,8.76876876876877,101.14306306306304,0.9123287671232876,1.0960960960960962,51.6036036036036,8019.199999999999,0.0029940119760479,3.361341317365269,28.0,2.0,Long Inactive,Medium Value,Low Frequency
CUST2300,0,22,Female,Pakistan,cancelled,1,4,731.92,731.92,182.98,4.4,1,36.0,36,36,2023-04-06,2023-04-06,2022-05-11,330,0.0833333333333333,4.0,1,1,1,1.0,731.92,182.98,0.0030211480362537,1376.0096,66.53818181818181,0.3636363636363636,1.0,1898.8932480000003,1.0,1.1060606060606062,809.5478787878787,4.424242424242425,125.09178181818184,0.9041095890410958,1.1060606060606062,66.53818181818181,27081.04,0.0030211480362537,4.157128700906345,37.0,2.0,Long Inactive,Medium Value,Low Frequency
CUST2301,0,44,Male,USA,cancelled,1,1,45.81,45.81,45.81,4.3,2,18.0,18,18,2023-12-17,2023-12-17,2022-10-17,426,0.0657894736842105,1.0,1,1,1,2.0,45.81,45.81,0.0023419203747072,85.2066,3.2260563380281693,0.0704225352112676,2.0,115.88097599999998,1.0,0.8568075117370891,39.250352112676055,0.8568075117370891,6.000464788732394,1.167123287671233,0.8568075117370891,3.2260563380281693,870.3900000000001,0.0023419203747072,0.1995470725995316,38.0,2.0,Long Inactive,Low Value,Low Frequency
CUST2302,1,49,Male,India,active,1,6,1328.6999999999998,1328.6999999999998,221.45,4.3,3,29.0,29,29,2022-11-19,2022-11-19,2020-08-10,831,0.0348432055749128,6.0,1,1,1,3.0,1328.6999999999998,221.45,0.001201923076923,2471.382,47.96750902527075,0.2166064981949458,3.0,3361.07952,1.0,0.4392298435619735,583.6046931407942,2.6353790613718413,89.2195667870036,2.276712328767123,0.4392298435619735,47.96750902527075,39860.99999999999,0.001201923076923,2.9704110576923077,90.0,2.0,Long Inactive,High Value,Low Frequency
CUST2303,0,24,Female,Canada,cancelled,1,8,1487.52,1487.52,185.94,4.0,1,4.0,4,4,2024-01-13,2024-01-13,2022-03-24,660,0.0434782608695652,8.0,1,1,1,1.0,1487.52,185.94,0.0015128593040847,2677.536,67.61454545454545,0.3636363636363636,1.0,3480.7968,1.0,0.5530303030303031,822.6436363636363,4.424242424242425,121.70618181818182,1.808219178082192,0.5530303030303031,67.61454545454545,7437.6,0.0015128593040847,4.050735249621785,5.0,2.0,Long Inactive,High Value,Low Frequency
CUST2304,1,57,Female,USA,active,1,2,1684.6,1684.6,842.3,4.3,4,11.0,11,11,2022-02-22,2022-02-22,2020-03-09,715,0.0402684563758389,2.0,1,1,1,4.0,1684.6,842.3,0.0013966480446927,3133.356,70.68251748251748,0.0839160839160839,4.0,4261.364159999999,1.0,0.5104895104895105,859.9706293706294,1.020979020979021,131.4694825174825,1.9589041095890407,0.5104895104895105,70.68251748251748,20215.2,0.0013966480446927,4.376195530726257,48.0,2.0,Long Inactive,Very High Value,Low Frequency
CUST2305,1,19,Male,Canada,active,1,1,1871.19,1871.19,1871.19,4.0,5,13.0,13,13,2022-08-05,2022-08-05,2021-03-04,519,0.0546448087431694,1.0,1,1,1,5.0,1871.19,1871.19,0.0019230769230769,3368.1420000000003,108.16127167630056,0.0578034682080924,5.0,4378.5846,1.0,0.7032755298651252,1315.9621387283237,0.7032755298651252,194.69028901734103,1.421917808219178,0.7032755298651252,108.16127167630056,26196.66,0.0019230769230769,6.477196153846155,70.0,2.0,Long Inactive,Very High Value,Low Frequency
CUST2306,0,37,Male,USA,active,1,2,1237.38,1237.38,618.69,4.4,5,2.0,2,2,2024-12-18,2024-12-18,2023-11-07,407,0.068649885583524,2.0,1,1,1,5.0,1237.38,618.69,0.0024509803921568,2326.2744,91.20737100737102,0.1474201474201474,5.0,3210.2586720000004,1.0,0.8968058968058968,1109.6896805896806,1.7936117936117937,171.46985749385752,1.115068493150685,0.8968058968058968,91.20737100737102,3712.14,0.0024509803921568,5.701652941176471,15.0,2.0,Long Inactive,High Value,Low Frequency
CUST2307,1,58,Female,Canada,cancelled,1,7,1161.79,1161.79,165.97,4.1,4,22.0,22,22,2021-11-28,2021-11-28,2021-07-01,150,0.1666666666666666,7.0,1,1,1,4.0,1161.79,165.97,0.0066225165562913,2114.4578,232.358,1.4,4.0,2791.084295999999,1.0,2.4333333333333336,2827.0223333333333,17.033333333333335,422.8915599999999,0.410958904109589,2.4333333333333336,232.358,26721.17,0.0066225165562913,14.003031788079468,92.0,2.0,Long Inactive,High Value,Low Frequency
CUST2308,0,27,Female,USA,cancelled,1,7,1693.65,1693.65,241.95,3.6,1,20.0,20,20,2023-11-20,2023-11-20,2022-07-25,483,0.0584795321637426,7.0,1,1,1,1.0,1693.65,241.95,0.0020661157024793,2913.0779999999995,105.19565217391305,0.4347826086956521,1.0,3553.9551599999995,1.0,0.7556935817805382,1279.8804347826083,5.2898550724637685,180.9365217391304,1.3232876712328767,0.7556935817805382,105.19565217391305,35566.649999999994,0.0020661157024793,6.0187561983471065,21.0,2.0,Long Inactive,Very High Value,Low Frequency
CUST2309,0,67,Male,UK,active,1,8,1657.92,1657.92,207.24,2.0,3,6.0,6,6,2024-09-07,2024-09-07,2022-07-31,769,0.0375469336670838,8.0,1,1,1,3.0,1657.92,207.24,0.0012987012987012,2321.088,64.67828348504551,0.3120936280884265,3.0,2088.9792,1.0,0.4746423927178154,786.9191157347204,3.797139141742523,90.54959687906371,2.106849315068493,0.4746423927178154,64.67828348504551,11605.44,0.0012987012987012,3.0144,21.0,2.0,Long Inactive,Very High Value,Low Frequency
CUST2310,0,27,Male,Canada,active,1,3,1284.63,1284.63,428.21,4.0,3,47.0,47,47,2024-07-03,2024-07-03,2023-04-16,444,0.0632911392405063,3.0,1,1,1,3.0,1284.63,428.21,0.0022471910112359,2312.334,86.79932432432432,0.2027027027027027,3.0,3006.0342,1.0,0.822072072072072,1056.0584459459458,2.466216216216216,156.23878378378376,1.2164383561643837,0.822072072072072,86.79932432432432,61662.23999999999,0.0022471910112359,5.196256179775281,144.0,2.0,Long Inactive,High Value,Low Frequency
CUST2311,0,27,Male,USA,paused,1,7,1568.91,1568.91,224.13,3.7,5,34.0,34,34,2024-10-08,2024-10-08,2021-11-22,1051,0.0277520814061054,7.0,1,1,1,5.0,1568.91,224.13,0.0009505703422053,2729.9034,44.78334919124643,0.1998097050428163,5.0,3385.0802159999994,1.0,0.3472882968601332,544.8640818268316,2.4310180780209323,77.92302759276879,2.8794520547945206,0.3472882968601332,44.78334919124643,54911.84999999999,0.0009505703422053,2.594965209125475,175.0,2.0,Long Inactive,Very High Value,Low Frequency
CUST2312,0,61,Female,Pakistan,active,1,8,617.52,617.52,77.19,3.8,5,19.0,19,19,2025-04-16,2025-04-16,2023-12-07,496,0.0570342205323193,8.0,1,1,1,5.0,617.52,77.19,0.0020120724346076,1086.8352,37.35,0.4838709677419354,5.0,1369.412352,1.0,0.7358870967741936,454.425,5.887096774193549,65.73599999999999,1.358904109589041,0.7358870967741936,37.35,12350.4,0.0020120724346076,2.186791146881288,100.0,2.0,Long Inactive,Medium Value,Low Frequency
CUST2313,0,19,Female,USA,cancelled,1,2,128.32,128.32,64.16,3.9,3,25.0,25,25,2024-05-09,2024-05-09,2021-09-10,972,0.029940119760479,2.0,1,1,1,3.0,128.32,64.16,0.001027749229188,228.4096,3.960493827160494,0.0617283950617284,3.0,292.364288,1.0,0.375514403292181,48.18600823045267,0.7510288065843621,7.049679012345679,2.663013698630137,0.375514403292181,3.960493827160494,3336.32,0.001027749229188,0.2347477903391572,78.0,2.0,Long Inactive,Low Value,Low Frequency
CUST2314,0,25,Male,Pakistan,cancelled,1,3,1856.82,1856.82,618.94,3.1,4,18.0,18,18,2025-12-07,2025-12-07,2022-06-27,1259,0.0232738557020946,3.0,1,1,1,4.0,1856.82,618.94,0.0007936507936507,3008.0484000000006,44.24511517077045,0.0714853057982525,4.0,3369.014208000001,1.0,0.289912629070691,538.3155679110406,0.8697378872120731,71.67708657664815,3.4493150684931506,0.289912629070691,44.24511517077045,35279.58,0.0007936507936507,2.3873400000000005,76.0,2.0,Very Recent,Very High Value,Low Frequency
CUST2315,0,29,Male,USA,cancelled,1,5,433.9,433.9,86.78,3.0,1,6.0,6,6,2025-08-18,2025-08-18,2022-03-09,1258,0.0232919254658385,5.0,1,1,1,1.0,433.9,86.78,0.0007942811755361,694.24,10.34737678855326,0.1192368839427663,1.0,763.6640000000001,1.0,0.2901430842607313,125.89308426073131,1.4507154213036566,16.555802861685216,3.4465753424657533,0.2901430842607313,10.34737678855326,3037.3,0.0007942811755361,0.5514217633042097,7.0,2.0,At Risk,Low Value,Low Frequency
CUST2316,1,52,Male,India,active,1,6,1596.0,1596.0,266.0,4.0,3,8.0,8,8,2022-07-18,2022-07-18,2021-07-10,373,0.0744416873449131,6.0,1,1,1,3.0,1596.0,266.0,0.0026737967914438,2872.8,128.3646112600536,0.4825737265415549,3.0,3734.64,1.0,0.9785522788203754,1561.7694369973192,5.871313672922253,231.0563002680965,1.021917808219178,0.9785522788203754,128.3646112600536,14364.0,0.0026737967914438,7.681283422459893,27.0,2.0,Long Inactive,Very High Value,Low Frequency
CUST2317,1,64,Female,Germany,paused,1,6,1175.52,1175.52,195.92,4.4,0,29.0,29,29,2022-02-03,2022-02-03,2021-04-04,305,0.0895522388059701,6.0,1,1,1,0.0,1175.52,195.92,0.0032679738562091,2209.9776,115.6249180327869,0.5901639344262295,0.0,3049.7690880000005,1.0,1.1967213114754098,1406.7698360655738,7.1803278688524586,217.37484590163936,0.8356164383561644,1.1967213114754098,115.6249180327869,35265.6,0.0032679738562091,7.222149019607844,0.0,2.0,Long Inactive,High Value,Low Frequency
CUST2318,0,50,Female,USA,cancelled,1,9,1230.75,1230.75,136.75,4.1,2,25.0,25,25,2023-06-21,2023-06-21,2021-08-03,687,0.0418410041841004,9.0,1,1,1,2.0,1230.75,136.75,0.001453488372093,2239.965,53.74454148471616,0.3930131004366812,2.0,2956.753799999999,1.0,0.5312954876273653,653.89192139738,4.781659388646289,97.8150655021834,1.8821917808219175,0.5312954876273653,53.74454148471616,31999.5,0.001453488372093,3.255763081395348,52.0,2.0,Long Inactive,High Value,Low Frequency
CUST2319,1,26,Other,UK,active,1,3,22.29,22.29,7.43,3.6,4,23.0,23,23,2022-08-28,2022-08-28,2021-01-11,594,0.048076923076923,3.0,1,1,1,4.0,22.29,7.43,0.0016806722689075,38.3388,1.1257575757575755,0.1515151515151515,4.0,46.773336,1.0,0.6144781144781145,13.696717171717172,1.8434343434343436,1.9363030303030304,1.6273972602739726,0.6144781144781145,1.1257575757575755,534.96,0.0016806722689075,0.0644349579831932,96.0,2.0,Long Inactive,Low Value,Low Frequency
CUST2320,0,53,Male,Germany,active,1,2,1383.18,1383.18,691.59,4.4,0,43.0,43,43,2025-03-15,2025-03-15,2023-04-30,685,0.0419580419580419,2.0,1,1,1,0.0,1383.18,691.59,0.0014577259475218,2600.3784,60.57722627737227,0.0875912408759124,0.0,3588.5221920000004,1.0,0.5328467153284672,737.0229197080292,1.0656934306569343,113.88518540145986,1.8767123287671232,0.5328467153284672,60.57722627737227,60859.920000000006,0.0014577259475218,3.7906390670553938,0.0,2.0,Long Inactive,High Value,Low Frequency
CUST2321,1,20,Male,Pakistan,active,1,2,1000.52,1000.52,500.26,4.2,0,12.0,12,12,2022-03-29,2022-03-29,2021-08-29,212,0.1239669421487603,2.0,1,1,1,0.0,1000.52,500.26,0.0046948356807511,1840.9568,141.58301886792452,0.2830188679245283,0.0,2466.882112,1.0,1.7216981132075473,1722.5933962264153,3.4433962264150946,260.51275471698114,0.5808219178082191,1.7216981132075473,141.58301886792452,13006.76,0.0046948356807511,8.642989671361503,0.0,2.0,Long Inactive,Medium Value,Low Frequency
CUST2322,0,23,Male,Canada,cancelled,1,8,1775.6,1775.6,221.95,4.3,4,7.0,7,7,2023-05-05,2023-05-05,2022-09-07,240,0.1111111111111111,8.0,1,1,1,4.0,1775.6,221.95,0.0041493775933609,3302.6159999999995,221.95,1.0,4.0,4491.557759999999,1.0,1.5208333333333337,2700.391666666667,12.166666666666668,412.827,0.6575342465753424,1.5208333333333337,221.95,14204.8,0.0041493775933609,13.703800829875515,32.0,2.0,Long Inactive,Very High Value,Low Frequency
CUST2323,0,31,Male,India,active,1,3,1143.57,1143.57,381.19,3.8,2,20.0,20,20,2024-08-15,2024-08-15,2023-07-05,407,0.068649885583524,3.0,1,1,1,2.0,1143.57,381.19,0.0024509803921568,2012.6832,84.29262899262899,0.2211302211302211,2.0,2535.980832,1.0,0.8968058968058968,1025.5603194103194,2.69041769041769,148.35502702702703,1.115068493150685,0.8968058968058968,84.29262899262899,24014.97,0.0024509803921568,4.933047058823529,42.0,2.0,Long Inactive,High Value,Low Frequency
CUST2324,0,26,Male,Germany,active,1,1,255.16,255.16,255.16,4.1,5,15.0,15,15,2023-08-20,2023-08-20,2021-05-23,819,0.0353356890459364,1.0,1,1,1,5.0,255.16,255.16,0.0012195121951219,464.3912,9.346520146520144,0.0366300366300366,5.0,612.9963839999999,1.0,0.4456654456654457,113.71599511599511,0.4456654456654457,17.010666666666665,2.243835616438356,0.4456654456654457,9.346520146520144,4082.56,0.0012195121951219,0.5663307317073171,80.0,2.0,Long Inactive,Low Value,Low Frequency
CUST2325,1,21,Male,UK,cancelled,1,7,1384.53,1384.53,197.79,4.0,5,48.0,48,48,2021-12-20,2021-12-20,2021-08-09,133,0.1840490797546012,7.0,1,1,1,5.0,1384.53,197.79,0.0074626865671641,2492.154,312.29999999999995,1.5789473684210529,5.0,3239.8002,1.0,2.744360902255639,3799.65,19.210526315789476,562.14,0.3643835616438356,2.744360902255639,312.29999999999995,67841.97,0.0074626865671641,18.59816417910448,245.0,2.0,Long Inactive,High Value,Low Frequency
CUST2326,0,49,Female,Germany,paused,1,7,1032.64,1032.64,147.52,4.2,0,10.0,10,10,2024-10-04,2024-10-04,2021-03-13,1301,0.0225394440270473,7.0,1,1,1,0.0,1032.64,147.52,0.0007680491551459,1900.0576000000003,23.81183704842429,0.1614142966948501,0.0,2546.0771840000007,1.0,0.2805534204458109,289.7106840891622,1.9638739431206764,43.813780169100696,3.564383561643836,0.2805534204458109,23.81183704842429,11359.04,0.0007680491551459,1.4593376344086024,0.0,2.0,Long Inactive,Medium Value,Low Frequency
CUST2327,0,58,Female,Pakistan,active,1,4,263.68,263.68,65.92,3.6,3,29.0,29,29,2023-05-16,2023-05-16,2021-11-08,554,0.0513698630136986,4.0,1,1,1,3.0,263.68,65.92,0.0018018018018018,453.5296,14.278700361010833,0.2166064981949458,3.0,553.306112,1.0,0.6588447653429603,173.72418772563177,2.6353790613718413,24.55936462093863,1.5178082191780822,0.6588447653429603,14.278700361010833,7910.400000000001,0.0018018018018018,0.8171704504504504,90.0,2.0,Long Inactive,Low Value,Low Frequency
CUST2328,0,18,Female,USA,active,1,2,1898.8,1898.8,949.4,4.2,5,13.0,13,13,2025-04-06,2025-04-06,2022-06-09,1032,0.0282485875706214,2.0,1,1,1,5.0,1898.8,949.4,0.0009680542110358,3493.792,55.19767441860465,0.0581395348837209,5.0,4681.68128,1.0,0.3536821705426357,671.5717054263566,0.7073643410852714,101.56372093023256,2.8273972602739725,0.3536821705426357,55.19767441860465,26583.2,0.0009680542110358,3.382180058083253,70.0,2.0,Long Inactive,Very High Value,Low Frequency
CUST2329,1,30,Female,USA,active,1,1,1629.13,1629.13,1629.13,4.1,4,35.0,35,35,2023-02-05,2023-02-05,2022-12-10,57,0.3448275862068966,1.0,1,1,1,4.0,1629.13,1629.13,0.0172413793103448,2965.0166,857.4368421052633,0.5263157894736842,4.0,3913.821912,1.0,6.4035087719298245,10432.148245614037,6.4035087719298245,1560.535052631579,0.1561643835616438,6.4035087719298245,857.4368421052633,58648.68000000001,0.0172413793103448,51.12097586206897,144.0,2.0,Long Inactive,Very High Value,Low Frequency
CUST2330,0,23,Male,Pakistan,active,1,5,553.2,553.2,110.64,4.2,4,44.0,44,44,2025-10-02,2025-10-02,2020-06-12,1938,0.0152439024390243,5.0,1,1,1,4.0,553.2,110.64,0.000515729757607,1017.888,8.563467492260063,0.0773993808049535,4.0,1363.9699200000002,1.0,0.1883384932920536,104.1888544891641,0.9416924664602684,15.756780185758515,5.30958904109589,0.1883384932920536,8.563467492260063,24894.000000000004,0.000515729757607,0.5249551315110883,180.0,2.0,Moderate,Medium Value,Low Frequency
CUST2331,0,52,Male,Canada,paused,1,7,836.2199999999999,836.2199999999999,119.46,3.9,2,30.0,30,30,2025-05-25,2025-05-25,2023-02-22,823,0.0351699882766705,7.0,1,1,1,2.0,836.2199999999999,119.46,0.0012135922330097,1488.4716,30.48189550425273,0.2551640340218712,2.0,1905.243648,1.0,0.4434993924665856,370.86306196840826,3.1044957472661,54.25777399756986,2.254794520547945,0.4434993924665856,30.48189550425273,25922.82,0.0012135922330097,1.8063975728155337,62.0,2.0,Long Inactive,Medium Value,Low Frequency
CUST2332,1,49,Female,Pakistan,cancelled,1,2,517.3,517.3,258.65,4.0,4,36.0,36,36,2022-01-23,2022-01-23,2020-12-13,406,0.0688073394495412,2.0,1,1,1,4.0,517.3,258.65,0.0024570024570024,931.14,38.22413793103448,0.1477832512315271,4.0,1210.482,1.0,0.8990147783251231,465.0603448275861,1.7980295566502462,68.80344827586207,1.1123287671232878,0.8990147783251231,38.22413793103448,19140.1,0.0024570024570024,2.287813267813268,148.0,2.0,Long Inactive,Low Value,Low Frequency
CUST2333,1,55,Male,UK,active,1,2,1381.08,1381.08,690.54,4.2,1,34.0,34,34,2022-12-12,2022-12-12,2020-10-09,794,0.0364077669902912,2.0,1,1,1,1.0,1381.08,690.54,0.0012578616352201,2541.1872,52.18186397984887,0.0755667506297229,1.0,3405.190848,1.0,0.459697732997481,634.8793450881611,0.919395465994962,96.01462972292192,2.175342465753425,0.459697732997481,52.18186397984887,48337.8,0.0012578616352201,3.1964618867924526,35.0,2.0,Long Inactive,High Value,Low Frequency
CUST2334,0,36,Other,India,active,1,8,545.36,545.36,68.17,4.2,3,43.0,43,43,2024-09-09,2024-09-09,2022-02-24,928,0.0313152400835073,8.0,1,1,1,3.0,545.36,68.17,0.0010764262648008,1003.4624,17.630172413793105,0.2586206896551724,3.0,1344.6396160000002,1.0,0.3933189655172413,214.50043103448277,3.1465517241379306,32.43951724137931,2.5424657534246577,0.3933189655172413,17.630172413793105,23995.84,0.0010764262648008,1.0801532831001075,132.0,2.0,Long Inactive,Low Value,Low Frequency
CUST2335,0,65,Male,USA,active,1,2,345.36,345.36,172.68,4.1,4,2.0,2,2,2023-05-06,2023-05-06,2022-09-08,240,0.1111111111111111,2.0,1,1,1,4.0,345.36,172.68,0.0041493775933609,628.5552,43.17,0.25,4.0,829.6928639999999,1.0,1.5208333333333337,525.235,3.041666666666667,78.5694,0.6575342465753424,1.5208333333333337,43.17,1036.08,0.0041493775933609,2.60811286307054,12.0,2.0,Long Inactive,Low Value,Low Frequency
CUST2336,0,54,Female,Pakistan,cancelled,1,6,1983.66,1983.66,330.61,4.4,3,6.0,6,6,2024-09-03,2024-09-03,2020-09-15,1449,0.0202839756592292,6.0,1,1,1,3.0,1983.66,330.61,0.0006896551724137,3729.280800000001,41.06956521739131,0.124223602484472,3.0,5146.407504000001,1.0,0.2518978605935127,499.6797101449276,1.5113871635610767,77.21078260869567,3.96986301369863,0.2518978605935127,41.06956521739131,13885.62,0.0006896551724137,2.5719177931034483,21.0,2.0,Long Inactive,Very High Value,Low Frequency
CUST2337,0,57,Female,Pakistan,cancelled,1,9,642.96,642.96,71.44,4.1,2,21.0,21,21,2025-07-16,2025-07-16,2021-01-04,1654,0.0178147268408551,9.0,1,1,1,2.0,642.96,71.44,0.0006042296072507,1170.1872,11.661910519951633,0.1632406287787182,2.0,1544.647104,1.0,0.220677146311971,141.88657799274486,1.986094316807739,21.22467714631197,4.531506849315068,0.220677146311971,11.661910519951633,14145.12,0.0006042296072507,0.7070617522658611,44.0,2.0,At Risk,Medium Value,Low Frequency
CUST2338,1,19,Male,UK,paused,1,7,1776.88,1776.88,253.84,4.2,2,14.0,14,14,2023-02-05,2023-02-05,2021-07-31,554,0.0513698630136986,7.0,1,1,1,2.0,1776.88,253.84,0.0018018018018018,3269.4592,96.22093862815886,0.3790613718411553,2.0,4381.075328000001,1.0,0.6588447653429603,1170.6880866425993,4.611913357400722,177.0465270758123,1.5178082191780822,0.6588447653429603,96.22093862815886,26653.2,0.0018018018018018,5.890917477477478,30.0,2.0,Long Inactive,Very High Value,Low Frequency
CUST2339,0,56,Male,India,active,1,6,1859.88,1859.88,309.98,4.1,5,46.0,46,46,2025-05-22,2025-05-22,2021-09-16,1344,0.0218340611353711,6.0,1,1,1,5.0,1859.88,309.98,0.0007434944237918,3384.9816,41.51517857142858,0.1339285714285714,5.0,4468.175711999999,1.0,0.2715773809523809,505.1013392857144,1.6294642857142858,75.557625,3.682191780821918,0.2715773809523809,41.51517857142858,87414.36,0.0007434944237918,2.5167149442379184,235.0,2.0,Long Inactive,Very High Value,Low Frequency
CUST2340,1,39,Female,Canada,cancelled,1,2,1759.6,1759.6,879.8,3.9,3,6.0,6,6,2022-07-02,2022-07-02,2021-06-19,378,0.0735294117647058,2.0,1,1,1,3.0,1759.6,879.8,0.0026385224274406,3132.088,139.65079365079364,0.1587301587301587,3.0,4009.07264,1.0,0.9656084656084656,1699.084656084656,1.9312169312169316,248.57841269841268,1.0356164383561643,0.9656084656084656,139.65079365079364,12317.2,0.0026385224274406,8.264084432717677,21.0,2.0,Long Inactive,Very High Value,Low Frequency
CUST2341,0,49,Female,Pakistan,paused,1,8,406.16,406.16,50.77,3.9,2,38.0,38,38,2023-11-04,2023-11-04,2023-11-03,1,0.9677419354838708,8.0,1,1,1,2.0,406.16,50.77,0.5,722.9648000000001,4061.6,80.0,2.0,925.394944,1.0,365.0,148248.4,2920.0,7229.648,0.0027397260273972,365.0,4061.6,15840.240000000002,0.5,361.4824,78.0,2.0,Long Inactive,Low Value,Low Frequency
CUST2342,1,49,Female,India,active,1,3,1626.72,1626.72,542.24,4.2,0,22.0,22,22,2022-11-26,2022-11-26,2022-01-11,319,0.0859598853868194,3.0,1,1,1,0.0,1626.72,542.24,0.003125,2993.1648,152.98307210031348,0.2821316614420063,0.0,4010.840832,1.0,1.1442006269592475,1861.2940438871476,3.432601880877743,281.4888526645768,0.873972602739726,1.1442006269592475,152.98307210031348,37414.56,0.003125,9.35364,0.0,2.0,Long Inactive,Very High Value,Low Frequency
CUST2343,0,24,Female,India,active,1,6,329.58,329.58,54.93,4.2,4,17.0,17,17,2025-02-17,2025-02-17,2021-05-27,1362,0.021551724137931,6.0,1,1,1,4.0,329.58,54.93,0.0007336757153338,606.4272,7.259471365638767,0.13215859030837,4.0,812.612448,1.0,0.2679882525697503,88.32356828193832,1.6079295154185025,13.35742731277533,3.731506849315069,0.2679882525697503,7.259471365638767,5932.44,0.0007336757153338,0.444920909757887,72.0,2.0,Long Inactive,Low Value,Low Frequency
CUST2344,1,56,Male,India,cancelled,1,5,924.8,924.8,184.96,3.7,1,22.0,22,22,2023-01-03,2023-01-03,2022-12-24,10,0.75,5.0,1,1,1,1.0,924.8,184.96,0.0909090909090909,1609.152,2774.4000000000005,15.0,1.0,1995.34848,1.0,36.5,33755.200000000004,182.5,4827.456,0.0273972602739726,36.5,2774.4000000000005,21270.4,0.0909090909090909,146.28654545454546,23.0,2.0,Long Inactive,Medium Value,Low Frequency
CUST2345,0,20,Other,Pakistan,cancelled,1,9,1302.3,1302.3,144.7,3.7,1,6.0,6,6,2023-12-07,2023-12-07,2021-03-22,990,0.0294117647058823,9.0,1,1,1,1.0,1302.3,144.7,0.0010090817356205,2266.002,39.46363636363636,0.2727272727272727,1.0,2809.84248,1.0,0.3686868686868687,480.140909090909,3.318181818181818,68.66672727272727,2.712328767123288,0.3686868686868687,39.46363636363636,9116.1,0.0010090817356205,2.2865812310797176,7.0,2.0,Long Inactive,High Value,Low Frequency
CUST2346,1,21,Female,India,active,1,3,1868.97,1868.97,622.99,3.4,2,13.0,13,13,2022-07-20,2022-07-20,2021-06-28,387,0.0719424460431654,3.0,1,1,1,2.0,1868.97,622.99,0.0025773195876288,3139.8696,144.8813953488372,0.2325581395348837,2.0,3705.046128,1.0,0.9431524547803618,1762.723643410853,2.8294573643410854,243.4007441860465,1.0602739726027397,0.9431524547803618,144.8813953488372,26165.58,0.0025773195876288,8.092447422680412,28.0,2.0,Long Inactive,Very High Value,Low Frequency
CUST2347,0,45,Male,Canada,paused,1,7,1228.15,1228.15,175.45,4.2,1,43.0,43,43,2024-06-30,2024-06-30,2023-12-04,209,0.1255230125523012,7.0,1,1,1,1.0,1228.15,175.45,0.0047619047619047,2259.796,176.2894736842105,1.0047846889952152,1.0,3028.12664,1.0,1.7464114832535886,2144.8552631578946,12.22488038277512,324.37263157894733,0.5726027397260274,1.7464114832535886,176.2894736842105,54038.59999999999,0.0047619047619047,10.760933333333334,44.0,2.0,Long Inactive,High Value,Low Frequency
CUST2348,0,47,Female,India,cancelled,1,9,1914.57,1914.57,212.73,4.0,0,49.0,49,49,2025-01-22,2025-01-22,2021-05-20,1343,0.021849963583394,9.0,1,1,1,0.0,1914.57,212.73,0.0007440476190476,3446.226,42.767758749069245,0.201042442293373,0.0,4480.093800000001,1.0,0.2717795979151154,520.3410647803425,2.446016381236039,76.98196574832465,3.67945205479452,0.2717795979151154,42.767758749069245,95728.5,0.0007440476190476,2.56415625,0.0,2.0,Long Inactive,Very High Value,Low Frequency
CUST2349,1,53,Male,Germany,cancelled,1,9,1074.15,1074.15,119.35,4.1,3,11.0,11,11,2021-08-22,2021-08-22,2021-08-20,2,0.9375,9.0,1,1,1,3.0,1074.15,119.34999999999998,0.3333333333333333,1954.9529999999995,10741.499999999998,90.0,3.0,2580.537959999999,1.0,182.5,196032.375,1642.5,19549.529999999995,0.0054794520547945,182.5,10741.499999999998,12889.8,0.3333333333333333,651.6509999999998,36.0,2.0,Long Inactive,High Value,Low Frequency
CUST2350,0,52,Female,Pakistan,active,1,6,907.86,907.86,151.31,3.9,5,1.0,1,1,2024-08-03,2024-08-03,2022-11-11,631,0.0453857791225416,6.0,1,1,1,5.0,907.86,151.31,0.0015822784810126,1615.9908,43.16291600633914,0.2852614896988906,5.0,2068.468224,1.0,0.5784469096671949,525.1488114104596,3.47068145800317,76.82999049128367,1.7287671232876711,0.5784469096671949,43.16291600633914,1815.72,0.0015822784810126,2.5569474683544304,10.0,2.0,Long Inactive,Medium Value,Low Frequency
CUST2351,0,45,Male,Germany,paused,1,3,1336.56,1336.56,445.52,4.0,4,16.0,16,16,2024-08-05,2024-08-05,2020-10-17,1388,0.0211565585331452,3.0,1,1,1,4.0,1336.56,445.52,0.0007199424046076,2405.808,28.888184438040344,0.0648414985590778,4.0,3127.5504,1.0,0.2629682997118155,351.4729106628242,0.7889048991354467,51.99873198847262,3.802739726027397,0.2629682997118155,28.888184438040344,22721.52,0.0007199424046076,1.7320431965442764,68.0,2.0,Long Inactive,High Value,Low Frequency
CUST2352,0,62,Male,Canada,active,1,1,1700.0,1700.0,1700.0,3.9,0,20.0,20,20,2025-06-05,2025-06-05,2021-12-15,1268,0.0231124807395993,1.0,1,1,1,0.0,1700.0,1700.0,0.0007880220646178,3026.0,40.22082018927445,0.0236593059936908,0.0,3873.28,1.0,0.2878548895899053,489.35331230283913,0.2878548895899053,71.59305993690852,3.473972602739726,0.2878548895899053,40.22082018927445,35700.0,0.0007880220646178,2.384554767533491,0.0,2.0,Long Inactive,Very High Value,Low Frequency
CUST2353,0,45,Female,India,cancelled,1,7,158.76,158.76,22.68,4.2,4,7.0,7,7,2023-11-04,2023-11-04,2020-12-15,1054,0.0276752767527675,7.0,1,1,1,4.0,158.76,22.68,0.0009478672985781,292.1184,4.518785578747628,0.1992409867172675,4.0,391.438656,1.0,0.3462998102466793,54.97855787476281,2.4240986717267554,8.314565464895637,2.887671232876712,0.3462998102466793,4.518785578747628,1270.08,0.0009478672985781,0.2768894786729858,32.0,2.0,Long Inactive,Low Value,Low Frequency
CUST2354,0,20,Female,Pakistan,paused,1,4,81.92,81.92,20.48,4.3,1,10.0,10,10,2025-03-25,2025-03-25,2023-09-04,568,0.0501672240802675,4.0,1,1,1,1.0,81.92,20.48,0.0017574692442882,152.3712,4.326760563380282,0.2112676056338028,1.0,207.224832,1.0,0.6426056338028169,52.64225352112676,2.5704225352112675,8.047774647887323,1.556164383561644,0.6426056338028169,4.326760563380282,901.12,0.0017574692442882,0.2677876977152899,11.0,2.0,Long Inactive,Low Value,Low Frequency
CUST2355,0,33,Female,USA,active,1,8,1353.6,1353.6,169.2,4.0,0,24.0,24,24,2025-02-02,2025-02-02,2022-10-26,830,0.0348837209302325,8.0,1,1,1,0.0,1353.6,169.2,0.0012033694344163,2436.48,48.92530120481927,0.2891566265060241,0.0,3167.424,1.0,0.4397590361445783,595.2578313253011,3.5180722891566263,88.0655421686747,2.2739726027397262,0.4397590361445783,48.92530120481927,33840.0,0.0012033694344163,2.931985559566787,0.0,2.0,Long Inactive,High Value,Low Frequency
CUST2356,0,58,Female,India,active,1,2,335.08,335.08,167.54,2.6,0,12.0,12,12,2025-09-06,2025-09-06,2023-04-07,883,0.0328587075575027,2.0,1,1,1,0.0,335.08,167.54,0.001131221719457,509.3216,11.384371460928651,0.0679501698754246,0.0,519.508032,1.0,0.4133635334088335,138.50985277463192,0.826727066817667,17.304244620611552,2.419178082191781,0.4133635334088335,11.384371460928651,4356.04,0.001131221719457,0.5761556561085973,0.0,2.0,At Risk,Low Value,Low Frequency
CUST2357,0,49,Female,UK,cancelled,1,9,1002.51,1002.51,111.39,3.8,3,29.0,29,29,2023-09-16,2023-09-16,2021-11-13,672,0.0427350427350427,9.0,1,1,1,3.0,1002.51,111.39,0.0014858841010401,1764.4176,44.754910714285714,0.4017857142857143,3.0,2223.166176,1.0,0.5431547619047619,544.5180803571428,4.888392857142857,78.76864285714286,1.841095890410959,0.5431547619047619,44.754910714285714,30075.3,0.0014858841010401,2.621720059435364,90.0,2.0,Long Inactive,Medium Value,Low Frequency
CUST2358,0,58,Female,Germany,cancelled,1,9,1700.1,1700.1,188.9,4.5,4,47.0,47,47,2025-08-16,2025-08-16,2021-06-10,1528,0.0192554557124518,9.0,1,1,1,4.0,1700.1,188.9,0.000654022236756,3230.19,33.378926701570684,0.1767015706806282,4.0,4522.266,1.0,0.2388743455497382,406.11027486911,2.149869109947644,63.4199607329843,4.186301369863013,0.2388743455497382,33.378926701570684,81604.8,0.000654022236756,2.1126160889470245,192.0,2.0,At Risk,Very High Value,Low Frequency
CUST2359,0,57,Female,USA,active,1,3,973.62,973.62,324.54,3.5,0,26.0,26,26,2024-10-25,2024-10-25,2023-08-15,437,0.0642398286937901,3.0,1,1,1,0.0,973.62,324.54,0.002283105022831,1655.1540000000002,66.83890160183067,0.205949656750572,0.0,1986.1848,1.0,0.8352402745995423,813.2066361556065,2.505720823798627,113.62613272311216,1.1972602739726028,0.8352402745995423,66.83890160183067,26287.74,0.002283105022831,3.778890410958904,0.0,2.0,Long Inactive,Medium Value,Low Frequency
CUST2360,0,65,Female,UK,active,1,9,566.91,566.91,62.99,3.9,3,3.0,3,3,2025-09-02,2025-09-02,2021-01-31,1675,0.0175953079178885,9.0,1,1,1,3.0,566.91,62.99,0.0005966587112171,1009.0998,10.153611940298507,0.1611940298507462,3.0,1291.647744,1.0,0.217910447761194,123.5356119402985,1.9611940298507464,18.07342925373134,4.589041095890411,0.217910447761194,10.153611940298507,2267.64,0.0005966587112171,0.6020881861575179,12.0,2.0,At Risk,Medium Value,Low Frequency
CUST2361,0,58,Male,USA,active,1,4,1884.2,1884.2,471.05,4.0,2,49.0,49,49,2023-07-24,2023-07-24,2021-08-17,706,0.0407608695652173,4.0,1,1,1,2.0,1884.2,471.05,0.0014144271570014,3391.56,80.06515580736543,0.1699716713881019,2.0,4409.028,1.0,0.5169971671388102,974.1260623229462,2.0679886685552407,144.1172804532578,1.9342465753424656,0.5169971671388102,80.06515580736543,94210.0,0.0014144271570014,4.797114568599717,100.0,2.0,Long Inactive,Very High Value,Low Frequency
CUST2362,0,67,Female,Canada,paused,1,8,184.08,184.08,23.01,4.0,1,3.0,3,3,2025-07-24,2025-07-24,2022-03-07,1235,0.0237154150197628,8.0,1,1,1,1.0,184.08,23.01,0.0008090614886731,331.34400000000005,4.471578947368422,0.194331983805668,1.0,430.7472000000001,1.0,0.2955465587044534,54.40421052631579,2.364372469635627,8.04884210526316,3.3835616438356166,0.2955465587044534,4.471578947368422,736.32,0.0008090614886731,0.2680776699029126,4.0,2.0,At Risk,Low Value,Low Frequency
CUST2363,0,41,Female,Pakistan,paused,1,6,690.54,690.54,115.09,3.5,2,36.0,36,36,2025-12-04,2025-12-04,2023-04-05,974,0.0298804780876494,6.0,1,1,1,2.0,690.54,115.09,0.001025641025641,1173.918,21.26919917864476,0.1848049281314168,2.0,1408.7016,1.0,0.3747433264887064,258.7752566735113,2.248459958932238,36.15763860369609,2.6684931506849314,0.3747433264887064,21.26919917864476,25549.98,0.001025641025641,1.2040184615384617,74.0,2.0,Very Recent,Medium Value,Low Frequency
CUST2364,1,23,Male,Canada,cancelled,1,1,1588.58,1588.58,1588.58,4.0,3,40.0,40,40,2022-01-15,2022-01-15,2020-12-28,383,0.072639225181598,1.0,1,1,1,3.0,1588.58,1588.58,0.0026041666666666,2859.444,124.43185378590076,0.0783289817232375,3.0,3717.2772,1.0,0.9530026109660574,1513.920887728459,0.9530026109660574,223.9773368146214,1.0493150684931507,0.9530026109660574,124.43185378590076,65131.78,0.0026041666666666,7.446468749999999,123.0,2.0,Long Inactive,Very High Value,Low Frequency
CUST2365,0,45,Female,UK,paused,1,7,912.31,912.31,130.33,3.4,3,48.0,48,48,2023-05-14,2023-05-14,2022-09-09,247,0.1083032490974729,7.0,1,1,1,3.0,912.31,130.33,0.0040322580645161,1532.6808,110.80688259109314,0.8502024291497977,3.0,1808.563344,1.0,1.4777327935222673,1348.1504048582997,10.34412955465587,186.1555627530365,0.6767123287671233,1.4777327935222673,110.80688259109314,44703.19,0.0040322580645161,6.180164516129032,147.0,2.0,Long Inactive,Medium Value,Low Frequency
CUST2366,1,57,Female,India,active,1,7,84.28,84.28,12.04,4.2,4,9.0,9,9,2022-09-27,2022-09-27,2022-12-06,0,1.0,7.0,1,1,1,4.0,84.28,12.04,1.0,155.0752,842.8,70.0,4.0,207.800768,1.0,365.0,30762.2,2555.0,1550.752,0.0,365.0,842.8,842.8,1.0,155.0752,40.0,2.0,Long Inactive,Low Value,Low Frequency
CUST2367,0,41,Female,Canada,active,1,1,246.03,246.03,246.03,3.8,4,17.0,17,17,2025-03-08,2025-03-08,2021-03-15,1454,0.0202156334231805,1.0,1,1,1,4.0,246.03,246.03,0.0006872852233676,433.0128,5.076272352132049,0.0206327372764786,4.0,545.596128,1.0,0.2510316368638239,61.7613136176066,0.2510316368638239,8.934239339752407,3.983561643835616,0.2510316368638239,5.076272352132049,4428.54,0.0006872852233676,0.2976032989690722,72.0,2.0,Long Inactive,Low Value,Low Frequency
CUST2368,0,54,Male,Germany,cancelled,1,1,908.2,908.2,908.2,4.1,4,18.0,18,18,2023-07-26,2023-07-26,2021-01-27,910,0.0319148936170212,1.0,1,1,1,4.0,908.2,908.2,0.0010976948408342,1652.924,29.940659340659344,0.0329670329670329,4.0,2181.85968,1.0,0.401098901098901,364.278021978022,0.401098901098901,54.492,2.493150684931507,0.401098901098901,29.940659340659344,17255.8,0.0010976948408342,1.8144061470911088,76.0,2.0,Long Inactive,Medium Value,Low Frequency
CUST2369,1,57,Other,India,cancelled,1,9,1350.0,1350.0,150.0,4.2,2,35.0,35,35,2021-12-30,2021-12-30,2021-02-24,309,0.0884955752212389,9.0,1,1,1,2.0,1350.0,150.0,0.0032258064516129,2484.0,131.06796116504853,0.8737864077669902,2.0,3328.5600000000004,1.0,1.1812297734627832,1594.6601941747574,10.63106796116505,241.1650485436893,0.8465753424657534,1.1812297734627832,131.06796116504853,48600.0,0.0032258064516129,8.012903225806452,72.0,2.0,Long Inactive,High Value,Low Frequency
CUST2370,0,61,Male,India,active,1,5,710.4000000000001,710.4000000000001,142.08,4.3,3,22.0,22,22,2024-04-05,2024-04-05,2021-10-28,890,0.0326086956521739,5.0,1,1,1,3.0,710.4000000000001,142.08,0.0011223344556677,1321.344,23.94606741573034,0.1685393258426966,3.0,1797.02784,1.0,0.4101123595505618,291.34382022471914,2.050561797752809,44.53968539325842,2.4383561643835616,0.4101123595505618,23.94606741573034,16339.200000000004,0.0011223344556677,1.482989898989899,69.0,2.0,Long Inactive,Medium Value,Low Frequency
CUST2371,1,19,Male,Canada,active,1,5,1897.8,1897.8,379.56,4.2,2,9.0,9,9,2021-08-06,2021-08-06,2021-04-27,101,0.2290076335877862,5.0,1,1,1,2.0,1897.8,379.56,0.0098039215686274,3491.952,563.7029702970297,1.4851485148514851,2.0,4679.21568,1.0,3.6138613861386144,6858.3861386138615,18.06930693069307,1037.2134653465348,0.2767123287671232,3.6138613861386144,563.7029702970297,18978.0,0.0098039215686274,34.23482352941177,20.0,2.0,Long Inactive,Very High Value,Low Frequency
CUST2372,0,23,Female,Canada,active,1,5,514.9,514.9,102.98,4.1,2,37.0,37,37,2024-11-07,2024-11-07,2023-08-04,461,0.0610997963340122,5.0,1,1,1,2.0,514.9,102.98,0.0021645021645021,937.1179999999998,33.50759219088937,0.3253796095444685,2.0,1236.9957599999996,1.0,0.7917570498915402,407.675704989154,3.958785249457701,60.98381778741864,1.263013698630137,0.7917570498915402,33.50759219088937,19566.2,0.0021645021645021,2.028393939393939,76.0,2.0,Long Inactive,Low Value,Low Frequency
CUST2373,0,64,Female,Canada,paused,1,7,1772.26,1772.26,253.18,3.9,3,36.0,36,36,2024-09-15,2024-09-15,2021-07-06,1167,0.025062656641604,7.0,1,1,1,3.0,1772.26,253.18,0.0008561643835616,3154.6228,45.559383033419024,0.1799485861182519,3.0,4037.917184,1.0,0.3127677806341045,554.3058269065981,2.189374464438732,81.09570179948587,3.197260273972603,0.3127677806341045,45.559383033419024,65573.62,0.0008561643835616,2.700875684931507,111.0,2.0,Long Inactive,Very High Value,Low Frequency
CUST2374,0,64,Male,Canada,cancelled,1,3,584.3100000000001,584.3100000000001,194.77,3.3,3,39.0,39,39,2023-06-18,2023-06-18,2022-05-21,393,0.0709219858156028,3.0,1,1,1,3.0,584.3100000000001,194.77,0.0025380710659898,969.9546,44.60381679389314,0.2290076335877862,3.0,1125.147336,1.0,0.9287531806615776,542.6797709923666,2.786259541984733,74.0423358778626,1.0767123287671232,0.9287531806615776,44.60381679389314,23372.4,0.0025380710659898,2.461813705583756,120.0,2.0,Long Inactive,Medium Value,Low Frequency
CUST2375,0,50,Male,UK,active,1,1,684.85,684.85,684.85,4.3,4,13.0,13,13,2025-01-21,2025-01-21,2023-07-31,540,0.0526315789473684,1.0,1,1,1,4.0,684.85,684.85,0.0018484288354898,1273.821,38.047222222222224,0.0555555555555555,4.0,1732.3965599999997,1.0,0.6759259259259259,462.9078703703704,0.6759259259259259,70.76783333333333,1.4794520547945205,0.6759259259259259,38.047222222222224,9587.9,0.0018484288354898,2.3545674676524952,56.0,2.0,Long Inactive,Medium Value,Low Frequency
CUST2376,0,63,Female,Pakistan,active,1,5,399.2000000000001,399.2000000000001,79.84,3.9,0,3.0,3,3,2025-05-19,2025-05-19,2023-07-07,682,0.0421348314606741,5.0,1,1,1,0.0,399.2000000000001,79.84,0.0014641288433382,710.5760000000001,17.560117302052788,0.219941348973607,0.0,909.5372800000002,1.0,0.5351906158357771,213.64809384164224,2.675953079178885,31.257008797653963,1.868493150684932,0.5351906158357771,17.560117302052788,1596.8000000000002,0.0014641288433382,1.040374816983895,0.0,2.0,Long Inactive,Low Value,Low Frequency
CUST2377,0,38,Female,Canada,cancelled,1,9,531.09,531.09,59.01,4.3,4,47.0,47,47,2024-07-13,2024-07-13,2020-11-20,1331,0.0220426157237325,9.0,1,1,1,4.0,531.09,59.010000000000005,0.0007507507507507,987.8274,11.97047332832457,0.2028549962434259,4.0,1343.445264,1.0,0.2742299023290759,145.64075882794893,2.4680691209616827,22.265080390683696,3.6465753424657534,0.2742299023290759,11.97047332832457,25492.32,0.0007507507507507,0.7416121621621622,192.0,2.0,Long Inactive,Low Value,Low Frequency
CUST2378,0,33,Female,Germany,cancelled,1,2,582.0,582.0,291.0,3.6,4,47.0,47,47,2025-07-07,2025-07-07,2023-06-05,763,0.0378310214375788,2.0,1,1,1,4.0,582.0,291.0,0.0013089005235602,1001.04,22.88335517693316,0.0786369593709043,4.0,1221.2687999999998,1.0,0.4783748361730012,278.4141546526868,0.9567496723460024,39.35937090432503,2.0904109589041098,0.4783748361730012,22.88335517693316,27936.0,0.0013089005235602,1.310261780104712,192.0,2.0,At Risk,Medium Value,Low Frequency
CUST2379,1,22,Female,USA,paused,1,7,1115.8,1115.8,159.4,3.8,1,37.0,37,37,2022-08-29,2022-08-29,2020-09-29,699,0.0411522633744856,7.0,1,1,1,1.0,1115.8,159.4,0.0014285714285714,1963.808,47.888412017167376,0.3004291845493562,1.0,2474.39808,1.0,0.5221745350500715,582.6423462088698,3.655221745350501,84.28360515021458,1.915068493150685,0.5221745350500715,47.888412017167376,42400.4,0.0014285714285714,2.80544,38.0,2.0,Long Inactive,High Value,Low Frequency
CUST2380,0,67,Female,USA,cancelled,1,1,755.57,755.57,755.57,3.9,3,20.0,20,20,2024-10-22,2024-10-22,2021-01-08,1383,0.0212314225053078,1.0,1,1,1,3.0,755.57,755.57,0.0007225433526011,1344.9146,16.389804772234275,0.0216919739696312,3.0,1721.490688,1.0,0.2639190166305133,199.40929139551704,0.2639190166305133,29.173852494577005,3.789041095890411,0.2639190166305133,16.389804772234275,15866.97,0.0007225433526011,0.9717591040462428,63.0,2.0,Long Inactive,Medium Value,Low Frequency
CUST2381,0,63,Male,USA,active,1,9,1721.16,1721.16,191.24,4.6,1,5.0,5,5,2024-10-27,2024-10-27,2021-12-08,1054,0.0276752767527675,9.0,1,1,1,1.0,1721.16,191.24,0.0009478672985781,3304.6272,48.98937381404175,0.2561669829222011,1.0,4692.570624,1.0,0.3462998102466793,596.0373814041747,3.116698292220114,94.05959772296016,2.887671232876712,0.3462998102466793,48.98937381404175,10326.96,0.0009478672985781,3.132348056872038,6.0,2.0,Long Inactive,Very High Value,Low Frequency
CUST2382,0,64,Other,USA,paused,1,1,161.58,161.58,161.58,3.8,3,10.0,10,10,2023-10-21,2023-10-21,2021-09-30,751,0.0384122919334186,1.0,1,1,1,3.0,161.58,161.58,0.0013297872340425,284.3808,6.454593874833555,0.0399467376830892,3.0,358.319808,1.0,0.4860186418109188,78.53089214380827,0.4860186418109188,11.360085219707058,2.0575342465753423,0.4860186418109188,6.454593874833555,1777.38,0.0013297872340425,0.3781659574468085,33.0,2.0,Long Inactive,Low Value,Low Frequency
CUST2383,0,67,Female,Germany,paused,1,8,126.56,126.56,15.82,3.9,3,34.0,34,34,2025-07-01,2025-07-01,2022-04-26,1162,0.0251677852348993,8.0,1,1,1,3.0,126.56,15.82,0.0008598452278589,225.2768,3.2674698795180723,0.2065404475043029,3.0,288.354304,1.0,0.3141135972461273,39.75421686746988,2.512908777969019,5.816096385542169,3.1835616438356165,0.3141135972461273,3.2674698795180723,4429.6,0.0008598452278589,0.193703181427343,105.0,2.0,At Risk,Low Value,Low Frequency
CUST2384,0,53,Male,Pakistan,active,1,2,1592.44,1592.44,796.22,4.1,3,2.0,2,2,2024-01-09,2024-01-09,2023-05-06,248,0.1079136690647482,2.0,1,1,1,3.0,1592.44,796.22,0.0040160642570281,2898.2408,192.63387096774196,0.2419354838709677,3.0,3825.677856,1.0,1.4717741935483872,2343.712096774193,2.9435483870967745,350.5936451612903,0.6794520547945205,1.4717741935483872,192.63387096774196,4777.32,0.0040160642570281,11.639521285140562,9.0,2.0,Long Inactive,Very High Value,Low Frequency
CUST2385,0,44,Male,Pakistan,cancelled,1,4,822.44,822.44,205.61,3.6,2,39.0,39,39,2024-07-14,2024-07-14,2023-12-06,221,0.1195219123505976,4.0,1,1,1,2.0,822.44,205.61,0.0045045045045045,1414.5968,111.64343891402716,0.5429864253393666,2.0,1725.808096,1.0,1.65158371040724,1358.3285067873303,6.60633484162896,192.0267149321267,0.6054794520547945,1.65158371040724,111.64343891402716,32897.600000000006,0.0045045045045045,6.372057657657658,80.0,2.0,Long Inactive,Medium Value,Low Frequency
CUST2386,0,26,Male,India,active,1,3,815.0999999999999,815.0999999999999,271.7,4.4,2,18.0,18,18,2025-05-01,2025-05-01,2022-12-17,866,0.0334821428571428,3.0,1,1,1,2.0,815.0999999999999,271.7,0.0011534025374855,1532.388,28.236720554272512,0.1039260969976905,2.0,2114.69544,1.0,0.4214780600461894,343.54676674364896,1.2644341801385683,53.085034642032326,2.372602739726027,0.4214780600461894,28.236720554272512,15486.899999999998,0.0011534025374855,1.7674602076124568,38.0,2.0,Long Inactive,Medium Value,Low Frequency
CUST2387,0,25,Female,Pakistan,active,1,6,281.76,281.76,46.96,4.3,1,15.0,15,15,2023-11-25,2023-11-25,2023-04-04,235,0.1132075471698113,6.0,1,1,1,1.0,281.76,46.96,0.0042372881355932,524.0735999999999,35.96936170212766,0.7659574468085106,1.0,712.7400959999999,1.0,1.553191489361702,437.62723404255314,9.319148936170212,66.90301276595744,0.6438356164383562,1.553191489361702,35.96936170212766,4508.16,0.0042372881355932,2.2206508474576268,16.0,2.0,Long Inactive,Low Value,Low Frequency
CUST2388,0,64,Female,Germany,active,1,1,1221.69,1221.69,1221.69,4.7,2,8.0,8,8,2024-09-25,2024-09-25,2022-04-12,897,0.0323624595469255,1.0,1,1,1,2.0,1221.69,1221.69,0.0011135857461024,2370.0786,40.85919732441472,0.0334448160535117,2.0,3412.9131839999995,1.0,0.4069119286510591,497.12023411371246,0.4069119286510591,79.26684280936455,2.4575342465753423,0.4069119286510591,40.85919732441472,10995.21,0.0011135857461024,2.6392857461024497,18.0,2.0,Long Inactive,High Value,Low Frequency
CUST2389,0,39,Male,Germany,cancelled,1,3,1270.62,1270.62,423.54,4.3,3,12.0,12,12,2024-03-01,2024-03-01,2021-05-22,1014,0.028735632183908,3.0,1,1,1,3.0,1270.62,423.54,0.0009852216748768,2363.3532,37.5923076923077,0.0887573964497041,3.0,3214.160352,1.0,0.3599605522682446,457.373076923077,1.0798816568047338,69.92169230769231,2.778082191780822,0.3599605522682446,37.5923076923077,16518.06,0.0009852216748768,2.3284267980295565,39.0,2.0,Long Inactive,High Value,Low Frequency
CUST2390,0,26,Female,India,cancelled,1,9,1612.8,1612.8,179.2,3.9,3,40.0,40,40,2024-06-30,2024-06-30,2022-01-27,885,0.0327868852459016,9.0,1,1,1,3.0,1612.8,179.2,0.0011286681715575,2870.784,54.67118644067797,0.3050847457627119,3.0,3674.60352,1.0,0.4124293785310735,665.1661016949153,3.711864406779661,97.3147118644068,2.4246575342465757,0.4124293785310735,54.67118644067797,66124.8,0.0011286681715575,3.240162528216704,123.0,2.0,Long Inactive,Very High Value,Low Frequency
CUST2391,1,54,Male,USA,active,1,4,148.12,148.12,37.03,3.9,0,31.0,31,31,2021-05-25,2021-05-25,2020-10-17,220,0.12,4.0,1,1,1,0.0,148.12,37.03,0.004524886877828,263.65360000000004,20.19818181818182,0.5454545454545455,0.0,337.47660800000006,1.0,1.6590909090909092,245.7445454545455,6.636363636363637,35.95276363636364,0.6027397260273972,1.6590909090909092,20.19818181818182,4739.84,0.004524886877828,1.193002714932127,0.0,2.0,Long Inactive,Low Value,Low Frequency
CUST2392,1,63,Male,India,active,1,8,949.04,949.04,118.63,3.7,0,47.0,47,47,2021-03-07,2021-03-07,2020-10-10,148,0.1685393258426966,8.0,1,1,1,0.0,949.04,118.63,0.0067114093959731,1651.3296,192.37297297297292,1.6216216216216215,0.0,2047.648704,1.0,2.466216216216216,2340.5378378378377,19.72972972972973,334.72897297297294,0.4054794520547945,2.466216216216216,192.37297297297292,45553.92,0.0067114093959731,11.082748993288591,0.0,2.0,Long Inactive,Medium Value,Low Frequency
CUST2393,0,33,Male,UK,paused,1,5,1298.8,1298.8,259.76,3.5,1,15.0,15,15,2024-08-09,2024-08-09,2023-10-04,310,0.088235294117647,5.0,1,1,1,1.0,1298.8,259.76,0.0032154340836012,2207.96,125.69032258064514,0.4838709677419354,1.0,2649.552,1.0,1.1774193548387095,1529.232258064516,5.887096774193549,213.6735483870968,0.8493150684931506,1.1774193548387095,125.69032258064514,20780.8,0.0032154340836012,7.099549839228296,16.0,2.0,Long Inactive,High Value,Low Frequency
CUST2394,0,51,Male,UK,paused,1,5,847.4,847.4,169.48,4.0,2,39.0,39,39,2024-06-16,2024-06-16,2021-10-28,962,0.0302419354838709,5.0,1,1,1,2.0,847.4,169.48,0.0010384215991692,1525.32,26.426195426195424,0.1559251559251559,2.0,1982.916,1.0,0.3794178794178794,321.51871101871103,1.897089397089397,47.56715176715176,2.6356164383561644,0.3794178794178794,26.426195426195424,33896.0,0.0010384215991692,1.5839252336448597,80.0,2.0,Long Inactive,Medium Value,Low Frequency
CUST2395,0,59,Male,UK,cancelled,1,9,895.59,895.59,99.51,4.1,4,31.0,31,31,2024-04-02,2024-04-02,2021-10-10,905,0.0320855614973262,9.0,1,1,1,4.0,895.59,99.51,0.0011037527593818,1629.9738,29.68806629834254,0.2983425414364641,4.0,2151.565416,1.0,0.4033149171270718,361.2048066298343,3.6298342541436464,54.03228066298343,2.4794520547945207,0.4033149171270718,29.68806629834254,28658.88,0.0011037527593818,1.7990880794701989,128.0,2.0,Long Inactive,Medium Value,Low Frequency
CUST2396,0,62,Female,UK,active,1,1,1615.8,1615.8,1615.8,3.9,3,9.0,9,9,2025-01-18,2025-01-18,2021-08-28,1239,0.0236406619385342,1.0,1,1,1,3.0,1615.8,1615.8,0.0008064516129032,2876.124,39.12348668280872,0.0242130750605326,3.0,3681.43872,1.0,0.294592413236481,476.0024213075061,0.294592413236481,69.63980629539951,3.3945205479452056,0.294592413236481,39.12348668280872,16158.0,0.0008064516129032,2.319454838709677,30.0,2.0,Long Inactive,Very High Value,Low Frequency
CUST2397,0,67,Female,Pakistan,active,1,1,1785.74,1785.74,1785.74,4.4,2,41.0,41,41,2025-02-25,2025-02-25,2021-08-21,1284,0.0228310502283105,1.0,1,1,1,2.0,1785.74,1785.74,0.0007782101167315,3357.1912,41.72289719626168,0.0233644859813084,2.0,4632.923856,1.0,0.2842679127725857,507.6285825545171,0.2842679127725857,78.43904672897197,3.5178082191780824,0.2842679127725857,41.72289719626168,75001.08,0.0007782101167315,2.612600155642024,84.0,2.0,Long Inactive,Very High Value,Low Frequency
CUST2398,1,69,Male,Canada,active,1,7,582.96,582.96,83.28,4.3,4,33.0,33,33,2022-05-11,2022-05-11,2021-01-30,466,0.0604838709677419,7.0,1,1,1,4.0,582.96,83.28,0.0021413276231263,1084.3056,37.52961373390559,0.4506437768240343,4.0,1474.6556159999998,1.0,0.7832618025751072,456.6103004291845,5.482832618025751,69.80508154506437,1.2767123287671234,0.7832618025751072,37.52961373390559,19820.64,0.0021413276231263,2.3218535331905783,136.0,2.0,Long Inactive,Medium Value,Low Frequency
CUST2399,0,31,Male,USA,active,1,9,393.84,393.84,43.76,4.5,1,49.0,49,49,2023-04-05,2023-04-05,2021-08-22,591,0.0483091787439613,9.0,1,1,1,1.0,393.84,43.76,0.0016891891891891,748.2959999999999,19.991878172588837,0.4568527918781726,1.0,1047.6144,1.0,0.6175972927241963,243.23451776649748,5.558375634517767,37.98456852791878,1.6191780821917807,0.6175972927241963,19.991878172588837,19692.0,0.0016891891891891,1.2640135135135135,50.0,2.0,Long Inactive,Low Value,Low Frequency
CUST2400,0,18,Male,Canada,active,1,4,1660.88,1660.88,415.22,4.0,4,35.0,35,35,2024-09-11,2024-09-11,2021-10-11,1066,0.0273722627737226,4.0,1,1,1,4.0,1660.88,415.22,0.0009372071227741,2989.5840000000003,46.74146341463416,0.1125703564727955,4.0,3886.4592000000007,1.0,0.3424015009380863,568.6878048780487,1.3696060037523452,84.13463414634148,2.92054794520548,0.3424015009380863,46.74146341463416,59791.68000000001,0.0009372071227741,2.8018594189315844,144.0,2.0,Long Inactive,Very High Value,Low Frequency
CUST2401,0,56,Male,India,cancelled,1,6,1567.92,1567.92,261.32,3.9,2,32.0,32,32,2024-09-15,2024-09-15,2020-12-29,1356,0.0216450216450216,6.0,1,1,1,2.0,1567.92,261.32,0.0007369196757553,2790.8976,34.68849557522124,0.1327433628318584,2.0,3572.3489280000003,1.0,0.2691740412979351,422.0433628318584,1.6150442477876108,61.74552212389381,3.7150684931506848,0.2691740412979351,34.68849557522124,51741.36,0.0007369196757553,2.0566673544583645,66.0,2.0,Long Inactive,Very High Value,Low Frequency
CUST2402,0,57,Female,USA,active,1,3,799.17,799.17,266.39,4.2,3,32.0,32,32,2023-10-28,2023-10-28,2022-01-06,660,0.0434782608695652,3.0,1,1,1,3.0,799.17,266.39,0.0015128593040847,1470.4728,36.325909090909086,0.1363636363636363,3.0,1970.433552,1.0,0.5530303030303031,441.9652272727273,1.6590909090909092,66.83967272727273,1.808219178082192,0.5530303030303031,36.325909090909086,26372.61,0.0015128593040847,2.2246184568835097,99.0,2.0,Long Inactive,Medium Value,Low Frequency
CUST2403,1,35,Other,USA,paused,1,8,1058.48,1058.48,132.31,4.1,2,11.0,11,11,2021-10-11,2021-10-11,2021-05-17,147,0.1694915254237288,8.0,1,1,1,2.0,1058.48,132.31,0.0067567567567567,1926.4336,216.01632653061225,1.6326530612244896,2.0,2542.8923519999994,1.0,2.4829931972789114,2628.198639455782,19.86394557823129,393.1497142857142,0.4027397260273972,2.4829931972789114,216.01632653061225,12701.76,0.0067567567567567,13.016443243243245,24.0,2.0,Long Inactive,High Value,Low Frequency
CUST2404,0,56,Male,UK,active,1,5,1923.4,1923.4,384.68,3.7,3,18.0,18,18,2023-05-27,2023-05-27,2023-04-05,52,0.3658536585365853,5.0,1,1,1,3.0,1923.4,384.68,0.0188679245283018,3346.7160000000003,1109.6538461538462,2.8846153846153846,3.0,4149.92784,1.0,7.019230769230769,13500.788461538465,35.09615384615385,1930.7976923076924,0.1424657534246575,7.019230769230769,1109.6538461538462,36544.6,0.0188679245283018,63.14558490566038,57.0,2.0,Long Inactive,Very High Value,Low Frequency
CUST2405,0,20,Male,Canada,active,1,1,1914.38,1914.38,1914.38,4.1,5,10.0,10,10,2023-02-18,2023-02-18,2022-03-19,336,0.0819672131147541,1.0,1,1,1,5.0,1914.38,1914.38,0.0029673590504451,3484.1716,170.92678571428573,0.0892857142857142,5.0,4599.106511999999,1.0,1.0863095238095235,2079.6092261904764,1.0863095238095235,311.08675,0.9205479452054794,1.0863095238095235,170.92678571428573,21058.18,0.0029673590504451,10.338788130563795,55.0,2.0,Long Inactive,Very High Value,Low Frequency
CUST2406,0,49,Male,Pakistan,active,1,2,1358.82,1358.82,679.41,4.2,0,41.0,41,41,2023-07-15,2023-07-15,2023-05-06,70,0.3,2.0,1,1,1,0.0,1358.82,679.41,0.0140845070422535,2500.2288,582.3514285714285,0.8571428571428571,0.0,3350.306592,1.0,5.214285714285714,7085.2757142857145,10.428571428571429,1071.5266285714283,0.1917808219178082,5.214285714285714,582.3514285714285,57070.44,0.0140845070422535,35.21449014084507,0.0,2.0,Long Inactive,High Value,Low Frequency
CUST2407,1,63,Male,Pakistan,cancelled,1,3,436.14,436.14,145.38,4.3,2,30.0,30,30,2021-11-11,2021-11-11,2021-08-17,86,0.2586206896551724,3.0,1,1,1,2.0,436.14,145.38,0.0114942528735632,811.2203999999999,152.14186046511628,1.0465116279069768,2.0,1103.2597439999995,1.0,4.244186046511628,1851.0593023255813,12.732558139534884,282.98386046511627,0.2356164383561644,4.244186046511628,152.14186046511628,13520.34,0.0114942528735632,9.324372413793103,62.0,2.0,Long Inactive,Low Value,Low Frequency
CUST2408,1,33,Female,Germany,active,1,7,1533.5600000000002,1533.5600000000002,219.08,3.6,3,16.0,16,16,2021-04-18,2021-04-18,2021-01-22,86,0.2586206896551724,7.0,1,1,1,3.0,1533.5600000000002,219.08,0.0114942528735632,2637.7232000000004,534.9627906976744,2.441860465116279,3.0,3218.0223040000005,1.0,4.244186046511628,6508.713953488373,29.709302325581397,920.136,0.2356164383561644,4.244186046511628,534.9627906976744,26070.520000000004,0.0114942528735632,30.318657471264373,51.0,2.0,Long Inactive,Very High Value,Low Frequency
CUST2409,1,43,Male,India,active,1,7,636.09,636.09,90.87,4.1,2,25.0,25,25,2021-09-15,2021-09-15,2021-04-24,144,0.1724137931034483,7.0,1,1,1,2.0,636.09,90.87,0.0068965517241379,1157.6838,132.51875,1.4583333333333337,2.0,1528.142616,1.0,2.5347222222222223,1612.3114583333331,17.743055555555557,241.184125,0.3945205479452054,2.5347222222222223,132.51875,16538.34,0.0068965517241379,7.984026206896551,52.0,2.0,Long Inactive,Medium Value,Low Frequency
CUST2410,0,21,Male,Germany,paused,1,2,72.02,72.02,36.01,4.5,4,9.0,9,9,2024-06-14,2024-06-14,2023-04-28,413,0.0677200902934537,2.0,1,1,1,4.0,72.02,36.01,0.002415458937198,136.838,5.231476997578692,0.1452784503631961,4.0,191.5732,1.0,0.8837772397094432,63.649636803874095,1.7675544794188864,9.939806295399515,1.1315068493150684,0.8837772397094432,5.231476997578692,720.1999999999999,0.002415458937198,0.3305265700483091,40.0,2.0,Long Inactive,Low Value,Low Frequency
CUST2411,0,65,Male,USA,paused,1,5,1940.3,1940.3,388.06,4.2,2,45.0,45,45,2024-08-13,2024-08-13,2022-12-26,596,0.047923322683706,5.0,1,1,1,2.0,1940.3,388.06,0.0016750418760469,3570.152,97.66610738255034,0.2516778523489932,2.0,4784.003680000001,1.0,0.6124161073825504,1188.2709731543623,3.062080536912752,179.7056375838926,1.632876712328767,0.6124161073825504,97.66610738255034,89253.8,0.0016750418760469,5.9801541038525965,92.0,2.0,Long Inactive,Very High Value,Low Frequency
CUST2412,0,48,Female,Canada,active,1,4,327.28,327.28,81.82,4.3,5,33.0,33,33,2025-03-23,2025-03-23,2021-05-08,1415,0.0207612456747404,4.0,1,1,1,5.0,327.28,81.82,0.0007062146892655,608.7407999999999,6.938798586572438,0.0848056537102473,5.0,827.8874879999998,1.0,0.2579505300353357,84.42204946996466,1.0318021201413428,12.906165371024734,3.8767123287671232,0.2579505300353357,6.938798586572438,11127.52,0.0007062146892655,0.4299016949152542,170.0,2.0,Long Inactive,Low Value,Low Frequency
CUST2413,0,42,Female,Germany,active,1,8,859.2,859.2,107.4,4.0,0,5.0,5,5,2025-08-05,2025-08-05,2021-11-29,1345,0.0218181818181818,8.0,1,1,1,0.0,859.2,107.4,0.00074294205052,1546.5600000000002,19.164312267657994,0.1784386617100371,0.0,2010.528,1.0,0.2713754646840148,233.1657992565056,2.171003717472119,34.49576208178439,3.684931506849315,0.2713754646840148,19.164312267657994,5155.200000000001,0.00074294205052,1.1490044576523033,0.0,2.0,At Risk,Medium Value,Low Frequency
CUST2414,0,38,Male,USA,active,1,3,1969.95,1969.95,656.65,4.2,3,13.0,13,13,2024-01-05,2024-01-05,2022-10-28,434,0.0646551724137931,3.0,1,1,1,3.0,1969.95,656.65,0.0022988505747126,3624.708,136.1716589861751,0.2073732718894009,3.0,4857.10872,1.0,0.8410138248847926,1656.7551843317972,2.5230414746543777,250.55585253456215,1.189041095890411,0.8410138248847926,136.1716589861751,27579.3,0.0022988505747126,8.332662068965517,42.0,2.0,Long Inactive,Very High Value,Low Frequency
CUST2415,0,69,Male,UK,active,1,8,1704.56,1704.56,213.07,4.2,1,47.0,47,47,2024-12-17,2024-12-17,2023-01-21,696,0.0413223140495867,8.0,1,1,1,1.0,1704.56,213.07,0.0014347202295552,3136.3904,73.47241379310344,0.3448275862068966,1.0,4202.7631360000005,1.0,0.5244252873563219,893.914367816092,4.195402298850575,135.18924137931035,1.906849315068493,0.5244252873563219,73.47241379310344,81818.88,0.0014347202295552,4.499842754662842,48.0,2.0,Long Inactive,Very High Value,Low Frequency
CUST2416,0,63,Female,Canada,cancelled,1,6,1559.4,1559.4,259.9,4.5,4,34.0,34,34,2024-08-10,2024-08-10,2023-04-05,493,0.0573613766730401,6.0,1,1,1,4.0,1559.4,259.9,0.0020242914979757,2962.86,94.89249492900608,0.3651115618661257,4.0,4148.003999999999,1.0,0.7403651115618662,1154.525354969574,4.442190669371197,180.29574036511156,1.3506849315068492,0.7403651115618662,94.89249492900608,54578.99999999999,0.0020242914979757,5.997692307692307,140.0,2.0,Long Inactive,Very High Value,Low Frequency
CUST2417,0,59,Female,UK,active,1,1,1499.25,1499.25,1499.25,3.8,1,4.0,4,4,2024-12-19,2024-12-19,2023-04-19,610,0.046875,1.0,1,1,1,1.0,1499.25,1499.25,0.0016366612111292,2638.68,73.73360655737706,0.0491803278688524,1.0,3324.7368,1.0,0.5983606557377049,897.0922131147541,0.5983606557377049,129.7711475409836,1.6712328767123288,0.5983606557377049,73.73360655737706,7496.25,0.0016366612111292,4.318625204582651,5.0,2.0,Long Inactive,Very High Value,Low Frequency
CUST2418,0,57,Female,UK,active,1,9,1457.37,1457.37,161.93,4.4,2,39.0,39,39,2024-06-21,2024-06-21,2021-02-09,1228,0.0238473767885532,9.0,1,1,1,2.0,1457.37,161.93,0.000813669650122,2739.8556000000003,35.6035016286645,0.2198697068403909,2.0,3781.000728000001,1.0,0.2972312703583062,433.1759364820848,2.675081433224756,66.93458306188927,3.364383561643836,0.2972312703583062,35.6035016286645,58294.8,0.000813669650122,2.2293373474369407,80.0,2.0,Long Inactive,High Value,Low Frequency
CUST2419,0,33,Male,Pakistan,active,1,8,1836.4,1836.4,229.55,4.1,3,21.0,21,21,2025-08-17,2025-08-17,2021-05-22,1548,0.0190114068441064,8.0,1,1,1,3.0,1836.4,229.55,0.0006455777921239,3342.248,35.58914728682171,0.1550387596899224,3.0,4411.76736,1.0,0.2357881136950904,433.00129198966414,1.886304909560724,64.7722480620155,4.241095890410959,0.2357881136950904,35.58914728682171,40400.8,0.0006455777921239,2.15768108457069,66.0,2.0,At Risk,Very High Value,Low Frequency
CUST2420,0,66,Female,USA,cancelled,1,1,298.18,298.18,298.18,4.2,1,13.0,13,13,2024-04-25,2024-04-25,2023-04-24,367,0.0755667506297229,1.0,1,1,1,1.0,298.18,298.18,0.0027173913043478,548.6512,24.37438692098093,0.0817438692098092,1.0,735.1926080000001,1.0,0.994550408719346,296.55504087193464,0.994550408719346,44.84887193460491,1.0054794520547945,0.994550408719346,24.37438692098093,4174.52,0.0027173913043478,1.4909,14.0,2.0,Long Inactive,Low Value,Low Frequency
CUST2421,0,56,Female,India,cancelled,1,1,1299.21,1299.21,1299.21,4.3,1,8.0,8,8,2024-12-11,2024-12-11,2022-01-16,1060,0.0275229357798165,1.0,1,1,1,1.0,1299.21,1299.21,0.000942507068803,2416.5306,36.77009433962264,0.0283018867924528,1.0,3286.481616,1.0,0.3443396226415094,447.36948113207546,0.3443396226415094,68.39237547169812,2.904109589041096,0.3443396226415094,36.77009433962264,11692.89,0.000942507068803,2.2775971724787936,9.0,2.0,Long Inactive,High Value,Low Frequency
CUST2422,1,28,Female,India,active,1,7,1208.83,1208.83,172.69,4.1,0,19.0,19,19,2022-05-07,2022-05-07,2021-02-25,436,0.0643776824034334,7.0,1,1,1,0.0,1208.83,172.69,0.0022883295194508,2200.0706,83.17637614678898,0.481651376146789,0.0,2904.093191999999,1.0,0.8371559633027523,1011.979243119266,5.860091743119266,151.38100458715593,1.1945205479452057,0.8371559633027523,83.17637614678898,24176.6,0.0022883295194508,5.034486498855834,0.0,2.0,Long Inactive,High Value,Low Frequency
CUST2423,0,56,Female,UK,active,1,3,1437.36,1437.36,479.12,4.2,3,35.0,35,35,2024-03-02,2024-03-02,2023-02-16,380,0.073170731707317,3.0,1,1,1,3.0,1437.36,479.12000000000006,0.0026246719160104,2644.7424000000005,113.47578947368424,0.2368421052631579,3.0,3543.954816000001,1.0,0.9605263157894738,1380.622105263158,2.881578947368421,208.795452631579,1.0410958904109588,0.9605263157894738,113.47578947368424,51744.96000000001,0.0026246719160104,6.941581102362206,108.0,2.0,Long Inactive,High Value,Low Frequency
CUST2424,0,53,Female,UK,active,1,8,1124.88,1124.88,140.61,4.1,2,2.0,2,2,2023-10-21,2023-10-21,2022-06-29,479,0.0589390962671905,8.0,1,1,1,2.0,1124.88,140.61,0.0020833333333333,2047.2816,70.45177453027141,0.5010438413361169,2.0,2702.411712,1.0,0.7620041753653445,857.1632567849688,6.096033402922756,128.22222964509393,1.3123287671232875,0.7620041753653445,70.45177453027141,3374.6400000000003,0.0020833333333333,4.26517,6.0,2.0,Long Inactive,High Value,Low Frequency
CUST2425,1,49,Male,UK,paused,1,7,1458.3100000000002,1458.3100000000002,208.33,3.9,0,30.0,30,30,2022-05-21,2022-05-21,2021-03-05,442,0.0635593220338983,7.0,1,1,1,0.0,1458.3100000000002,208.33,0.0022573363431151,2595.7918000000004,98.98031674208148,0.4751131221719457,0.0,3322.613504000001,1.0,0.82579185520362,1204.2605203619912,5.78054298642534,176.18496380090502,1.210958904109589,0.82579185520362,98.98031674208148,45207.61000000001,0.0022573363431151,5.859575169300226,0.0,2.0,Long Inactive,High Value,Low Frequency
CUST2426,0,23,Female,Germany,active,1,9,905.58,905.58,100.62,3.9,1,13.0,13,13,2024-05-26,2024-05-26,2021-06-21,1070,0.0272727272727272,9.0,1,1,1,1.0,905.58,100.62,0.0009337068160597,1611.9324,25.390093457943927,0.2523364485981308,1.0,2063.2734720000003,1.0,0.3411214953271028,308.91280373831773,3.070093457943925,45.1943663551402,2.9315068493150687,0.3411214953271028,25.390093457943927,12678.12,0.0009337068160597,1.5050722689075633,14.0,2.0,Long Inactive,Medium Value,Low Frequency
CUST2427,0,21,Male,Germany,cancelled,1,8,53.12,53.12,6.64,3.8,0,15.0,15,15,2023-04-13,2023-04-13,2022-02-03,434,0.0646551724137931,8.0,1,1,1,0.0,53.12,6.64,0.0022988505747126,93.4912,3.6718894009216583,0.5529953917050692,0.0,117.798912,1.0,0.8410138248847926,44.67465437788018,6.728110599078341,6.462525345622119,1.189041095890411,0.8410138248847926,3.6718894009216583,849.92,0.0022988505747126,0.2149222988505746,0.0,2.0,Long Inactive,Low Value,Low Frequency
CUST2428,0,48,Female,Germany,paused,1,8,1050.72,1050.72,131.34,4.6,4,31.0,31,31,2024-08-01,2024-08-01,2023-08-05,362,0.0765306122448979,8.0,1,1,1,4.0,1050.72,131.34,0.0027548209366391,2017.3824,87.07624309392266,0.6629834254143646,4.0,2864.683008,1.0,1.0082872928176796,1059.4276243093925,8.066298342541437,167.1863867403315,0.9917808219178084,1.0082872928176796,87.07624309392266,33623.04,0.0027548209366391,5.557527272727273,128.0,2.0,Long Inactive,Medium Value,Low Frequency
CUST2429,0,36,Male,Germany,active,1,1,1092.39,1092.39,1092.39,3.6,5,45.0,45,45,2024-04-09,2024-04-09,2023-01-20,445,0.0631578947368421,1.0,1,1,1,5.0,1092.39,1092.39,0.0022421524663677,1878.9108,73.64426966292135,0.0674157303370786,5.0,2292.271176,1.0,0.8202247191011236,896.0052808988765,0.8202247191011236,126.66814382022471,1.2191780821917808,0.8202247191011236,73.64426966292135,50249.94,0.0022421524663677,4.212804484304933,230.0,2.0,Long Inactive,High Value,Low Frequency
CUST2430,0,50,Female,UK,cancelled,1,4,1638.6,1638.6,409.65,4.1,2,41.0,41,41,2023-05-11,2023-05-11,2021-12-19,508,0.0557620817843866,4.0,1,1,1,2.0,1638.6,409.65,0.0019646365422396,2982.2519999999995,96.76771653543308,0.2362204724409448,2.0,3936.572639999999,1.0,0.718503937007874,1177.3405511811022,2.874015748031496,176.11724409448814,1.3917808219178085,0.718503937007874,96.76771653543308,68821.2,0.0019646365422396,5.859041257367386,84.0,2.0,Long Inactive,Very High Value,Low Frequency
CUST2431,0,25,Male,USA,cancelled,1,4,622.92,622.92,155.73,4.2,4,4.0,4,4,2023-11-17,2023-11-17,2022-05-26,540,0.0526315789473684,4.0,1,1,1,4.0,622.92,155.73,0.0018484288354898,1146.1728,34.60666666666666,0.2222222222222222,4.0,1535.871552,1.0,0.6759259259259259,421.04777777777775,2.703703703703704,63.67626666666667,1.4794520547945205,0.6759259259259259,34.60666666666666,3114.6,0.0018484288354898,2.118618853974122,20.0,2.0,Long Inactive,Medium Value,Low Frequency
CUST2432,0,47,Female,UK,paused,1,8,1808.64,1808.64,226.08,4.3,3,5.0,5,5,2024-11-23,2024-11-23,2020-10-14,1501,0.0195950359242325,8.0,1,1,1,3.0,1808.64,226.08,0.0006657789613848,3364.0704,36.14870086608928,0.1598934043970686,3.0,4575.135743999999,1.0,0.2431712191872085,439.8091938707529,1.9453697534976684,67.23658361092605,4.112328767123287,0.2431712191872085,36.14870086608928,10851.84,0.0006657789613848,2.239727296937417,18.0,2.0,Long Inactive,Very High Value,Low Frequency
CUST2433,0,31,Female,Germany,active,1,1,1695.0,1695.0,1695.0,3.9,0,32.0,32,32,2024-05-05,2024-05-05,2021-12-22,865,0.0335195530726257,1.0,1,1,1,0.0,1695.0,1695.0,0.0011547344110854,3017.1,58.78612716763006,0.0346820809248554,0.0,3861.888,1.0,0.4219653179190751,715.2312138728323,0.4219653179190751,104.6393063583815,2.3698630136986303,0.4219653179190751,58.78612716763006,55935.0,0.0011547344110854,3.483949191685912,0.0,2.0,Long Inactive,Very High Value,Low Frequency
CUST2434,0,54,Male,Germany,active,1,7,703.71,703.71,100.53,3.9,0,10.0,10,10,2023-09-17,2023-09-17,2022-05-20,485,0.058252427184466,7.0,1,1,1,0.0,703.71,100.53,0.0020576131687242,1252.6038,43.52845360824743,0.4329896907216494,0.0,1603.3328640000002,1.0,0.7525773195876289,529.5961855670104,5.268041237113402,77.4806474226804,1.3287671232876712,0.7525773195876289,43.52845360824743,7740.81,0.0020576131687242,2.5773740740740743,0.0,2.0,Long Inactive,Medium Value,Low Frequency
CUST2435,0,68,Female,Canada,cancelled,1,2,1502.12,1502.12,751.06,4.0,2,37.0,37,37,2024-06-11,2024-06-11,2022-12-09,550,0.0517241379310344,2.0,1,1,1,2.0,1502.12,751.06,0.0018148820326678,2703.816,81.93381818181818,0.1090909090909091,2.0,3514.9608,1.0,0.6636363636363636,996.8614545454544,1.3272727272727272,147.48087272727273,1.5068493150684932,0.6636363636363636,81.93381818181818,57080.56,0.0018148820326678,4.907107078039927,76.0,2.0,Long Inactive,Very High Value,Low Frequency
CUST2436,0,36,Female,Canada,paused,1,2,908.34,908.34,454.17,4.4,1,34.0,34,34,2024-02-20,2024-02-20,2021-06-18,977,0.0297914597815292,2.0,1,1,1,1.0,908.34,454.17,0.0010224948875255,1707.6792000000005,27.891709314227224,0.0614124872057318,1.0,2356.5972960000004,1.0,0.3735926305015353,339.3491299897645,0.7471852610030706,52.43641351074719,2.6767123287671235,0.3735926305015353,27.891709314227224,31791.9,0.0010224948875255,1.7460932515337428,35.0,2.0,Long Inactive,Medium Value,Low Frequency
CUST2437,0,51,Male,Germany,active,1,4,1197.2,1197.2,299.3,4.2,0,15.0,15,15,2023-09-16,2023-09-16,2023-02-13,215,0.1224489795918367,4.0,1,1,1,0.0,1197.2,299.3,0.0046296296296296,2202.848,167.05116279069767,0.5581395348837209,0.0,2951.81632,1.0,1.697674418604651,2032.4558139534884,6.790697674418604,307.3741395348837,0.589041095890411,1.697674418604651,167.05116279069767,19155.2,0.0046296296296296,10.19837037037037,0.0,2.0,Long Inactive,High Value,Low Frequency
CUST2438,0,64,Female,USA,active,1,1,234.74,234.74,234.74,4.5,1,36.0,36,36,2024-07-26,2024-07-26,2021-06-10,1142,0.0255972696245733,1.0,1,1,1,1.0,234.74,234.74,0.0008748906386701,446.006,6.166549912434325,0.0262697022767075,1.0,624.4083999999999,1.0,0.319614711033275,75.02635726795097,0.319614711033275,11.716444833625218,3.128767123287671,0.319614711033275,6.166549912434325,8685.380000000001,0.0008748906386701,0.3902064741907261,37.0,2.0,Long Inactive,Low Value,Low Frequency
CUST2439,1,63,Female,USA,cancelled,1,6,1330.14,1330.14,221.69,4.1,2,11.0,11,11,2023-02-03,2023-02-03,2021-06-25,588,0.0485436893203883,6.0,1,1,1,2.0,1330.14,221.69,0.0016977928692699,2420.8548,67.8642857142857,0.3061224489795918,2.0,3195.528335999999,1.0,0.6207482993197279,825.6821428571427,3.724489795918368,123.51299999999998,1.610958904109589,0.6207482993197279,67.8642857142857,15961.679999999998,0.0016977928692699,4.110110016977928,24.0,2.0,Long Inactive,High Value,Low Frequency
CUST2440,1,66,Male,UK,paused,1,2,1489.12,1489.12,744.56,4.1,4,37.0,37,37,2022-11-03,2022-11-03,2021-12-13,325,0.0845070422535211,2.0,1,1,1,4.0,1489.12,744.56,0.0030674846625766,2710.1984,137.45723076923076,0.1846153846153846,4.0,3577.461888,1.0,1.123076923076923,1672.3963076923076,2.246153846153846,250.17216,0.8904109589041096,1.123076923076923,137.45723076923076,56586.56,0.0030674846625766,8.313492024539876,152.0,2.0,Long Inactive,High Value,Low Frequency
CUST2441,1,26,Male,UK,active,1,3,1200.21,1200.21,400.07,4.2,3,24.0,24,24,2021-04-12,2021-04-12,2021-09-30,0,1.0,3.0,1,1,1,3.0,1200.21,400.07,1.0,2208.3864000000003,12002.1,30.0,3.0,2959.2377760000004,1.0,365.0,438076.65,1095.0,22083.864,0.0,365.0,12002.1,30005.25,1.0,2208.3864000000003,75.0,2.0,Long Inactive,High Value,Low Frequency
CUST2442,0,21,Male,USA,cancelled,1,3,1172.97,1172.97,390.99,4.2,5,34.0,34,34,2024-03-12,2024-03-12,2021-12-26,807,0.03584229390681,3.0,1,1,1,5.0,1172.97,390.99,0.0012376237623762,2158.2648,43.604832713754654,0.1115241635687732,5.0,2892.074832,1.0,0.4522924411400247,530.5254646840149,1.3568773234200742,80.23289219330856,2.210958904109589,0.4522924411400247,43.604832713754654,41053.95,0.0012376237623762,2.671119801980198,175.0,2.0,Long Inactive,High Value,Low Frequency
CUST2443,1,64,Male,India,cancelled,1,4,445.12,445.12,111.28,4.0,2,8.0,8,8,2022-02-02,2022-02-02,2021-07-07,210,0.125,4.0,1,1,1,2.0,445.12,111.28,0.0047393364928909,801.216,63.58857142857143,0.5714285714285714,2.0,1041.5808,1.0,1.738095238095238,773.6609523809524,6.9523809523809526,114.45942857142856,0.5753424657534246,1.738095238095238,63.58857142857143,4006.08,0.0047393364928909,3.797232227488152,18.0,2.0,Long Inactive,Low Value,Low Frequency
CUST2444,0,45,Female,India,active,1,7,1822.52,1822.52,260.36,4.3,3,49.0,49,49,2024-02-25,2024-02-25,2022-10-21,492,0.0574712643678161,7.0,1,1,1,3.0,1822.52,260.36,0.0020283975659229,3389.8872,111.12926829268294,0.426829268292683,3.0,4610.246592,1.0,0.741869918699187,1352.0727642276422,5.193089430894309,206.70043902439025,1.347945205479452,0.741869918699187,111.12926829268294,91126.0,0.0020283975659229,6.876038945233265,150.0,2.0,Long Inactive,Very High Value,Low Frequency
CUST2445,0,26,Female,India,paused,1,6,1370.04,1370.04,228.34,3.6,5,15.0,15,15,2024-06-19,2024-06-19,2022-04-24,787,0.03671970624235,6.0,1,1,1,5.0,1370.04,228.34,0.0012690355329949,2356.4688,52.22515883100381,0.2287166454891994,5.0,2874.891936,1.0,0.4637865311308767,635.4060991105464,2.7827191867852608,89.82727318932656,2.156164383561644,0.4637865311308767,52.22515883100381,21920.64,0.0012690355329949,2.9904426395939083,80.0,2.0,Long Inactive,High Value,Low Frequency
CUST2446,0,31,Female,UK,active,1,8,1192.08,1192.08,149.01,3.5,2,45.0,45,45,2024-03-22,2024-03-22,2021-02-14,1132,0.0258175559380378,8.0,1,1,1,2.0,1192.08,149.01,0.0008826125330979,2026.536,31.592226148409893,0.2120141342756183,2.0,2431.8432,1.0,0.3224381625441695,384.3720848056537,2.579505300353357,53.706784452296816,3.1013698630136988,0.3224381625441695,31.592226148409893,54835.67999999999,0.0008826125330979,1.7886460723742277,92.0,2.0,Long Inactive,High Value,Low Frequency
CUST2447,1,67,Female,UK,active,1,2,1205.24,1205.24,602.62,4.3,1,6.0,6,6,2022-12-12,2022-12-12,2022-06-24,171,0.1492537313432835,2.0,1,1,1,1.0,1205.24,602.62,0.005813953488372,2241.7464,211.4456140350877,0.3508771929824561,1.0,3048.775104,1.0,2.134502923976608,2572.588304093568,4.269005847953216,393.2888421052632,0.4684931506849315,2.134502923976608,211.4456140350877,8436.68,0.005813953488372,13.03340930232558,7.0,2.0,Long Inactive,High Value,Low Frequency
CUST2448,0,52,Male,USA,active,1,5,1618.55,1618.55,323.71,3.6,5,22.0,22,22,2025-05-05,2025-05-05,2023-03-27,770,0.0375,5.0,1,1,1,5.0,1618.55,323.71,0.0012970168612191,2783.906,63.060389610389606,0.1948051948051948,5.0,3396.36532,1.0,0.474025974025974,767.2347402597402,2.3701298701298703,108.46387012987012,2.1095890410958904,0.474025974025974,63.060389610389606,37226.65,0.0012970168612191,3.6107730220492864,115.0,2.0,Long Inactive,Very High Value,Low Frequency
CUST2449,0,58,Male,India,active,1,9,1838.97,1838.97,204.33,2.9,1,44.0,44,44,2025-01-20,2025-01-20,2022-02-28,1057,0.0275988960441582,9.0,1,1,1,1.0,1838.97,204.33,0.0009451795841209,2905.5726,52.19403973509934,0.2554399243140965,1.0,3138.0184080000004,1.0,0.3453169347209082,635.0274834437085,3.1078524124881737,82.46658278145695,2.8958904109589043,0.3453169347209082,52.19403973509934,82753.65,0.0009451795841209,2.746287901701323,45.0,2.0,Long Inactive,Very High Value,Low Frequency
CUST2450,0,42,Male,Pakistan,active,1,6,1626.48,1626.48,271.08,4.2,1,14.0,14,14,2025-04-07,2025-04-07,2023-11-07,517,0.0548446069469835,6.0,1,1,1,1.0,1626.48,271.08,0.0019305019305019,2992.7232000000004,94.3798839458414,0.3481624758220503,1.0,4010.249088000001,1.0,0.7059961315280464,1148.288588007737,4.235976789168278,173.65898646034816,1.4164383561643836,0.7059961315280464,94.3798839458414,24397.2,0.0019305019305019,5.777457915057916,15.0,2.0,Long Inactive,Very High Value,Low Frequency
CUST2451,0,52,Female,Canada,active,1,8,1224.08,1224.08,153.01,4.4,5,48.0,48,48,2024-05-10,2024-05-10,2022-12-15,512,0.055350553505535,8.0,1,1,1,5.0,1224.08,153.01,0.0019493177387914,2301.2704,71.7234375,0.46875,5.0,3175.753152,1.0,0.712890625,872.6351562499999,5.703125,134.8400625,1.4027397260273973,0.712890625,71.7234375,59979.92,0.0019493177387914,4.485907212475633,245.0,2.0,Long Inactive,High Value,Low Frequency
CUST2452,1,65,Female,Pakistan,cancelled,1,8,1842.8,1842.8,230.35,4.1,1,32.0,32,32,2021-04-28,2021-04-28,2020-09-29,211,0.1244813278008298,8.0,1,1,1,1.0,1842.8,230.35,0.0047169811320754,3353.896,262.0094786729858,1.1374407582938388,1.0,4427.142719999999,1.0,1.7298578199052137,3187.7819905213278,13.838862559241708,476.85725118483407,0.5780821917808219,1.7298578199052137,262.0094786729858,60812.4,0.0047169811320754,15.820264150943396,33.0,2.0,Long Inactive,Very High Value,Low Frequency
CUST2453,0,60,Female,UK,cancelled,1,9,603.99,603.99,67.11,3.8,1,17.0,17,17,2024-01-24,2024-01-24,2023-05-03,266,0.1013513513513513,9.0,1,1,1,1.0,603.99,67.11,0.0037453183520599,1063.0224,68.11917293233083,1.0150375939849623,1.0,1339.408224,1.0,1.3721804511278195,828.7832706766917,12.349624060150376,119.88974436090226,0.7287671232876712,1.3721804511278195,68.11917293233083,10871.82,0.0037453183520599,3.9813573033707863,18.0,2.0,Long Inactive,Medium Value,Low Frequency
CUST2454,1,23,Female,UK,paused,1,6,104.4,104.4,17.4,3.5,1,27.0,27,27,2021-04-23,2021-04-23,2020-08-22,244,0.1094890510948905,6.0,1,1,1,1.0,104.4,17.4,0.0040816326530612,177.48,12.836065573770492,0.7377049180327869,1.0,212.976,1.0,1.495901639344262,156.17213114754097,8.975409836065573,21.82131147540984,0.6684931506849315,1.495901639344262,12.836065573770492,2923.2,0.0040816326530612,0.7244081632653061,28.0,2.0,Long Inactive,Low Value,Low Frequency
CUST2455,0,48,Male,UK,active,1,2,1394.4,1394.4,697.2,4.1,1,16.0,16,16,2024-09-23,2024-09-23,2021-02-20,1311,0.0223713646532438,2.0,1,1,1,1.0,1394.4,697.2,0.0007621951219512,2537.808,31.908466819221967,0.045766590389016,1.0,3349.9065599999994,1.0,0.2784134248665141,388.2196796338673,0.5568268497330282,58.07340961098398,3.591780821917808,0.2784134248665141,31.908466819221967,23704.800000000003,0.0007621951219512,1.9343048780487808,17.0,2.0,Long Inactive,High Value,Low Frequency
CUST2456,1,44,Male,Germany,active,1,2,1952.02,1952.02,976.01,3.2,5,45.0,45,45,2022-01-11,2022-01-11,2021-11-03,69,0.303030303030303,2.0,1,1,1,5.0,1952.02,976.01,0.0142857142857142,3201.3128,848.704347826087,0.8695652173913044,5.0,3649.496592,1.0,5.2898550724637685,10325.902898550725,10.579710144927535,1391.8751304347827,0.1890410958904109,5.2898550724637685,848.704347826087,89792.92,0.0142857142857142,45.73304,230.0,2.0,Long Inactive,Very High Value,Low Frequency
CUST2457,0,35,Male,UK,active,1,7,1680.91,1680.91,240.13,4.4,1,15.0,15,15,2024-04-21,2024-04-21,2023-08-06,259,0.1038062283737024,7.0,1,1,1,1.0,1680.91,240.13,0.0038461538461538,3160.1108,194.7,0.8108108108108109,1.0,4360.952904000001,1.0,1.4092664092664091,2368.85,9.864864864864863,366.036,0.7095890410958904,1.4092664092664091,194.7,26894.56,0.0038461538461538,12.154272307692308,16.0,2.0,Long Inactive,Very High Value,Low Frequency
CUST2458,0,43,Male,USA,cancelled,1,7,572.88,572.88,81.84,3.6,5,19.0,19,19,2023-11-04,2023-11-04,2022-09-12,418,0.0669642857142857,7.0,1,1,1,5.0,572.88,81.84,0.0023866348448687,985.3536,41.11578947368421,0.5023923444976076,5.0,1202.131392,1.0,0.8732057416267943,500.2421052631579,6.11244019138756,70.71915789473684,1.1452054794520548,0.8732057416267943,41.11578947368421,11457.6,0.0023866348448687,2.35167923627685,100.0,2.0,Long Inactive,Medium Value,Low Frequency
CUST2459,1,66,Female,India,active,1,7,884.73,884.73,126.39,3.1,2,22.0,22,22,2021-04-27,2021-04-27,2020-12-10,138,0.1785714285714285,7.0,1,1,1,2.0,884.73,126.39,0.0071942446043165,1433.2626,192.3326086956522,1.5217391304347827,2.0,1605.254112,1.0,2.6449275362318843,2340.0467391304346,18.514492753623188,311.5788260869565,0.3780821917808219,2.6449275362318843,192.3326086956522,20348.79,0.0071942446043165,10.311241726618706,46.0,2.0,Long Inactive,Medium Value,Low Frequency
CUST2460,0,42,Male,Germany,paused,1,4,202.64,202.64,50.66,4.0,3,27.0,27,27,2023-06-06,2023-06-06,2021-02-13,843,0.0343642611683848,4.0,1,1,1,3.0,202.64,50.66,0.0011848341232227,364.752,7.211387900355871,0.1423487544483985,3.0,474.1776,1.0,0.4329774614472123,87.7385527876631,1.731909845788849,12.98049822064057,2.3095890410958906,0.4329774614472123,7.211387900355871,5673.92,0.0011848341232227,0.4321706161137441,84.0,2.0,Long Inactive,Low Value,Low Frequency
CUST2461,0,20,Female,Pakistan,active,1,1,1034.24,1034.24,1034.24,4.1,4,18.0,18,18,2023-04-20,2023-04-20,2020-08-20,973,0.0299102691924227,1.0,1,1,1,4.0,1034.24,1034.24,0.0010266940451745,1882.3168,31.88818088386434,0.0308324768756423,4.0,2484.6581759999995,1.0,0.3751284686536485,387.9728674203495,0.3751284686536485,58.03648920863309,2.665753424657534,0.3751284686536485,31.88818088386434,19650.56,0.0010266940451745,1.932563449691992,76.0,2.0,Long Inactive,Medium Value,Low Frequency
CUST2462,0,47,Female,Canada,paused,1,9,393.84,393.84,43.76,3.6,4,24.0,24,24,2025-02-03,2025-02-03,2021-05-08,1367,0.0214745884037222,9.0,1,1,1,4.0,393.84,43.76,0.0007309941520467,677.4047999999999,8.643160204828089,0.1975128017556693,4.0,826.4338559999999,1.0,0.2670080468178493,105.15844915874176,2.403072421360644,14.866235552304312,3.745205479452055,0.2670080468178493,8.643160204828089,9846.0,0.0007309941520467,0.4951789473684209,100.0,2.0,Long Inactive,Low Value,Low Frequency
CUST2463,0,68,Female,USA,active,1,9,773.01,773.01,85.89,4.0,2,27.0,27,27,2024-07-12,2024-07-12,2023-07-29,349,0.079155672823219,9.0,1,1,1,2.0,773.01,85.89,0.0028571428571428,1391.418,66.44785100286533,0.7736389684813754,2.0,1808.8434,1.0,1.045845272206304,808.4488538681949,9.412607449856734,119.6061318051576,0.9561643835616438,1.045845272206304,66.44785100286533,21644.28,0.0028571428571428,3.97548,56.0,2.0,Long Inactive,Medium Value,Low Frequency
CUST2464,0,46,Male,Pakistan,paused,1,5,1358.15,1358.15,271.63,4.3,0,21.0,21,21,2024-12-04,2024-12-04,2021-12-30,1070,0.0272727272727272,5.0,1,1,1,0.0,1358.15,271.63,0.0009337068160597,2526.159,38.078971962616826,0.1401869158878504,0.0,3435.57624,1.0,0.3411214953271028,463.2941588785047,1.7056074766355138,70.8268878504673,2.9315068493150687,0.3411214953271028,38.078971962616826,29879.300000000003,0.0009337068160597,2.3586918767507004,0.0,2.0,Long Inactive,High Value,Low Frequency
CUST2465,0,43,Male,Pakistan,active,1,5,40.7,40.7,8.14,4.1,5,30.0,30,30,2023-07-19,2023-07-19,2022-10-23,269,0.1003344481605351,5.0,1,1,1,5.0,40.7,8.14,0.0037037037037037,74.074,4.539033457249071,0.5576208178438662,5.0,97.77768,1.0,1.3568773234200744,55.22490706319703,6.784386617100372,8.261040892193309,0.736986301369863,1.3568773234200744,4.539033457249071,1261.7,0.0037037037037037,0.2743481481481482,155.0,2.0,Long Inactive,Low Value,Low Frequency
CUST2466,1,33,Female,India,active,1,2,1189.72,1189.72,594.86,4.2,1,9.0,9,9,2021-02-10,2021-02-10,2020-12-12,60,0.3333333333333333,2.0,1,1,1,1.0,1189.72,594.86,0.0163934426229508,2189.0848,594.86,1.0,1.0,2933.3736320000003,1.0,6.083333333333334,7237.463333333334,12.166666666666668,1094.5424,0.1643835616438356,6.083333333333334,594.86,11897.2,0.0163934426229508,35.886636065573775,10.0,2.0,Long Inactive,High Value,Low Frequency
CUST2467,0,36,Male,Canada,paused,1,4,682.6,682.6,170.65,3.9,2,36.0,36,36,2023-11-16,2023-11-16,2020-08-23,1180,0.024793388429752,4.0,1,1,1,2.0,682.6,170.65,0.0008467400508044,1215.028,17.354237288135593,0.1016949152542372,2.0,1555.23584,1.0,0.3093220338983051,211.14322033898304,1.2372881355932204,30.89054237288136,3.232876712328767,0.3093220338983051,17.354237288135593,25256.2,0.0008467400508044,1.0288128704487722,74.0,2.0,Long Inactive,Medium Value,Low Frequency
CUST2468,0,23,Female,Pakistan,active,1,5,1790.85,1790.85,358.17,4.0,2,8.0,8,8,2023-09-22,2023-09-22,2022-12-13,283,0.0958466453674121,5.0,1,1,1,2.0,1790.85,358.17,0.0035211267605633,3223.53,189.8427561837456,0.5300353356890459,2.0,4190.589000000001,1.0,1.2897526501766785,2309.7535335689045,6.448763250883392,341.71696113074205,0.7753424657534247,1.2897526501766785,189.8427561837456,16117.65,0.0035211267605633,11.350457746478874,18.0,2.0,Long Inactive,Very High Value,Low Frequency
CUST2469,0,36,Female,UK,active,1,1,623.62,623.62,623.62,4.2,4,4.0,4,4,2023-05-29,2023-05-29,2020-09-25,976,0.0298210735586481,1.0,1,1,1,4.0,623.62,623.62,0.0010235414534288,1147.4608,19.168647540983606,0.0307377049180327,4.0,1537.5974720000002,1.0,0.3739754098360655,233.2185450819672,0.3739754098360655,35.27031147540984,2.673972602739726,0.3739754098360655,19.168647540983606,3118.1,0.0010235414534288,1.174473694984647,20.0,2.0,Long Inactive,Medium Value,Low Frequency
CUST2470,0,52,Male,Germany,active,1,1,666.92,666.92,666.92,4.2,0,34.0,34,34,2024-02-16,2024-02-16,2023-07-04,227,0.1167315175097276,1.0,1,1,1,0.0,666.92,666.92,0.0043859649122807,1227.1328,88.13920704845815,0.13215859030837,0.0,1644.3579520000003,1.0,1.6079295154185025,1072.3603524229077,1.6079295154185025,162.176140969163,0.6219178082191781,1.6079295154185025,88.13920704845815,23342.2,0.0043859649122807,5.382161403508772,0.0,2.0,Long Inactive,Medium Value,Low Frequency
CUST2471,0,54,Female,India,active,1,1,240.82,240.82,240.82,4.1,2,17.0,17,17,2025-04-08,2025-04-08,2023-05-14,695,0.0413793103448275,1.0,1,1,1,2.0,240.82,240.82,0.0014367816091954,438.29239999999993,10.395107913669063,0.0431654676258992,2.0,578.5459679999998,1.0,0.5251798561151079,126.47381294964028,0.5251798561151079,18.919096402877692,1.904109589041096,0.5251798561151079,10.395107913669063,4334.76,0.0014367816091954,0.6297304597701149,36.0,2.0,Long Inactive,Low Value,Low Frequency
CUST2472,0,21,Male,India,cancelled,1,7,508.06,508.06,72.58,4.4,5,31.0,31,31,2023-04-30,2023-04-30,2022-01-18,467,0.0603621730382293,7.0,1,1,1,5.0,508.06,72.58,0.0021367521367521,955.1528,32.63768736616702,0.449678800856531,5.0,1318.1108640000002,1.0,0.7815845824411135,397.0918629550321,5.471092077087794,61.35885224839401,1.2794520547945205,0.7815845824411135,32.63768736616702,16257.92,0.0021367521367521,2.0409247863247866,160.0,2.0,Long Inactive,Low Value,Low Frequency
CUST2473,0,67,Other,USA,cancelled,1,5,430.55,430.55,86.11,4.1,1,23.0,23,23,2025-02-18,2025-02-18,2021-10-12,1225,0.0239043824701195,5.0,1,1,1,1.0,430.55,86.11,0.0008156606851549,783.601,10.54408163265306,0.1224489795918367,1.0,1034.35332,1.0,0.2979591836734693,128.28632653061226,1.4897959183673468,19.19022857142857,3.356164383561644,0.2979591836734693,10.54408163265306,10333.2,0.0008156606851549,0.639152528548124,24.0,2.0,Long Inactive,Low Value,Low Frequency
CUST2474,1,64,Male,Germany,active,1,4,113.88,113.88,28.47,4.2,2,9.0,9,9,2022-07-10,2022-07-10,2022-07-16,0,1.0,4.0,1,1,1,2.0,113.88,28.47,1.0,209.5392,1138.8,40.0,2.0,280.782528,1.0,365.0,41566.2,1460.0,2095.392,0.0,365.0,1138.8,1138.8,1.0,209.5392,20.0,2.0,Long Inactive,Low Value,Low Frequency
CUST2475,1,50,Female,UK,active,1,2,1003.04,1003.04,501.52,4.1,2,24.0,24,24,2022-11-30,2022-11-30,2020-12-25,705,0.0408163265306122,2.0,1,1,1,2.0,1003.04,501.52,0.0014164305949008,1825.5328,42.68255319148936,0.0851063829787234,2.0,2409.703295999999,1.0,0.5177304964539007,519.3043971631206,1.0354609929078014,77.68224680851063,1.9315068493150684,0.5177304964539007,42.68255319148936,25076.0,0.0014164305949008,2.5857405099150137,50.0,2.0,Long Inactive,Medium Value,Low Frequency
CUST2476,0,42,Male,Canada,active,1,2,1832.92,1832.92,916.46,3.9,2,8.0,8,8,2024-07-05,2024-07-05,2020-11-11,1332,0.0220264317180616,2.0,1,1,1,2.0,1832.92,916.46,0.0007501875468867,3262.5976,41.28198198198199,0.045045045045045,2.0,4176.124928,1.0,0.274024024024024,502.2641141141141,0.5480480480480481,73.48192792792793,3.649315068493151,0.274024024024024,41.28198198198199,16496.28,0.0007501875468867,2.4475600900225056,18.0,2.0,Long Inactive,Very High Value,Low Frequency
CUST2477,0,36,Male,UK,paused,1,5,1696.55,1696.55,339.31,3.9,1,43.0,43,43,2023-12-07,2023-12-07,2021-11-18,749,0.0385109114249037,5.0,1,1,1,1.0,1696.55,339.31,0.0013333333333333,3019.859,67.95260347129506,0.2002670226969292,1.0,3865.41952,1.0,0.4873164218958611,826.7566755674231,2.4365821094793056,120.9556341789052,2.052054794520548,0.4873164218958611,67.95260347129506,74648.2,0.0013333333333333,4.026478666666667,44.0,2.0,Long Inactive,Very High Value,Low Frequency
CUST2478,0,52,Male,Germany,active,1,1,589.66,589.66,589.66,4.2,2,25.0,25,25,2024-07-06,2024-07-06,2023-05-24,409,0.0683371298405467,1.0,1,1,1,2.0,589.66,589.66,0.0024390243902439,1084.9744,43.251344743276285,0.0733496332518337,2.0,1453.865696,1.0,0.8924205378973106,526.2246943765281,0.8924205378973106,79.58247432762838,1.1205479452054794,0.8924205378973106,43.251344743276285,15331.16,0.0024390243902439,2.646279024390244,52.0,2.0,Long Inactive,Medium Value,Low Frequency
CUST2479,1,46,Female,USA,active,1,7,1503.11,1503.11,214.73,4.2,0,47.0,47,47,2021-03-19,2021-03-19,2020-11-29,110,0.2142857142857143,7.0,1,1,1,0.0,1503.11,214.73,0.009009009009009,2765.7224,409.9390909090909,1.9090909090909087,0.0,3706.068016,1.0,3.3181818181818183,4987.592272727273,23.22727272727273,754.2879272727273,0.3013698630136986,3.3181818181818183,409.9390909090909,72149.28,0.009009009009009,24.916418018018017,0.0,2.0,Long Inactive,Very High Value,Low Frequency
CUST2480,0,64,Female,India,cancelled,1,1,913.56,913.56,913.56,3.7,3,46.0,46,46,2024-08-21,2024-08-21,2020-12-30,1330,0.0220588235294117,1.0,1,1,1,3.0,913.56,913.56,0.0007513148009015,1589.5944,20.606616541353382,0.0225563909774436,3.0,1971.097056,1.0,0.2744360902255639,250.71383458646616,0.2744360902255639,35.855512781954886,3.643835616438356,0.2744360902255639,20.606616541353382,42937.32,0.0007513148009015,1.194285800150263,141.0,2.0,Long Inactive,Medium Value,Low Frequency
CUST2481,0,41,Male,India,active,1,2,1031.3,1031.3,515.65,3.7,0,44.0,44,44,2024-12-31,2024-12-31,2021-07-10,1270,0.023076923076923,2.0,1,1,1,0.0,1031.3,515.65,0.000786782061369,1794.462,24.361417322834644,0.0472440944881889,0.0,2225.13288,1.0,0.2874015748031496,296.39724409448814,0.5748031496062992,42.38886614173228,3.4794520547945207,0.2874015748031496,24.361417322834644,46408.5,0.000786782061369,1.41185051140834,0.0,2.0,Long Inactive,Medium Value,Low Frequency
CUST2482,0,46,Female,Pakistan,paused,1,3,203.31,203.31,67.77,3.4,3,8.0,8,8,2023-11-19,2023-11-19,2023-09-06,74,0.2884615384615384,3.0,1,1,1,3.0,203.31,67.77,0.0133333333333333,341.5608,82.42297297297297,1.2162162162162162,3.0,403.041744,1.0,4.9324324324324325,1002.8128378378378,14.797297297297296,138.4705945945946,0.2027397260273972,4.9324324324324325,82.42297297297297,1829.79,0.0133333333333333,4.554144,27.0,2.0,Long Inactive,Low Value,Low Frequency
CUST2483,0,37,Female,UK,cancelled,1,4,1942.44,1942.44,485.61,4.2,3,11.0,11,11,2025-07-15,2025-07-15,2022-09-28,1021,0.0285442435775451,4.0,1,1,1,3.0,1942.44,485.61,0.0009784735812133,3574.0896,57.074632713026446,0.1175318315377081,3.0,4789.2800640000005,1.0,0.3574926542605289,694.4080313418217,1.4299706170421156,105.01732419196868,2.797260273972603,0.3574926542605289,57.074632713026446,23309.28,0.0009784735812133,3.4971522504892367,36.0,2.0,At Risk,Very High Value,Low Frequency
CUST2484,0,33,Female,UK,cancelled,1,2,352.9,352.9,176.45,4.0,0,19.0,19,19,2024-11-21,2024-11-21,2023-06-02,538,0.0528169014084507,2.0,1,1,1,0.0,352.9,176.45,0.0018552875695732,635.22,19.67843866171004,0.1115241635687732,0.0,825.7860000000001,1.0,0.6784386617100372,239.4210037174721,1.3568773234200744,35.42118959107807,1.473972602739726,0.6784386617100372,19.67843866171004,7058.0,0.0018552875695732,1.1785157699443414,0.0,2.0,Long Inactive,Low Value,Low Frequency
CUST2485,0,56,Male,Germany,active,1,6,49.62,49.62,8.27,4.1,0,39.0,39,39,2023-04-07,2023-04-07,2021-03-12,756,0.0381679389312977,6.0,1,1,1,0.0,49.62,8.27,0.0013210039630118,90.3084,1.969047619047619,0.2380952380952381,0.0,119.20708799999996,1.0,0.4828042328042328,23.956746031746032,2.8968253968253967,3.5836666666666663,2.0712328767123287,0.4828042328042328,1.969047619047619,1984.8,0.0013210039630118,0.1192977542932628,0.0,2.0,Long Inactive,Low Value,Low Frequency
CUST2486,0,59,Female,Canada,active,1,4,1630.96,1630.96,407.74,3.9,4,49.0,49,49,2025-10-02,2025-10-02,2023-05-01,885,0.0327868852459016,4.0,1,1,1,4.0,1630.96,407.74,0.0011286681715575,2903.1088,55.28677966101695,0.135593220338983,4.0,3715.979264,1.0,0.4124293785310735,672.6558192090396,1.649717514124294,98.41046779661016,2.4246575342465757,0.4124293785310735,55.28677966101695,81548.0,0.0011286681715575,3.276646501128668,200.0,2.0,Moderate,Very High Value,Low Frequency
CUST2487,0,56,Male,Canada,active,1,5,1743.25,1743.25,348.65,4.0,3,24.0,24,24,2023-05-21,2023-05-21,2020-08-09,1015,0.0287081339712918,5.0,1,1,1,3.0,1743.25,348.65,0.0009842519685039,3137.85,51.52463054187192,0.147783251231527,3.0,4079.205,1.0,0.3596059113300492,626.8830049261084,1.7980295566502462,92.74433497536944,2.780821917808219,0.3596059113300492,51.52463054187192,43581.25,0.0009842519685039,3.088435039370079,75.0,2.0,Long Inactive,Very High Value,Low Frequency
CUST2488,1,63,Female,India,cancelled,1,7,866.25,866.25,123.75,3.9,5,11.0,11,11,2022-12-14,2022-12-14,2022-04-27,231,0.1149425287356322,7.0,1,1,1,5.0,866.25,123.75,0.0043103448275862,1541.925,112.5,0.9090909090909092,5.0,1973.664,1.0,1.5800865800865802,1368.75,11.06060606060606,200.25,0.6328767123287671,1.5800865800865802,112.5,10395.0,0.0043103448275862,6.646228448275862,60.0,2.0,Long Inactive,Medium Value,Low Frequency
CUST2489,1,29,Female,USA,active,1,4,751.36,751.36,187.84,4.2,5,45.0,45,45,2022-02-04,2022-02-04,2021-07-11,208,0.1260504201680672,4.0,1,1,1,5.0,751.36,187.84,0.0047846889952153,1382.5024,108.36923076923075,0.5769230769230769,5.0,1852.553216,1.0,1.7548076923076923,1318.4923076923078,7.019230769230769,199.39938461538463,0.5698630136986301,1.7548076923076923,108.36923076923075,34562.56,0.0047846889952153,6.614844019138756,230.0,2.0,Long Inactive,Medium Value,Low Frequency
CUST2490,0,47,Male,USA,cancelled,1,4,816.44,816.44,204.11,4.3,2,34.0,34,34,2024-04-14,2024-04-14,2021-08-04,984,0.029585798816568,4.0,1,1,1,2.0,816.44,204.11,0.0010152284263959,1518.5784,24.89146341463415,0.1219512195121951,2.0,2065.266624,1.0,0.3709349593495935,302.84613821138214,1.483739837398374,46.29812195121952,2.695890410958904,0.3709349593495935,24.89146341463415,28575.4,0.0010152284263959,1.541703959390863,70.0,2.0,Long Inactive,Medium Value,Low Frequency
CUST2491,0,55,Male,USA,cancelled,1,8,1040.32,1040.32,130.04,4.0,2,40.0,40,40,2024-08-17,2024-08-17,2021-06-24,1150,0.0254237288135593,8.0,1,1,1,2.0,1040.32,130.04,0.0008688097306689,1872.576,27.13878260869565,0.208695652173913,2.0,2434.3488,1.0,0.3173913043478261,330.1885217391304,2.5391304347826087,48.84980869565217,3.150684931506849,0.3173913043478261,27.13878260869565,42653.12,0.0008688097306689,1.6269122502172024,82.0,2.0,Long Inactive,Medium Value,Low Frequency
CUST2492,0,68,Male,India,active,1,4,1313.4,1313.4,328.35,2.6,3,40.0,40,40,2023-05-04,2023-05-04,2022-11-29,156,0.1612903225806451,4.0,1,1,1,3.0,1313.4,328.35,0.0063694267515923,1996.368,252.5769230769231,0.7692307692307692,3.0,2036.2953600000003,1.0,2.339743589743589,3073.019230769231,9.358974358974358,383.9169230769231,0.4273972602739726,2.339743589743589,252.5769230769231,53849.4,0.0063694267515923,12.715719745222932,123.0,2.0,Long Inactive,High Value,Low Frequency
CUST2493,0,39,Male,Canada,paused,1,6,1086.06,1086.06,181.01,3.8,4,46.0,46,46,2024-10-09,2024-10-09,2023-04-03,555,0.0512820512820512,6.0,1,1,1,4.0,1086.06,181.01,0.0017985611510791,1911.4656,58.70594594594594,0.3243243243243243,4.0,2408.446656,1.0,0.6576576576576576,714.2556756756755,3.9459459459459456,103.32246486486488,1.5205479452054795,0.6576576576576576,58.70594594594594,51044.82,0.0017985611510791,3.4378877697841728,188.0,2.0,Long Inactive,High Value,Low Frequency
CUST2494,1,43,Male,UK,active,1,8,161.28,161.28,20.16,4.5,2,2.0,2,2,2022-09-15,2022-09-15,2021-06-22,450,0.0625,8.0,1,1,1,2.0,161.28,20.16,0.0022172949002217,306.432,10.752,0.5333333333333333,2.0,429.00479999999993,1.0,0.8111111111111111,130.816,6.488888888888889,20.4288,1.2328767123287672,0.8111111111111111,10.752,483.84,0.0022172949002217,0.6794501108647449,6.0,2.0,Long Inactive,Low Value,Low Frequency
CUST2495,0,18,Male,UK,cancelled,1,7,1388.73,1388.73,198.39,3.5,4,46.0,46,46,2024-12-31,2024-12-31,2021-12-26,1101,0.026525198938992,7.0,1,1,1,4.0,1388.73,198.39,0.0009074410163339,2360.841,37.8400544959128,0.1907356948228882,4.0,2833.0092,1.0,0.3315168029064487,460.38732970027246,2.3206176203451405,64.32809264305176,3.016438356164384,0.3315168029064487,37.8400544959128,65270.31,0.0009074410163339,2.142323956442831,188.0,2.0,Long Inactive,High Value,Low Frequency
CUST2496,1,39,Male,Germany,cancelled,1,5,969.5,969.5,193.9,3.9,0,6.0,6,6,2023-02-03,2023-02-03,2022-03-18,322,0.0852272727272727,5.0,1,1,1,0.0,969.5,193.9,0.0030959752321981,1725.71,90.32608695652176,0.4658385093167702,0.0,2208.9088,1.0,1.133540372670807,1098.9673913043478,5.667701863354037,160.78043478260872,0.8821917808219178,1.133540372670807,90.32608695652176,6786.5,0.0030959752321981,5.342755417956657,0.0,2.0,Long Inactive,Medium Value,Low Frequency
CUST2497,0,52,Female,India,cancelled,1,2,827.6,827.6,413.8,4.0,3,18.0,18,18,2023-07-19,2023-07-19,2021-02-06,893,0.0325027085590465,2.0,1,1,1,3.0,827.6,413.8,0.0011185682326621,1489.68,27.802911534154536,0.0671892497200448,3.0,1936.584,1.0,0.4087346024636059,338.26875699888024,0.8174692049272118,50.04524076147817,2.4465753424657533,0.4087346024636059,27.802911534154536,15724.4,0.0011185682326621,1.6663087248322148,57.0,2.0,Long Inactive,Medium Value,Low Frequency
CUST2498,0,42,Female,Germany,active,1,2,683.28,683.28,341.64,4.0,0,12.0,12,12,2024-07-26,2024-07-26,2022-01-24,914,0.0317796610169491,2.0,1,1,1,0.0,683.28,341.64,0.0010928961748633,1229.904,22.42713347921225,0.0656455142231947,0.0,1598.8752,1.0,0.399343544857768,272.8634573304157,0.798687089715536,40.36884026258206,2.504109589041096,0.399343544857768,22.42713347921225,8882.64,0.0010928961748633,1.3441573770491804,0.0,2.0,Long Inactive,Medium Value,Low Frequency
CUST2499,1,38,Male,India,active,1,3,1165.8000000000002,1165.8000000000002,388.6,3.5,4,26.0,26,26,2023-02-06,2023-02-06,2023-04-24,0,1.0,3.0,1,1,1,4.0,1165.8000000000002,388.6000000000001,1.0,1981.8600000000004,11658.000000000002,30.0,4.0,2378.2320000000004,1.0,365.0,425517.00000000006,1095.0,19818.6,0.0,365.0,11658.000000000002,31476.60000000001,1.0,1981.8600000000004,108.0,2.0,Long Inactive,High Value,Low Frequency
CUST2500,0,35,Male,India,active,1,5,939.35,939.35,187.87,4.0,2,42.0,42,42,2023-07-03,2023-07-03,2021-05-07,787,0.03671970624235,5.0,1,1,1,2.0,939.35,187.87,0.0012690355329949,1690.8300000000002,35.80749682337992,0.1905972045743329,2.0,2198.079,1.0,0.4637865311308767,435.6578780177891,2.318932655654384,64.45349428208387,2.156164383561644,0.4637865311308767,35.80749682337992,40392.05,0.0012690355329949,2.145723350253807,86.0,2.0,Long Inactive,Medium Value,Low Frequency
CUST2501,0,66,Male,India,cancelled,1,3,1856.97,1856.97,618.99,3.4,2,3.0,3,3,2023-03-23,2023-03-23,2021-12-04,474,0.0595238095238095,3.0,1,1,1,2.0,1856.97,618.99,0.0021052631578947,3119.7096,117.52974683544304,0.1898734177215189,2.0,3681.257328,1.0,0.770042194092827,1429.945253164557,2.310126582278481,197.4499746835443,1.2986301369863014,0.770042194092827,117.52974683544304,7427.88,0.0021052631578947,6.567809684210526,8.0,2.0,Long Inactive,Very High Value,Low Frequency
CUST2502,1,28,Female,Germany,active,1,1,1155.2,1155.2,1155.2,4.2,4,29.0,29,29,2022-12-03,2022-12-03,2021-02-28,643,0.0445765230312035,1.0,1,1,1,4.0,1155.2,1155.2,0.0015527950310559,2125.568,53.897356143079314,0.046656298600311,4.0,2848.2611200000006,1.0,0.5676516329704511,655.751166407465,0.5676516329704511,99.17113530326596,1.7616438356164383,0.5676516329704511,53.897356143079314,34656.0,0.0015527950310559,3.3005714285714287,120.0,2.0,Long Inactive,High Value,Low Frequency
CUST2503,0,40,Male,Germany,active,1,9,743.67,743.67,82.63,3.8,4,48.0,48,48,2024-11-30,2024-11-30,2022-01-16,1049,0.0278035217794253,9.0,1,1,1,4.0,743.67,82.63,0.0009523809523809,1308.8592,21.26796949475691,0.2573879885605338,4.0,1649.162592,1.0,0.3479504289799809,258.7602955195424,3.131553860819829,37.43162631077216,2.873972602739726,0.3479504289799809,21.26796949475691,36439.83,0.0009523809523809,1.246532571428571,196.0,2.0,Long Inactive,Medium Value,Low Frequency
CUST2504,0,49,Male,USA,paused,1,4,1048.4,1048.4,262.1,4.1,5,37.0,37,37,2024-07-02,2024-07-02,2023-05-07,422,0.0663716814159292,4.0,1,1,1,5.0,1048.4,262.1,0.0023640661938534,1908.088,74.5308056872038,0.2843601895734597,5.0,2518.6761599999995,1.0,0.8649289099526067,906.791469194313,3.459715639810427,135.6460663507109,1.1561643835616435,0.8649289099526067,74.5308056872038,39839.2,0.0023640661938534,4.5108463356974,190.0,2.0,Long Inactive,Medium Value,Low Frequency
CUST2505,1,55,Male,Pakistan,active,1,2,1477.32,1477.32,738.66,4.2,3,37.0,37,37,2022-02-10,2022-02-10,2021-02-16,359,0.0771208226221079,2.0,1,1,1,3.0,1477.32,738.66,0.0027777777777777,2718.2688,123.45292479108636,0.1671309192200557,3.0,3642.480192,1.0,1.0167130919220055,1502.0105849582174,2.033426183844011,227.15338161559887,0.9835616438356164,1.0167130919220055,123.45292479108636,56138.16,0.0027777777777777,7.550746666666666,114.0,2.0,Long Inactive,High Value,Low Frequency
CUST2506,0,25,Female,USA,active,1,8,23.28,23.28,2.91,4.3,1,48.0,48,48,2024-05-03,2024-05-03,2022-10-14,567,0.050251256281407,8.0,1,1,1,1.0,23.28,2.91,0.0017605633802816,43.3008,1.2317460317460318,0.4232804232804233,1.0,58.889088,1.0,0.6437389770723104,14.986243386243387,5.149911816578483,2.291047619047619,1.5534246575342463,0.6437389770723104,1.2317460317460318,1140.72,0.0017605633802816,0.0762338028169014,49.0,2.0,Long Inactive,Low Value,Low Frequency
CUST2507,0,26,Male,Canada,active,1,4,1944.32,1944.32,486.08,4.2,3,26.0,26,26,2023-11-30,2023-11-30,2023-06-01,182,0.1415094339622641,4.0,1,1,1,3.0,1944.32,486.08,0.0054644808743169,3577.5488,320.4923076923077,0.6593406593406593,3.0,4793.915392,1.0,2.005494505494505,3899.3230769230768,8.021978021978022,589.7058461538462,0.4986301369863014,2.005494505494505,320.4923076923077,52496.64,0.0054644808743169,19.54944699453552,81.0,2.0,Long Inactive,Very High Value,Low Frequency
CUST2508,0,64,Male,Pakistan,cancelled,1,6,375.6,375.6,62.6,4.1,0,3.0,3,3,2025-04-22,2025-04-22,2022-08-02,994,0.029296875,6.0,1,1,1,0.0,375.6,62.6,0.0010050251256281,683.592,11.336016096579478,0.1810865191146881,0.0,902.34144,1.0,0.3672032193158953,137.9215291750503,2.2032193158953723,20.631549295774647,2.723287671232877,0.3672032193158953,11.336016096579478,1502.4,0.0010050251256281,0.687027135678392,0.0,2.0,Long Inactive,Low Value,Low Frequency
CUST2509,1,34,Male,India,paused,1,1,522.52,522.52,522.52,3.9,3,11.0,11,11,2022-10-30,2022-10-30,2022-01-24,279,0.0970873786407767,1.0,1,1,1,3.0,522.52,522.52,0.0035714285714285,930.0856,56.184946236559135,0.1075268817204301,3.0,1190.509568,1.0,1.3082437275985663,683.5835125448028,1.3082437275985663,100.00920430107526,0.7643835616438356,1.3082437275985663,56.184946236559135,6270.24,0.0035714285714285,3.3217342857142858,36.0,2.0,Long Inactive,Low Value,Low Frequency
CUST2510,0,46,Male,UK,active,1,5,153.35000000000002,153.35000000000002,30.67,3.3,5,38.0,38,38,2023-06-08,2023-06-08,2022-05-18,386,0.0721153846153846,5.0,1,1,1,5.0,153.35000000000002,30.670000000000005,0.0025839793281653,254.56100000000004,11.91839378238342,0.38860103626943,5.0,295.29076000000003,1.0,0.9455958549222796,145.0071243523316,4.727979274611399,19.78453367875648,1.0575342465753426,0.9455958549222796,11.91839378238342,5980.650000000001,0.0025839793281653,0.6577803617571061,195.0,2.0,Long Inactive,Low Value,Low Frequency
CUST2511,1,32,Female,Canada,cancelled,1,8,1799.68,1799.68,224.96,4.3,5,15.0,15,15,2022-04-26,2022-04-26,2021-12-08,139,0.1775147928994082,8.0,1,1,1,5.0,1799.68,224.96,0.0071428571428571,3347.4048,388.42014388489207,1.7266187050359711,5.0,4552.470527999999,1.0,2.62589928057554,4725.778417266188,21.00719424460432,722.4614676258992,0.3808219178082191,2.62589928057554,388.42014388489207,28794.88,0.0071428571428571,23.91003428571428,80.0,2.0,Long Inactive,Very High Value,Low Frequency
CUST2512,1,20,Male,UK,cancelled,1,9,25.65,25.65,2.85,3.9,2,34.0,34,34,2023-02-15,2023-02-15,2022-10-06,132,0.1851851851851851,9.0,1,1,1,2.0,25.65,2.85,0.0075187969924812,45.657,5.829545454545454,2.0454545454545454,2.0,58.44096,1.0,2.765151515151515,70.92613636363637,24.88636363636364,10.37659090909091,0.3616438356164383,2.765151515151515,5.829545454545454,897.7500000000001,0.0075187969924812,0.3432857142857143,70.0,2.0,Long Inactive,Low Value,Low Frequency
CUST2513,0,29,Female,UK,active,1,2,1142.92,1142.92,571.46,4.3,4,14.0,14,14,2023-04-11,2023-04-11,2021-12-01,496,0.0570342205323193,2.0,1,1,1,4.0,1142.92,571.46,0.0020120724346076,2125.8312,69.12822580645161,0.1209677419354838,4.0,2891.130432,1.0,0.7358870967741936,841.0600806451614,1.4717741935483872,128.5785,1.358904109589041,0.7358870967741936,69.12822580645161,17143.800000000003,0.0020120724346076,4.277326358148894,60.0,2.0,Long Inactive,High Value,Low Frequency
CUST2514,0,35,Female,India,active,1,2,1117.32,1117.32,558.66,3.6,3,35.0,35,35,2024-12-26,2024-12-26,2021-03-24,1373,0.0213827512473271,2.0,1,1,1,3.0,1117.32,558.66,0.0007278020378457,1921.7904,24.413401310997813,0.043699927166788,3.0,2344.584288,1.0,0.2658412235979606,297.02971595047336,0.5316824471959213,41.99105025491624,3.761643835616439,0.2658412235979606,24.413401310997813,40223.52,0.0007278020378457,1.3986829694323144,108.0,2.0,Long Inactive,High Value,Low Frequency
CUST2515,0,20,Male,Pakistan,cancelled,1,5,174.60000000000002,174.60000000000002,34.92,3.8,1,7.0,7,7,2025-09-04,2025-09-04,2023-03-30,889,0.0326441784548422,5.0,1,1,1,1.0,174.60000000000002,34.92,0.0011235955056179,307.29600000000005,5.892013498312712,0.1687289088863892,1.0,387.1929600000001,1.0,0.4105736782902137,71.68616422947133,2.0528683914510686,10.369943757030374,2.4356164383561643,0.4105736782902137,5.892013498312712,1396.8000000000002,0.0011235955056179,0.3452764044943821,8.0,2.0,At Risk,Low Value,Low Frequency
CUST2516,1,30,Male,Pakistan,active,1,6,1899.42,1899.42,316.57,3.9,1,18.0,18,18,2022-04-29,2022-04-29,2021-08-10,262,0.1027397260273972,6.0,1,1,1,1.0,1899.42,316.57,0.0038022813688212,3380.9676000000004,217.49083969465653,0.6870229007633588,1.0,4327.638528,1.0,1.3931297709923662,2646.1385496183207,8.358778625954198,387.1336946564886,0.7178082191780822,1.3931297709923662,217.49083969465653,36088.98,0.0038022813688212,12.855390114068442,19.0,2.0,Long Inactive,Very High Value,Low Frequency
CUST2517,0,28,Female,USA,active,1,5,1218.3,1218.3,243.66,4.6,2,37.0,37,37,2025-06-18,2025-06-18,2022-01-29,1236,0.0236966824644549,5.0,1,1,1,2.0,1218.3,243.66,0.0008084074373484,2339.136,29.57038834951456,0.1213592233009708,2.0,3321.57312,1.0,0.2953074433656958,359.7730582524272,1.476537216828479,56.77514563106796,3.3863013698630136,0.2953074433656958,29.57038834951456,46295.4,0.0008084074373484,1.8909749393694424,76.0,2.0,At Risk,High Value,Low Frequency
CUST2518,1,55,Female,Canada,active,1,9,1429.56,1429.56,158.84,3.8,5,9.0,9,9,2022-07-29,2022-07-29,2021-09-10,322,0.0852272727272727,9.0,1,1,1,5.0,1429.56,158.84,0.0030959752321981,2516.0256,133.1888198757764,0.8385093167701864,5.0,3170.192256,1.0,1.133540372670807,1620.4639751552793,10.201863354037268,234.4123229813665,0.8821917808219178,1.133540372670807,133.1888198757764,14295.6,0.0030959752321981,7.789552941176471,50.0,2.0,Long Inactive,High Value,Low Frequency
CUST2519,0,64,Male,Germany,cancelled,1,7,215.18,215.18,30.74,3.9,0,27.0,27,27,2025-03-04,2025-03-04,2020-11-10,1575,0.0186915887850467,7.0,1,1,1,0.0,215.18,30.74,0.0006345177664974,383.0204,4.0986666666666665,0.1333333333333333,0.0,490.266112,1.0,0.2317460317460317,49.86711111111111,1.6222222222222222,7.295626666666666,4.315068493150685,0.2317460317460317,4.0986666666666665,6025.039999999999,0.0006345177664974,0.2430332487309644,0.0,2.0,Long Inactive,Low Value,Low Frequency
CUST2520,0,57,Female,UK,cancelled,1,2,1587.6,1587.6,793.8,4.1,3,37.0,37,37,2024-03-23,2024-03-23,2022-10-17,523,0.0542495479204339,2.0,1,1,1,3.0,1587.6,793.8,0.0019083969465648,2889.432,91.06692160611854,0.1147227533460803,3.0,3814.050239999999,1.0,0.6978967495219885,1107.9808795411088,1.395793499043977,165.74179732313573,1.4328767123287671,0.6978967495219885,91.06692160611854,60328.8,0.0019083969465648,5.514183206106869,114.0,2.0,Long Inactive,Very High Value,Low Frequency
CUST2521,0,20,Male,Germany,active,1,6,1757.94,1757.94,292.99,3.6,1,8.0,8,8,2023-10-14,2023-10-14,2022-11-28,320,0.0857142857142857,6.0,1,1,1,1.0,1757.94,292.99,0.0031152647975077,3023.6568,164.80687500000002,0.5625,1.0,3688.861296,1.0,1.140625,2005.1503125,6.84375,283.46782500000006,0.8767123287671232,1.140625,164.80687500000002,15821.46,0.0031152647975077,9.419491588785046,9.0,2.0,Long Inactive,Very High Value,Low Frequency
CUST2522,1,62,Female,India,cancelled,1,2,682.08,682.08,341.04,4.4,4,5.0,5,5,2022-11-29,2022-11-29,2021-03-28,611,0.046801872074883,2.0,1,1,1,4.0,682.08,341.04,0.0016339869281045,1282.3104,33.49001636661211,0.0981996726677577,4.0,1769.5883520000002,1.0,0.5973813420621932,407.4618657937808,1.1947626841243864,62.96123076923077,1.673972602739726,0.5973813420621932,33.49001636661211,4092.480000000001,0.0016339869281045,2.095278431372549,24.0,2.0,Long Inactive,Medium Value,Low Frequency
CUST2523,0,58,Male,Germany,paused,1,7,1440.25,1440.25,205.75,4.3,0,5.0,5,5,2024-03-21,2024-03-21,2020-12-17,1190,0.0245901639344262,7.0,1,1,1,0.0,1440.25,205.75,0.0008396305625524,2678.865,36.30882352941177,0.1764705882352941,0.0,3643.2563999999993,1.0,0.3067226890756302,441.75735294117646,2.147058823529412,67.53441176470588,3.26027397260274,0.3067226890756302,36.30882352941177,8641.5,0.0008396305625524,2.2492569269521407,0.0,2.0,Long Inactive,High Value,Low Frequency
CUST2524,0,19,Female,UK,active,1,7,884.94,884.94,126.42,4.7,5,45.0,45,45,2024-04-29,2024-04-29,2021-07-31,1003,0.0290416263310745,7.0,1,1,1,5.0,884.94,126.42,0.0009960159362549,1716.7836,26.468793619142577,0.2093718843469591,5.0,2472.168384,1.0,0.3639082751744765,322.0369890329013,2.547357926221336,51.3494596211366,2.747945205479452,0.3639082751744765,26.468793619142577,40707.240000000005,0.0009960159362549,1.709943824701195,230.0,2.0,Long Inactive,Medium Value,Low Frequency
CUST2525,0,18,Female,Canada,active,1,6,1230.36,1230.36,205.06,4.3,5,40.0,40,40,2025-03-22,2025-03-22,2023-03-06,747,0.0386100386100386,6.0,1,1,1,5.0,1230.36,205.06000000000003,0.0013368983957219,2288.4696,49.412048192771096,0.2409638554216867,5.0,3112.3186559999995,1.0,0.4886211512717537,601.1799196787149,2.931726907630522,91.90640963855422,2.0465753424657533,0.4886211512717537,49.412048192771096,50444.76,0.0013368983957219,3.0594513368983955,205.0,2.0,Long Inactive,High Value,Low Frequency
CUST2526,0,18,Male,Canada,active,1,2,174.36,174.36,87.18,3.9,4,14.0,14,14,2025-05-05,2025-05-05,2020-04-10,1851,0.0159489633173843,2.0,1,1,1,4.0,174.36,87.18,0.0005399568034557,310.36080000000004,2.825931928687196,0.0324149108589951,4.0,397.2618240000001,1.0,0.1971907077255537,34.38217179902755,0.3943814154511075,5.03015883306321,5.071232876712329,0.1971907077255537,2.825931928687196,2615.4,0.0005399568034557,0.1675814254859611,60.0,2.0,Long Inactive,Low Value,Low Frequency
CUST2527,0,37,Male,USA,active,1,7,281.61,281.61,40.23,3.9,5,40.0,40,40,2024-05-21,2024-05-21,2022-03-10,803,0.0360144057623049,7.0,1,1,1,5.0,281.61,40.23,0.0012437810945273,501.2658,10.520921544209214,0.261519302615193,5.0,641.620224,1.0,0.4545454545454545,128.00454545454542,3.1818181818181817,18.7272403486924,2.2,0.4545454545454545,10.520921544209214,11546.009999999998,0.0012437810945273,0.6234649253731342,205.0,2.0,Long Inactive,Low Value,Low Frequency
CUST2528,1,21,Male,USA,cancelled,1,5,1879.0,1879.0,375.8,3.7,4,12.0,12,12,2023-01-12,2023-01-12,2023-02-23,0,1.0,5.0,1,1,1,4.0,1879.0,375.8,1.0,3269.46,18790.0,50.0,4.0,4054.1304,1.0,365.0,685835.0,1825.0,32694.6,0.0,365.0,18790.0,24427.0,1.0,3269.46,52.0,2.0,Long Inactive,Very High Value,Low Frequency
CUST2529,0,20,Male,USA,cancelled,1,5,1387.5,1387.5,277.5,3.5,2,42.0,42,42,2024-10-03,2024-10-03,2022-06-28,828,0.0349650349650349,5.0,1,1,1,2.0,1387.5,277.5,0.0012062726176115,2358.75,50.27173913043478,0.181159420289855,2.0,2830.5,1.0,0.4408212560386473,611.6394927536231,2.2041062801932365,85.46195652173913,2.2684931506849315,0.4408212560386473,50.27173913043478,59662.5,0.0012062726176115,2.845295536791314,86.0,2.0,Long Inactive,High Value,Low Frequency
CUST2530,0,65,Other,India,active,1,8,979.84,979.84,122.48,4.0,5,39.0,39,39,2023-10-24,2023-10-24,2022-09-15,404,0.0691244239631336,8.0,1,1,1,5.0,979.84,122.48,0.0024691358024691,1763.712,72.76039603960396,0.594059405940594,5.0,2292.8256,1.0,0.9034653465346536,885.2514851485149,7.227722772277229,130.96871287128712,1.106849315068493,0.9034653465346536,72.76039603960396,39193.6,0.0024691358024691,4.354844444444445,200.0,2.0,Long Inactive,Medium Value,Low Frequency
CUST2531,0,47,Male,Canada,active,1,4,459.68,459.68,114.92,4.1,3,4.0,4,4,2023-09-27,2023-09-27,2021-11-11,685,0.0419580419580419,4.0,1,1,1,3.0,459.68,114.92,0.0014577259475218,836.6175999999999,20.13197080291971,0.1751824817518248,3.0,1104.3352319999997,1.0,0.5328467153284672,244.9389781021898,2.1313868613138687,36.640186861313865,1.8767123287671232,0.5328467153284672,20.13197080291971,2298.4,0.0014577259475218,1.2195591836734692,15.0,2.0,Long Inactive,Low Value,Low Frequency
CUST2532,0,53,Male,USA,active,1,1,292.53,292.53,292.53,3.9,5,4.0,4,4,2024-10-07,2024-10-07,2022-06-20,840,0.0344827586206896,1.0,1,1,1,5.0,292.53,292.53,0.0011890606420927,520.7034,10.4475,0.0357142857142857,5.0,666.500352,1.0,0.4345238095238095,127.11125,0.4345238095238095,18.59655,2.3013698630136985,0.4345238095238095,10.4475,1462.65,0.0011890606420927,0.6191479191438762,25.0,2.0,Long Inactive,Low Value,Low Frequency
CUST2533,0,66,Male,Pakistan,active,1,3,717.6899999999999,717.6899999999999,239.23,4.4,1,11.0,11,11,2025-02-05,2025-02-05,2023-04-03,674,0.0426136363636363,3.0,1,1,1,1.0,717.6899999999999,239.23,0.0014814814814814,1349.2572,31.9446587537092,0.1335311572700296,1.0,1861.974936,1.0,0.5415430267062314,388.66001483679526,1.6246290801186944,60.0559584569733,1.8465753424657532,0.5415430267062314,31.9446587537092,8612.279999999999,0.0014814814814814,1.9988995555555555,12.0,2.0,Long Inactive,Medium Value,Low Frequency
CUST2534,1,35,Male,UK,cancelled,1,3,361.98,361.98,120.66,4.3,3,10.0,10,10,2022-12-28,2022-12-28,2021-04-02,635,0.0451127819548872,3.0,1,1,1,3.0,361.98,120.66,0.0015723270440251,673.2828,17.101417322834646,0.1417322834645669,3.0,915.6646079999998,1.0,0.5748031496062992,208.0672440944882,1.7244094488188977,31.80863622047244,1.7397260273972603,0.5748031496062992,17.101417322834646,3981.78,0.0015723270440251,1.058620754716981,33.0,2.0,Long Inactive,Low Value,Low Frequency
CUST2535,0,41,Female,Pakistan,cancelled,1,9,1161.0,1161.0,129.0,4.5,2,30.0,30,30,2024-08-17,2024-08-17,2023-02-25,539,0.0527240773286467,9.0,1,1,1,2.0,1161.0,129.0,0.0018518518518518,2205.9,64.61966604823748,0.5009276437847867,2.0,3088.26,1.0,0.6771799628942486,786.2059369202226,6.094619666048238,122.77736549165122,1.476712328767123,0.6771799628942486,64.61966604823748,35991.0,0.0018518518518518,4.085,62.0,2.0,Long Inactive,High Value,Low Frequency
CUST2536,0,41,Male,Germany,active,1,9,1659.69,1659.69,184.41,4.0,2,41.0,41,41,2024-02-09,2024-02-09,2023-03-28,318,0.0862068965517241,9.0,1,1,1,2.0,1659.69,184.41,0.0031347962382445,2987.442,156.5745283018868,0.8490566037735849,2.0,3883.6746,1.0,1.1477987421383649,1904.9900943396228,10.330188679245284,281.83415094339625,0.8712328767123287,1.1477987421383649,156.5745283018868,69706.98,0.0031347962382445,9.365021943573668,84.0,2.0,Long Inactive,Very High Value,Low Frequency
CUST2537,0,43,Female,Canada,active,1,6,541.4399999999999,541.4399999999999,90.24,3.9,2,16.0,16,16,2023-12-31,2023-12-31,2023-04-15,260,0.1034482758620689,6.0,1,1,1,2.0,541.4399999999999,90.24,0.003831417624521,963.7632,62.47384615384616,0.6923076923076924,2.0,1233.6168959999998,1.0,1.403846153846154,760.0984615384615,8.423076923076923,111.20344615384614,0.7123287671232876,1.403846153846154,62.47384615384616,9204.48,0.003831417624521,3.692579310344827,34.0,2.0,Long Inactive,Low Value,Low Frequency
CUST2538,0,58,Male,Pakistan,cancelled,1,4,540.08,540.08,135.02,4.2,2,38.0,38,38,2023-03-04,2023-03-04,2022-10-29,126,0.1923076923076923,4.0,1,1,1,2.0,540.08,135.02,0.0078740157480314,993.7472,128.59047619047618,0.9523809523809524,2.0,1331.6212480000002,1.0,2.8968253968253967,1564.5174603174603,11.587301587301589,236.6064761904762,0.3452054794520548,2.8968253968253967,128.59047619047618,21063.120000000003,0.0078740157480314,7.824781102362206,78.0,2.0,Long Inactive,Low Value,Low Frequency
CUST2539,0,59,Female,Canada,active,1,6,438.6,438.6,73.1,4.1,4,32.0,32,32,2023-09-14,2023-09-14,2022-03-28,535,0.0530973451327433,6.0,1,1,1,4.0,438.6,73.1,0.001865671641791,798.2519999999998,24.594392523364487,0.3364485981308411,4.0,1053.6926399999998,1.0,0.6822429906542056,299.2317757009345,4.093457943925233,44.76179439252336,1.4657534246575343,0.6822429906542056,24.594392523364487,14473.8,0.001865671641791,1.4892761194029849,132.0,2.0,Long Inactive,Low Value,Low Frequency
CUST2540,1,30,Male,Canada,paused,1,2,629.4,629.4,314.7,3.7,3,4.0,4,4,2021-01-24,2021-01-24,2020-09-27,119,0.2013422818791946,2.0,1,1,1,3.0,629.4,314.7,0.0083333333333333,1095.156,158.67226890756302,0.5042016806722689,3.0,1357.99344,1.0,3.0672268907563027,1930.5126050420167,6.1344537815126055,276.08974789915965,0.3260273972602739,3.0672268907563027,158.67226890756302,3147.0,0.0083333333333333,9.1263,15.0,2.0,Long Inactive,Medium Value,Low Frequency
CUST2541,0,54,Female,Canada,active,1,3,587.49,587.49,195.83,4.1,4,17.0,17,17,2024-02-01,2024-02-01,2023-04-15,292,0.093167701863354,3.0,1,1,1,4.0,587.49,195.83,0.0034129692832764,1069.2318,60.35856164383562,0.3082191780821918,4.0,1411.3859759999998,1.0,1.25,734.3625,3.75,109.85258219178084,0.8,1.25,60.35856164383562,10574.82,0.0034129692832764,3.649255290102389,72.0,2.0,Long Inactive,Medium Value,Low Frequency
CUST2542,0,40,Male,Canada,cancelled,1,8,1810.16,1810.16,226.27,4.2,4,15.0,15,15,2024-10-22,2024-10-22,2021-12-30,1027,0.0283822138126773,8.0,1,1,1,4.0,1810.16,226.27,0.0009727626459143,3330.6944000000003,52.87711781888997,0.2336903602726387,4.0,4463.130496000001,1.0,0.3554040895813047,643.3382667964947,2.843232716650438,97.29389678675756,2.813698630136986,0.3554040895813047,52.87711781888997,28962.56,0.0009727626459143,3.239975097276265,64.0,2.0,Long Inactive,Very High Value,Low Frequency
CUST2543,1,49,Female,Germany,active,1,3,1460.1,1460.1,486.7,4.3,4,5.0,5,5,2021-07-30,2021-07-30,2020-04-11,475,0.0594059405940593,3.0,1,1,1,4.0,1460.1,486.7,0.0021008403361344,2715.786,92.21684210526315,0.1894736842105263,4.0,3693.4689599999992,1.0,0.7684210526315789,1121.9715789473682,2.3052631578947365,171.52332631578943,1.3013698630136987,0.7684210526315789,92.21684210526315,8760.599999999999,0.0021008403361344,5.7054327731092425,24.0,2.0,Long Inactive,High Value,Low Frequency
CUST2544,0,36,Female,USA,cancelled,1,3,1764.09,1764.09,588.03,3.6,1,3.0,3,3,2024-05-16,2024-05-16,2023-12-05,163,0.155440414507772,3.0,1,1,1,1.0,1764.09,588.03,0.0060975609756097,3034.2348,324.67914110429444,0.5521472392638036,1.0,3701.766456,1.0,2.239263803680981,3950.262883435583,6.717791411042945,558.4481226993864,0.4465753424657534,2.239263803680981,324.67914110429444,7056.36,0.0060975609756097,18.50143170731707,4.0,2.0,Long Inactive,Very High Value,Low Frequency
CUST2545,0,34,Female,Germany,cancelled,1,2,1683.58,1683.58,841.79,4.1,3,41.0,41,41,2024-02-14,2024-02-14,2023-05-21,269,0.1003344481605351,2.0,1,1,1,3.0,1683.58,841.79,0.0037037037037037,3064.1156,187.7598513011152,0.2230483271375464,3.0,4044.632591999999,1.0,1.3568773234200744,2284.4115241635686,2.7137546468401488,341.72292936802967,0.736986301369863,1.3568773234200744,187.7598513011152,70710.36,0.0037037037037037,11.348576296296295,126.0,2.0,Long Inactive,Very High Value,Low Frequency
CUST2546,0,18,Female,India,paused,1,1,151.42,151.42,151.42,4.5,1,45.0,45,45,2024-07-29,2024-07-29,2023-03-17,500,0.0566037735849056,1.0,1,1,1,1.0,151.42,151.42,0.0019960079840319,287.698,9.0852,0.06,1.0,402.7772,1.0,0.7300000000000001,110.5366,0.7300000000000001,17.261879999999998,1.36986301369863,0.7300000000000001,9.0852,6965.32,0.0019960079840319,0.5742475049900199,46.0,2.0,Long Inactive,Low Value,Low Frequency
CUST2547,1,65,Female,Germany,active,1,4,1053.12,1053.12,263.28,4.2,2,25.0,25,25,2021-05-18,2021-05-18,2020-12-29,140,0.1764705882352941,4.0,1,1,1,2.0,1053.12,263.28,0.0070921985815602,1937.7408,225.6685714285714,0.8571428571428571,2.0,2596.572672,1.0,2.607142857142857,2745.6342857142854,10.428571428571429,415.23017142857134,0.3835616438356164,2.607142857142857,225.6685714285714,27381.119999999995,0.0070921985815602,13.742842553191489,52.0,2.0,Long Inactive,Medium Value,Low Frequency
CUST2548,0,20,Female,Canada,cancelled,1,8,1037.36,1037.36,129.67,4.3,2,20.0,20,20,2025-01-24,2025-01-24,2022-06-19,950,0.0306122448979591,8.0,1,1,1,2.0,1037.36,129.67,0.0010515247108307,1929.4896,32.75873684210526,0.2526315789473684,2.0,2624.105855999999,1.0,0.3842105263157894,398.5646315789473,3.073684210526316,60.93125052631578,2.602739726027397,0.3842105263157894,32.75873684210526,21784.56,0.0010515247108307,2.028905993690852,42.0,2.0,Long Inactive,Medium Value,Low Frequency
CUST2549,0,30,Female,UK,active,1,1,1735.82,1735.82,1735.82,4.0,2,42.0,42,42,2024-06-11,2024-06-11,2022-06-20,722,0.0398936170212766,1.0,1,1,1,2.0,1735.82,1735.82,0.0013831258644536,3124.476,72.12548476454293,0.0415512465373961,2.0,4061.818800000001,1.0,0.5055401662049861,877.526731301939,0.5055401662049861,129.8258725761773,1.978082191780822,0.5055401662049861,72.12548476454293,74640.26,0.0013831258644536,4.3215435684647305,86.0,2.0,Long Inactive,Very High Value,Low Frequency
CUST2550,0,68,Female,UK,active,1,4,357.96,357.96,89.49,4.2,2,48.0,48,48,2023-06-26,2023-06-26,2021-10-14,620,0.0461538461538461,4.0,1,1,1,2.0,357.96,89.49,0.001610305958132,658.6464,17.320645161290322,0.1935483870967742,2.0,882.586176,1.0,0.5887096774193549,210.73451612903224,2.3548387096774195,31.86998709677419,1.6986301369863013,0.5887096774193549,17.320645161290322,17540.039999999997,0.001610305958132,1.060622222222222,98.0,2.0,Long Inactive,Low Value,Low Frequency
CUST2551,0,40,Male,Canada,cancelled,1,8,675.6,675.6,84.45,4.2,0,31.0,31,31,2023-11-28,2023-11-28,2022-09-09,445,0.0631578947368421,8.0,1,1,1,0.0,675.6,84.45,0.0022421524663677,1243.104,45.546067415730334,0.5393258426966292,0.0,1665.7593600000002,1.0,0.8202247191011236,554.1438202247191,6.561797752808989,83.80476404494382,1.2191780821917808,0.8202247191011236,45.546067415730334,21619.2,0.0022421524663677,2.7872286995515694,0.0,2.0,Long Inactive,Medium Value,Low Frequency
CUST2552,1,65,Male,Pakistan,active,1,7,708.12,708.12,101.16,4.5,0,21.0,21,21,2021-12-11,2021-12-11,2021-01-03,342,0.0806451612903225,7.0,1,1,1,0.0,708.12,101.16,0.0029154518950437,1345.428,62.11578947368421,0.6140350877192983,0.0,1883.5992,1.0,1.067251461988304,755.7421052631579,7.470760233918129,118.01999999999998,0.936986301369863,1.067251461988304,62.11578947368421,15578.64,0.0029154518950437,3.9225306122448975,0.0,2.0,Long Inactive,Medium Value,Low Frequency
CUST2553,0,54,Female,Germany,active,1,4,1096.92,1096.92,274.23,3.8,3,22.0,22,22,2024-04-28,2024-04-28,2022-01-23,826,0.0350467289719626,4.0,1,1,1,3.0,1096.92,274.23,0.0012091898428053,1930.5792,39.83970944309928,0.1452784503631961,3.0,2432.5297920000003,1.0,0.4418886198547216,484.71646489104126,1.7675544794188864,70.11788861985472,2.263013698630137,0.4418886198547216,39.83970944309928,25229.160000000003,0.0012091898428053,2.334436759371221,69.0,2.0,Long Inactive,High Value,Low Frequency
CUST2554,0,63,Male,India,paused,1,9,560.25,560.25,62.25,4.4,2,45.0,45,45,2024-08-02,2024-08-02,2022-03-15,871,0.0332963374028856,9.0,1,1,1,2.0,560.25,62.25,0.0011467889908256,1053.27,19.29678530424799,0.3099885189437428,2.0,1453.5126,1.0,0.4190585533869116,234.77755453501723,3.771526980482205,36.27795637198622,2.3863013698630136,0.4190585533869116,19.29678530424799,25771.5,0.0011467889908256,1.2078784403669725,92.0,2.0,Long Inactive,Medium Value,Low Frequency
CUST2555,0,45,Female,USA,cancelled,1,5,1618.35,1618.35,323.67,4.1,5,12.0,12,12,2024-06-08,2024-06-08,2023-10-02,250,0.1071428571428571,5.0,1,1,1,5.0,1618.35,323.67,0.0039840637450199,2945.397,194.202,0.6,5.0,3887.92404,1.0,1.4600000000000002,2362.791,7.300000000000001,353.44764,0.684931506849315,1.4600000000000002,194.202,21038.550000000003,0.0039840637450199,11.734649402390438,65.0,2.0,Long Inactive,Very High Value,Low Frequency
CUST2556,0,65,Male,Canada,active,1,1,960.43,960.43,960.43,4.2,4,44.0,44,44,2024-03-21,2024-03-21,2021-06-09,1016,0.02868068833652,1.0,1,1,1,4.0,960.43,960.43,0.0009832841691248,1767.1912,28.359153543307084,0.0295275590551181,4.0,2368.036208,1.0,0.359251968503937,345.0363681102362,0.359251968503937,52.18084251968504,2.783561643835617,0.359251968503937,28.359153543307084,43219.35,0.0009832841691248,1.7376511307767946,180.0,2.0,Long Inactive,Medium Value,Low Frequency
CUST2557,1,29,Female,Canada,active,1,4,66.96,66.96,16.74,4.3,3,3.0,3,3,2022-11-25,2022-11-25,2022-02-21,277,0.0977198697068403,4.0,1,1,1,3.0,66.96,16.74,0.0035971223021582,124.54559999999998,7.251985559566787,0.4332129963898917,3.0,169.38201599999996,1.0,1.3176895306859209,88.23249097472923,5.270758122743683,13.488693140794222,0.7589041095890411,1.3176895306859209,7.251985559566787,267.84,0.0035971223021582,0.4480057553956834,12.0,2.0,Long Inactive,Low Value,Low Frequency
CUST2558,0,30,Male,USA,active,1,6,1213.44,1213.44,202.24,4.1,2,10.0,10,10,2023-09-15,2023-09-15,2021-06-11,826,0.0350467289719626,6.0,1,1,1,2.0,1213.44,202.24,0.0012091898428053,2208.4608,44.071670702179176,0.2179176755447942,2.0,2915.1682559999995,1.0,0.4418886198547216,536.2053268765134,2.6513317191283297,80.21044067796609,2.263013698630137,0.4418886198547216,44.071670702179176,13347.84,0.0012091898428053,2.670448367593712,22.0,2.0,Long Inactive,High Value,Low Frequency
CUST2559,0,57,Female,Germany,active,1,8,1145.28,1145.28,143.16,4.2,5,12.0,12,12,2025-09-08,2025-09-08,2022-10-26,1048,0.0278293135435992,8.0,1,1,1,5.0,1145.28,143.16,0.0009532888465204,2107.3152,32.784732824427486,0.2290076335877862,5.0,2823.802368,1.0,0.3482824427480915,398.8809160305343,2.7862595419847325,60.32390839694657,2.871232876712329,0.3482824427480915,32.784732824427486,14888.64,0.0009532888465204,2.008880076263108,65.0,2.0,At Risk,High Value,Low Frequency
CUST2560,0,39,Female,Germany,active,1,1,1785.86,1785.86,1785.86,4.1,2,37.0,37,37,2024-04-13,2024-04-13,2023-12-05,130,0.1875,1.0,1,1,1,2.0,1785.86,1785.86,0.0076335877862595,3250.2652,412.1215384615385,0.2307692307692307,2.0,4290.350063999998,1.0,2.807692307692308,5014.1453846153845,2.807692307692308,750.0611999999999,0.3561643835616438,2.807692307692308,412.1215384615385,67862.68,0.0076335877862595,24.811184732824422,76.0,2.0,Long Inactive,Very High Value,Low Frequency
CUST2561,0,65,Female,India,paused,1,5,1642.15,1642.15,328.43,3.9,1,26.0,26,26,2025-03-07,2025-03-07,2021-08-09,1306,0.0224550898203592,5.0,1,1,1,1.0,1642.15,328.43,0.0007651109410864,2923.027,37.72166921898928,0.114854517611026,1.0,3741.47456,1.0,0.27947932618683,458.9469754977029,1.39739663093415,67.14457120980093,3.578082191780822,0.27947932618683,37.72166921898928,44338.05,0.0007651109410864,2.2364399387911247,27.0,2.0,Long Inactive,Very High Value,Low Frequency
CUST2562,0,48,Male,India,active,1,3,894.21,894.21,298.07,3.9,4,7.0,7,7,2023-09-04,2023-09-04,2021-02-01,945,0.0307692307692307,3.0,1,1,1,4.0,894.21,298.07,0.0010570824524312,1591.6938,28.387619047619047,0.0952380952380952,4.0,2037.368064,1.0,0.3862433862433862,345.3826984126984,1.1587301587301586,50.52996190476191,2.589041095890411,0.3862433862433862,28.387619047619047,7153.68,0.0010570824524312,1.6825515856236788,32.0,2.0,Long Inactive,Medium Value,Low Frequency
CUST2563,1,41,Female,Pakistan,cancelled,1,1,506.96,506.96,506.96,3.8,2,28.0,28,28,2022-09-14,2022-09-14,2022-02-20,206,0.1271186440677966,1.0,1,1,1,2.0,506.96,506.96,0.0048309178743961,892.2496,73.82912621359223,0.145631067961165,2.0,1124.234496,1.0,1.7718446601941746,898.2543689320388,1.7718446601941746,129.93926213592235,0.5643835616438356,1.7718446601941746,73.82912621359223,14701.84,0.0048309178743961,4.310384541062802,58.0,2.0,Long Inactive,Low Value,Low Frequency
CUST2564,0,43,Male,Pakistan,active,1,4,938.72,938.72,234.68,4.6,1,43.0,43,43,2025-07-20,2025-07-20,2021-05-24,1518,0.0193798449612403,4.0,1,1,1,1.0,938.72,234.68,0.0006583278472679,1802.3424,18.551778656126483,0.0790513833992094,1.0,2559.326208,1.0,0.2404479578392622,225.71330698287224,0.9617918313570488,35.61941501976285,4.158904109589041,0.2404479578392622,18.551778656126483,41303.68,0.0006583278472679,1.1865321922317311,44.0,2.0,At Risk,Medium Value,Low Frequency
CUST2565,0,19,Other,Canada,active,1,3,1040.91,1040.91,346.97,3.6,5,33.0,33,33,2023-09-04,2023-09-04,2022-01-16,596,0.047923322683706,3.0,1,1,1,5.0,1040.91,346.97,0.0016750418760469,1790.3652000000002,52.39479865771813,0.1510067114093959,5.0,2184.2455440000003,1.0,0.6124161073825504,637.4700503355706,1.837248322147651,90.11905369127516,1.632876712328767,0.6124161073825504,52.39479865771813,35390.94,0.0016750418760469,2.9989366834170856,170.0,2.0,Long Inactive,Medium Value,Low Frequency
CUST2566,1,42,Male,India,cancelled,1,5,1739.1999999999998,1739.1999999999998,347.84,4.1,0,5.0,5,5,2022-11-20,2022-11-20,2022-08-08,104,0.2238805970149253,5.0,1,1,1,0.0,1739.1999999999998,347.84,0.0095238095238095,3165.344,501.6923076923076,1.4423076923076923,0.0,4178.254079999999,1.0,3.5096153846153846,6103.923076923076,17.548076923076923,913.0799999999998,0.284931506849315,3.5096153846153846,501.6923076923076,10435.2,0.0095238095238095,30.14613333333333,0.0,2.0,Long Inactive,Very High Value,Low Frequency
CUST2567,1,35,Male,India,cancelled,1,8,973.12,973.12,121.64,4.2,1,38.0,38,38,2021-07-09,2021-07-09,2021-01-27,163,0.155440414507772,8.0,1,1,1,1.0,973.12,121.64,0.0060975609756097,1790.5408,179.10184049079754,1.4723926380368098,1.0,2399.324672,1.0,2.239263803680981,2179.072392638037,17.914110429447852,329.54738650306746,0.4465753424657534,2.239263803680981,179.10184049079754,37951.68,0.0060975609756097,10.917931707317074,39.0,2.0,Long Inactive,Medium Value,Low Frequency
CUST2568,0,38,Female,India,active,1,6,1943.76,1943.76,323.96,4.3,5,5.0,5,5,2023-07-26,2023-07-26,2021-06-03,783,0.03690036900369,6.0,1,1,1,5.0,1943.76,323.96,0.0012755102040816,3615.3936,74.4735632183908,0.2298850574712643,5.0,4916.935295999999,1.0,0.4661558109833972,906.095019157088,2.796934865900383,138.52082758620688,2.1452054794520548,0.4661558109833972,74.4735632183908,11662.559999999998,0.0012755102040816,4.611471428571427,30.0,2.0,Long Inactive,Very High Value,Low Frequency
CUST2569,1,28,Female,India,active,1,9,1539.27,1539.27,171.03,3.9,5,17.0,17,17,2022-11-10,2022-11-10,2022-07-26,107,0.218978102189781,9.0,1,1,1,5.0,1539.27,171.03,0.0092592592592592,2739.9006,431.5710280373832,2.5233644859813085,5.0,3507.072768,1.0,3.411214953271028,5250.780841121495,30.70093457943925,768.196429906542,0.2931506849315068,3.411214953271028,431.5710280373832,27706.86,0.0092592592592592,25.36945,90.0,2.0,Long Inactive,Very High Value,Low Frequency
CUST2570,0,65,Male,India,paused,1,2,93.32,93.32,46.66,3.9,2,8.0,8,8,2024-12-03,2024-12-03,2022-01-17,1051,0.0277520814061054,2.0,1,1,1,2.0,93.32,46.66,0.0009505703422053,166.1096,2.663748810656517,0.0570884871550903,2.0,212.620288,1.0,0.3472882968601332,32.40894386298763,0.6945765937202664,4.741472882968601,2.8794520547945206,0.3472882968601332,2.663748810656517,839.8799999999999,0.0009505703422053,0.1578988593155893,18.0,2.0,Long Inactive,Low Value,Low Frequency
CUST2571,0,49,Female,Germany,paused,1,8,696.56,696.56,87.07,4.0,2,38.0,38,38,2023-10-05,2023-10-05,2021-01-27,981,0.029673590504451,8.0,1,1,1,2.0,696.56,87.07,0.0010183299389002,1253.808,21.301529051987764,0.2446483180428134,2.0,1629.9504,1.0,0.3720693170234454,259.1686034658512,2.9765545361875634,38.34275229357798,2.6876712328767125,0.3720693170234454,21.301529051987764,27165.84,0.0010183299389002,1.2767902240325864,78.0,2.0,Long Inactive,Medium Value,Low Frequency
CUST2572,1,45,Female,Germany,active,1,7,1185.73,1185.73,169.39,4.4,1,5.0,5,5,2022-06-10,2022-06-10,2022-04-14,57,0.3448275862068966,7.0,1,1,1,1.0,1185.73,169.39,0.0172413793103448,2229.1724000000004,624.0684210526316,3.68421052631579,1.0,3076.257912000001,1.0,6.4035087719298245,7592.832456140351,44.82456140350877,1173.2486315789477,0.1561643835616438,6.4035087719298245,624.0684210526316,7114.38,0.0172413793103448,38.43400689655173,6.0,2.0,Long Inactive,High Value,Low Frequency
CUST2573,1,42,Female,Pakistan,paused,1,7,1442.28,1442.28,206.04,4.2,0,29.0,29,29,2023-01-01,2023-01-01,2022-09-23,100,0.2307692307692307,7.0,1,1,1,0.0,1442.28,206.04,0.0099009900990099,2653.7952,432.684,2.1,0.0,3556.0855680000004,1.0,3.65,5264.322,25.55,796.13856,0.273972602739726,3.65,432.684,43268.4,0.0099009900990099,26.2752,0.0,2.0,Long Inactive,High Value,Low Frequency
CUST2574,0,64,Male,Pakistan,active,1,9,1187.82,1187.82,131.98,4.5,1,26.0,26,26,2023-12-02,2023-12-02,2021-12-30,702,0.040983606557377,9.0,1,1,1,1.0,1187.82,131.98,0.0014224751066856,2256.858,50.761538461538464,0.3846153846153846,1.0,3159.6012,1.0,0.51994301994302,617.5987179487179,4.679487179487179,96.44692307692308,1.9232876712328768,0.51994301994302,50.761538461538464,32071.14,0.0014224751066856,3.210324324324324,27.0,2.0,Long Inactive,High Value,Low Frequency
CUST2575,0,41,Male,Canada,active,1,2,44.5,44.5,22.25,4.1,3,12.0,12,12,2024-12-27,2024-12-27,2022-04-23,979,0.0297324083250743,2.0,1,1,1,3.0,44.5,22.25,0.0010204081632653,80.99,1.3636363636363638,0.0612870275791624,3.0,106.90679999999998,1.0,0.372829417773238,16.59090909090909,0.745658835546476,2.481818181818181,2.682191780821918,0.372829417773238,1.3636363636363638,578.5,0.0010204081632653,0.0826428571428571,39.0,2.0,Long Inactive,Low Value,Low Frequency
CUST2576,0,49,Female,Canada,cancelled,1,6,749.88,749.88,124.98,4.1,3,18.0,18,18,2025-05-18,2025-05-18,2020-09-10,1711,0.0172314761631246,6.0,1,1,1,3.0,749.88,124.98,0.0005841121495327,1364.7815999999998,13.148100526008182,0.1052016364699006,3.0,1801.5117119999995,1.0,0.2133255406195207,159.9685563997662,1.2799532437171244,23.92954295733489,4.6876712328767125,0.2133255406195207,13.148100526008182,14247.72,0.0005841121495327,0.7971855140186914,57.0,2.0,Long Inactive,Medium Value,Low Frequency
CUST2577,0,61,Male,Canada,active,1,5,1327.55,1327.55,265.51,4.2,2,16.0,16,16,2024-04-01,2024-04-01,2022-04-18,714,0.0403225806451612,5.0,1,1,1,2.0,1327.55,265.51,0.0013986013986013,2442.692,55.77941176470588,0.2100840336134453,2.0,3273.20728,1.0,0.511204481792717,678.6495098039215,2.5560224089635857,102.63411764705882,1.956164383561644,0.511204481792717,55.77941176470588,22568.35,0.0013986013986013,3.4163524475524474,34.0,2.0,Long Inactive,High Value,Low Frequency
CUST2578,1,54,Male,Germany,paused,1,9,1975.86,1975.86,219.54,4.2,1,19.0,19,19,2021-03-31,2021-03-31,2020-10-09,173,0.1477832512315271,9.0,1,1,1,1.0,1975.86,219.54,0.0057471264367816,3635.5824,342.63468208092485,1.560693641618497,1.0,4871.680416,1.0,2.109826589595376,4168.721965317919,18.98843930635838,630.4478150289017,0.473972602739726,2.109826589595376,342.63468208092485,39517.2,0.0057471264367816,20.89415172413793,20.0,2.0,Long Inactive,Very High Value,Low Frequency
CUST2579,0,61,Male,Pakistan,active,1,5,1275.75,1275.75,255.15,4.0,4,41.0,41,41,2023-04-08,2023-04-08,2021-03-19,750,0.0384615384615384,5.0,1,1,1,4.0,1275.75,255.15,0.0013315579227696,2296.35,51.03,0.2,4.0,2985.255,1.0,0.4866666666666666,620.8649999999999,2.433333333333333,91.854,2.054794520547945,0.4866666666666666,51.03,53581.5,0.0013315579227696,3.057723035952064,168.0,2.0,Long Inactive,High Value,Low Frequency
CUST2580,1,27,Female,Pakistan,active,1,7,1854.93,1854.93,264.99,4.3,0,3.0,3,3,2021-05-26,2021-05-26,2020-10-10,228,0.1162790697674418,7.0,1,1,1,0.0,1854.93,264.99,0.0043668122270742,3450.1698,244.06973684210527,0.9210526315789476,0.0,4692.230927999999,1.0,1.600877192982456,2969.515131578948,11.206140350877194,453.9697105263158,0.6246575342465753,1.600877192982456,244.06973684210527,7419.72,0.0043668122270742,15.066243668122269,0.0,2.0,Long Inactive,Very High Value,Low Frequency
CUST2581,1,57,Female,Germany,cancelled,1,6,1521.96,1521.96,253.66,3.6,0,38.0,38,38,2022-05-05,2022-05-05,2021-02-03,456,0.0617283950617284,6.0,1,1,1,0.0,1521.96,253.66,0.0021881838074398,2617.7712,100.12894736842108,0.3947368421052631,0.0,3193.680864,1.0,0.8004385964912281,1218.2355263157897,4.802631578947368,172.22178947368425,1.2493150684931509,0.8004385964912281,100.12894736842108,59356.44,0.0021881838074398,5.72816455142232,0.0,2.0,Long Inactive,Very High Value,Low Frequency
CUST2582,0,59,Female,UK,active,1,3,645.12,645.12,215.04,3.5,0,14.0,14,14,2024-09-23,2024-09-23,2020-10-09,1445,0.0203389830508474,3.0,1,1,1,0.0,645.12,215.04,0.0006915629322268,1096.704,13.393494809688582,0.0622837370242214,0.0,1316.0448,1.0,0.2525951557093425,162.9541868512111,0.7577854671280277,22.768941176470587,3.958904109589041,0.2525951557093425,13.393494809688582,9676.8,0.0006915629322268,0.7584398340248962,0.0,2.0,Long Inactive,Medium Value,Low Frequency
CUST2583,0,61,Male,Canada,cancelled,1,1,1226.37,1226.37,1226.37,4.3,5,11.0,11,11,2024-11-07,2024-11-07,2023-01-23,654,0.043859649122807,1.0,1,1,1,5.0,1226.37,1226.37,0.0015267175572519,2281.0482,56.255504587155954,0.0458715596330275,5.0,3102.2255519999994,1.0,0.5581039755351682,684.4419724770642,0.5581039755351682,104.63523853211008,1.7917808219178082,0.5581039755351682,56.255504587155954,14716.44,0.0015267175572519,3.4825163358778624,60.0,2.0,Long Inactive,High Value,Low Frequency
CUST2584,0,55,Female,Pakistan,active,1,5,159.04999999999998,159.04999999999998,31.81,3.6,1,40.0,40,40,2024-03-17,2024-03-17,2020-12-27,1176,0.0248756218905472,5.0,1,1,1,1.0,159.04999999999998,31.809999999999995,0.0008496176720475,273.566,4.057397959183673,0.1275510204081632,1.0,333.75051999999994,1.0,0.3103741496598639,49.36500850340136,1.5518707482993197,6.978724489795917,3.221917808219178,0.3103741496598639,4.057397959183673,6521.049999999999,0.0008496176720475,0.2324265080713678,41.0,2.0,Long Inactive,Low Value,Low Frequency
CUST2585,0,24,Male,Germany,active,1,1,966.86,966.86,966.86,2.9,4,44.0,44,44,2024-03-11,2024-03-11,2021-12-27,805,0.0359281437125748,1.0,1,1,1,4.0,966.86,966.86,0.0012406947890818,1527.6388000000002,36.032049689441,0.0372670807453416,4.0,1649.8499040000004,1.0,0.453416149068323,438.3899378881988,0.453416149068323,56.93063850931678,2.2054794520547945,0.453416149068323,36.032049689441,43508.7,0.0012406947890818,1.8953334987593051,180.0,2.0,Long Inactive,Medium Value,Low Frequency
CUST2586,0,58,Male,USA,active,1,6,1177.44,1177.44,196.24,4.2,5,31.0,31,31,2025-01-05,2025-01-05,2021-05-07,1339,0.0219138056975894,6.0,1,1,1,5.0,1177.44,196.24,0.0007462686567164,2166.4896000000003,26.38028379387603,0.1344286781179985,5.0,2903.0960640000008,1.0,0.2725914861837192,320.9601194921584,1.6355489171023152,48.5397221807319,3.668493150684931,0.2725914861837192,26.38028379387603,37678.08,0.0007462686567164,1.61678328358209,160.0,2.0,Long Inactive,High Value,Low Frequency
CUST2587,0,24,Female,Germany,active,1,7,1955.24,1955.24,279.32,4.4,0,23.0,23,23,2023-11-13,2023-11-13,2023-02-06,280,0.0967741935483871,7.0,1,1,1,0.0,1955.24,279.32,0.0035587188612099,3675.8512,209.49,0.75,0.0,5072.674656,1.0,1.3035714285714286,2548.795,9.125,393.8412,0.7671232876712328,1.3035714285714286,209.49,46925.76,0.0035587188612099,13.08132099644128,0.0,2.0,Long Inactive,Very High Value,Low Frequency
CUST2588,0,65,Male,Pakistan,paused,1,8,1005.84,1005.84,125.73,4.1,5,17.0,17,17,2024-08-08,2024-08-08,2022-04-12,849,0.0341296928327645,8.0,1,1,1,5.0,1005.84,125.73,0.0011764705882352,1830.6288,35.54204946996467,0.2826855123674912,5.0,2416.430016,1.0,0.4299175500588928,432.4282685512368,3.4393404004711425,64.6865300353357,2.326027397260274,0.4299175500588928,35.54204946996467,18105.12,0.0011764705882352,2.15368094117647,90.0,2.0,Long Inactive,Medium Value,Low Frequency
CUST2589,0,41,Male,Pakistan,active,1,3,1442.6999999999998,1442.6999999999998,480.9,3.8,4,12.0,12,12,2024-07-03,2024-07-03,2023-07-24,345,0.08,3.0,1,1,1,4.0,1442.6999999999998,480.8999999999999,0.0028901734104046,2539.152,125.45217391304348,0.2608695652173913,4.0,3199.33152,1.0,1.0579710144927537,1526.3347826086954,3.1739130434782608,220.79582608695648,0.9452054794520548,1.0579710144927537,125.45217391304348,18755.1,0.0028901734104046,7.338589595375721,52.0,2.0,Long Inactive,High Value,Low Frequency
CUST2590,0,59,Male,Canada,active,1,5,1798.75,1798.75,359.75,3.5,5,25.0,25,25,2024-12-23,2024-12-23,2021-06-14,1288,0.0227617602427921,5.0,1,1,1,5.0,1798.75,359.75,0.0007757951900698,3057.875,41.89635093167702,0.1164596273291925,5.0,3669.45,1.0,0.2833850931677018,509.7389363354037,1.416925465838509,71.22379658385094,3.5287671232876714,0.2833850931677018,41.89635093167702,46767.5,0.0007757951900698,2.372284716834756,130.0,2.0,Long Inactive,Very High Value,Low Frequency
CUST2591,0,63,Other,Germany,active,1,7,1115.87,1115.87,159.41,4.1,2,32.0,32,32,2025-03-21,2025-03-21,2023-08-06,593,0.0481540930979133,7.0,1,1,1,2.0,1115.87,159.41,0.0016835016835016,2030.8834,56.45210792580101,0.3541315345699831,2.0,2680.7660879999994,1.0,0.6155143338954469,686.8339797639122,4.308600337268128,102.74283642495784,1.6246575342465754,0.6155143338954469,56.45210792580101,36823.71,0.0016835016835016,3.4189956228956224,66.0,2.0,Long Inactive,High Value,Low Frequency
CUST2592,1,26,Other,India,cancelled,1,2,1246.02,1246.02,623.01,3.2,0,8.0,8,8,2022-03-13,2022-03-13,2021-06-30,256,0.1048951048951049,2.0,1,1,1,0.0,1246.02,623.01,0.0038910505836575,2043.4728,146.01796875,0.234375,0.0,2329.5589920000007,1.0,1.42578125,1776.551953125,2.8515625,239.46946875000003,0.7013698630136986,1.42578125,146.01796875,11214.18,0.0038910505836575,7.951256031128405,0.0,2.0,Long Inactive,High Value,Low Frequency
CUST2593,1,34,Female,UK,paused,1,4,687.08,687.08,171.77,4.4,1,43.0,43,43,2022-09-02,2022-09-02,2022-04-01,154,0.1630434782608695,4.0,1,1,1,1.0,687.08,171.77,0.0064516129032258,1291.7104000000002,133.84675324675325,0.7792207792207791,1.0,1782.5603520000004,1.0,2.3701298701298703,1628.4688311688312,9.48051948051948,251.6318961038961,0.421917808219178,2.3701298701298703,133.84675324675325,30231.52,0.0064516129032258,8.333615483870968,44.0,2.0,Long Inactive,Medium Value,Low Frequency
CUST2594,0,53,Female,Germany,active,1,3,420.09,420.09,140.03,3.6,5,25.0,25,25,2024-10-05,2024-10-05,2022-09-25,741,0.0389105058365758,3.0,1,1,1,5.0,420.09,140.03,0.0013477088948787,722.5548,17.00769230769231,0.1214574898785425,5.0,881.516856,1.0,0.4925775978407556,206.92692307692303,1.477732793522267,29.25323076923077,2.03013698630137,0.4925775978407556,17.00769230769231,10922.34,0.0013477088948787,0.9737935309973046,130.0,2.0,Long Inactive,Low Value,Low Frequency
CUST2595,0,42,Male,Germany,active,1,5,1113.75,1113.75,222.75,3.1,4,35.0,35,35,2024-10-17,2024-10-17,2022-01-18,1003,0.0290416263310745,5.0,1,1,1,4.0,1113.75,222.75,0.0009960159362549,1804.275,33.31256231306082,0.1495513459621136,4.0,2020.788,1.0,0.3639082751744765,405.3028414755733,1.8195413758723828,53.96635094715853,2.747945205479452,0.3639082751744765,33.31256231306082,40095.0,0.0009960159362549,1.7970866533864542,144.0,2.0,Long Inactive,High Value,Low Frequency
CUST2596,1,58,Male,Canada,paused,1,2,1735.78,1735.78,867.89,4.0,2,12.0,12,12,2022-12-20,2022-12-20,2020-11-22,758,0.0380710659898477,2.0,1,1,1,2.0,1735.78,867.89,0.0013175230566534,3124.404,68.69841688654354,0.079155672823219,2.0,4061.7252,1.0,0.4815303430079155,835.8307387862797,0.9630606860158312,123.65715039577836,2.0767123287671234,0.4815303430079155,68.69841688654354,22565.14,0.0013175230566534,4.116474308300395,26.0,2.0,Long Inactive,Very High Value,Low Frequency
CUST2597,0,61,Female,UK,paused,1,2,852.88,852.88,426.44,4.1,5,10.0,10,10,2023-10-12,2023-10-12,2021-07-20,814,0.0355450236966824,2.0,1,1,1,5.0,852.88,426.44,0.0012269938650306,1552.2415999999998,31.432923832923837,0.0737100737100737,5.0,2048.958912,1.0,0.4484029484029484,382.4339066339066,0.8968058968058968,57.20792137592137,2.23013698630137,0.4484029484029484,31.432923832923837,9381.68,0.0012269938650306,1.9045909202453988,55.0,2.0,Long Inactive,Medium Value,Low Frequency
CUST2598,1,47,Female,USA,active,1,5,1370.1,1370.1,274.02,3.6,2,22.0,22,22,2022-08-13,2022-08-13,2022-08-13,0,1.0,5.0,1,1,1,2.0,1370.1,274.02,1.0,2356.572,13700.999999999998,50.0,2.0,2875.0178399999995,1.0,365.0,500086.5,1825.0,23565.719999999998,0.0,365.0,13700.999999999998,31512.3,1.0,2356.572,46.0,2.0,Long Inactive,High Value,Low Frequency
CUST2599,0,33,Male,Germany,active,1,6,1335.6,1335.6,222.6,4.0,4,12.0,12,12,2025-05-18,2025-05-18,2023-01-13,856,0.0338600451467268,6.0,1,1,1,4.0,1335.6,222.6,0.0011668611435239,2404.08,46.80841121495327,0.2102803738317757,4.0,3125.304,1.0,0.4264018691588784,569.502336448598,2.5584112149532707,84.25514018691588,2.345205479452055,0.4264018691588784,46.80841121495327,17362.8,0.0011668611435239,2.805227537922987,52.0,2.0,Long Inactive,High Value,Low Frequency
CUST2600,0,44,Female,Pakistan,active,1,9,1594.62,1594.62,177.18,4.3,2,30.0,30,30,2023-06-17,2023-06-17,2022-07-25,327,0.0840336134453781,9.0,1,1,1,2.0,1594.62,177.18,0.0030487804878048,2965.9932,146.2954128440367,0.8256880733944953,2.0,4033.750752,1.0,1.1162079510703364,1779.92752293578,10.045871559633028,272.1094678899082,0.8958904109589041,1.1162079510703364,146.2954128440367,49433.22,0.0030487804878048,9.04266219512195,62.0,2.0,Long Inactive,Very High Value,Low Frequency
CUST2601,0,58,Female,UK,cancelled,1,2,1013.76,1013.76,506.88,4.4,3,47.0,47,47,2023-02-23,2023-02-23,2022-06-23,245,0.1090909090909091,2.0,1,1,1,3.0,1013.76,506.88,0.0040650406504065,1905.8688,124.13387755102042,0.2448979591836735,3.0,2630.0989440000003,1.0,1.4897959183673468,1510.2955102040817,2.9795918367346936,233.3716897959184,0.6712328767123288,1.4897959183673468,124.13387755102042,48660.48,0.0040650406504065,7.747434146341465,144.0,2.0,Long Inactive,Medium Value,Low Frequency
CUST2602,1,59,Female,India,cancelled,1,8,1137.28,1137.28,142.16,4.1,2,1.0,1,1,2021-04-06,2021-04-06,2020-02-11,420,0.0666666666666666,8.0,1,1,1,2.0,1137.28,142.16,0.002375296912114,2069.8496,81.23428571428572,0.5714285714285714,2.0,2732.2014719999997,1.0,0.8690476190476191,988.3504761904762,6.9523809523809526,147.84639999999996,1.1506849315068493,0.8690476190476191,81.23428571428572,2274.56,0.002375296912114,4.916507363420426,4.0,2.0,Long Inactive,High Value,Low Frequency
CUST2603,0,50,Female,India,active,1,6,1121.4,1121.4,186.9,4.4,4,29.0,29,29,2025-07-15,2025-07-15,2023-07-07,739,0.0390117035110533,6.0,1,1,1,4.0,1121.4,186.9,0.0013513513513513,2108.2320000000004,45.52368064952639,0.2435723951285521,4.0,2909.3601600000006,1.0,0.4939106901217862,553.871447902571,2.963464140730717,85.58451962110962,2.024657534246576,0.4939106901217862,45.52368064952639,33642.0,0.0013513513513513,2.848962162162163,120.0,2.0,At Risk,High Value,Low Frequency
CUST2604,0,20,Female,Germany,active,1,8,368.24,368.24,46.03,3.1,4,24.0,24,24,2023-03-18,2023-03-18,2021-10-16,518,0.0547445255474452,8.0,1,1,1,4.0,368.24,46.03,0.001926782273603,596.5488,21.326640926640927,0.4633204633204633,4.0,668.1346560000001,1.0,0.7046332046332047,259.4741312741313,5.637065637065637,34.54915830115831,1.4191780821917808,0.7046332046332047,21.326640926640927,9206.0,0.001926782273603,1.1494196531791907,100.0,2.0,Long Inactive,Low Value,Low Frequency
CUST2605,0,60,Male,Germany,active,1,7,839.86,839.86,119.98,4.3,5,14.0,14,14,2024-04-15,2024-04-15,2023-08-18,241,0.1107011070110701,7.0,1,1,1,5.0,839.86,119.98,0.0041322314049586,1562.1396,104.546887966805,0.8713692946058091,5.0,2124.509856,1.0,1.5145228215767637,1271.9871369294608,10.601659751037346,194.45721161825725,0.6602739726027397,1.5145228215767637,104.546887966805,12597.9,0.0041322314049586,6.455122314049587,75.0,2.0,Long Inactive,Medium Value,Low Frequency
CUST2606,0,43,Female,UK,active,1,1,428.32,428.32,428.32,4.4,0,38.0,38,38,2023-06-09,2023-06-09,2021-11-20,566,0.0503355704697986,1.0,1,1,1,0.0,428.32,428.32,0.001763668430335,805.2416000000001,22.70247349823321,0.0530035335689045,0.0,1111.2334080000005,1.0,0.6448763250883391,276.2134275618374,0.6448763250883391,42.68065017667845,1.5506849315068494,0.6448763250883391,22.70247349823321,16704.48,0.001763668430335,1.420179188712522,0.0,2.0,Long Inactive,Low Value,Low Frequency
CUST2607,0,62,Male,India,active,1,4,1739.04,1739.04,434.76,4.4,4,30.0,30,30,2023-11-11,2023-11-11,2023-01-06,309,0.0884955752212389,4.0,1,1,1,4.0,1739.04,434.76,0.0032258064516129,3269.3952,168.8388349514563,0.3883495145631068,4.0,4511.765376,1.0,1.1812297734627832,2054.2058252427187,4.724919093851133,317.41700970873785,0.8465753424657534,1.1812297734627832,168.8388349514563,53910.24,0.0032258064516129,10.54643612903226,124.0,2.0,Long Inactive,Very High Value,Low Frequency
CUST2608,1,64,Female,UK,active,1,1,823.43,823.43,823.43,4.1,1,16.0,16,16,2023-02-03,2023-02-03,2022-05-25,254,0.1056338028169014,1.0,1,1,1,1.0,823.43,823.43,0.0039215686274509,1498.6425999999997,97.2555118110236,0.1181102362204724,1.0,1978.2082319999995,1.0,1.437007874015748,1183.2753937007874,1.437007874015748,177.00503149606294,0.6958904109589041,1.437007874015748,97.2555118110236,13998.31,0.0039215686274509,5.877029803921567,17.0,2.0,Long Inactive,Medium Value,Low Frequency
CUST2609,1,35,Female,USA,active,1,4,1831.44,1831.44,457.86,4.1,4,11.0,11,11,2022-08-27,2022-08-27,2022-04-20,129,0.1886792452830188,4.0,1,1,1,4.0,1831.44,457.86,0.0076923076923076,3333.2208,425.9162790697675,0.9302325581395348,4.0,4399.851455999999,1.0,2.8294573643410854,5181.981395348837,11.317829457364342,775.1676279069767,0.3534246575342465,2.8294573643410854,425.9162790697675,21977.28,0.0076923076923076,25.64016,48.0,2.0,Long Inactive,Very High Value,Low Frequency
CUST2610,0,18,Female,USA,paused,1,7,708.82,708.82,101.26,4.0,0,2.0,2,2,2023-02-26,2023-02-26,2022-12-12,76,0.2830188679245283,7.0,1,1,1,0.0,708.82,101.26,0.0129870129870129,1275.8760000000002,279.7973684210527,2.763157894736842,0.0,1658.6388000000004,1.0,4.802631578947368,3404.201315789474,33.618421052631575,503.6352631578948,0.2082191780821917,4.802631578947368,279.7973684210527,2126.46,0.0129870129870129,16.569818181818185,0.0,2.0,Long Inactive,Medium Value,Low Frequency
CUST2611,0,55,Male,Pakistan,paused,1,6,577.3199999999999,577.3199999999999,96.22,3.6,4,20.0,20,20,2025-04-30,2025-04-30,2021-04-19,1472,0.0199733688415446,6.0,1,1,1,4.0,577.3199999999999,96.21999999999998,0.0006788866259334,992.9904,11.76603260869565,0.1222826086956521,4.0,1211.4482879999998,1.0,0.2479619565217391,143.1533967391304,1.4877717391304346,20.23757608695652,4.032876712328767,0.2479619565217391,11.76603260869565,12123.72,0.0006788866259334,0.6741279022403258,84.0,2.0,Long Inactive,Medium Value,Low Frequency
CUST2612,0,54,Female,Germany,cancelled,1,5,1159.0,1159.0,231.8,3.9,1,16.0,16,16,2024-04-09,2024-04-09,2023-05-13,332,0.0828729281767955,5.0,1,1,1,1.0,1159.0,231.8,0.003003003003003,2063.02,104.7289156626506,0.4518072289156626,1.0,2640.6656,1.0,1.0993975903614457,1274.2018072289156,5.496987951807228,186.41746987951808,0.9095890410958904,1.0993975903614457,104.7289156626506,19703.0,0.003003003003003,6.195255255255256,17.0,2.0,Long Inactive,High Value,Low Frequency
CUST2613,0,46,Female,Canada,active,1,5,1610.25,1610.25,322.05,3.9,0,24.0,24,24,2024-07-26,2024-07-26,2023-07-15,377,0.0737100737100737,5.0,1,1,1,0.0,1610.25,322.05,0.0026455026455026,2866.245,128.1366047745358,0.3978779840848806,0.0,3668.7936,1.0,0.9681697612732094,1558.9953580901856,4.840848806366047,228.08315649867373,1.0328767123287672,0.9681697612732094,128.1366047745358,40256.25,0.0026455026455026,7.582658730158729,0.0,2.0,Long Inactive,Very High Value,Low Frequency
CUST2614,1,60,Male,Canada,cancelled,1,6,415.62,415.62,69.27,3.8,1,43.0,43,43,2021-06-26,2021-06-26,2021-04-18,69,0.303030303030303,6.0,1,1,1,1.0,415.62,69.27,0.0142857142857142,731.4912,180.70434782608697,2.608695652173913,1.0,921.678912,1.0,5.2898550724637685,2198.5695652173918,31.73913043478261,318.0396521739131,0.1890410958904109,5.2898550724637685,180.70434782608697,18287.28,0.0142857142857142,10.449874285714284,44.0,2.0,Long Inactive,Low Value,Low Frequency
CUST2615,0,65,Male,Germany,active,1,1,1699.62,1699.62,1699.62,4.1,4,17.0,17,17,2025-03-18,2025-03-18,2021-10-28,1237,0.0236779794790844,1.0,1,1,1,4.0,1699.62,1699.62,0.0008077544426494,3093.3083999999994,41.21956345998383,0.0242522231204527,4.0,4083.167087999999,1.0,0.2950687146321746,501.5046887631366,0.2950687146321746,75.01960549717056,3.389041095890411,0.2950687146321746,41.21956345998383,30593.16,0.0008077544426494,2.498633602584814,72.0,2.0,Long Inactive,Very High Value,Low Frequency
CUST2616,0,32,Male,India,active,1,7,1820.84,1820.84,260.12,4.1,0,44.0,44,44,2024-03-12,2024-03-12,2023-07-25,231,0.1149425287356322,7.0,1,1,1,0.0,1820.84,260.12,0.0043103448275862,3313.9288,236.4727272727273,0.9090909090909092,0.0,4374.386016,1.0,1.5800865800865802,2877.084848484849,11.06060606060606,430.38036363636365,0.6328767123287671,1.5800865800865802,236.4727272727273,81937.8,0.0043103448275862,14.284175862068968,0.0,2.0,Long Inactive,Very High Value,Low Frequency
CUST2617,0,50,Female,Canada,active,1,8,1295.44,1295.44,161.93,4.1,0,43.0,43,43,2023-03-16,2023-03-16,2022-01-11,429,0.065359477124183,8.0,1,1,1,0.0,1295.44,161.93,0.0023255813953488,2357.7008,90.59020979020978,0.5594405594405594,0.0,3112.165056,1.0,0.8508158508158509,1102.1808857808858,6.806526806526807,164.87418181818182,1.1753424657534246,0.8508158508158509,90.59020979020978,56999.36,0.0023255813953488,5.4830251162790695,0.0,2.0,Long Inactive,High Value,Low Frequency
CUST2618,0,45,Female,UK,active,1,7,1343.93,1343.93,191.99,3.8,1,3.0,3,3,2024-03-08,2024-03-08,2022-05-10,668,0.0429799426934097,7.0,1,1,1,1.0,1343.93,191.99,0.0014947683109118,2365.3168,60.356137724550905,0.31437125748503,1.0,2980.299168,1.0,0.5464071856287425,734.333008982036,3.8248502994011977,106.2268023952096,1.83013698630137,0.5464071856287425,60.356137724550905,5375.72,0.0014947683109118,3.5356005979073246,4.0,2.0,Long Inactive,High Value,Low Frequency
CUST2619,0,22,Male,Germany,cancelled,1,9,824.4,824.4,91.6,4.3,2,37.0,37,37,2024-09-18,2024-09-18,2021-03-26,1272,0.0230414746543778,9.0,1,1,1,2.0,824.4,91.6,0.0007855459544383,1533.3839999999998,19.443396226415093,0.2122641509433962,2.0,2085.4022399999994,1.0,0.2869496855345912,236.56132075471697,2.582547169811321,36.16471698113208,3.484931506849315,0.2869496855345912,19.443396226415093,31327.2,0.0007855459544383,1.2045435978004713,76.0,2.0,Long Inactive,Medium Value,Low Frequency
CUST2620,1,65,Male,India,active,1,8,878.72,878.72,109.84,4.5,0,12.0,12,12,2022-05-09,2022-05-09,2021-04-05,399,0.0699300699300699,8.0,1,1,1,0.0,878.72,109.84,0.0025,1669.568,66.06917293233083,0.6015037593984962,0.0,2337.3952,1.0,0.9147869674185464,803.8416040100251,7.31829573934837,125.53142857142856,1.093150684931507,0.9147869674185464,66.06917293233083,11423.36,0.0025,4.17392,0.0,2.0,Long Inactive,Medium Value,Low Frequency
CUST2621,0,57,Male,USA,paused,1,2,1004.78,1004.78,502.39,4.2,2,34.0,34,34,2025-06-01,2025-06-01,2023-08-19,652,0.0439882697947214,2.0,1,1,1,2.0,1004.78,502.39,0.001531393568147,1848.7952,46.23220858895705,0.0920245398773006,2.0,2477.385568,1.0,0.5598159509202454,562.4918711656442,1.1196319018404908,85.06726380368097,1.7863013698630137,0.5598159509202454,46.23220858895705,35167.3,0.001531393568147,2.831233078101072,70.0,2.0,Long Inactive,Medium Value,Low Frequency
CUST2622,0,66,Male,Pakistan,active,1,9,1814.85,1814.85,201.65,3.9,3,21.0,21,21,2024-01-28,2024-01-28,2021-10-12,838,0.0345622119815668,9.0,1,1,1,3.0,1814.85,201.65,0.00119189511323,3230.4330000000004,64.97076372315036,0.3221957040572792,3.0,4134.954240000001,1.0,0.4355608591885441,790.4776252983294,3.920047732696897,115.64795942720764,2.295890410958904,0.4355608591885441,64.97076372315036,39926.7,0.00119189511323,3.850337306317044,66.0,2.0,Long Inactive,Very High Value,Low Frequency
CUST2623,0,24,Female,India,active,1,4,1675.08,1675.08,418.77,3.5,4,32.0,32,32,2024-07-18,2024-07-18,2022-06-08,771,0.0374531835205992,4.0,1,1,1,4.0,1675.08,418.77,0.0012953367875647,2847.636,65.17821011673152,0.1556420233463035,4.0,3417.1632,1.0,0.4734111543450064,793.0015564202334,1.8936446173800257,110.80295719844358,2.112328767123288,0.4734111543450064,65.17821011673152,55277.64,0.0012953367875647,3.688647668393783,132.0,2.0,Long Inactive,Very High Value,Low Frequency
CUST2624,0,46,Female,Germany,cancelled,1,2,1284.68,1284.68,642.34,4.3,4,42.0,42,42,2023-08-29,2023-08-29,2021-04-05,876,0.0331125827814569,2.0,1,1,1,4.0,1284.68,642.34,0.0011402508551881,2389.5048,43.99589041095891,0.0684931506849315,4.0,3249.726528,1.0,0.4166666666666667,535.2833333333334,0.8333333333333334,81.83235616438357,2.4,0.4166666666666667,43.99589041095891,55241.240000000005,0.0011402508551881,2.724634891676169,172.0,2.0,Long Inactive,High Value,Low Frequency
CUST2625,0,50,Male,Germany,paused,1,2,1871.12,1871.12,935.56,3.9,4,47.0,47,47,2025-07-01,2025-07-01,2021-12-23,1286,0.0227963525835866,2.0,1,1,1,4.0,1871.12,935.56,0.0007770007770007,3330.5936,43.649766718507,0.046656298600311,4.0,4263.159807999999,1.0,0.2838258164852255,531.0721617418351,0.5676516329704511,77.69658475894245,3.5232876712328767,0.2838258164852255,43.649766718507,89813.76,0.0007770007770007,2.5878738150738148,192.0,2.0,At Risk,Very High Value,Low Frequency
CUST2626,1,46,Male,Pakistan,cancelled,1,4,1356.6,1356.6,339.15,3.9,2,27.0,27,27,2022-02-09,2022-02-09,2021-10-15,117,0.2040816326530612,4.0,1,1,1,2.0,1356.6,339.15,0.0084745762711864,2414.748,347.8461538461538,1.0256410256410258,2.0,3090.87744,1.0,3.11965811965812,4232.128205128205,12.47863247863248,619.1661538461539,0.3205479452054794,3.11965811965812,347.8461538461538,37984.8,0.0084745762711864,20.463966101694915,56.0,2.0,Long Inactive,High Value,Low Frequency
CUST2627,0,23,Male,UK,active,1,4,1503.68,1503.68,375.92,4.0,4,26.0,26,26,2023-07-06,2023-07-06,2020-04-11,1181,0.0247729149463253,4.0,1,1,1,4.0,1503.68,375.92,0.0008460236886632,2706.6240000000003,38.19678238780694,0.1016088060965283,4.0,3518.6112000000003,1.0,0.3090601185436071,464.7275190516512,1.2362404741744284,68.7542082980525,3.2356164383561645,0.3090601185436071,38.19678238780694,40599.36,0.0008460236886632,2.2898680203045685,108.0,2.0,Long Inactive,Very High Value,Low Frequency
CUST2628,1,64,Female,Canada,active,1,1,1105.58,1105.58,1105.58,4.7,1,30.0,30,30,2022-01-08,2022-01-08,2022-02-04,0,1.0,1.0,1,1,1,1.0,1105.58,1105.58,1.0,2144.8252,11055.8,10.0,1.0,3088.5482879999995,1.0,365.0,403536.7,365.0,21448.252,0.0,365.0,11055.8,34272.98,1.0,2144.8252,31.0,2.0,Long Inactive,High Value,Low Frequency
CUST2629,0,32,Female,Germany,active,1,9,855.6299999999999,855.6299999999999,95.07,4.1,5,45.0,45,45,2024-10-06,2024-10-06,2021-10-18,1084,0.0269299820466786,9.0,1,1,1,5.0,855.6299999999999,95.07,0.0009216589861751,1557.2465999999995,23.67979704797048,0.2490774907749077,5.0,2055.565511999999,1.0,0.3367158671586716,288.10419741697416,3.0304428044280445,43.09723062730627,2.96986301369863,0.3367158671586716,23.67979704797048,39358.98,0.0009216589861751,1.435250322580645,230.0,2.0,Long Inactive,Medium Value,Low Frequency
CUST2630,0,36,Male,USA,cancelled,1,8,1330.8,1330.8,166.35,3.8,3,43.0,43,43,2024-12-26,2024-12-26,2023-01-24,702,0.040983606557377,8.0,1,1,1,3.0,1330.8,166.35,0.0014224751066856,2342.208,56.87179487179488,0.3418803418803419,3.0,2951.18208,1.0,0.51994301994302,691.9401709401709,4.15954415954416,100.09435897435898,1.9232876712328768,0.51994301994302,56.87179487179488,58555.2,0.0014224751066856,3.3317325746799438,132.0,2.0,Long Inactive,High Value,Low Frequency
CUST2631,0,26,Male,Pakistan,active,1,4,1905.16,1905.16,476.29,4.1,2,21.0,21,21,2024-02-10,2024-02-10,2023-05-05,281,0.0964630225080385,4.0,1,1,1,2.0,1905.16,476.29,0.0035460992907801,3467.3912,203.3978647686833,0.4270462633451957,2.0,4576.956383999999,1.0,1.2989323843416372,2474.674021352313,5.195729537366549,370.1841138790035,0.7698630136986301,1.2989323843416372,203.3978647686833,41913.52,0.0035460992907801,12.295713475177305,44.0,2.0,Long Inactive,Very High Value,Low Frequency
CUST2632,1,67,Male,UK,paused,1,3,1496.88,1496.88,498.96,4.3,3,40.0,40,40,2022-12-30,2022-12-30,2021-01-14,715,0.0402684563758389,3.0,1,1,1,3.0,1496.88,498.96,0.0013966480446927,2784.1968,62.80615384615385,0.1258741258741259,3.0,3786.5076479999993,1.0,0.5104895104895105,764.1415384615384,1.5314685314685317,116.81944615384614,1.9589041095890407,0.5104895104895105,62.80615384615385,61372.08,0.0013966480446927,3.888543016759776,123.0,2.0,Long Inactive,Very High Value,Low Frequency
CUST2633,0,61,Male,Canada,paused,1,4,850.8,850.8,212.7,4.1,0,29.0,29,29,2025-05-14,2025-05-14,2023-01-29,836,0.0346420323325635,4.0,1,1,1,0.0,850.8,212.7,0.001194743130227,1548.4559999999997,30.531100478468897,0.1435406698564593,0.0,2043.9619199999995,1.0,0.4366028708133971,371.4617224880383,1.7464114832535886,55.56660287081338,2.290410958904109,0.4366028708133971,30.531100478468897,25524.0,0.001194743130227,1.8500071684587809,0.0,2.0,Long Inactive,Medium Value,Low Frequency
CUST2634,0,22,Female,Canada,active,1,1,1839.2,1839.2,1839.2,3.9,1,48.0,48,48,2024-06-20,2024-06-20,2021-06-24,1092,0.0267379679144385,1.0,1,1,1,1.0,1839.2,1839.2,0.000914913083257,3273.7760000000003,50.52747252747253,0.0274725274725274,1.0,4190.43328,1.0,0.3342490842490842,614.7509157509157,0.3342490842490842,89.93890109890111,2.9917808219178084,0.3342490842490842,50.52747252747253,90120.8,0.000914913083257,2.9952204940530653,49.0,2.0,Long Inactive,Very High Value,Low Frequency
CUST2635,0,62,Male,UK,active,1,4,1271.68,1271.68,317.92,3.8,1,23.0,23,23,2025-09-07,2025-09-07,2022-05-03,1223,0.0239425379090183,4.0,1,1,1,1.0,1271.68,317.92,0.0008169934640522,2238.1568,31.194112837285367,0.098119378577269,1.0,2820.077568,1.0,0.2984464431725266,379.5283728536386,1.1937857726901064,54.901638593622245,3.350684931506849,0.2984464431725266,31.194112837285367,30520.32,0.0008169934640522,1.8285594771241835,24.0,2.0,At Risk,High Value,Low Frequency
CUST2636,0,45,Female,Pakistan,paused,1,9,1132.56,1132.56,125.84,4.1,1,49.0,49,49,2023-08-17,2023-08-17,2023-03-22,148,0.1685393258426966,9.0,1,1,1,1.0,1132.56,125.84,0.0067114093959731,2061.2591999999995,229.57297297297296,1.8243243243243243,1.0,2720.862143999999,1.0,2.466216216216216,2793.1378378378377,22.195945945945947,417.82281081081067,0.4054794520547945,2.466216216216216,229.57297297297296,56628.0,0.0067114093959731,13.833954362416105,50.0,2.0,Long Inactive,High Value,Low Frequency
CUST2637,0,59,Male,India,active,1,8,428.96,428.96,53.62,4.3,3,30.0,30,30,2023-09-16,2023-09-16,2023-05-20,119,0.2013422818791946,8.0,1,1,1,3.0,428.96,53.62,0.0083333333333333,797.8655999999999,108.14117647058822,2.016806722689076,3.0,1085.0972159999997,1.0,3.0672268907563027,1315.7176470588236,24.537815126050425,201.14258823529408,0.3260273972602739,3.0672268907563027,108.14117647058822,13297.76,0.0083333333333333,6.648879999999998,93.0,2.0,Long Inactive,Low Value,Low Frequency
CUST2638,0,42,Male,Germany,active,1,7,1565.13,1565.13,223.59,3.9,5,4.0,4,4,2024-11-27,2024-11-27,2021-11-14,1109,0.0263388937664618,7.0,1,1,1,5.0,1565.13,223.59,0.0009009009009009,2785.9314000000004,42.33895401262399,0.1893597835888187,5.0,3565.9921920000006,1.0,0.3291253381424707,515.1239404869252,2.3038773669972947,75.3633381424707,3.0383561643835617,0.3291253381424707,42.33895401262399,7825.650000000001,0.0009009009009009,2.5098481081081085,25.0,2.0,Long Inactive,Very High Value,Low Frequency
CUST2639,1,26,Female,USA,paused,1,3,147.57,147.57,49.19,2.8,0,29.0,29,29,2022-10-11,2022-10-11,2021-06-15,483,0.0584795321637426,3.0,1,1,1,0.0,147.57,49.19,0.0020661157024793,230.2092,9.16583850931677,0.186335403726708,0.0,244.021752,1.0,0.7556935817805382,111.51770186335403,2.267080745341615,14.29870807453416,1.3232876712328767,0.7556935817805382,9.16583850931677,4427.099999999999,0.0020661157024793,0.4756388429752066,0.0,2.0,Long Inactive,Low Value,Low Frequency
CUST2640,0,37,Female,India,active,1,7,1477.0,1477.0,211.0,4.0,2,15.0,15,15,2024-04-24,2024-04-24,2023-09-06,231,0.1149425287356322,7.0,1,1,1,2.0,1477.0,211.0,0.0043103448275862,2658.6,191.8181818181818,0.9090909090909092,2.0,3456.18,1.0,1.5800865800865802,2333.787878787879,11.06060606060606,345.27272727272725,0.6328767123287671,1.5800865800865802,191.8181818181818,23632.0,0.0043103448275862,11.45948275862069,32.0,2.0,Long Inactive,High Value,Low Frequency
CUST2641,1,36,Male,Germany,active,1,2,1811.62,1811.62,905.81,4.5,0,46.0,46,46,2022-09-23,2022-09-23,2021-08-21,398,0.0700934579439252,2.0,1,1,1,0.0,1811.62,905.81,0.0025062656641604,3442.0779999999995,136.55427135678391,0.1507537688442211,0.0,4818.909199999999,1.0,0.9170854271356784,1661.4103015075375,1.8341708542713568,259.4531155778894,1.0904109589041096,0.9170854271356784,136.55427135678391,85146.14,0.0025062656641604,8.626761904761903,0.0,2.0,Long Inactive,Very High Value,Low Frequency
CUST2642,0,60,Female,Germany,active,1,8,781.76,781.76,97.72,4.6,5,2.0,2,2,2023-06-06,2023-06-06,2023-06-05,1,0.9677419354838708,8.0,1,1,1,5.0,781.76,97.72,0.5,1500.9792,7817.599999999999,80.0,5.0,2131.390464,1.0,365.0,285342.4,2920.0,15009.792,0.0027397260273972,365.0,7817.599999999999,2345.28,0.5,750.4896,15.0,2.0,Long Inactive,Medium Value,Low Frequency
CUST2643,1,34,Male,India,cancelled,1,3,1232.22,1232.22,410.74,4.1,1,39.0,39,39,2022-02-28,2022-02-28,2021-09-10,171,0.1492537313432835,3.0,1,1,1,1.0,1232.22,410.74,0.005813953488372,2242.6404,216.17894736842103,0.5263157894736842,1.0,2960.2853279999995,1.0,2.134502923976608,2630.1771929824563,6.4035087719298245,393.4456842105263,0.4684931506849315,2.134502923976608,216.17894736842103,49288.8,0.005813953488372,13.038606976744184,40.0,2.0,Long Inactive,High Value,Low Frequency
CUST2644,0,43,Female,Canada,active,1,6,549.72,549.72,91.62,4.1,0,9.0,9,9,2024-07-21,2024-07-21,2022-10-20,640,0.044776119402985,6.0,1,1,1,0.0,549.72,91.62,0.0015600624024961,1000.4904,25.768125,0.28125,0.0,1320.6473279999998,1.0,0.5703125,313.51218750000004,3.421875,46.8979875,1.7534246575342465,0.5703125,25.768125,5497.200000000001,0.0015600624024961,1.560827457098284,0.0,2.0,Long Inactive,Low Value,Low Frequency
CUST2645,0,55,Female,India,cancelled,1,5,869.2,869.2,173.84,3.4,2,46.0,46,46,2024-11-06,2024-11-06,2022-04-08,943,0.0308324768756423,5.0,1,1,1,2.0,869.2,173.84,0.0010593220338983,1460.256,27.65217391304348,0.1590668080593849,2.0,1723.10208,1.0,0.3870625662778367,336.4347826086957,1.9353128313891836,46.455652173913045,2.5835616438356164,0.3870625662778367,27.65217391304348,40852.4,0.0010593220338983,1.5468813559322034,94.0,2.0,Long Inactive,Medium Value,Low Frequency
CUST2646,0,33,Female,UK,active,1,6,1534.86,1534.86,255.81,4.6,5,35.0,35,35,2025-07-05,2025-07-05,2021-01-28,1619,0.0181928441479684,6.0,1,1,1,5.0,1534.86,255.81000000000003,0.0006172839506172,2946.9312,28.44088943792465,0.1111797405806053,5.0,4184.642304,1.0,0.2254478072884496,346.0308214947499,1.352686843730698,54.60650772081532,4.435616438356164,0.2254478072884496,28.44088943792465,55254.96000000001,0.0006172839506172,1.8190933333333328,180.0,2.0,At Risk,Very High Value,Low Frequency
CUST2647,0,40,Male,Pakistan,cancelled,1,2,717.26,717.26,358.63,4.2,2,6.0,6,6,2023-11-16,2023-11-16,2022-12-07,344,0.0802139037433155,2.0,1,1,1,2.0,717.26,358.63,0.0028985507246376,1319.7584,62.55174418604651,0.1744186046511628,2.0,1768.476256,1.0,1.0610465116279069,761.0462209302325,2.1220930232558137,115.09520930232556,0.9424657534246575,1.0610465116279069,62.55174418604651,5020.82,0.0028985507246376,3.8253866666666663,14.0,2.0,Long Inactive,Medium Value,Low Frequency
CUST2648,0,47,Female,Germany,paused,1,4,49.12,49.12,12.28,3.9,2,35.0,35,35,2023-11-12,2023-11-12,2022-12-11,336,0.0819672131147541,4.0,1,1,1,2.0,49.12,12.28,0.0029673590504451,87.4336,4.385714285714286,0.3571428571428571,2.0,111.915008,1.0,1.0863095238095235,53.35952380952381,4.345238095238095,7.806571428571429,0.9205479452054794,1.0863095238095235,4.385714285714286,1768.32,0.0029673590504451,0.259446884272997,72.0,2.0,Long Inactive,Low Value,Low Frequency
CUST2649,1,54,Male,India,active,1,8,896.32,896.32,112.04,4.2,4,29.0,29,29,2021-09-24,2021-09-24,2021-04-30,147,0.1694915254237288,8.0,1,1,1,4.0,896.32,112.04,0.0067567567567567,1649.2288,182.92244897959185,1.6326530612244896,4.0,2209.966592,1.0,2.4829931972789114,2225.5564625850343,19.86394557823129,336.577306122449,0.4027397260273972,2.4829931972789114,182.92244897959185,26889.6,0.0067567567567567,11.14343783783784,120.0,2.0,Long Inactive,Medium Value,Low Frequency
CUST2650,0,36,Female,UK,paused,1,1,1885.06,1885.06,1885.06,4.2,0,33.0,33,33,2024-12-10,2024-12-10,2023-01-04,706,0.0407608695652173,1.0,1,1,1,0.0,1885.06,1885.06,0.0014144271570014,3468.5104,80.10169971671387,0.0424929178470254,0.0,4647.803936,1.0,0.5169971671388102,974.5706798866856,0.5169971671388102,147.38712747875354,1.9342465753424656,0.5169971671388102,80.10169971671387,64092.04,0.0014144271570014,4.905955304101839,0.0,2.0,Long Inactive,Very High Value,Low Frequency
CUST2651,1,26,Male,Pakistan,paused,1,2,1428.8,1428.8,714.4,4.1,3,30.0,30,30,2022-01-18,2022-01-18,2020-12-17,397,0.0702576112412178,2.0,1,1,1,3.0,1428.8,714.4,0.0025125628140703,2600.416,107.96977329974813,0.1511335012594458,3.0,3432.549119999999,1.0,0.919395465994962,1313.632241813602,1.8387909319899245,196.5049874055416,1.0876712328767124,0.919395465994962,107.96977329974813,44292.8,0.0025125628140703,6.533708542713567,93.0,2.0,Long Inactive,High Value,Low Frequency
CUST2652,1,21,Female,India,active,1,6,1666.14,1666.14,277.69,4.8,2,10.0,10,10,2022-01-09,2022-01-09,2021-06-18,205,0.1276595744680851,6.0,1,1,1,2.0,1666.14,277.69,0.0048543689320388,3265.6344,243.82536585365847,0.8780487804878049,2.0,4767.826224,1.0,1.7804878048780488,2966.541951219512,10.682926829268292,477.8977170731707,0.5616438356164384,1.7804878048780488,243.82536585365847,18327.54,0.0048543689320388,15.85259417475728,22.0,2.0,Long Inactive,Very High Value,Low Frequency
CUST2653,0,62,Male,Pakistan,cancelled,1,8,866.64,866.64,108.33,4.4,5,33.0,33,33,2023-09-05,2023-09-05,2020-06-10,1182,0.0247524752475247,8.0,1,1,1,5.0,866.64,108.33,0.0008453085376162,1629.2832,21.995939086294417,0.2030456852791878,5.0,2248.4108160000005,1.0,0.3087986463620981,267.6172588832487,2.470389170896785,41.35236548223351,3.238356164383561,0.3087986463620981,21.995939086294417,29465.76,0.0008453085376162,1.3772469991546914,170.0,2.0,Long Inactive,Medium Value,Low Frequency
CUST2654,1,55,Female,Germany,paused,1,1,1831.4,1831.4,1831.4,4.3,5,4.0,4,4,2021-07-10,2021-07-10,2021-01-01,190,0.1363636363636363,1.0,1,1,1,5.0,1831.4,1831.4,0.0052356020942408,3406.404,289.16842105263163,0.1578947368421052,5.0,4632.70944,1.0,1.921052631578948,3518.2157894736847,1.921052631578948,537.8532631578947,0.5205479452054794,1.921052631578948,289.16842105263163,9157.0,0.0052356020942408,17.834575916230367,25.0,2.0,Long Inactive,Very High Value,Low Frequency
CUST2655,1,42,Female,Germany,cancelled,1,1,524.46,524.46,524.46,4.3,2,12.0,12,12,2021-05-29,2021-05-29,2021-10-01,0,1.0,1.0,1,1,1,2.0,524.46,524.46,1.0,975.4956,5244.6,10.0,2.0,1326.674016,1.0,365.0,191427.9,365.0,9754.955999999998,0.0,365.0,5244.6,6817.9800000000005,1.0,975.4956,26.0,2.0,Long Inactive,Low Value,Low Frequency
CUST2656,0,35,Male,Canada,active,1,3,1054.74,1054.74,351.58,4.0,5,13.0,13,13,2025-05-05,2025-05-05,2022-08-28,981,0.029673590504451,3.0,1,1,1,5.0,1054.74,351.58,0.0010183299389002,1898.532,32.25504587155963,0.091743119266055,5.0,2468.0916,1.0,0.3720693170234454,392.4363914373088,1.1162079510703362,58.05908256880734,2.6876712328767125,0.3720693170234454,32.25504587155963,14766.36,0.0010183299389002,1.9333319755600813,70.0,2.0,Long Inactive,Medium Value,Low Frequency
CUST2657,0,69,Other,India,active,1,9,713.6999999999999,713.6999999999999,79.3,4.3,5,34.0,34,34,2025-08-20,2025-08-20,2020-08-20,1826,0.0161637931034482,9.0,1,1,1,5.0,713.6999999999999,79.3,0.0005473453749315,1327.4819999999995,11.725629791894852,0.1478641840087623,5.0,1805.37552,1.0,0.1998904709748083,142.66182913472068,1.7990142387732748,21.80967141292442,5.002739726027397,0.1998904709748083,11.725629791894852,24979.5,0.0005473453749315,0.726591133004926,175.0,2.0,At Risk,Medium Value,Low Frequency
CUST2658,0,42,Male,UK,active,1,3,1285.47,1285.47,428.49,4.0,0,38.0,38,38,2025-03-19,2025-03-19,2021-05-02,1417,0.0207325501036627,3.0,1,1,1,0.0,1285.47,428.49,0.0007052186177715,2313.846,27.21531404375441,0.0635144671841919,0.0,3007.9998,1.0,0.2575864502470007,331.119654199012,0.7727593507410021,48.98756527875794,3.882191780821918,0.2575864502470007,27.21531404375441,50133.33,0.0007052186177715,1.6317672778561354,0.0,2.0,Long Inactive,High Value,Low Frequency
CUST2659,1,34,Male,India,active,1,5,316.1,316.1,63.22,4.4,2,15.0,15,15,2023-01-17,2023-01-17,2021-02-03,713,0.0403768506056527,5.0,1,1,1,2.0,316.1,63.220000000000006,0.0014005602240896,594.268,13.30014025245442,0.2103786816269285,2.0,820.0898400000001,1.0,0.511921458625526,161.81837307152875,2.559607293127629,25.004263674614307,1.9534246575342469,0.511921458625526,13.30014025245442,5057.6,0.0014005602240896,0.8323081232492998,32.0,2.0,Long Inactive,Low Value,Low Frequency
CUST2660,1,39,Male,Germany,paused,1,8,1096.96,1096.96,137.12,4.1,0,20.0,20,20,2022-02-10,2022-02-10,2021-04-28,288,0.0943396226415094,8.0,1,1,1,0.0,1096.96,137.12,0.0034602076124567,1996.4672,114.26666666666668,0.8333333333333334,0.0,2635.336704,1.0,1.2673611111111112,1390.2444444444443,10.13888888888889,207.9653333333333,0.7890410958904109,1.2673611111111112,114.26666666666668,23036.16,0.0034602076124567,6.908191003460207,0.0,2.0,Long Inactive,High Value,Low Frequency
CUST2661,0,21,Male,USA,active,1,3,627.27,627.27,209.09,3.6,1,16.0,16,16,2023-07-12,2023-07-12,2021-04-01,832,0.0348027842227378,3.0,1,1,1,1.0,627.27,209.09,0.0012004801920768,1078.9044,22.617908653846158,0.1081730769230769,1.0,1316.263368,1.0,0.4387019230769231,275.1845552884615,1.3161057692307692,38.90280288461538,2.2794520547945205,0.4387019230769231,22.617908653846158,10663.59,0.0012004801920768,1.2952033613445375,17.0,2.0,Long Inactive,Medium Value,Low Frequency
CUST2662,0,55,Female,Germany,active,1,4,1178.56,1178.56,294.64,2.0,4,22.0,22,22,2024-11-25,2024-11-25,2022-06-07,902,0.0321888412017167,4.0,1,1,1,4.0,1178.56,294.64,0.0011074197120708,1649.984,39.19822616407982,0.1330376940133037,4.0,1484.9856,1.0,0.4046563192904656,476.9117516629712,1.6186252771618626,54.87751662971175,2.4712328767123286,0.4046563192904656,39.19822616407982,27106.88,0.0011074197120708,1.82722480620155,92.0,2.0,Long Inactive,High Value,Low Frequency
CUST2663,0,51,Female,Pakistan,active,1,5,735.1,735.1,147.02,4.0,5,31.0,31,31,2024-12-05,2024-12-05,2022-11-26,740,0.0389610389610389,5.0,1,1,1,5.0,735.1,147.02,0.0013495276653171,1323.18,29.80135135135135,0.2027027027027027,5.0,1720.1340000000002,1.0,0.4932432432432432,362.5831081081081,2.466216216216216,53.64243243243244,2.0273972602739727,0.4932432432432432,29.80135135135135,23523.2,0.0013495276653171,1.785668016194332,160.0,2.0,Long Inactive,Medium Value,Low Frequency
CUST2664,0,64,Male,Pakistan,cancelled,1,6,1965.66,1965.66,327.61,3.7,5,19.0,19,19,2023-11-09,2023-11-09,2021-06-08,884,0.0328227571115973,6.0,1,1,1,5.0,1965.66,327.61,0.0011299435028248,3420.2484,66.7079185520362,0.2036199095022624,5.0,4241.108016,1.0,0.41289592760181,811.6130090497738,2.47737556561086,116.071778280543,2.421917808219178,0.41289592760181,66.7079185520362,39313.2,0.0011299435028248,3.864687457627119,100.0,2.0,Long Inactive,Very High Value,Low Frequency
CUST2665,0,64,Male,USA,paused,1,2,1647.38,1647.38,823.69,3.8,3,2.0,2,2,2024-05-08,2024-05-08,2021-07-10,1033,0.0282220131702728,2.0,1,1,1,3.0,1647.38,823.69,0.0009671179883945,2899.3888,47.84259438528559,0.058083252662149,3.0,3653.229888,1.0,0.3533397870280735,582.0848983543078,0.7066795740561471,84.20296611810262,2.83013698630137,0.3533397870280735,47.84259438528559,4942.14,0.0009671179883945,2.8040510638297875,9.0,2.0,Long Inactive,Very High Value,Low Frequency
CUST2666,0,66,Female,USA,active,1,7,140.28,140.28,20.04,3.9,2,8.0,8,8,2024-02-25,2024-02-25,2023-07-07,233,0.1140684410646388,7.0,1,1,1,2.0,140.28,20.04,0.0042735042735042,249.6984,18.061802575107297,0.9012875536480688,2.0,319.613952,1.0,1.5665236051502145,219.7519313304721,10.9656652360515,32.15000858369098,0.6383561643835617,1.5665236051502145,18.061802575107297,1262.52,0.0042735042735042,1.0670871794871797,18.0,2.0,Long Inactive,Low Value,Low Frequency
CUST2667,0,32,Female,Canada,cancelled,1,9,1577.07,1577.07,175.23,3.1,4,22.0,22,22,2025-08-06,2025-08-06,2023-10-06,670,0.0428571428571428,9.0,1,1,1,4.0,1577.07,175.23,0.0014903129657228,2554.8534,70.61507462686568,0.4029850746268656,4.0,2861.435808,1.0,0.5447761194029851,859.1500746268656,4.902985074626866,114.3964208955224,1.8356164383561644,0.5447761194029851,70.61507462686568,36272.61,0.0014903129657228,3.807531147540984,92.0,2.0,At Risk,Very High Value,Low Frequency
CUST2668,0,55,Male,Germany,active,1,5,1650.4,1650.4,330.08,3.0,5,34.0,34,34,2024-12-02,2024-12-02,2021-01-01,1431,0.0205338809034907,5.0,1,1,1,5.0,1650.4,330.08,0.0006983240223463,2640.64,34.59958071278825,0.1048218029350104,5.0,2904.704,1.0,0.2550663871418588,420.9615653389238,1.275331935709294,55.35932914046121,3.92054794520548,0.2550663871418588,34.59958071278825,57763.99999999999,0.0006983240223463,1.844022346368715,175.0,2.0,Long Inactive,Very High Value,Low Frequency
CUST2669,1,59,Male,USA,paused,1,2,480.08,480.08,240.04,4.0,5,36.0,36,36,2023-02-07,2023-02-07,2023-07-04,0,1.0,2.0,1,1,1,5.0,480.08,240.04,1.0,864.144,4800.799999999999,20.0,5.0,1123.3872,1.0,365.0,175229.19999999998,730.0,8641.439999999999,0.0,365.0,4800.799999999999,17762.96,1.0,864.144,185.0,2.0,Long Inactive,Low Value,Low Frequency
CUST2670,1,24,Female,Pakistan,active,1,9,33.120000000000005,33.120000000000005,3.68,4.4,0,47.0,47,47,2022-04-12,2022-04-12,2021-05-14,333,0.0826446280991735,9.0,1,1,1,0.0,33.120000000000005,3.6800000000000006,0.0029940119760479,62.26560000000001,2.9837837837837844,0.8108108108108109,0.0,85.92652800000002,1.0,1.0960960960960962,36.3027027027027,9.864864864864863,5.609513513513515,0.9123287671232876,1.0960960960960962,2.9837837837837844,1589.7600000000002,0.0029940119760479,0.1864239520958084,0.0,2.0,Long Inactive,Low Value,Low Frequency
CUST2671,1,66,Female,Canada,active,1,2,647.78,647.78,323.89,4.1,3,37.0,37,37,2022-01-19,2022-01-19,2020-08-28,509,0.0556586270871985,2.0,1,1,1,3.0,647.78,323.89,0.0019607843137254,1178.9596,38.17956777996071,0.1178781925343811,3.0,1556.2266719999998,1.0,0.7170923379174853,464.5180746561886,1.4341846758349706,69.48681335952848,1.3945205479452054,0.7170923379174853,38.17956777996071,24615.64,0.0019607843137254,2.311685490196078,114.0,2.0,Long Inactive,Medium Value,Low Frequency
CUST2672,0,48,Female,Germany,cancelled,1,9,263.34000000000003,263.34000000000003,29.26,3.6,4,34.0,34,34,2025-12-06,2025-12-06,2023-08-13,846,0.0342465753424657,9.0,1,1,1,4.0,263.34000000000003,29.260000000000005,0.0011806375442739,452.9448,9.338297872340426,0.3191489361702128,4.0,552.592656,1.0,0.4314420803782506,113.61595744680852,3.882978723404255,16.061872340425534,2.317808219178082,0.4314420803782506,9.338297872340426,9216.9,0.0011806375442739,0.5347636363636364,140.0,2.0,Very Recent,Low Value,Low Frequency
CUST2673,0,22,Female,Pakistan,paused,1,5,595.6,595.6,119.12,4.4,3,2.0,2,2,2024-02-23,2024-02-23,2022-06-07,626,0.0457317073170731,5.0,1,1,1,3.0,595.6,119.12,0.0015948963317384,1119.728,28.54313099041533,0.2396166134185303,3.0,1545.22464,1.0,0.5830670926517572,347.2747603833866,2.915335463258786,53.661086261980834,1.715068493150685,0.5830670926517572,28.54313099041533,1786.8000000000002,0.0015948963317384,1.785850079744817,9.0,2.0,Long Inactive,Medium Value,Low Frequency
CUST2674,0,66,Male,UK,active,1,8,1250.08,1250.08,156.26,4.2,5,42.0,42,42,2023-04-23,2023-04-23,2021-11-14,525,0.054054054054054,8.0,1,1,1,5.0,1250.08,156.26,0.0019011406844106,2300.1472,71.43314285714285,0.4571428571428571,5.0,3082.197248,1.0,0.6952380952380952,869.1032380952381,5.561904761904762,131.43698285714285,1.4383561643835616,0.6952380952380952,71.43314285714285,53753.44,0.0019011406844106,4.372903422053232,215.0,2.0,Long Inactive,High Value,Low Frequency
CUST2675,0,28,Male,UK,paused,1,6,812.8199999999999,812.8199999999999,135.47,4.3,4,3.0,3,3,2024-10-26,2024-10-26,2021-02-10,1354,0.0216763005780346,6.0,1,1,1,4.0,812.8199999999999,135.47,0.0007380073800738,1511.8451999999995,18.009305760709008,0.1329394387001477,4.0,2056.109472,1.0,0.2695716395864106,219.11322008862624,1.6174298375184637,33.49730871491875,3.7095890410958905,0.2695716395864106,18.009305760709008,3251.28,0.0007380073800738,1.115752915129151,16.0,2.0,Long Inactive,Medium Value,Low Frequency
CUST2676,0,48,Male,Canada,active,1,2,1629.62,1629.62,814.81,3.8,3,25.0,25,25,2024-02-24,2024-02-24,2020-04-11,1414,0.020775623268698,2.0,1,1,1,3.0,1629.62,814.81,0.0007067137809187,2868.1312,34.57468175388967,0.0424328147100424,3.0,3613.845312,1.0,0.2581329561527581,420.6586280056577,0.5162659123055163,60.851439886845824,3.873972602739726,0.2581329561527581,34.57468175388967,42370.12,0.0007067137809187,2.026947844522968,78.0,2.0,Long Inactive,Very High Value,Low Frequency
CUST2677,0,35,Female,India,active,1,2,807.72,807.72,403.86,4.1,0,43.0,43,43,2023-09-05,2023-09-05,2020-10-15,1055,0.0276497695852534,2.0,1,1,1,0.0,807.72,403.86,0.0009469696969696,1470.0504,22.96834123222749,0.0568720379146919,0.0,1940.4665279999997,1.0,0.3459715639810427,279.44815165876776,0.6919431279620853,41.80238104265403,2.8904109589041096,0.3459715639810427,22.96834123222749,35539.68,0.0009469696969696,1.3920931818181816,0.0,2.0,Long Inactive,Medium Value,Low Frequency
CUST2678,0,27,Female,USA,active,1,6,981.3,981.3,163.55,4.0,0,48.0,48,48,2024-01-20,2024-01-20,2021-11-06,805,0.0359281437125748,6.0,1,1,1,0.0,981.3,163.55,0.0012406947890818,1766.34,36.57018633540373,0.2236024844720497,0.0,2296.242,1.0,0.453416149068323,444.9372670807454,2.720496894409938,65.82633540372672,2.2054794520547945,0.453416149068323,36.57018633540373,48083.7,0.0012406947890818,2.1914888337468983,0.0,2.0,Long Inactive,Medium Value,Low Frequency
CUST2679,0,24,Female,Germany,paused,1,5,375.35,375.35,75.07,4.2,2,32.0,32,32,2023-07-24,2023-07-24,2021-10-20,642,0.0446428571428571,5.0,1,1,1,2.0,375.35,75.07,0.0015552099533437,690.644,17.539719626168225,0.2336448598130841,2.0,925.46296,1.0,0.5685358255451713,213.39992211838003,2.8426791277258565,32.27308411214953,1.7589041095890412,0.5685358255451713,17.539719626168225,12386.55,0.0015552099533437,1.0740964230171073,66.0,2.0,Long Inactive,Low Value,Low Frequency
CUST2680,1,69,Female,Pakistan,active,1,8,949.12,949.12,118.64,3.6,0,1.0,1,1,2022-09-04,2022-09-04,2022-12-02,0,1.0,8.0,1,1,1,0.0,949.12,118.64,1.0,1632.4864,9491.2,80.0,0.0,1991.633408,1.0,365.0,346428.8,2920.0,16324.864,0.0,365.0,9491.2,1898.24,1.0,1632.4864,0.0,2.0,Long Inactive,Medium Value,Low Frequency
CUST2681,1,65,Female,UK,active,1,7,373.59,373.59,53.37,4.2,4,34.0,34,34,2021-06-25,2021-06-25,2021-01-06,170,0.15,7.0,1,1,1,4.0,373.59,53.37,0.0058479532163742,687.4055999999999,65.92764705882352,1.2352941176470589,4.0,921.123504,1.0,2.147058823529412,802.119705882353,15.029411764705884,121.30687058823528,0.4657534246575342,2.147058823529412,65.92764705882352,13075.65,0.0058479532163742,4.019915789473684,140.0,2.0,Long Inactive,Low Value,Low Frequency
CUST2682,0,65,Female,UK,active,1,6,607.6800000000001,607.6800000000001,101.28,4.1,3,38.0,38,38,2024-05-04,2024-05-04,2023-01-03,487,0.058027079303675,6.0,1,1,1,3.0,607.6800000000001,101.28000000000002,0.0020491803278688,1105.9776,37.4340862422998,0.3696098562628336,3.0,1459.8904319999997,1.0,0.7494866529774128,455.44804928131424,4.496919917864476,68.13003696098562,1.3342465753424655,0.7494866529774128,37.4340862422998,23699.520000000004,0.0020491803278688,2.2663475409836065,117.0,2.0,Long Inactive,Medium Value,Low Frequency
CUST2683,0,55,Male,USA,active,1,5,430.05,430.05,86.01,4.2,4,48.0,48,48,2025-04-21,2025-04-21,2023-05-02,720,0.04,5.0,1,1,1,4.0,430.05,86.01,0.001386962552011,791.292,17.91875,0.2083333333333333,4.0,1060.33128,1.0,0.5069444444444444,218.0114583333333,2.5347222222222223,32.9705,1.9726027397260275,0.5069444444444444,17.91875,21072.45,0.001386962552011,1.097492371705964,196.0,2.0,Long Inactive,Low Value,Low Frequency
CUST2684,0,26,Male,India,active,1,5,1534.25,1534.25,306.85,3.9,3,11.0,11,11,2024-11-26,2024-11-26,2022-12-23,704,0.0408719346049046,5.0,1,1,1,3.0,1534.25,306.85,0.001418439716312,2730.965,65.3799715909091,0.2130681818181818,3.0,3495.6352,1.0,0.5184659090909091,795.4563210227273,2.5923295454545454,116.3763494318182,1.9287671232876715,0.5184659090909091,65.3799715909091,18411.0,0.001418439716312,3.873709219858157,36.0,2.0,Long Inactive,Very High Value,Low Frequency
CUST2685,0,20,Other,Canada,active,1,3,531.5699999999999,531.5699999999999,177.19,4.0,1,27.0,27,27,2025-06-18,2025-06-18,2021-10-13,1344,0.0218340611353711,3.0,1,1,1,1.0,531.5699999999999,177.18999999999997,0.0007434944237918,956.826,11.865401785714283,0.0669642857142857,1.0,1243.8737999999998,1.0,0.2715773809523809,144.36238839285713,0.8147321428571429,21.357723214285716,3.682191780821918,0.2715773809523809,11.865401785714283,14883.96,0.0007434944237918,0.7113947955390334,28.0,2.0,At Risk,Low Value,Low Frequency
CUST2686,0,51,Female,Pakistan,cancelled,1,1,1804.28,1804.28,1804.28,4.2,0,32.0,32,32,2023-07-08,2023-07-08,2021-03-14,846,0.0342465753424657,1.0,1,1,1,0.0,1804.28,1804.28,0.0011806375442739,3319.8752,63.98156028368794,0.0354609929078014,0.0,4448.632768,1.0,0.4314420803782506,778.44231678487,0.4314420803782506,117.72607092198582,2.317808219178082,0.4314420803782506,63.98156028368794,59541.24,0.0011806375442739,3.919569303423849,0.0,2.0,Long Inactive,Very High Value,Low Frequency
CUST2687,0,35,Male,UK,paused,1,4,102.52,102.52,25.63,4.2,0,2.0,2,2,2025-03-15,2025-03-15,2023-02-24,750,0.0384615384615384,4.0,1,1,1,0.0,102.52,25.63,0.0013315579227696,188.6368,4.1008,0.16,0.0,252.773312,1.0,0.4866666666666666,49.89306666666666,1.9466666666666663,7.545472,2.054794520547945,0.4866666666666666,4.1008,307.56,0.0013315579227696,0.2511808255659121,0.0,2.0,Long Inactive,Low Value,Low Frequency
CUST2688,1,58,Male,USA,active,1,6,109.2,109.2,18.2,4.1,2,23.0,23,23,2021-10-08,2021-10-08,2021-05-23,138,0.1785714285714285,6.0,1,1,1,2.0,109.2,18.2,0.0071942446043165,198.744,23.73913043478261,1.3043478260869563,2.0,262.34207999999995,1.0,2.6449275362318843,288.8260869565217,15.869565217391305,43.205217391304345,0.3780821917808219,2.6449275362318843,23.73913043478261,2620.8,0.0071942446043165,1.4298129496402876,48.0,2.0,Long Inactive,Low Value,Low Frequency
CUST2689,0,50,Female,USA,active,1,5,1003.7,1003.7,200.74,4.4,4,38.0,38,38,2024-03-19,2024-03-19,2020-08-27,1300,0.0225563909774436,5.0,1,1,1,4.0,1003.7,200.74,0.0007686395080707,1886.956,23.16230769230769,0.1153846153846153,4.0,2603.9992800000005,1.0,0.2807692307692307,281.8080769230769,1.4038461538461535,43.545138461538464,3.5616438356164384,0.2807692307692307,23.16230769230769,39144.3,0.0007686395080707,1.4503889315910838,156.0,2.0,Long Inactive,Medium Value,Low Frequency
CUST2690,0,42,Female,Canada,active,1,6,1806.42,1806.42,301.07,4.1,0,46.0,46,46,2025-08-20,2025-08-20,2021-03-29,1605,0.018348623853211,6.0,1,1,1,0.0,1806.42,301.07,0.0006226650062266,3287.6844,33.764859813084115,0.1121495327102803,0.0,4339.743407999999,1.0,0.2274143302180685,410.80579439252335,1.3644859813084111,61.45204485981308,4.397260273972603,0.2274143302180685,33.764859813084115,84901.74,0.0006226650062266,2.04712602739726,0.0,2.0,At Risk,Very High Value,Low Frequency
CUST2691,0,21,Male,USA,active,1,3,1150.77,1150.77,383.59,4.2,0,33.0,33,33,2023-06-15,2023-06-15,2023-04-05,71,0.297029702970297,3.0,1,1,1,0.0,1150.77,383.59,0.0138888888888888,2117.4168,486.2408450704225,1.267605633802817,0.0,2837.3385120000003,1.0,5.140845070422535,5915.930281690141,15.422535211267606,894.6831549295774,0.1945205479452054,5.140845070422535,486.2408450704225,39126.18,0.0138888888888888,29.408566666666665,0.0,2.0,Long Inactive,High Value,Low Frequency
CUST2692,0,46,Male,UK,cancelled,1,5,799.4,799.4,159.88,4.1,4,31.0,31,31,2024-05-22,2024-05-22,2023-02-21,456,0.0617283950617284,5.0,1,1,1,4.0,799.4,159.88,0.0021881838074398,1454.908,52.5921052631579,0.3289473684210526,4.0,1920.47856,1.0,0.8004385964912281,639.8706140350877,4.00219298245614,95.71763157894736,1.2493150684931509,0.8004385964912281,52.5921052631579,25580.8,0.0021881838074398,3.1836061269146607,128.0,2.0,Long Inactive,Medium Value,Low Frequency
CUST2693,0,62,Male,UK,active,1,6,580.4399999999999,580.4399999999999,96.74,3.9,3,17.0,17,17,2024-08-19,2024-08-19,2023-07-01,415,0.0674157303370786,6.0,1,1,1,3.0,580.4399999999999,96.74,0.0024038461538461,1033.1832,41.95951807228915,0.4337349397590361,3.0,1322.474496,1.0,0.8795180722891566,510.507469879518,5.27710843373494,74.6879421686747,1.1369863013698631,0.8795180722891566,41.95951807228915,10447.919999999998,0.0024038461538461,2.4836134615384617,54.0,2.0,Long Inactive,Medium Value,Low Frequency
CUST2694,0,33,Other,Pakistan,paused,1,8,1176.32,1176.32,147.04,3.9,1,12.0,12,12,2025-01-14,2025-01-14,2021-04-18,1367,0.0214745884037222,8.0,1,1,1,1.0,1176.32,147.04,0.0007309941520467,2093.8496,25.815362106803214,0.1755669348939283,1.0,2680.127488,1.0,0.2670080468178493,314.08690563277247,2.1360643745427943,45.95134455010973,3.745205479452055,0.2670080468178493,25.815362106803214,15292.16,0.0007309941520467,1.530591812865497,13.0,2.0,Long Inactive,High Value,Low Frequency
CUST2695,0,59,Male,UK,active,1,9,610.5600000000001,610.5600000000001,67.84,4.2,0,12.0,12,12,2024-12-30,2024-12-30,2022-02-14,1050,0.0277777777777777,9.0,1,1,1,0.0,610.5600000000001,67.84,0.0009514747859181,1123.4304000000002,17.44457142857143,0.2571428571428571,0.0,1505.3967360000004,1.0,0.3476190476190476,212.2422857142857,3.128571428571429,32.09801142857143,2.8767123287671232,0.3476190476190476,17.44457142857143,7937.280000000001,0.0009514747859181,1.068915699333968,0.0,2.0,Long Inactive,Medium Value,Low Frequency
CUST2696,0,60,Male,UK,active,1,1,488.97,488.97,488.97,4.2,3,49.0,49,49,2024-01-16,2024-01-16,2023-05-13,248,0.1079136690647482,1.0,1,1,1,3.0,488.97,488.97,0.0040160642570281,899.7048000000001,59.14959677419355,0.1209677419354838,3.0,1205.604432,1.0,1.4717741935483872,719.6534274193549,1.4717741935483872,108.83525806451613,0.6794520547945205,1.4717741935483872,59.14959677419355,24448.5,0.0040160642570281,3.6132722891566265,150.0,2.0,Long Inactive,Low Value,Low Frequency
CUST2697,0,21,Male,Pakistan,active,1,7,1803.2000000000005,1803.2000000000005,257.6,3.7,1,34.0,34,34,2024-02-27,2024-02-27,2023-06-22,250,0.1071428571428571,7.0,1,1,1,1.0,1803.2000000000005,257.6,0.0039840637450199,3137.5680000000007,216.384,0.84,1.0,3890.584320000001,1.0,1.4600000000000002,2632.6720000000005,10.22,376.50816,0.684931506849315,1.4600000000000002,216.384,63112.00000000001,0.0039840637450199,12.500270916334664,35.0,2.0,Long Inactive,Very High Value,Low Frequency
CUST2698,1,62,Female,Pakistan,paused,1,2,400.98,400.98,200.49,3.7,4,41.0,41,41,2022-11-07,2022-11-07,2020-09-21,777,0.037174721189591,2.0,1,1,1,4.0,400.98,200.49,0.0012853470437017,697.7052,15.481853281853285,0.0772200772200772,4.0,865.154448,1.0,0.4697554697554698,188.3625482625483,0.9395109395109396,26.938424710424712,2.128767123287671,0.4697554697554698,15.481853281853285,16841.16,0.0012853470437017,0.8967933161953727,168.0,2.0,Long Inactive,Low Value,Low Frequency
CUST2699,0,52,Male,Pakistan,active,1,9,728.1,728.1,80.9,3.4,3,22.0,22,22,2025-05-19,2025-05-19,2023-05-16,734,0.0392670157068062,9.0,1,1,1,3.0,728.1,80.9,0.001360544217687,1223.208,29.758855585831064,0.3678474114441417,3.0,1443.38544,1.0,0.497275204359673,362.06607629427793,4.475476839237057,49.994877384196194,2.010958904109589,0.497275204359673,29.758855585831064,16746.3,0.001360544217687,1.6642285714285714,69.0,2.0,Long Inactive,Medium Value,Low Frequency
CUST2700,0,44,Male,Germany,cancelled,1,9,1419.03,1419.03,157.67,4.2,3,13.0,13,13,2024-05-17,2024-05-17,2023-03-26,418,0.0669642857142857,9.0,1,1,1,3.0,1419.03,157.67,0.0023866348448687,2611.0152000000003,101.84425837320572,0.645933014354067,3.0,3498.7603680000007,1.0,0.8732057416267943,1239.1051435406698,7.858851674641149,187.3934354066986,1.1452054794520548,0.8732057416267943,101.84425837320572,19866.42,0.0023866348448687,6.23153985680191,42.0,2.0,Long Inactive,High Value,Low Frequency
CUST2701,0,65,Female,USA,active,1,8,839.84,839.84,104.98,4.0,5,26.0,26,26,2024-01-16,2024-01-16,2020-09-26,1207,0.0242522231204527,8.0,1,1,1,5.0,839.84,104.98,0.0008278145695364,1511.712,20.87423363711682,0.1988400994200497,5.0,1965.2256,1.0,0.3024026512013256,253.9698425849213,2.4192212096106047,37.57362054681028,3.306849315068493,0.3024026512013256,20.87423363711682,22675.68,0.0008278145695364,1.2514172185430463,135.0,2.0,Long Inactive,Medium Value,Low Frequency
CUST2702,0,50,Female,Pakistan,active,1,4,251.6,251.6,62.9,4.1,4,13.0,13,13,2024-08-07,2024-08-07,2022-12-30,586,0.0487012987012987,4.0,1,1,1,4.0,251.6,62.9,0.0017035775127768,457.912,12.880546075085324,0.204778156996587,4.0,604.4438399999999,1.0,0.6228668941979522,156.71331058020476,2.4914675767918086,23.44259385665529,1.6054794520547946,0.6228668941979522,12.880546075085324,3522.4,0.0017035775127768,0.7800885860306643,56.0,2.0,Long Inactive,Low Value,Low Frequency
CUST2703,0,30,Male,Canada,cancelled,1,3,435.87,435.87,145.29,3.9,4,24.0,24,24,2025-04-22,2025-04-22,2020-02-12,1896,0.0155763239875389,3.0,1,1,1,4.0,435.87,145.29,0.0005271481286241,775.8486,6.896677215189873,0.0474683544303797,4.0,993.086208,1.0,0.1925105485232067,83.90957278481012,0.5775316455696202,12.276085443037974,5.1945205479452055,0.1925105485232067,6.896677215189873,10896.75,0.0005271481286241,0.4089871375856616,100.0,2.0,Long Inactive,Low Value,Low Frequency
CUST2704,0,28,Female,India,cancelled,1,2,1716.72,1716.72,858.36,4.0,4,44.0,44,44,2024-10-16,2024-10-16,2022-06-24,845,0.0342857142857142,2.0,1,1,1,4.0,1716.72,858.36,0.0011820330969267,3090.096,60.94863905325444,0.0710059171597633,4.0,4017.1248,1.0,0.4319526627218935,741.541775147929,0.8639053254437871,109.70755029585798,2.315068493150685,0.4319526627218935,60.94863905325444,77252.4,0.0011820330969267,3.652595744680851,180.0,2.0,Long Inactive,Very High Value,Low Frequency
CUST2705,1,57,Male,Canada,cancelled,1,2,1642.48,1642.48,821.24,3.9,1,23.0,23,23,2021-06-08,2021-06-08,2021-06-29,0,1.0,2.0,1,1,1,1.0,1642.48,821.24,1.0,2923.6144,16424.8,20.0,1.0,3742.226432,1.0,365.0,599505.2,730.0,29236.144,0.0,365.0,16424.8,39419.52,1.0,2923.6144,24.0,2.0,Long Inactive,Very High Value,Low Frequency
CUST2706,0,40,Male,UK,cancelled,1,8,1324.64,1324.64,165.58,4.2,3,21.0,21,21,2025-01-24,2025-01-24,2021-08-11,1262,0.023219814241486,8.0,1,1,1,3.0,1324.64,165.58,0.0007917656373713,2437.3376000000003,31.48906497622821,0.190174326465927,3.0,3266.0323840000005,1.0,0.2892234548335974,383.1169572107766,2.31378763866878,57.93987955625991,3.4575342465753423,0.2892234548335974,31.48906497622821,29142.08,0.0007917656373713,1.929800158353128,66.0,2.0,Long Inactive,High Value,Low Frequency
CUST2707,0,39,Female,USA,active,1,9,841.32,841.32,93.48,4.3,5,39.0,39,39,2025-06-14,2025-06-14,2022-11-01,956,0.0304259634888438,9.0,1,1,1,5.0,841.32,93.48,0.0010449320794148,1564.8552,26.401255230125525,0.2824267782426778,5.0,2128.203072,1.0,0.3817991631799163,321.2152719665272,3.436192468619247,49.106334728033474,2.6191780821917807,0.3817991631799163,26.401255230125525,33652.8,0.0010449320794148,1.6351673981191224,200.0,2.0,At Risk,Medium Value,Low Frequency
CUST2708,0,33,Female,USA,cancelled,1,8,1820.32,1820.32,227.54,4.0,1,10.0,10,10,2024-12-10,2024-12-10,2021-09-27,1170,0.025,8.0,1,1,1,1.0,1820.32,227.54,0.0008539709649871,3276.576,46.67487179487179,0.2051282051282051,1.0,4259.5488000000005,1.0,0.3119658119658119,567.8776068376068,2.495726495726496,84.01476923076923,3.2054794520547945,0.3119658119658119,46.67487179487179,20023.52,0.0008539709649871,2.7981007685738684,11.0,2.0,Long Inactive,Very High Value,Low Frequency
CUST2709,0,40,Male,USA,paused,1,6,1559.64,1559.64,259.94,2.6,1,35.0,35,35,2025-04-20,2025-04-20,2023-03-13,769,0.0375469336670838,6.0,1,1,1,1.0,1559.64,259.94,0.0012987012987012,2370.6528,60.84421326397919,0.2340702210663199,1.0,2418.065856,1.0,0.4746423927178154,740.2712613784136,2.8478543563068923,92.48320416124837,2.106849315068493,0.4746423927178154,60.84421326397919,56147.03999999999,0.0012987012987012,3.07876987012987,36.0,2.0,Long Inactive,Very High Value,Low Frequency
CUST2710,0,20,Female,India,active,1,8,1856.0,1856.0,232.0,3.8,0,39.0,39,39,2024-09-02,2024-09-02,2022-03-30,887,0.0327153762268266,8.0,1,1,1,0.0,1856.0,232.0,0.0011261261261261,3266.56,62.773393461104845,0.2705749718151071,0.0,4115.8656,1.0,0.411499436302142,763.7429537767756,3.291995490417136,110.48117249154453,2.43013698630137,0.411499436302142,62.773393461104845,74240.0,0.0011261261261261,3.6785585585585583,0.0,2.0,Long Inactive,Very High Value,Low Frequency
CUST2711,0,47,Male,India,paused,1,7,1294.4399999999998,1294.4399999999998,184.92,4.5,5,34.0,34,34,2024-04-09,2024-04-09,2022-02-04,795,0.0363636363636363,7.0,1,1,1,5.0,1294.4399999999998,184.92,0.0012562814070351,2459.436,48.84679245283018,0.2641509433962264,5.0,3443.2103999999995,1.0,0.459119496855346,594.3026415094339,3.213836477987422,92.80890566037736,2.1780821917808217,0.459119496855346,48.84679245283018,45305.4,0.0012562814070351,3.0897437185929646,175.0,2.0,Long Inactive,High Value,Low Frequency
CUST2712,0,53,Male,UK,active,1,6,1121.46,1121.46,186.91,3.5,2,30.0,30,30,2025-05-21,2025-05-21,2023-06-03,718,0.0401069518716577,6.0,1,1,1,2.0,1121.46,186.91,0.0013908205841446,1906.482,46.85766016713092,0.2506963788300835,2.0,2287.7784,1.0,0.5083565459610028,570.1015320334262,3.050139275766017,79.65802228412257,1.9671232876712328,0.5083565459610028,46.85766016713092,34765.26,0.0013908205841446,2.651574408901252,62.0,2.0,Long Inactive,High Value,Low Frequency
CUST2713,0,66,Female,India,active,1,9,743.3100000000001,743.3100000000001,82.59,3.9,4,46.0,46,46,2025-09-04,2025-09-04,2021-04-08,1610,0.0182926829268292,9.0,1,1,1,4.0,743.3100000000001,82.59,0.0006207324643078,1323.0918,13.85049689440994,0.1677018633540372,4.0,1693.5575040000003,1.0,0.2267080745341615,168.5143788819876,2.0403726708074537,24.653884472049693,4.410958904109589,0.2267080745341615,13.85049689440994,34935.57,0.0006207324643078,0.8212860335195532,188.0,2.0,At Risk,Medium Value,Low Frequency
CUST2714,0,27,Male,USA,active,1,3,95.79,95.79,31.93,4.0,4,36.0,36,36,2023-03-20,2023-03-20,2021-10-18,518,0.0547445255474452,3.0,1,1,1,4.0,95.79,31.93,0.001926782273603,172.422,5.5476833976833975,0.1737451737451737,4.0,224.1486,1.0,0.7046332046332047,67.49681467181468,2.113899613899614,9.985830115830115,1.4191780821917808,0.7046332046332047,5.5476833976833975,3544.23,0.001926782273603,0.3322196531791907,148.0,2.0,Long Inactive,Low Value,Low Frequency
CUST2715,0,48,Male,Pakistan,paused,1,4,979.84,979.84,244.96,4.0,4,7.0,7,7,2024-05-13,2024-05-13,2022-07-16,667,0.0430416068866571,4.0,1,1,1,4.0,979.84,244.96,0.0014970059880239,1763.712,44.070764617691154,0.1799100449775112,4.0,2292.8256,1.0,0.5472263868065967,536.1943028485757,2.188905547226387,79.32737631184408,1.8273972602739723,0.5472263868065967,44.070764617691154,7838.72,0.0014970059880239,2.6402874251497006,32.0,2.0,Long Inactive,Medium Value,Low Frequency
CUST2716,1,36,Female,India,cancelled,1,4,317.08,317.08,79.27,3.5,2,48.0,48,48,2021-10-10,2021-10-10,2021-05-18,145,0.1714285714285714,4.0,1,1,1,2.0,317.08,79.27,0.0068493150684931,539.036,65.60275862068966,0.8275862068965518,2.0,646.8431999999999,1.0,2.5172413793103448,798.1668965517241,10.06896551724138,111.5246896551724,0.3972602739726027,2.5172413793103448,65.60275862068966,15536.92,0.0068493150684931,3.6920273972602735,98.0,2.0,Long Inactive,Low Value,Low Frequency
CUST2717,0,43,Male,Pakistan,active,1,9,248.49,248.49,27.61,4.0,4,42.0,42,42,2025-01-22,2025-01-22,2023-01-04,749,0.0385109114249037,9.0,1,1,1,4.0,248.49,27.61,0.0013333333333333,447.282,9.952870493991991,0.3604806408544727,4.0,581.4666000000001,1.0,0.4873164218958611,121.09325767690254,4.38584779706275,17.915166889185585,2.052054794520548,0.4873164218958611,9.952870493991991,10685.07,0.0013333333333333,0.596376,172.0,2.0,Long Inactive,Low Value,Low Frequency
CUST2718,1,18,Male,Canada,cancelled,1,9,273.87,273.87,30.43,3.4,5,18.0,18,18,2022-02-13,2022-02-13,2022-01-18,26,0.5357142857142857,9.0,1,1,1,5.0,273.87,30.43,0.037037037037037,460.1016,316.0038461538461,10.384615384615383,5.0,542.919888,1.0,14.038461538461538,3844.7134615384616,126.34615384615384,530.8864615384615,0.0712328767123287,14.038461538461538,316.0038461538461,5203.53,0.037037037037037,17.0408,95.0,2.0,Long Inactive,Low Value,Low Frequency
CUST2719,0,40,Female,Pakistan,cancelled,1,2,1740.44,1740.44,870.22,4.2,1,35.0,35,35,2023-08-03,2023-08-03,2020-05-11,1179,0.0248138957816377,2.0,1,1,1,1.0,1740.44,870.22,0.0008474576271186,3202.4096000000004,44.28600508905853,0.0508905852417302,1.0,4291.228864000001,1.0,0.3095843935538592,538.8130619168787,0.6191687871077184,81.4862493638677,3.23013698630137,0.3095843935538592,44.28600508905853,62655.84,0.0008474576271186,2.7139064406779663,36.0,2.0,Long Inactive,Very High Value,Low Frequency
CUST2720,0,22,Female,USA,paused,1,9,1580.31,1580.31,175.59,3.8,3,41.0,41,41,2025-05-26,2025-05-26,2023-10-01,603,0.0473933649289099,9.0,1,1,1,3.0,1580.31,175.59,0.0016556291390728,2781.3456,78.62238805970148,0.4477611940298507,3.0,3504.495456,1.0,0.6053067993366501,956.5723880597014,5.447761194029851,138.37540298507463,1.652054794520548,0.6053067993366501,78.62238805970148,66373.02,0.0016556291390728,4.604876821192053,126.0,2.0,Long Inactive,Very High Value,Low Frequency
CUST2721,0,18,Female,UK,active,1,4,1451.92,1451.92,362.98,4.1,2,27.0,27,27,2024-06-04,2024-06-04,2020-09-10,1363,0.0215362526920315,4.0,1,1,1,2.0,1451.92,362.98,0.000733137829912,2642.4944,31.957153338224508,0.0880410858400587,2.0,3488.0926079999995,1.0,0.2677916360968452,388.8120322817315,1.0711665443873808,58.1620190755686,3.734246575342466,0.2677916360968452,31.957153338224508,40653.76,0.000733137829912,1.9373126099706743,56.0,2.0,Long Inactive,High Value,Low Frequency
CUST2722,0,25,Female,USA,cancelled,1,3,1419.93,1419.93,473.31,4.2,3,2.0,2,2,2024-01-22,2024-01-22,2022-06-14,587,0.0486223662884927,3.0,1,1,1,3.0,1419.93,473.31,0.0017006802721088,2612.6712,72.56882453151619,0.1533219761499148,3.0,3500.9794080000006,1.0,0.6218057921635435,882.9206984667803,1.8654173764906303,133.52663713798978,1.6082191780821915,0.6218057921635435,72.56882453151619,4259.79,0.0017006802721088,4.443318367346939,9.0,2.0,Long Inactive,High Value,Low Frequency
CUST2723,0,18,Female,UK,active,1,6,936.36,936.36,156.06,4.3,3,9.0,9,9,2024-09-29,2024-09-29,2022-09-29,731,0.0394218134034165,6.0,1,1,1,3.0,936.36,156.06,0.0013661202185792,1741.6296,38.42790697674418,0.2462380300957592,3.0,2368.616256,1.0,0.4993160054719562,467.5395348837209,2.995896032831737,71.47590697674418,2.0027397260273974,0.4993160054719562,38.42790697674418,9363.6,0.0013661202185792,2.3792754098360653,30.0,2.0,Long Inactive,Medium Value,Low Frequency
CUST2724,0,42,Male,USA,active,1,5,70.75,70.75,14.15,4.2,4,31.0,31,31,2023-09-13,2023-09-13,2023-06-23,82,0.2678571428571428,5.0,1,1,1,4.0,70.75,14.15,0.0120481927710843,130.18,25.884146341463413,1.829268292682927,4.0,174.4412,1.0,4.451219512195122,314.9237804878049,22.25609756097561,47.62682926829268,0.2246575342465753,4.451219512195122,25.884146341463413,2264.0,0.0120481927710843,1.5684337349397592,128.0,2.0,Long Inactive,Low Value,Low Frequency
CUST2725,1,26,Male,Canada,cancelled,1,8,1312.32,1312.32,164.04,4.1,5,13.0,13,13,2021-06-13,2021-06-13,2021-04-05,69,0.303030303030303,8.0,1,1,1,5.0,1312.32,164.04,0.0142857142857142,2388.4223999999995,570.5739130434782,3.4782608695652177,5.0,3152.717567999999,1.0,5.2898550724637685,6941.982608695652,42.31884057971015,1038.4445217391303,0.1890410958904109,5.2898550724637685,570.5739130434782,18372.48,0.0142857142857142,34.12031999999999,70.0,2.0,Long Inactive,High Value,Low Frequency
CUST2726,1,53,Female,Canada,active,1,3,620.3100000000001,620.3100000000001,206.77,3.9,5,23.0,23,23,2021-05-30,2021-05-30,2021-01-24,126,0.1923076923076923,3.0,1,1,1,5.0,620.3100000000001,206.77,0.0078740157480314,1104.1518,147.69285714285715,0.7142857142857143,5.0,1413.3143040000002,1.0,2.8968253968253967,1796.929761904762,8.69047619047619,262.8932857142857,0.3452054794520548,2.8968253968253967,147.69285714285715,14887.440000000002,0.0078740157480314,8.694108661417323,120.0,2.0,Long Inactive,Medium Value,Low Frequency
CUST2727,1,49,Other,Germany,cancelled,1,2,1944.3,1944.3,972.15,3.3,1,1.0,1,1,2023-02-14,2023-02-14,2021-04-17,668,0.0429799426934097,2.0,1,1,1,1.0,1944.3,972.15,0.0014947683109118,3227.538,87.3188622754491,0.0898203592814371,1.0,3743.9440799999993,1.0,0.5464071856287425,1062.379491017964,1.092814371257485,144.9493113772455,1.83013698630137,0.5464071856287425,87.3188622754491,3888.6,0.0014947683109118,4.824421524663677,2.0,2.0,Long Inactive,Very High Value,Low Frequency
CUST2728,0,43,Female,USA,active,1,2,67.1,67.1,33.55,4.3,3,36.0,36,36,2025-05-25,2025-05-25,2023-01-23,853,0.0339750849377123,2.0,1,1,1,3.0,67.1,33.55,0.0011709601873536,124.80599999999998,2.3599062133645954,0.0703399765533411,3.0,169.73615999999996,1.0,0.4279015240328253,28.712192262602574,0.8558030480656507,4.389425556858147,2.336986301369863,0.4279015240328253,2.3599062133645954,2482.7,0.0011709601873536,0.1461428571428571,111.0,2.0,Long Inactive,Low Value,Low Frequency
CUST2729,0,18,Other,Pakistan,active,1,4,909.6,909.6,227.4,3.9,5,18.0,18,18,2023-07-03,2023-07-03,2022-08-07,330,0.0833333333333333,4.0,1,1,1,5.0,909.6,227.4,0.0030211480362537,1619.088,82.69090909090909,0.3636363636363636,5.0,2072.43264,1.0,1.1060606060606062,1006.0727272727272,4.424242424242425,147.18981818181817,0.9041095890410958,1.1060606060606062,82.69090909090909,17282.4,0.0030211480362537,4.891504531722054,95.0,2.0,Long Inactive,Medium Value,Low Frequency
CUST2730,0,25,Male,USA,cancelled,1,4,1050.24,1050.24,262.56,4.3,2,26.0,26,26,2023-07-24,2023-07-24,2021-02-22,882,0.0328947368421052,4.0,1,1,1,2.0,1050.24,262.56,0.001132502831257,1953.4464,35.72244897959184,0.1360544217687075,2.0,2656.687104,1.0,0.4138321995464852,434.6231292517007,1.655328798185941,66.44375510204081,2.416438356164384,0.4138321995464852,35.72244897959184,28356.48,0.001132502831257,2.2122835787089468,54.0,2.0,Long Inactive,Medium Value,Low Frequency
CUST2731,0,42,Female,India,active,1,2,776.76,776.76,388.38,3.6,3,35.0,35,35,2023-03-02,2023-03-02,2022-04-08,328,0.0837988826815642,2.0,1,1,1,3.0,776.76,388.38,0.0030395136778115,1336.0272,71.04512195121951,0.1829268292682926,3.0,1629.953184,1.0,1.1128048780487805,864.3823170731707,2.225609756097561,122.19760975609756,0.8986301369863013,1.1128048780487805,71.04512195121951,27963.36,0.0030395136778115,4.060872948328267,108.0,2.0,Long Inactive,Medium Value,Low Frequency
CUST2732,0,47,Male,Germany,active,1,9,1413.54,1413.54,157.06,3.8,3,34.0,34,34,2025-08-04,2025-08-04,2022-09-09,1060,0.0275229357798165,9.0,1,1,1,3.0,1413.54,157.06,0.000942507068803,2487.8304,40.00584905660377,0.2547169811320754,3.0,3134.666304,1.0,0.3443396226415094,486.7378301886792,3.099056603773585,70.41029433962264,2.904109589041096,0.3443396226415094,40.00584905660377,49473.9,0.000942507068803,2.3447977379830345,105.0,2.0,At Risk,High Value,Low Frequency
CUST2733,0,20,Female,Canada,active,1,5,855.45,855.45,171.09,3.9,2,36.0,36,36,2025-06-25,2025-06-25,2022-07-27,1064,0.0274223034734917,5.0,1,1,1,2.0,855.45,171.09,0.0009389671361502,1522.701,24.11983082706767,0.1409774436090225,2.0,1949.05728,1.0,0.3430451127819549,293.4579417293233,1.7152255639097744,42.93329887218045,2.915068493150685,0.3430451127819549,24.11983082706767,31651.65,0.0009389671361502,1.4297661971830986,74.0,2.0,At Risk,Medium Value,Low Frequency
CUST2734,0,41,Female,India,active,1,5,1586.8000000000002,1586.8000000000002,317.36,4.6,1,19.0,19,19,2023-06-24,2023-06-24,2022-12-12,194,0.1339285714285714,5.0,1,1,1,1.0,1586.8000000000002,317.36,0.0051282051282051,3046.6560000000004,245.3814432989691,0.7731958762886598,1.0,4326.251520000001,1.0,1.881443298969072,2985.474226804124,9.40721649484536,471.1323711340207,0.5315068493150685,1.881443298969072,245.3814432989691,31736.000000000004,0.0051282051282051,15.623876923076924,20.0,2.0,Long Inactive,Very High Value,Low Frequency
CUST2735,0,65,Male,UK,active,1,3,1839.21,1839.21,613.07,3.8,0,22.0,22,22,2024-06-07,2024-06-07,2022-04-19,780,0.037037037037037,3.0,1,1,1,0.0,1839.21,613.07,0.0012804097311139,3237.0096,70.73884615384615,0.1153846153846153,0.0,4078.632096,1.0,0.4679487179487179,860.6559615384615,1.4038461538461535,124.50036923076922,2.136986301369863,0.4679487179487179,70.73884615384615,42301.83,0.0012804097311139,4.144698591549296,0.0,2.0,Long Inactive,Very High Value,Low Frequency
CUST2736,0,33,Male,Germany,active,1,9,785.61,785.61,87.29,3.9,4,40.0,40,40,2023-07-08,2023-07-08,2022-03-04,491,0.0575815738963531,9.0,1,1,1,4.0,785.61,87.29,0.0020325203252032,1398.3858,48.00061099796334,0.5498981670061099,4.0,1789.933824,1.0,0.7433808553971487,584.007433808554,6.6904276985743385,85.44108757637474,1.3452054794520547,0.7433808553971487,48.00061099796334,32210.01,0.0020325203252032,2.84224756097561,164.0,2.0,Long Inactive,Medium Value,Low Frequency
CUST2737,1,69,Female,USA,active,1,5,454.95,454.95,90.99,4.1,4,35.0,35,35,2022-10-17,2022-10-17,2022-05-29,141,0.175438596491228,5.0,1,1,1,4.0,454.95,90.99,0.0070422535211267,828.0089999999999,96.79787234042551,1.0638297872340423,4.0,1092.9718799999998,1.0,2.588652482269503,1177.7074468085104,12.943262411347517,176.17212765957444,0.3863013698630137,2.588652482269503,96.79787234042551,16378.2,0.0070422535211267,5.831049295774648,144.0,2.0,Long Inactive,Low Value,Low Frequency
CUST2738,0,27,Male,Germany,active,1,3,874.29,874.29,291.43,3.6,4,40.0,40,40,2024-02-22,2024-02-22,2022-10-31,479,0.0589390962671905,3.0,1,1,1,4.0,874.29,291.43,0.0020833333333333,1503.7787999999998,54.757202505219205,0.1878914405010438,4.0,1834.610136,1.0,0.7620041753653445,666.2126304801669,2.2860125260960333,94.18238830897702,1.3123287671232875,0.7620041753653445,54.757202505219205,35845.89,0.0020833333333333,3.1328724999999995,164.0,2.0,Long Inactive,Medium Value,Low Frequency
CUST2739,0,36,Male,Pakistan,cancelled,1,1,407.69,407.69,407.69,4.4,3,47.0,47,47,2023-09-16,2023-09-16,2023-06-18,90,0.25,1.0,1,1,1,3.0,407.69,407.69,0.0109890109890109,766.4572000000001,135.89666666666668,0.3333333333333333,3.0,1057.7109360000002,1.0,4.055555555555555,1653.4094444444445,4.055555555555555,255.48573333333331,0.2465753424657534,4.055555555555555,135.89666666666668,19569.12,0.0109890109890109,8.422606593406595,144.0,2.0,Long Inactive,Low Value,Low Frequency
CUST2740,0,69,Male,India,active,1,8,422.4,422.4,52.8,4.3,3,33.0,33,33,2025-08-05,2025-08-05,2023-01-20,928,0.0313152400835073,8.0,1,1,1,3.0,422.4,52.8,0.0010764262648008,785.6639999999999,13.655172413793103,0.2586206896551724,3.0,1068.5030399999998,1.0,0.3933189655172413,166.13793103448273,3.1465517241379306,25.398620689655168,2.5424657534246577,0.3933189655172413,13.655172413793103,14361.6,0.0010764262648008,0.8457093649085036,102.0,2.0,At Risk,Low Value,Low Frequency
CUST2741,1,32,Female,USA,active,1,1,248.17,248.17,248.17,4.7,4,18.0,18,18,2020-10-17,2020-10-17,2020-08-23,55,0.3529411764705882,1.0,1,1,1,4.0,248.17,248.17,0.0178571428571428,481.4498,135.36545454545455,0.5454545454545455,4.0,693.2877119999999,1.0,6.636363636363637,1646.9463636363637,6.636363636363637,262.6089818181818,0.1506849315068493,6.636363636363637,135.36545454545455,4715.23,0.0178571428571428,8.597317857142857,76.0,2.0,Long Inactive,Low Value,Low Frequency
CUST2742,0,52,Female,India,active,1,4,1625.6,1625.6,406.4,4.3,1,19.0,19,19,2025-06-19,2025-06-19,2020-08-22,1762,0.0167410714285714,4.0,1,1,1,1.0,1625.6,406.4,0.0005672149744753,3023.6159999999995,27.677639046538022,0.0681044267877412,1.0,4112.117759999999,1.0,0.2071509648127128,336.74460839954594,0.8286038592508513,51.48040862656072,4.8273972602739725,0.2071509648127128,27.677639046538022,32512.0,0.0005672149744753,1.7150402722631877,20.0,2.0,At Risk,Very High Value,Low Frequency
CUST2743,1,62,Female,Canada,active,1,6,297.72,297.72,49.62,3.9,2,49.0,49,49,2022-01-27,2022-01-27,2021-12-04,54,0.3571428571428571,6.0,1,1,1,2.0,297.72,49.62,0.0181818181818181,529.9416,165.39999999999998,3.333333333333333,2.0,678.325248,1.0,6.75925925925926,2012.3666666666663,40.55555555555556,294.412,0.147945205479452,6.75925925925926,165.39999999999998,14885.999999999998,0.0181818181818181,9.635301818181818,100.0,2.0,Long Inactive,Low Value,Low Frequency
CUST2744,1,26,Male,Pakistan,active,1,6,1165.8000000000002,1165.8000000000002,194.3,3.9,5,11.0,11,11,2022-01-17,2022-01-17,2021-11-20,58,0.3409090909090909,6.0,1,1,1,5.0,1165.8000000000002,194.30000000000004,0.0169491525423728,2075.1240000000003,603.0000000000001,3.103448275862069,5.0,2656.1587200000004,1.0,6.293103448275861,7336.500000000001,37.75862068965517,1073.34,0.1589041095890411,6.293103448275861,603.0000000000001,13989.600000000002,0.0169491525423728,35.171593220338984,60.0,2.0,Long Inactive,High Value,Low Frequency
CUST2745,1,33,Female,USA,active,1,7,988.75,988.75,141.25,3.7,0,16.0,16,16,2023-01-27,2023-01-27,2021-05-14,623,0.0459418070444104,7.0,1,1,1,0.0,988.75,141.25,0.0016025641025641,1720.425,47.6123595505618,0.3370786516853932,0.0,2133.327,1.0,0.5858747993579454,579.2837078651686,4.101123595505618,82.84550561797752,1.7068493150684931,0.5858747993579454,47.6123595505618,16808.75,0.0016025641025641,2.757091346153846,0.0,2.0,Long Inactive,Medium Value,Low Frequency
CUST2746,0,53,Female,Canada,paused,1,3,1498.23,1498.23,499.41,3.5,1,35.0,35,35,2024-05-25,2024-05-25,2022-10-17,586,0.0487012987012987,3.0,1,1,1,1.0,1498.23,499.41,0.0017035775127768,2546.991,76.70119453924914,0.1535836177474402,1.0,3056.3892,1.0,0.6228668941979522,933.197866894198,1.8686006825938568,130.39203071672353,1.6054794520547946,0.6228668941979522,76.70119453924914,53936.28,0.0017035775127768,4.338996592844975,36.0,2.0,Long Inactive,Very High Value,Low Frequency
CUST2747,0,56,Female,UK,cancelled,1,1,242.33,242.33,242.33,4.0,1,12.0,12,12,2024-12-08,2024-12-08,2022-06-23,899,0.0322927879440258,1.0,1,1,1,1.0,242.33,242.33,0.0011111111111111,436.194,8.086651835372637,0.0333704115684093,1.0,567.0522000000001,1.0,0.4060066740823136,98.38759733036709,0.4060066740823136,14.555973303670749,2.463013698630137,0.4060066740823136,8.086651835372637,3150.29,0.0011111111111111,0.48466,13.0,2.0,Long Inactive,Low Value,Low Frequency
CUST2748,0,52,Female,UK,active,1,1,946.91,946.91,946.91,4.1,2,21.0,21,21,2023-08-19,2023-08-19,2021-03-15,887,0.0327153762268266,1.0,1,1,1,2.0,946.91,946.91,0.0011261261261261,1723.3761999999997,32.026268320180385,0.0338218714768883,2.0,2274.856583999999,1.0,0.411499436302142,389.6529312288613,0.411499436302142,58.28780834272829,2.43013698630137,0.411499436302142,32.026268320180385,20832.02,0.0011261261261261,1.940738963963964,44.0,2.0,Long Inactive,Medium Value,Low Frequency
CUST2749,1,50,Male,UK,active,1,1,411.67,411.67,411.67,3.9,0,25.0,25,25,2022-11-04,2022-11-04,2021-11-28,341,0.0808625336927223,1.0,1,1,1,0.0,411.67,411.67,0.0029239766081871,732.7726,36.217302052785925,0.0879765395894428,0.0,937.948928,1.0,1.0703812316715542,440.6438416422287,1.0703812316715542,64.46679765395895,0.9342465753424658,1.0703812316715542,36.217302052785925,10703.42,0.0029239766081871,2.142609941520468,0.0,2.0,Long Inactive,Low Value,Low Frequency
CUST2750,0,34,Female,Canada,active,1,8,1421.92,1421.92,177.74,4.4,1,34.0,34,34,2025-07-03,2025-07-03,2021-12-14,1297,0.0226073850791258,8.0,1,1,1,1.0,1421.92,177.74,0.0007704160246533,2673.2096,32.88943716268312,0.1850424055512721,1.0,3689.029248,1.0,0.2814186584425597,400.1548188126446,2.251349267540478,61.83214186584426,3.5534246575342467,0.2814186584425597,32.88943716268312,49767.2,0.0007704160246533,2.059483513097073,35.0,2.0,At Risk,High Value,Low Frequency
CUST2751,1,26,Female,UK,active,1,3,1500.18,1500.18,500.06,4.3,4,4.0,4,4,2022-12-11,2022-12-11,2021-08-21,477,0.0591715976331361,3.0,1,1,1,4.0,1500.18,500.06,0.002092050209205,2790.3348,94.3509433962264,0.1886792452830188,4.0,3794.855328,1.0,0.7651991614255764,1147.9364779874213,2.2955974842767293,175.49275471698112,1.3068493150684932,0.7651991614255764,94.3509433962264,7500.900000000001,0.002092050209205,5.83752050209205,20.0,2.0,Long Inactive,Very High Value,Low Frequency
CUST2752,0,59,Female,Canada,active,1,3,1193.5500000000002,1193.5500000000002,397.85,4.5,5,24.0,24,24,2024-01-29,2024-01-29,2022-02-22,706,0.0407608695652173,3.0,1,1,1,5.0,1193.5500000000002,397.8500000000001,0.0014144271570014,2267.7450000000003,50.717422096317286,0.1274787535410765,5.0,3174.8430000000003,1.0,0.5169971671388102,617.061968838527,1.5509915014164306,96.36310198300284,1.9342465753424656,0.5169971671388102,50.717422096317286,29838.750000000004,0.0014144271570014,3.207560113154173,125.0,2.0,Long Inactive,High Value,Low Frequency
CUST2753,0,29,Male,UK,active,1,5,240.85,240.85,48.17,4.0,3,12.0,12,12,2024-01-25,2024-01-25,2022-12-14,407,0.068649885583524,5.0,1,1,1,3.0,240.85,48.17,0.0024509803921568,433.53,17.753071253071255,0.3685503685503685,3.0,563.589,1.0,0.8968058968058968,215.99570024570028,4.4840294840294845,31.955528255528257,1.115068493150685,0.8968058968058968,17.753071253071255,3131.05,0.0024509803921568,1.0625735294117649,39.0,2.0,Long Inactive,Low Value,Low Frequency
CUST2754,1,41,Male,USA,paused,1,6,1230.84,1230.84,205.14,3.9,4,38.0,38,38,2022-04-30,2022-04-30,2022-09-03,0,1.0,6.0,1,1,1,4.0,1230.84,205.14,1.0,2190.8952,12308.399999999998,60.0,4.0,2804.345856,1.0,365.0,449256.6,2190.0,21908.952,0.0,365.0,12308.399999999998,48002.76,1.0,2190.8952,156.0,2.0,Long Inactive,High Value,Low Frequency
CUST2755,0,51,Female,USA,active,1,5,843.85,843.85,168.77,4.2,4,25.0,25,25,2023-12-18,2023-12-18,2022-03-08,650,0.0441176470588235,5.0,1,1,1,4.0,843.85,168.77,0.0015360983102918,1552.6840000000002,38.94692307692308,0.2307692307692307,4.0,2080.5965600000004,1.0,0.5615384615384615,473.8542307692308,2.8076923076923075,71.66233846153847,1.7808219178082192,0.5615384615384615,38.94692307692308,21940.1,0.0015360983102918,2.385075268817205,104.0,2.0,Long Inactive,Medium Value,Low Frequency
CUST2756,0,56,Male,Pakistan,active,1,6,1478.58,1478.58,246.43,4.1,5,25.0,25,25,2023-07-08,2023-07-08,2023-02-24,134,0.1829268292682926,6.0,1,1,1,5.0,1478.58,246.43,0.0074074074074074,2691.0156,331.02537313432833,1.343283582089552,5.0,3552.1405919999997,1.0,2.7238805970149254,4027.475373134328,16.34328358208955,602.4661791044775,0.3671232876712328,2.7238805970149254,331.02537313432833,38443.08,0.0074074074074074,19.933448888888886,130.0,2.0,Long Inactive,High Value,Low Frequency
CUST2757,0,22,Male,Germany,active,1,5,1463.1999999999998,1463.1999999999998,292.64,3.7,0,32.0,32,32,2025-02-08,2025-02-08,2021-08-25,1263,0.0232018561484918,5.0,1,1,1,0.0,1463.1999999999998,292.64,0.0007911392405063,2545.968,34.75534441805225,0.1187648456057007,0.0,3157.00032,1.0,0.2889944576405384,422.85669041963575,1.444972288202692,60.47429928741092,3.46027397260274,0.2889944576405384,34.75534441805225,48285.59999999999,0.0007911392405063,2.014215189873417,0.0,2.0,Long Inactive,High Value,Low Frequency
CUST2758,0,61,Female,Canada,cancelled,1,5,1016.4,1016.4,203.28,4.1,4,47.0,47,47,2025-09-03,2025-09-03,2022-11-25,1013,0.0287631831255992,5.0,1,1,1,4.0,1016.4,203.28,0.0009861932938856,1849.848,30.10069101678184,0.1480750246791707,4.0,2441.7993599999995,1.0,0.3603158933859822,366.22507403751234,1.8015794669299112,54.783257650542936,2.7753424657534245,0.3603158933859822,30.10069101678184,48787.2,0.0009861932938856,1.824307692307692,192.0,2.0,At Risk,Medium Value,Low Frequency
CUST2759,0,37,Male,Pakistan,paused,1,2,1863.6,1863.6,931.8,4.2,4,46.0,46,46,2023-09-04,2023-09-04,2022-12-17,261,0.1030927835051546,2.0,1,1,1,4.0,1863.6,931.8,0.0038167938931297,3429.024,214.20689655172416,0.2298850574712644,4.0,4594.89216,1.0,1.3984674329501916,2606.183908045977,2.796934865900383,394.1406896551724,0.7150684931506849,1.3984674329501916,214.20689655172416,87589.2,0.0038167938931297,13.08787786259542,188.0,2.0,Long Inactive,Very High Value,Low Frequency
CUST2760,0,62,Male,USA,cancelled,1,9,1054.62,1054.62,117.18,4.3,1,9.0,9,9,2023-07-18,2023-07-18,2022-04-12,462,0.0609756097560975,9.0,1,1,1,1.0,1054.62,117.18,0.0021598272138228,1961.5932,68.48181818181818,0.5844155844155844,1.0,2667.766752,1.0,0.7900432900432901,833.1954545454547,7.1103896103896105,127.37618181818182,1.2657534246575342,0.7900432900432901,68.48181818181818,10546.2,0.0021598272138228,4.236702375809935,10.0,2.0,Long Inactive,Medium Value,Low Frequency
CUST2761,1,42,Male,Canada,cancelled,1,7,277.62,277.62,39.66,3.6,4,34.0,34,34,2022-02-07,2022-02-07,2021-04-08,305,0.0895522388059701,7.0,1,1,1,4.0,277.62,39.66,0.0032679738562091,477.5064,27.30688524590164,0.6885245901639344,4.0,582.557808,1.0,1.1967213114754098,332.2337704918033,8.37704918032787,46.96784262295082,0.8356164383561644,1.1967213114754098,27.30688524590164,9716.7,0.0032679738562091,1.560478431372549,140.0,2.0,Long Inactive,Low Value,Low Frequency
CUST2762,1,26,Male,Pakistan,cancelled,1,5,237.6,237.6,47.52,4.1,1,25.0,25,25,2022-10-06,2022-10-06,2022-03-19,201,0.1298701298701298,5.0,1,1,1,1.0,237.6,47.52,0.0049504950495049,432.432,35.462686567164184,0.7462686567164178,1.0,570.8102399999999,1.0,1.8159203980099503,431.4626865671642,9.079601990049753,64.5420895522388,0.5506849315068493,1.8159203980099503,35.462686567164184,6177.6,0.0049504950495049,2.140752475247525,26.0,2.0,Long Inactive,Low Value,Low Frequency
CUST2763,0,34,Male,Germany,cancelled,1,9,1486.44,1486.44,165.16,4.5,1,9.0,9,9,2025-07-29,2025-07-29,2023-02-03,907,0.032017075773746,9.0,1,1,1,1.0,1486.44,165.16,0.001101321585903,2824.236,49.16560088202866,0.2976846747519294,1.0,3953.9304,1.0,0.402425578831312,598.1814773980154,3.621830209481808,93.41464167585444,2.484931506849315,0.402425578831312,49.16560088202866,14864.4,0.001101321585903,3.1103920704845818,10.0,2.0,At Risk,High Value,Low Frequency
CUST2764,0,46,Female,India,active,1,2,57.6,57.6,28.8,4.2,5,15.0,15,15,2024-05-01,2024-05-01,2022-09-20,589,0.048465266558966,2.0,1,1,1,5.0,57.6,28.8,0.0016949152542372,105.984,2.933786078098472,0.1018675721561969,5.0,142.01856,1.0,0.6196943972835315,35.69439728353141,1.239388794567063,5.398166383701189,1.6136986301369862,0.6196943972835315,2.933786078098472,921.6,0.0016949152542372,0.1796338983050847,80.0,2.0,Long Inactive,Low Value,Low Frequency
CUST2765,0,44,Female,India,active,1,9,578.16,578.16,64.24,4.3,1,39.0,39,39,2025-01-04,2025-01-04,2023-02-27,677,0.0424328147100424,9.0,1,1,1,1.0,578.16,64.24,0.0014749262536873,1075.3775999999998,25.620088626292464,0.3988183161004431,1.0,1462.5135359999997,1.0,0.5391432791728212,311.71107828655835,4.852289512555392,47.65336484490398,1.8547945205479448,0.5391432791728212,25.620088626292464,23126.4,0.0014749262536873,1.5861026548672563,40.0,2.0,Long Inactive,Medium Value,Low Frequency
CUST2766,0,29,Male,USA,active,1,2,987.2,987.2,493.6,4.0,1,31.0,31,31,2025-06-30,2025-06-30,2023-07-17,714,0.0403225806451612,2.0,1,1,1,1.0,987.2,493.6,0.0013986013986013,1776.96,41.47899159663866,0.0840336134453781,1.0,2310.048,1.0,0.511204481792717,504.6610644257704,1.022408963585434,74.66218487394958,1.956164383561644,0.511204481792717,41.47899159663866,31590.4,0.0013986013986013,2.485258741258741,32.0,2.0,At Risk,Medium Value,Low Frequency
CUST2767,0,42,Male,Germany,paused,1,7,1261.4,1261.4,180.2,4.2,2,39.0,39,39,2023-03-26,2023-03-26,2023-02-17,37,0.4477611940298507,7.0,1,1,1,2.0,1261.4,180.2,0.0263157894736842,2320.976,1022.7567567567564,5.675675675675675,2.0,3110.10784,1.0,9.864864864864863,12443.54054054054,69.05405405405405,1881.872432432432,0.1013698630136986,9.864864864864863,1022.7567567567564,50455.99999999999,0.0263157894736842,61.07831578947367,80.0,2.0,Long Inactive,High Value,Low Frequency
CUST2768,0,37,Female,UK,active,1,3,364.29,364.29,121.43,4.2,4,36.0,36,36,2024-09-02,2024-09-02,2022-12-19,623,0.0459418070444104,3.0,1,1,1,4.0,364.29,121.43,0.0016025641025641,670.2936000000001,17.542054574638847,0.1444622792937399,4.0,898.1934240000002,1.0,0.5858747993579454,213.42833065810595,1.7576243980738362,32.27738041733548,1.7068493150684931,0.5858747993579454,17.542054574638847,13478.73,0.0016025641025641,1.0741884615384616,148.0,2.0,Long Inactive,Low Value,Low Frequency
CUST2769,1,46,Other,UK,paused,1,3,968.1,968.1,322.7,4.5,0,26.0,26,26,2023-01-14,2023-01-14,2021-01-27,717,0.0401606425702811,3.0,1,1,1,0.0,968.1,322.7,0.0013927576601671,1839.39,40.50627615062761,0.1255230125523012,0.0,2575.1459999999997,1.0,0.509065550906555,492.826359832636,1.5271966527196652,76.96192468619246,1.964383561643836,0.509065550906555,40.50627615062761,26138.7,0.0013927576601671,2.5618245125348182,0.0,2.0,Long Inactive,Medium Value,Low Frequency
CUST2770,0,58,Female,Germany,cancelled,1,1,527.36,527.36,527.36,3.8,4,35.0,35,35,2023-05-15,2023-05-15,2022-06-08,341,0.0808625336927223,1.0,1,1,1,4.0,527.36,527.36,0.0029239766081871,928.1536,46.39530791788856,0.0879765395894428,4.0,1169.473536,1.0,1.0703812316715542,564.4762463343109,1.0703812316715542,81.65574193548386,0.9342465753424658,1.0703812316715542,46.39530791788856,18984.96,0.0029239766081871,2.7138994152046783,144.0,2.0,Long Inactive,Low Value,Low Frequency
CUST2771,0,50,Male,Canada,active,1,9,912.96,912.96,101.44,4.4,3,33.0,33,33,2024-09-11,2024-09-11,2021-08-29,1109,0.0263388937664618,9.0,1,1,1,3.0,912.96,101.44,0.0009009009009009,1716.3648000000003,24.69684400360685,0.2434625788999098,3.0,2368.5834240000004,1.0,0.3291253381424707,300.47826871055,2.9621280432822363,46.430066726780886,3.0383561643835617,0.3291253381424707,24.69684400360685,31040.64,0.0009009009009009,1.5462745945945948,102.0,2.0,Long Inactive,Medium Value,Low Frequency
CUST2772,1,44,Male,Canada,active,1,5,1127.05,1127.05,225.41,4.1,2,1.0,1,1,2022-01-16,2022-01-16,2021-07-07,193,0.1345291479820627,5.0,1,1,1,2.0,1127.05,225.41,0.0051546391752577,2051.231,175.18911917098444,0.7772020725388601,2.0,2707.6249199999997,1.0,1.8911917098445596,2131.4676165803107,9.455958549222798,318.84419689119164,0.5287671232876713,1.8911917098445596,175.18911917098444,2254.1,0.0051546391752577,10.57335567010309,4.0,2.0,Long Inactive,High Value,Low Frequency
CUST2773,0,33,Female,UK,active,1,1,554.73,554.73,554.73,4.2,1,16.0,16,16,2024-02-27,2024-02-27,2022-04-15,683,0.0420757363253856,1.0,1,1,1,1.0,554.73,554.73,0.0014619883040935,1020.7032,24.36588579795022,0.0439238653001464,1.0,1367.742288,1.0,0.5344070278184481,296.4516105417277,0.5344070278184481,44.83322986822841,1.8712328767123287,0.5344070278184481,24.36588579795022,9430.41,0.0014619883040935,1.4922561403508772,17.0,2.0,Long Inactive,Medium Value,Low Frequency
CUST2774,0,58,Male,UK,active,1,3,1925.28,1925.28,641.76,4.3,2,18.0,18,18,2023-12-06,2023-12-06,2022-10-19,413,0.0677200902934537,3.0,1,1,1,2.0,1925.28,641.76,0.002415458937198,3581.0208,139.8508474576271,0.2179176755447942,2.0,4870.188287999999,1.0,0.8837772397094432,1701.518644067797,2.6513317191283297,260.1225762711864,1.1315068493150684,0.8837772397094432,139.8508474576271,36580.32,0.002415458937198,8.649808695652172,38.0,2.0,Long Inactive,Very High Value,Low Frequency
CUST2775,0,26,Male,Germany,paused,1,9,1047.51,1047.51,116.39,4.1,0,38.0,38,38,2023-09-28,2023-09-28,2023-02-26,214,0.1229508196721311,9.0,1,1,1,0.0,1047.51,116.39,0.0046511627906976,1906.4682,146.84719626168223,1.2616822429906542,0.0,2516.5380239999995,1.0,1.7056074766355138,1786.6408878504672,15.350467289719626,267.26189719626166,0.5863013698630137,1.7056074766355138,146.84719626168223,40852.89,0.0046511627906976,8.867293953488371,0.0,2.0,Long Inactive,Medium Value,Low Frequency
CUST2776,0,48,Male,USA,cancelled,1,3,831.27,831.27,277.09,4.2,4,12.0,12,12,2023-09-13,2023-09-13,2022-02-04,586,0.0487012987012987,3.0,1,1,1,4.0,831.27,277.09,0.0017035775127768,1529.5368,42.55648464163822,0.1535836177474402,4.0,2049.5793120000003,1.0,0.6228668941979522,517.7705631399317,1.8686006825938568,78.30393174061433,1.6054794520547946,0.6228668941979522,42.55648464163822,10806.51,0.0017035775127768,2.605684497444634,52.0,2.0,Long Inactive,Medium Value,Low Frequency
CUST2777,0,60,Female,Germany,active,1,8,546.4,546.4,68.3,4.1,5,9.0,9,9,2025-02-07,2025-02-07,2021-06-05,1343,0.021849963583394,8.0,1,1,1,5.0,546.4,68.3,0.0007440476190476,994.448,12.205510052122117,0.1787043931496649,5.0,1312.6713599999996,1.0,0.2717795979151154,148.50037230081907,2.1742367833209237,22.21402829486225,3.67945205479452,0.2717795979151154,12.205510052122117,5464.0,0.0007440476190476,0.7399166666666666,50.0,2.0,Long Inactive,Low Value,Low Frequency
CUST2778,0,33,Male,Germany,cancelled,1,2,1957.08,1957.08,978.54,3.9,3,37.0,37,37,2024-05-06,2024-05-06,2022-03-02,796,0.036319612590799,2.0,1,1,1,3.0,1957.08,978.54,0.001254705144291,3483.6024,73.75929648241205,0.0753768844221105,3.0,4459.011072,1.0,0.4585427135678392,897.4047738693467,0.9170854271356784,131.29154773869345,2.180821917808219,0.4585427135678392,73.75929648241205,74369.04,0.001254705144291,4.370893851944793,114.0,2.0,Long Inactive,Very High Value,Low Frequency
CUST2779,0,35,Male,Pakistan,active,1,1,1241.77,1241.77,1241.77,3.9,0,36.0,36,36,2024-12-11,2024-12-11,2021-12-08,1099,0.0265721877767936,1.0,1,1,1,0.0,1241.77,1241.77,0.0009090909090909,2210.3506,33.89727024567789,0.0272975432211101,0.0,2829.2487680000004,1.0,0.3321201091901729,412.416787989081,0.3321201091901729,60.33714103730665,3.010958904109589,0.3321201091901729,33.89727024567789,45945.49,0.0009090909090909,2.0094096363636367,0.0,2.0,Long Inactive,High Value,Low Frequency
CUST2780,0,30,Male,India,active,1,3,1183.62,1183.62,394.54,3.8,0,11.0,11,11,2025-04-06,2025-04-06,2022-11-14,874,0.0331858407079646,3.0,1,1,1,0.0,1183.62,394.54,0.0011428571428571,2083.1712,40.62768878718536,0.102974828375286,0.0,2624.795712,1.0,0.4176201372997711,494.3035469107552,1.2528604118993134,71.50473226544624,2.3945205479452056,0.4176201372997711,40.62768878718536,14203.440000000002,0.0011428571428571,2.380767085714286,0.0,2.0,Long Inactive,High Value,Low Frequency
CUST2781,0,50,Female,India,cancelled,1,8,43.12,43.12,5.39,4.6,1,38.0,38,38,2024-10-15,2024-10-15,2023-06-30,473,0.0596421471172962,8.0,1,1,1,1.0,43.12,5.39,0.0021097046413502,82.79039999999999,2.7348837209302324,0.507399577167019,1.0,117.56236799999998,1.0,0.7716701902748415,33.27441860465116,6.173361522198732,5.250976744186046,1.295890410958904,0.7716701902748415,2.7348837209302324,1681.6799999999998,0.0021097046413502,0.1746632911392404,39.0,2.0,Long Inactive,Low Value,Low Frequency
CUST2782,0,40,Male,India,active,1,8,963.28,963.28,120.41,3.6,5,19.0,19,19,2025-01-19,2025-01-19,2021-05-24,1336,0.0219619326500732,8.0,1,1,1,5.0,963.28,120.41,0.0007479431563201,1656.8416,21.63053892215569,0.1796407185628742,5.0,2021.346752,1.0,0.2732035928143712,263.1715568862275,2.18562874251497,37.20452694610778,3.66027397260274,0.2732035928143712,21.63053892215569,19265.6,0.0007479431563201,1.239223335826477,100.0,2.0,Long Inactive,Medium Value,Low Frequency
CUST2783,1,48,Male,UK,active,1,8,994.4,994.4,124.3,4.1,3,15.0,15,15,2023-02-05,2023-02-05,2022-11-08,89,0.2521008403361344,8.0,1,1,1,3.0,994.4,124.3,0.0111111111111111,1809.808,335.19101123595505,2.696629213483146,3.0,2388.9465599999994,1.0,4.101123595505618,4078.1573033707855,32.80898876404495,610.0476404494381,0.2438356164383561,4.101123595505618,335.19101123595505,15910.4,0.0111111111111111,20.108977777777778,48.0,2.0,Long Inactive,Medium Value,Low Frequency
CUST2784,1,48,Male,UK,active,1,2,359.8,359.8,179.9,4.2,5,40.0,40,40,2021-10-23,2021-10-23,2021-08-18,66,0.3125,2.0,1,1,1,5.0,359.8,179.9,0.0149253731343283,662.032,163.54545454545453,0.9090909090909092,5.0,887.1228800000001,1.0,5.53030303030303,1989.8030303030305,11.06060606060606,300.9236363636364,0.1808219178082191,5.53030303030303,163.54545454545453,14751.8,0.0149253731343283,9.881074626865672,205.0,2.0,Long Inactive,Low Value,Low Frequency
CUST2785,1,64,Male,Canada,cancelled,1,7,1061.0600000000002,1061.0600000000002,151.58,4.3,1,47.0,47,47,2022-11-10,2022-11-10,2021-06-18,510,0.0555555555555555,7.0,1,1,1,1.0,1061.0600000000002,151.58,0.0019569471624266,1973.5716,62.41529411764707,0.4117647058823529,1.0,2684.057376,1.0,0.7156862745098039,759.3860784313727,5.009803921568627,116.09244705882354,1.3972602739726028,0.7156862745098039,62.41529411764707,50930.880000000005,0.0019569471624266,3.8621753424657537,48.0,2.0,Long Inactive,High Value,Low Frequency
CUST2786,0,61,Female,USA,active,1,8,1321.44,1321.44,165.18,3.9,3,19.0,19,19,2023-08-11,2023-08-11,2023-11-07,0,1.0,8.0,1,1,1,3.0,1321.44,165.18,1.0,2352.1632,13214.4,80.0,3.0,3010.768896,1.0,365.0,482325.6,2920.0,23521.632,0.0,365.0,13214.4,26428.800000000003,1.0,2352.1632,60.0,2.0,Long Inactive,High Value,Low Frequency
CUST2787,0,29,Male,Canada,active,1,7,460.3200000000001,460.3200000000001,65.76,3.9,4,5.0,5,5,2023-10-14,2023-10-14,2022-11-14,334,0.0824175824175824,7.0,1,1,1,4.0,460.3200000000001,65.76,0.0029850746268656,819.3696000000001,41.34610778443114,0.62874251497006,4.0,1048.793088,1.0,1.092814371257485,503.0443113772456,7.649700598802395,73.59607185628744,0.915068493150685,1.092814371257485,41.34610778443114,2761.92,0.0029850746268656,2.445879402985075,24.0,2.0,Long Inactive,Low Value,Low Frequency
CUST2788,0,64,Female,Pakistan,cancelled,1,9,1113.66,1113.66,123.74,4.0,1,8.0,8,8,2025-03-30,2025-03-30,2021-07-26,1343,0.021849963583394,9.0,1,1,1,1.0,1113.66,123.73999999999998,0.0007440476190476,2004.588,24.876991809381977,0.201042442293373,1.0,2605.9644,1.0,0.2717795979151154,302.6700670141474,2.446016381236039,44.77858525688756,3.67945205479452,0.2717795979151154,24.876991809381977,10022.94,0.0007440476190476,1.4915089285714282,9.0,2.0,Long Inactive,High Value,Low Frequency
CUST2789,1,22,Male,Canada,active,1,4,248.8,248.8,62.2,4.4,1,11.0,11,11,2021-05-29,2021-05-29,2020-09-15,256,0.1048951048951049,4.0,1,1,1,1.0,248.8,62.2,0.0038910505836575,467.744,29.15625,0.46875,1.0,645.4867200000001,1.0,1.42578125,354.734375,5.703125,54.813750000000006,0.7013698630136986,1.42578125,29.15625,2985.6000000000004,0.0038910505836575,1.8200155642023348,12.0,2.0,Long Inactive,Low Value,Low Frequency
CUST2790,0,54,Female,Germany,active,1,4,40.72,40.72,10.18,4.2,3,13.0,13,13,2023-12-05,2023-12-05,2022-01-12,692,0.0415512465373961,4.0,1,1,1,3.0,40.72,10.18,0.0014430014430014,74.9248,1.7653179190751445,0.1734104046242774,3.0,100.399232,1.0,0.5274566473988439,21.478034682080924,2.109826589595376,3.248184971098266,1.895890410958904,0.5274566473988439,1.7653179190751445,570.0799999999999,0.0014430014430014,0.1081165945165945,42.0,2.0,Long Inactive,Low Value,Low Frequency
CUST2791,0,52,Female,Germany,paused,1,7,1246.98,1246.98,178.14,4.5,5,31.0,31,31,2025-05-06,2025-05-06,2022-12-22,866,0.0334821428571428,7.0,1,1,1,5.0,1246.98,178.14,0.0011534025374855,2369.262,43.197921478060046,0.2424942263279445,5.0,3316.9667999999992,1.0,0.4214780600461894,525.5747113163973,2.950346420323326,82.07605080831408,2.372602739726027,0.4214780600461894,43.197921478060046,39903.36,0.0011534025374855,2.732712802768166,160.0,2.0,Long Inactive,High Value,Low Frequency
CUST2792,0,47,Male,Canada,active,1,1,821.69,821.69,821.69,4.1,4,44.0,44,44,2025-02-22,2025-02-22,2022-08-08,929,0.0312825860271115,1.0,1,1,1,4.0,821.69,821.69,0.0010752688172043,1495.4758,26.53466092572659,0.0322927879440258,4.0,1974.028056,1.0,0.3928955866523143,322.8383745963402,0.3928955866523143,48.29308288482239,2.5452054794520547,0.3928955866523143,26.53466092572659,36976.05,0.0010752688172043,1.608038494623656,180.0,2.0,Long Inactive,Medium Value,Low Frequency
CUST2793,1,63,Male,Canada,paused,1,7,1166.62,1166.62,166.66,4.1,0,16.0,16,16,2023-01-10,2023-01-10,2023-04-30,0,1.0,7.0,1,1,1,0.0,1166.62,166.66,1.0,2123.2483999999995,11666.2,70.0,0.0,2802.687887999999,1.0,365.0,425816.29999999993,2555.0,21232.483999999997,0.0,365.0,11666.2,19832.54,1.0,2123.2483999999995,0.0,2.0,Long Inactive,High Value,Low Frequency
CUST2794,0,25,Female,India,paused,1,1,715.99,715.99,715.99,4.2,2,39.0,39,39,2023-11-30,2023-11-30,2022-04-25,584,0.0488599348534201,1.0,1,1,1,2.0,715.99,715.99,0.0017094017094017,1317.4216,36.78030821917809,0.0513698630136986,2.0,1765.3449440000002,1.0,0.625,447.49375,0.625,67.67576712328768,1.6,0.625,36.78030821917809,28639.6,0.0017094017094017,2.252002735042735,80.0,2.0,Long Inactive,Medium Value,Low Frequency
CUST2795,0,50,Male,India,cancelled,1,1,1397.94,1397.94,1397.94,4.2,1,5.0,5,5,2025-01-30,2025-01-30,2022-06-18,957,0.0303951367781155,1.0,1,1,1,1.0,1397.94,1397.94,0.0010438413361169,2572.2096,43.82257053291536,0.0313479623824451,1.0,3446.7608640000003,1.0,0.3814002089864158,533.1746081504702,0.3814002089864158,80.63352978056427,2.621917808219178,0.3814002089864158,43.82257053291536,8387.64,0.0010438413361169,2.684978705636743,6.0,2.0,Long Inactive,High Value,Low Frequency
CUST2796,0,21,Female,Germany,active,1,5,1539.4499999999998,1539.4499999999998,307.89,4.0,1,35.0,35,35,2023-11-15,2023-11-15,2021-03-13,977,0.0297914597815292,5.0,1,1,1,1.0,1539.4499999999998,307.89,0.0010224948875255,2771.01,47.27072671443192,0.1535312180143295,1.0,3602.313,1.0,0.3735926305015353,575.1271750255884,1.8679631525076763,85.08730808597747,2.6767123287671235,0.3735926305015353,47.27072671443192,55420.2,0.0010224948875255,2.8333435582822086,36.0,2.0,Long Inactive,Very High Value,Low Frequency
CUST2797,0,68,Female,Germany,active,1,9,1321.02,1321.02,146.78,4.3,4,6.0,6,6,2024-05-12,2024-05-12,2021-08-29,987,0.0294985250737463,9.0,1,1,1,4.0,1321.02,146.78,0.0010121457489878,2457.0972,40.15258358662614,0.2735562310030395,4.0,3341.652191999999,1.0,0.369807497467072,488.52310030395137,3.328267477203648,74.68380547112461,2.704109589041096,0.369807497467072,40.15258358662614,9247.14,0.0010121457489878,2.486940485829959,28.0,2.0,Long Inactive,High Value,Low Frequency
CUST2798,0,40,Female,Germany,active,1,3,247.38,247.38,82.46,3.6,1,41.0,41,41,2025-01-28,2025-01-28,2023-02-17,711,0.0404858299595141,3.0,1,1,1,1.0,247.38,82.46,0.0014044943820224,425.4936,10.437974683544304,0.1265822784810126,1.0,519.102192,1.0,0.5133614627285513,126.99535864978904,1.540084388185654,17.9533164556962,1.947945205479452,0.5133614627285513,10.437974683544304,10389.96,0.0014044943820224,0.5976033707865168,42.0,2.0,Long Inactive,Low Value,Low Frequency
CUST2799,1,20,Female,Germany,active,1,4,1625.72,1625.72,406.43,3.5,1,11.0,11,11,2021-11-10,2021-11-10,2021-08-09,93,0.2439024390243902,4.0,1,1,1,1.0,1625.72,406.43,0.0106382978723404,2763.724,524.4258064516129,1.2903225806451613,1.0,3316.4688,1.0,3.924731182795699,6380.513978494623,15.698924731182796,891.5238709677419,0.2547945205479452,3.924731182795699,524.4258064516129,19508.64,0.0106382978723404,29.40131914893617,12.0,2.0,Long Inactive,Very High Value,Low Frequency
CUST2800,1,20,Female,Germany,active,1,2,1742.88,1742.88,871.44,4.3,2,35.0,35,35,2022-04-05,2022-04-05,2021-11-24,132,0.1851851851851851,2.0,1,1,1,2.0,1742.88,871.44,0.0075187969924812,3241.7568,396.1090909090909,0.4545454545454545,2.0,4408.789248,1.0,2.765151515151515,4819.327272727272,5.53030303030303,736.762909090909,0.3616438356164383,2.765151515151515,396.1090909090909,62743.68000000001,0.0075187969924812,24.37411127819549,72.0,2.0,Long Inactive,Very High Value,Low Frequency
CUST2801,0,51,Female,Germany,active,1,8,1636.0,1636.0,204.5,3.6,5,9.0,9,9,2025-06-21,2025-06-21,2022-11-12,952,0.0305498981670061,8.0,1,1,1,5.0,1636.0,204.5,0.0010493179433368,2813.92,51.55462184873949,0.2521008403361344,5.0,3432.9824,1.0,0.3834033613445378,627.2478991596639,3.0672268907563027,88.67394957983193,2.608219178082192,0.3834033613445378,51.55462184873949,16360.0,0.0010493179433368,2.952696747114376,50.0,2.0,At Risk,Very High Value,Low Frequency
CUST2802,1,37,Female,Pakistan,active,1,2,780.48,780.48,390.24,2.9,4,49.0,49,49,2021-12-14,2021-12-14,2020-08-12,489,0.0578034682080924,2.0,1,1,1,4.0,780.48,390.24,0.0020408163265306,1233.1584,47.882208588957056,0.1226993865030674,4.0,1331.8110720000002,1.0,0.7464212678936606,582.5668711656442,1.4928425357873212,75.65388957055215,1.3397260273972602,0.7464212678936606,47.882208588957056,39024.0,0.0020408163265306,2.516649795918368,200.0,2.0,Long Inactive,Medium Value,Low Frequency
CUST2803,0,57,Male,Pakistan,active,1,6,1772.22,1772.22,295.37,4.2,1,27.0,27,27,2025-03-19,2025-03-19,2022-12-08,832,0.0348027842227378,6.0,1,1,1,1.0,1772.22,295.37,0.0012004801920768,3260.8848000000003,63.90216346153846,0.2163461538461538,1.0,4369.585632,1.0,0.4387019230769231,777.4763221153846,2.6322115384615383,117.57998076923076,2.2794520547945205,0.4387019230769231,63.90216346153846,49622.16,0.0012004801920768,3.914627611044418,28.0,2.0,Long Inactive,Very High Value,Low Frequency
CUST2804,0,40,Male,Germany,cancelled,1,2,1710.14,1710.14,855.07,4.4,5,2.0,2,2,2025-11-01,2025-11-01,2022-08-04,1185,0.0246913580246913,2.0,1,1,1,5.0,1710.14,855.07,0.0008431703204047,3215.0632000000005,43.2946835443038,0.050632911392405,5.0,4436.787216000001,1.0,0.3080168776371308,526.7519831223628,0.6160337552742616,81.39400506329115,3.246575342465753,0.3080168776371308,43.2946835443038,5130.42,0.0008431703204047,2.71084586846543,15.0,2.0,Recent,Very High Value,Low Frequency
CUST2805,0,55,Female,Canada,active,1,1,1595.97,1595.97,1595.97,4.1,0,9.0,9,9,2024-01-29,2024-01-29,2022-10-26,460,0.0612244897959183,1.0,1,1,1,0.0,1595.97,1595.97,0.0021691973969631,2904.6654,104.085,0.0652173913043478,0.0,3834.158328,1.0,0.7934782608695653,1266.3675,0.7934782608695653,189.4347,1.2602739726027397,0.7934782608695653,104.085,15959.7,0.0021691973969631,6.30079262472885,0.0,2.0,Long Inactive,Very High Value,Low Frequency
CUST2806,0,66,Female,UK,cancelled,1,3,418.74,418.74,139.58,3.8,5,17.0,17,17,2023-03-03,2023-03-03,2022-03-22,346,0.0797872340425532,3.0,1,1,1,5.0,418.74,139.58,0.0028818443804034,736.9824,36.306936416184975,0.2601156069364161,5.0,928.597824,1.0,1.0549132947976878,441.7343930635838,3.164739884393064,63.90020809248555,0.947945205479452,1.0549132947976878,36.306936416184975,7537.32,0.0028818443804034,2.1238685878962533,90.0,2.0,Long Inactive,Low Value,Low Frequency
CUST2807,0,44,Female,Pakistan,active,1,4,1972.76,1972.76,493.19,3.5,5,7.0,7,7,2025-10-03,2025-10-03,2022-12-08,1030,0.0283018867924528,4.0,1,1,1,5.0,1972.76,493.19,0.0009699321047526,3353.692,57.45902912621359,0.116504854368932,5.0,4024.4304,1.0,0.3543689320388349,699.084854368932,1.4174757281553396,97.6803495145631,2.8219178082191783,0.3543689320388349,57.45902912621359,15782.08,0.0009699321047526,3.2528535402521825,40.0,2.0,Moderate,Very High Value,Low Frequency
CUST2808,1,25,Female,UK,active,1,9,34.83,34.83,3.87,4.1,4,3.0,3,3,2023-01-12,2023-01-12,2020-06-09,947,0.0307062436028659,9.0,1,1,1,4.0,34.83,3.87,0.0010548523206751,63.39059999999999,1.1033790918690602,0.2851108764519535,4.0,83.67559199999998,1.0,0.3854276663146779,13.424445617740233,3.4688489968321017,2.008149947201689,2.5945205479452054,0.3854276663146779,1.1033790918690602,139.32,0.0010548523206751,0.0668677215189873,16.0,2.0,Long Inactive,Low Value,Low Frequency
CUST2809,1,53,Female,USA,active,1,3,1938.06,1938.06,646.02,3.2,3,46.0,46,46,2022-08-16,2022-08-16,2021-08-21,360,0.0769230769230769,3.0,1,1,1,3.0,1938.06,646.02,0.002770083102493,3178.4184,161.505,0.25,3.0,3623.396976,1.0,1.0138888888888888,1964.9775,3.041666666666667,264.8682,0.9863013698630136,1.0138888888888888,161.505,91088.82,0.002770083102493,8.804483102493075,141.0,2.0,Long Inactive,Very High Value,Low Frequency
CUST2810,0,65,Female,Pakistan,cancelled,1,6,1987.74,1987.74,331.29,4.4,1,20.0,20,20,2025-04-23,2025-04-23,2021-11-02,1268,0.0231124807395993,6.0,1,1,1,1.0,1987.74,331.29,0.0007880220646178,3736.951200000001,47.02854889589906,0.1419558359621451,1.0,5156.992656000001,1.0,0.2878548895899053,572.1806782334386,1.727129337539432,88.41367192429024,3.473972602739726,0.2878548895899053,47.02854889589906,41742.54000000001,0.0007880220646178,2.9448000000000008,21.0,2.0,Long Inactive,Very High Value,Low Frequency
CUST2811,0,44,Male,Germany,active,1,5,479.65,479.65,95.93,3.6,3,17.0,17,17,2024-04-05,2024-04-05,2022-05-25,681,0.0421940928270042,5.0,1,1,1,3.0,479.65,95.93,0.001466275659824,824.998,21.129955947136565,0.2202643171806167,3.0,1006.49756,1.0,0.5359765051395007,257.0811306901616,2.679882525697504,36.343524229074895,1.8657534246575345,0.5359765051395007,21.129955947136565,8633.7,0.001466275659824,1.2096744868035192,54.0,2.0,Long Inactive,Low Value,Low Frequency
CUST2812,1,24,Female,Canada,cancelled,1,7,1706.95,1706.95,243.85,3.1,5,5.0,5,5,2021-06-02,2021-06-02,2021-03-01,93,0.2439024390243902,7.0,1,1,1,5.0,1706.95,243.85,0.0106382978723404,2765.2590000000005,550.6290322580645,2.258064516129032,5.0,3097.090080000001,1.0,3.924731182795699,6699.319892473119,27.47311827956989,892.0190322580646,0.2547945205479452,3.924731182795699,550.6290322580645,10241.7,0.0106382978723404,29.417648936170217,30.0,2.0,Long Inactive,Very High Value,Low Frequency
CUST2813,1,69,Other,UK,active,1,9,513.54,513.54,57.06,4.0,0,36.0,36,36,2023-02-06,2023-02-06,2021-12-03,430,0.0652173913043478,9.0,1,1,1,0.0,513.54,57.06,0.0023201856148491,924.372,35.828372093023255,0.627906976744186,0.0,1201.6836,1.0,0.8488372093023255,435.9118604651162,7.63953488372093,64.49106976744186,1.178082191780822,0.8488372093023255,35.828372093023255,19000.98,0.0023201856148491,2.1447146171693734,0.0,2.0,Long Inactive,Low Value,Low Frequency
CUST2814,1,56,Female,India,active,1,5,1241.0,1241.0,248.2,4.1,3,49.0,49,49,2021-09-14,2021-09-14,2021-07-03,73,0.2912621359223301,5.0,1,1,1,3.0,1241.0,248.2,0.0135135135135135,2258.62,510.00000000000006,2.054794520547945,3.0,2981.3784,1.0,5.0,6205.0,25.0,928.2,0.2,5.0,510.00000000000006,62050.0,0.0135135135135135,30.52189189189189,150.0,2.0,Long Inactive,High Value,Low Frequency
CUST2815,0,54,Female,India,active,1,8,322.32,322.32,40.29,3.6,2,27.0,27,27,2023-04-23,2023-04-23,2021-11-09,530,0.0535714285714285,8.0,1,1,1,2.0,322.32,40.29,0.0018832391713747,554.3904,18.244528301886792,0.4528301886792452,2.0,676.356288,1.0,0.6886792452830188,221.97509433962264,5.509433962264151,31.38058867924528,1.452054794520548,0.6886792452830188,18.244528301886792,9024.96,0.0018832391713747,1.0440497175141243,56.0,2.0,Long Inactive,Low Value,Low Frequency
CUST2816,0,37,Male,Canada,active,1,5,1471.85,1471.85,294.37,4.0,2,30.0,30,30,2024-12-17,2024-12-17,2021-03-09,1379,0.021291696238467,5.0,1,1,1,2.0,1471.85,294.37,0.0007246376811594,2649.33,32.01994198694706,0.1087744742567077,2.0,3444.129,1.0,0.2646845540246555,389.57596084118927,1.3234227701232777,57.63589557650471,3.778082191780822,0.2646845540246555,32.01994198694706,45627.35,0.0007246376811594,1.9198043478260869,62.0,2.0,Long Inactive,High Value,Low Frequency
CUST2817,1,58,Male,UK,active,1,9,932.76,932.76,103.64,4.3,0,1.0,1,1,2022-02-22,2022-02-22,2021-12-26,58,0.3409090909090909,9.0,1,1,1,0.0,932.76,103.64,0.0169491525423728,1734.9335999999998,482.4620689655172,4.655172413793103,0.0,2359.509696,1.0,6.293103448275861,5869.955172413793,56.637931034482754,897.3794482758619,0.1589041095890411,6.293103448275861,482.4620689655172,1865.52,0.0169491525423728,29.40565423728813,0.0,2.0,Long Inactive,Medium Value,Low Frequency
CUST2818,1,28,Male,Germany,active,1,4,1808.0,1808.0,452.0,4.1,2,20.0,20,20,2022-01-03,2022-01-03,2020-08-28,493,0.0573613766730401,4.0,1,1,1,2.0,1808.0,452.0,0.0020242914979757,3290.5599999999995,110.02028397565924,0.2434077079107505,2.0,4343.539199999999,1.0,0.7403651115618662,1338.580121703854,2.961460446247465,200.23691683569976,1.3506849315068492,0.7403651115618662,110.02028397565924,37968.0,0.0020242914979757,6.661052631578946,42.0,2.0,Long Inactive,Very High Value,Low Frequency
CUST2819,0,18,Female,UK,active,1,1,899.63,899.63,899.63,4.2,5,10.0,10,10,2025-04-23,2025-04-23,2021-09-29,1302,0.0225225225225225,1.0,1,1,1,5.0,899.63,899.63,0.0007674597083653,1655.3192,20.72880184331797,0.0230414746543778,5.0,2218.1277280000004,1.0,0.2803379416282642,252.2004224270353,0.2803379416282642,38.14099539170508,3.5671232876712327,0.2803379416282642,20.72880184331797,9895.93,0.0007674597083653,1.2703907904834997,55.0,2.0,Long Inactive,Medium Value,Low Frequency
CUST2820,1,26,Female,USA,active,1,9,1976.58,1976.58,219.62,3.9,2,21.0,21,21,2021-10-31,2021-10-31,2021-10-04,27,0.5263157894736842,9.0,1,1,1,2.0,1976.58,219.62,0.0357142857142857,3518.3124,2196.2,10.0,2.0,4503.439872,1.0,13.51851851851852,26720.43333333333,121.66666666666666,3909.236,0.073972602739726,13.51851851851852,2196.2,43484.76,0.0357142857142857,125.65401428571428,44.0,2.0,Long Inactive,Very High Value,Low Frequency
CUST2821,0,21,Male,USA,active,1,9,1650.15,1650.15,183.35,4.0,2,13.0,13,13,2024-04-27,2024-04-27,2020-12-25,1219,0.0240192153722978,9.0,1,1,1,2.0,1650.15,183.35,0.0008196721311475,2970.27,40.61074651353568,0.2214930270713699,2.0,3861.351,1.0,0.2994257588187038,494.0974159146841,2.6948318293683347,73.09934372436423,3.33972602739726,0.2994257588187038,40.61074651353568,23102.1,0.0008196721311475,2.4346475409836064,28.0,2.0,Long Inactive,Very High Value,Low Frequency
CUST2822,0,28,Female,USA,active,1,3,1903.08,1903.08,634.36,4.2,5,21.0,21,21,2024-04-28,2024-04-28,2022-12-11,504,0.0561797752808988,3.0,1,1,1,5.0,1903.08,634.36,0.0019801980198019,3501.6672,113.27857142857142,0.1785714285714285,5.0,4692.234048,1.0,0.7242063492063492,1378.222619047619,2.1726190476190474,208.4325714285714,1.3808219178082193,0.7242063492063492,113.27857142857142,41867.76,0.0019801980198019,6.933994455445545,110.0,2.0,Long Inactive,Very High Value,Low Frequency
CUST2823,1,20,Female,Pakistan,active,1,8,720.32,720.32,90.04,4.2,0,47.0,47,47,2022-12-30,2022-12-30,2021-02-27,671,0.042796005706134,8.0,1,1,1,0.0,720.32,90.04,0.0014880952380952,1325.3888000000002,32.20506706408346,0.3576751117734724,0.0,1776.0209920000004,1.0,0.5439642324888226,391.8283159463487,4.351713859910581,59.25732339791357,1.8383561643835615,0.5439642324888226,32.20506706408346,34575.36,0.0014880952380952,1.972304761904762,0.0,2.0,Long Inactive,Medium Value,Low Frequency
CUST2824,1,53,Other,Pakistan,active,1,3,397.26,397.26,132.42,4.1,0,1.0,1,1,2023-01-10,2023-01-10,2021-10-24,443,0.0634249471458773,3.0,1,1,1,0.0,397.26,132.42,0.0022522522522522,723.0131999999999,26.902483069977425,0.2031602708803611,0.0,954.3774239999996,1.0,0.8239277652370203,327.3135440180587,2.471783295711061,48.96251918735891,1.2136986301369863,0.8239277652370203,26.902483069977425,794.52,0.0022522522522522,1.628408108108108,0.0,2.0,Long Inactive,Low Value,Low Frequency
CUST2825,0,39,Male,USA,paused,1,2,739.8,739.8,369.9,4.4,1,48.0,48,48,2025-04-08,2025-04-08,2022-06-27,1016,0.02868068833652,2.0,1,1,1,1.0,739.8,369.9,0.0009832841691248,1390.824,21.844488188976374,0.0590551181102362,1.0,1919.3371200000004,1.0,0.359251968503937,265.77460629921256,0.718503937007874,41.0676377952756,2.783561643835617,0.359251968503937,21.844488188976374,36250.2,0.0009832841691248,1.3675752212389385,49.0,2.0,Long Inactive,Medium Value,Low Frequency
CUST2826,1,45,Male,Pakistan,cancelled,1,6,1163.88,1163.88,193.98,4.1,2,43.0,43,43,2022-01-01,2022-01-01,2020-09-19,469,0.0601202404809619,6.0,1,1,1,2.0,1163.88,193.98,0.002127659574468,2118.2616,74.44861407249466,0.3837953091684435,2.0,2796.1053119999992,1.0,0.7782515991471216,905.7914712153516,4.669509594882729,135.4964776119403,1.284931506849315,0.7782515991471216,74.44861407249466,51210.72,0.002127659574468,4.506939574468085,88.0,2.0,Long Inactive,High Value,Low Frequency
CUST2827,0,61,Female,Germany,active,1,3,641.9399999999999,641.9399999999999,213.98,4.2,4,27.0,27,27,2025-06-01,2025-06-01,2021-07-19,1413,0.0207900207900207,3.0,1,1,1,4.0,641.9399999999999,213.98,0.0007072135785007,1181.1696,13.629299363057322,0.0636942675159235,4.0,1582.767264,1.0,0.2583156404812455,165.82314225053076,0.7749469214437367,25.07791082802548,3.871232876712329,0.2583156404812455,13.629299363057322,17974.32,0.0007072135785007,0.8353391796322489,112.0,2.0,Long Inactive,Medium Value,Low Frequency
CUST2828,1,51,Female,Canada,cancelled,1,9,1252.8,1252.8,139.2,4.1,5,48.0,48,48,2022-08-17,2022-08-17,2020-08-22,725,0.0397350993377483,9.0,1,1,1,5.0,1252.8,139.2,0.0013774104683195,2280.0959999999995,51.84,0.3724137931034482,5.0,3009.726719999999,1.0,0.503448275862069,630.72,4.531034482758621,94.34879999999998,1.9863013698630136,0.503448275862069,51.84,61387.2,0.0013774104683195,3.1406280991735533,245.0,2.0,Long Inactive,High Value,Low Frequency
CUST2829,0,39,Female,UK,cancelled,1,1,429.99,429.99,429.99,3.9,5,29.0,29,29,2023-05-30,2023-05-30,2023-03-15,76,0.2830188679245283,1.0,1,1,1,5.0,429.99,429.99,0.0129870129870129,765.3822,169.73289473684213,0.3947368421052631,5.0,979.689216,1.0,4.802631578947368,2065.083552631579,4.802631578947368,302.124552631579,0.2082191780821917,4.802631578947368,169.73289473684213,12899.7,0.0129870129870129,9.940028571428572,150.0,2.0,Long Inactive,Low Value,Low Frequency
CUST2830,0,66,Male,Germany,cancelled,1,6,1226.88,1226.88,204.48,3.9,5,10.0,10,10,2023-05-29,2023-05-29,2023-10-04,0,1.0,6.0,1,1,1,5.0,1226.88,204.48,1.0,2183.8464,12268.799999999996,60.0,5.0,2795.323392,1.0,365.0,447811.2,2190.0,21838.464,0.0,365.0,12268.799999999996,13495.679999999998,1.0,2183.8464,55.0,2.0,Long Inactive,High Value,Low Frequency
CUST2831,0,62,Female,Germany,cancelled,1,5,134.75,134.75,26.95,4.2,0,33.0,33,33,2025-05-06,2025-05-06,2022-05-01,1101,0.026525198938992,5.0,1,1,1,0.0,134.75,26.95,0.0009074410163339,247.94,3.671662125340599,0.1362397820163487,0.0,332.2396,1.0,0.3315168029064487,44.67188919164396,1.6575840145322434,6.755858310626702,3.016438356164384,0.3315168029064487,3.671662125340599,4581.5,0.0009074410163339,0.2249909255898366,0.0,2.0,Long Inactive,Low Value,Low Frequency
CUST2832,0,53,Female,Canada,active,1,6,135.96,135.96,22.66,4.2,1,32.0,32,32,2023-03-24,2023-03-24,2022-06-15,282,0.0961538461538461,6.0,1,1,1,1.0,135.96,22.66,0.0035335689045936,250.16640000000004,14.463829787234042,0.6382978723404255,1.0,335.2229760000001,1.0,1.2943262411347516,175.97659574468085,7.76595744680851,26.61344680851064,0.7726027397260274,1.2943262411347516,14.463829787234042,4486.68,0.0035335689045936,0.8839802120141343,33.0,2.0,Long Inactive,Low Value,Low Frequency
CUST2833,0,32,Male,Pakistan,active,1,9,1357.7400000000002,1357.7400000000002,150.86,3.7,2,48.0,48,48,2025-07-28,2025-07-28,2023-10-04,663,0.0432900432900432,9.0,1,1,1,2.0,1357.7400000000002,150.86,0.0015060240963855,2362.4676000000004,61.43619909502263,0.4072398190045249,2.0,2929.4598240000005,1.0,0.55052790346908,747.4737556561088,4.95475113122172,106.89898642533936,1.8164383561643835,0.55052790346908,61.43619909502263,66529.26000000001,0.0015060240963855,3.5579331325301213,98.0,2.0,At Risk,High Value,Low Frequency
CUST2834,0,38,Male,India,paused,1,3,1043.22,1043.22,347.74,3.7,0,29.0,29,29,2023-04-07,2023-04-07,2022-08-19,231,0.1149425287356322,3.0,1,1,1,0.0,1043.22,347.74,0.0043103448275862,1815.2028,135.48311688311688,0.3896103896103896,0.0,2250.851472,1.0,1.5800865800865802,1648.3779220779222,4.740259740259741,235.74062337662335,0.6328767123287671,1.5800865800865802,135.48311688311688,31296.6,0.0043103448275862,7.82415,0.0,2.0,Long Inactive,Medium Value,Low Frequency
CUST2835,0,38,Female,Pakistan,cancelled,1,9,102.78,102.78,11.42,3.4,4,34.0,34,34,2024-02-14,2024-02-14,2022-05-05,650,0.0441176470588235,9.0,1,1,1,4.0,102.78,11.42,0.0015360983102918,172.6704,4.743692307692307,0.4153846153846153,4.0,203.751072,1.0,0.5615384615384615,57.71492307692308,5.053846153846154,7.969403076923077,1.7808219178082192,0.5615384615384615,4.743692307692307,3597.3,0.0015360983102918,0.2652387096774193,140.0,2.0,Long Inactive,Low Value,Low Frequency
CUST2836,1,64,Male,Germany,active,1,3,1593.4499999999998,1593.4499999999998,531.15,4.2,1,26.0,26,26,2023-01-15,2023-01-15,2022-03-26,295,0.0923076923076923,3.0,1,1,1,1.0,1593.4499999999998,531.15,0.0033783783783783,2931.948,162.04576271186437,0.3050847457627118,1.0,3928.81032,1.0,1.2372881355932204,1971.556779661017,3.711864406779661,298.1642033898305,0.8082191780821918,1.2372881355932204,162.04576271186437,43023.15,0.0033783783783783,9.90522972972973,27.0,2.0,Long Inactive,Very High Value,Low Frequency
CUST2837,1,33,Female,India,paused,1,1,1339.0,1339.0,1339.0,4.0,3,48.0,48,48,2022-09-10,2022-09-10,2022-12-07,0,1.0,1.0,1,1,1,3.0,1339.0,1339.0,1.0,2410.2000000000003,13390.0,10.0,3.0,3133.2600000000007,1.0,365.0,488735.0,365.0,24102.0,0.0,365.0,13390.0,65611.0,1.0,2410.2000000000003,147.0,2.0,Long Inactive,High Value,Low Frequency
CUST2838,1,23,Male,India,active,1,1,809.03,809.03,809.03,4.1,0,42.0,42,42,2022-02-05,2022-02-05,2021-11-04,93,0.2439024390243902,1.0,1,1,1,0.0,809.03,809.03,0.0106382978723404,1472.4345999999998,260.9774193548387,0.3225806451612903,0.0,1943.6136719999995,1.0,3.924731182795699,3175.225268817204,3.924731182795699,474.9789032258064,0.2547945205479452,3.924731182795699,260.9774193548387,34788.29,0.0106382978723404,15.664197872340424,0.0,2.0,Long Inactive,Medium Value,Low Frequency
CUST2839,0,45,Male,USA,cancelled,1,3,1271.16,1271.16,423.72,3.9,1,43.0,43,43,2025-05-28,2025-05-28,2023-04-01,788,0.0366748166259168,3.0,1,1,1,1.0,1271.16,423.72,0.0012674271229404,2262.6648,48.39441624365482,0.1142131979695431,1.0,2896.210944,1.0,0.4631979695431472,588.798730964467,1.3895939086294415,86.14206091370559,2.158904109589041,0.4631979695431472,48.39441624365482,55931.04,0.0012674271229404,2.8677627376425856,44.0,2.0,Long Inactive,High Value,Low Frequency
CUST2840,1,31,Male,USA,cancelled,1,7,507.08,507.08,72.44,4.0,3,33.0,33,33,2023-01-22,2023-01-22,2022-09-16,128,0.189873417721519,7.0,1,1,1,3.0,507.08,72.44,0.0077519379844961,912.744,118.846875,1.640625,3.0,1186.5672000000002,1.0,2.8515625,1445.9703125,19.9609375,213.924375,0.3506849315068493,2.8515625,118.846875,17240.72,0.0077519379844961,7.07553488372093,102.0,2.0,Long Inactive,Low Value,Low Frequency
CUST2841,1,58,Female,USA,paused,1,4,625.76,625.76,156.44,3.9,2,36.0,36,36,2022-12-02,2022-12-02,2022-07-02,153,0.1639344262295082,4.0,1,1,1,2.0,625.76,156.44,0.0064935064935064,1113.8528,122.69803921568628,0.7843137254901962,2.0,1425.731584,1.0,2.38562091503268,1492.8261437908498,9.54248366013072,218.4025098039216,0.4191780821917808,2.38562091503268,122.69803921568628,23153.12,0.0064935064935064,7.232810389610389,74.0,2.0,Long Inactive,Medium Value,Low Frequency
CUST2842,1,34,Male,Canada,active,1,6,948.48,948.48,158.08,4.2,3,7.0,7,7,2022-02-22,2022-02-22,2021-01-07,411,0.0680272108843537,6.0,1,1,1,3.0,948.48,158.08,0.0024271844660194,1745.2032000000002,69.23211678832118,0.437956204379562,3.0,2338.5722880000003,1.0,0.8880778588807786,842.324087591241,5.328467153284672,127.38709489051097,1.126027397260274,0.8880778588807786,69.23211678832118,7587.84,0.0024271844660194,4.235930097087379,24.0,2.0,Long Inactive,Medium Value,Low Frequency
CUST2843,0,26,Male,Pakistan,active,1,1,644.69,644.69,644.69,4.3,2,46.0,46,46,2024-01-21,2024-01-21,2022-09-26,482,0.05859375,1.0,1,1,1,2.0,644.69,644.69,0.0020703933747412,1199.1234,40.12593360995851,0.0622406639004149,2.0,1630.8078239999998,1.0,0.7572614107883818,488.1988589211619,0.7572614107883818,74.63423651452283,1.3205479452054794,0.7572614107883818,40.12593360995851,30300.430000000004,0.0020703933747412,2.482657142857143,94.0,2.0,Long Inactive,Medium Value,Low Frequency
CUST2844,0,43,Male,India,active,1,3,1710.75,1710.75,570.25,4.0,4,33.0,33,33,2024-02-22,2024-02-22,2021-12-20,794,0.0364077669902912,3.0,1,1,1,4.0,1710.75,570.25,0.0012578616352201,3079.35,64.63790931989925,0.1133501259445843,4.0,4003.155,1.0,0.459697732997481,786.4278967254407,1.379093198992443,116.34823677581863,2.175342465753425,0.459697732997481,64.63790931989925,58165.5,0.0012578616352201,3.873396226415094,136.0,2.0,Long Inactive,Very High Value,Low Frequency
CUST2845,0,61,Male,Germany,active,1,7,1869.0,1869.0,267.0,2.6,1,14.0,14,14,2023-04-24,2023-04-24,2021-02-09,804,0.0359712230215827,7.0,1,1,1,1.0,1869.0,267.0,0.0012422360248447,2840.88,69.73880597014926,0.2611940298507462,1.0,2897.6976,1.0,0.4539800995024876,848.4888059701493,3.177860696517413,106.00298507462686,2.202739726027397,0.4539800995024876,69.73880597014926,28035.0,0.0012422360248447,3.5290434782608697,15.0,2.0,Long Inactive,Very High Value,Low Frequency
CUST2846,0,19,Male,USA,active,1,4,553.68,553.68,138.42,3.8,3,14.0,14,14,2024-03-09,2024-03-09,2022-04-01,708,0.040650406504065,4.0,1,1,1,3.0,553.68,138.42,0.001410437235543,974.4768,23.46101694915254,0.1694915254237288,3.0,1227.8407679999998,1.0,0.5155367231638418,285.4423728813559,2.062146892655367,41.29138983050847,1.9397260273972603,0.5155367231638418,23.46101694915254,8305.199999999999,0.001410437235543,1.3744383638928066,45.0,2.0,Long Inactive,Medium Value,Low Frequency
CUST2847,0,47,Female,Pakistan,active,1,7,502.53,502.53,71.79,4.5,4,33.0,33,33,2024-05-18,2024-05-18,2020-08-10,1377,0.021321961620469,7.0,1,1,1,4.0,502.53,71.79,0.0007256894049346,954.807,10.948366013071896,0.1525054466230936,4.0,1336.7297999999998,1.0,0.2650689905591866,133.20511982570807,1.8554829339143064,20.8018954248366,3.772602739726028,0.2650689905591866,10.948366013071896,17086.02,0.0007256894049346,0.6928933236574746,136.0,2.0,Long Inactive,Low Value,Low Frequency
CUST2848,0,30,Male,USA,active,1,4,1909.84,1909.84,477.46,3.5,3,28.0,28,28,2023-07-19,2023-07-19,2023-05-22,58,0.3409090909090909,4.0,1,1,1,3.0,1909.84,477.46,0.0169491525423728,3246.728,987.8482758620688,2.0689655172413794,3.0,3896.0735999999993,1.0,6.293103448275861,12018.820689655173,25.172413793103445,1679.342068965517,0.1589041095890411,6.293103448275861,987.8482758620688,55385.36,0.0169491525423728,55.02928813559321,87.0,2.0,Long Inactive,Very High Value,Low Frequency
CUST2849,1,43,Male,India,active,1,1,601.04,601.04,601.04,3.9,3,5.0,5,5,2022-09-09,2022-09-09,2022-04-25,137,0.1796407185628742,1.0,1,1,1,3.0,601.04,601.04,0.0072463768115942,1069.8512,131.61459854014598,0.218978102189781,3.0,1369.409536,1.0,2.6642335766423355,1601.3109489051094,2.6642335766423355,234.27398540145987,0.3753424657534246,2.6642335766423355,131.61459854014598,3606.24,0.0072463768115942,7.752544927536232,18.0,2.0,Long Inactive,Medium Value,Low Frequency
CUST2850,0,28,Female,UK,cancelled,1,3,1403.13,1403.13,467.71,4.0,4,30.0,30,30,2024-10-14,2024-10-14,2021-04-04,1289,0.0227445034116755,3.0,1,1,1,4.0,1403.13,467.71,0.0007751937984496,2525.634,32.65624515128006,0.0698215671062839,4.0,3283.3242,1.0,0.2831652443754849,397.31764934057406,0.8494957331264547,58.78124127230411,3.5315068493150683,0.2831652443754849,32.65624515128006,43497.03,0.0007751937984496,1.9578558139534885,124.0,2.0,Long Inactive,High Value,Low Frequency
CUST2851,1,47,Male,Germany,active,1,7,1029.98,1029.98,147.14,4.0,1,36.0,36,36,2022-03-18,2022-03-18,2020-12-09,464,0.0607287449392712,7.0,1,1,1,1.0,1029.98,147.14,0.0021505376344086,1853.964,66.59353448275863,0.4525862068965517,1.0,2410.1532,1.0,0.7866379310344827,810.2213362068965,5.506465517241379,119.86836206896552,1.2712328767123289,0.7866379310344827,66.59353448275863,38109.26,0.0021505376344086,3.98701935483871,37.0,2.0,Long Inactive,Medium Value,Low Frequency
CUST2852,0,60,Male,USA,cancelled,1,2,566.78,566.78,283.39,3.5,3,17.0,17,17,2023-11-30,2023-11-30,2022-05-14,565,0.0504201680672268,2.0,1,1,1,3.0,566.78,283.39,0.0017667844522968,963.526,30.094513274336283,0.1061946902654867,3.0,1156.2312,1.0,0.6460176991150443,366.1499115044248,1.2920353982300885,51.16067256637168,1.547945205479452,0.6460176991150443,30.094513274336283,10202.04,0.0017667844522968,1.7023427561837454,54.0,2.0,Long Inactive,Medium Value,Low Frequency
CUST2853,0,21,Female,Germany,cancelled,1,2,1487.12,1487.12,743.56,4.0,1,28.0,28,28,2025-07-30,2025-07-30,2021-10-16,1383,0.0212314225053078,2.0,1,1,1,1.0,1487.12,743.56,0.0007225433526011,2676.816,32.258568329718,0.0433839479392624,1.0,3479.8608,1.0,0.2639190166305133,392.479248011569,0.5278380332610267,58.065422993492405,3.789041095890411,0.2639190166305133,32.258568329718,43126.48,0.0007225433526011,1.934115606936416,29.0,2.0,At Risk,High Value,Low Frequency
CUST2854,1,61,Male,USA,active,1,8,504.8,504.8,63.1,3.4,1,29.0,29,29,2022-10-13,2022-10-13,2021-01-08,643,0.0445765230312035,8.0,1,1,1,1.0,504.8,63.1,0.0015527950310559,848.064,23.552099533437016,0.3732503888024883,1.0,1000.71552,1.0,0.5676516329704511,286.5505443234837,4.541213063763609,39.56752721617418,1.7616438356164383,0.5676516329704511,23.552099533437016,15144.0,0.0015527950310559,1.3168695652173912,30.0,2.0,Long Inactive,Low Value,Low Frequency
CUST2855,0,28,Male,UK,paused,1,7,1325.3100000000002,1325.3100000000002,189.33,4.2,3,4.0,4,4,2024-07-18,2024-07-18,2022-12-20,576,0.0495049504950495,7.0,1,1,1,3.0,1325.3100000000002,189.33,0.0017331022530329,2438.5704000000005,69.02656250000001,0.3645833333333333,3.0,3267.6843360000007,1.0,0.6336805555555556,839.8231770833335,4.435763888888889,127.00887500000005,1.578082191780822,0.6336805555555556,69.02656250000001,6626.550000000001,0.0017331022530329,4.226291854419412,15.0,2.0,Long Inactive,High Value,Low Frequency
CUST2856,0,65,Other,Germany,active,1,4,1461.2,1461.2,365.3,3.8,0,18.0,18,18,2024-01-09,2024-01-09,2023-02-26,317,0.0864553314121037,4.0,1,1,1,0.0,1461.2,365.3,0.0031446540880503,2571.712,138.2839116719243,0.3785488958990536,0.0,3240.35712,1.0,1.1514195583596214,1682.454258675079,4.605678233438486,243.37968454258677,0.8684931506849315,1.1514195583596214,138.2839116719243,27762.8,0.0031446540880503,8.08714465408805,0.0,2.0,Long Inactive,High Value,Low Frequency
CUST2857,0,61,Female,Canada,active,1,9,404.46,404.46,44.94,4.1,1,7.0,7,7,2023-10-10,2023-10-10,2023-02-23,229,0.1158301158301158,9.0,1,1,1,1.0,404.46,44.94,0.0043478260869565,736.1171999999999,52.98602620087336,1.1790393013100435,1.0,971.6747039999998,1.0,1.593886462882096,644.6633187772926,14.344978165938866,96.4345676855895,0.6273972602739726,1.593886462882096,52.98602620087336,3235.68,0.0043478260869565,3.200509565217391,8.0,2.0,Long Inactive,Low Value,Low Frequency
CUST2858,0,46,Male,USA,active,1,2,1112.84,1112.84,556.42,4.2,1,6.0,6,6,2023-08-29,2023-08-29,2022-12-31,241,0.1107011070110701,2.0,1,1,1,1.0,1112.84,556.42,0.0041322314049586,2047.6256,138.5278008298755,0.2489626556016597,1.0,2743.818304,1.0,1.5145228215767637,1685.4215767634855,3.0290456431535278,254.89115352697092,0.6602739726027397,1.5145228215767637,138.5278008298755,7789.879999999999,0.0041322314049586,8.461262809917354,7.0,2.0,Long Inactive,High Value,Low Frequency
CUST2859,0,63,Male,USA,cancelled,1,6,620.52,620.52,103.42,4.3,2,40.0,40,40,2024-12-18,2024-12-18,2022-05-30,933,0.0311526479750778,6.0,1,1,1,2.0,620.52,103.42,0.0010706638115631,1154.1672,19.9524115755627,0.1929260450160771,2.0,1569.6673919999996,1.0,0.3912111468381565,242.7543408360129,2.347266881028939,37.11148553054662,2.556164383561644,0.3912111468381565,19.9524115755627,25441.32,0.0010706638115631,1.2357250535331905,82.0,2.0,Long Inactive,Medium Value,Low Frequency
CUST2860,0,35,Other,Pakistan,active,1,4,1200.32,1200.32,300.08,4.2,0,25.0,25,25,2024-12-17,2024-12-17,2023-02-17,669,0.0429184549356223,4.0,1,1,1,0.0,1200.32,300.08,0.0014925373134328,2208.5888,53.82600896860986,0.179372197309417,0.0,2959.508992,1.0,0.5455904334828102,654.8831091180867,2.182361733931241,99.03985650224216,1.832876712328767,0.5455904334828102,53.82600896860986,31208.32,0.0014925373134328,3.2964011940298508,0.0,2.0,Long Inactive,High Value,Low Frequency
CUST2861,0,39,Female,USA,active,1,2,235.16,235.16,117.58,4.1,5,4.0,4,4,2024-08-15,2024-08-15,2021-08-04,1107,0.0263852242744063,2.0,1,1,1,5.0,235.16,117.58,0.0009025270758122,427.9912,6.37289972899729,0.05420054200542,5.0,564.9483839999998,1.0,0.3297199638663053,77.53694670280036,0.6594399277326107,11.598677506775068,3.032876712328767,0.3297199638663053,6.37289972899729,1175.8,0.0009025270758122,0.3862736462093862,25.0,2.0,Long Inactive,Low Value,Low Frequency
CUST2862,1,43,Male,UK,active,1,1,1685.5,1685.5,1685.5,3.9,4,8.0,8,8,2021-02-24,2021-02-24,2020-10-18,129,0.1886792452830188,1.0,1,1,1,4.0,1685.5,1685.5,0.0076923076923076,3000.19,391.9767441860465,0.2325581395348837,4.0,3840.2432,1.0,2.8294573643410854,4769.0503875969,2.8294573643410854,697.7186046511629,0.3534246575342465,2.8294573643410854,391.9767441860465,15169.5,0.0076923076923076,23.078384615384618,36.0,2.0,Long Inactive,Very High Value,Low Frequency
CUST2863,1,58,Male,Germany,active,1,5,1656.9,1656.9,331.38,3.3,4,6.0,6,6,2023-01-10,2023-01-10,2021-08-17,511,0.055452865064695,5.0,1,1,1,4.0,1656.9,331.38,0.001953125,2750.454,97.27397260273972,0.2935420743639921,4.0,3190.52664,1.0,0.7142857142857143,1183.5000000000002,3.571428571428572,161.47479452054793,1.4,0.7142857142857143,97.27397260273972,11598.3,0.001953125,5.37198046875,28.0,2.0,Long Inactive,Very High Value,Low Frequency
CUST2864,0,21,Female,USA,paused,1,1,529.98,529.98,529.98,4.3,0,41.0,41,41,2023-04-11,2023-04-11,2020-11-23,869,0.0333704115684093,1.0,1,1,1,0.0,529.98,529.98,0.0011494252873563,985.7628,18.296202531645573,0.0345224395857307,0.0,1340.6374079999998,1.0,0.4200230149597238,222.60379746835443,0.4200230149597238,34.03093670886076,2.3808219178082197,0.4200230149597238,18.296202531645573,22259.16,0.0011494252873563,1.1330606896551725,0.0,2.0,Long Inactive,Low Value,Low Frequency
CUST2865,0,46,Male,Pakistan,cancelled,1,3,1927.23,1927.23,642.41,3.9,5,26.0,26,26,2025-06-13,2025-06-13,2022-07-15,1064,0.0274223034734917,3.0,1,1,1,5.0,1927.23,642.41,0.0009389671361502,3430.4694,54.3391917293233,0.0845864661654135,5.0,4391.000832,1.0,0.3430451127819549,661.1268327067669,1.0291353383458646,96.72376127819548,2.915068493150685,0.3430451127819549,54.3391917293233,52035.21,0.0009389671361502,3.221098028169014,135.0,2.0,At Risk,Very High Value,Low Frequency
CUST2866,0,67,Female,Canada,active,1,9,1068.12,1068.12,118.68,4.3,3,38.0,38,38,2025-07-25,2025-07-25,2022-01-24,1278,0.0229357798165137,9.0,1,1,1,3.0,1068.12,118.68,0.0007818608287724,1986.7032,25.07323943661972,0.2112676056338028,3.0,2701.916352,1.0,0.2856025039123631,305.05774647887324,2.5704225352112675,46.63622535211268,3.5013698630136987,0.2856025039123631,25.07323943661972,41656.68000000001,0.0007818608287724,1.5533254104769352,117.0,2.0,At Risk,High Value,Low Frequency
CUST2867,1,24,Female,Canada,cancelled,1,1,570.81,570.81,570.81,3.6,2,40.0,40,40,2022-09-27,2022-09-27,2022-03-17,194,0.1339285714285714,1.0,1,1,1,2.0,570.81,570.81,0.0051282051282051,981.7931999999998,88.26958762886596,0.1546391752577319,2.0,1197.7877039999998,1.0,1.881443298969072,1073.946649484536,1.881443298969072,151.82369072164946,0.5315068493150685,1.881443298969072,88.26958762886596,23403.21,0.0051282051282051,5.034836923076922,82.0,2.0,Long Inactive,Medium Value,Low Frequency
CUST2868,1,28,Female,Canada,active,1,3,1232.01,1232.01,410.67,3.8,0,42.0,42,42,2022-12-31,2022-12-31,2020-09-11,841,0.0344431687715269,3.0,1,1,1,0.0,1232.01,410.67,0.001187648456057,2168.3376,43.94803804994054,0.1070154577883472,0.0,2732.105376,1.0,0.4340071343638526,534.70112960761,1.3020214030915578,77.34854696789536,2.304109589041096,0.4340071343638526,43.94803804994054,52976.43,0.001187648456057,2.575222802850356,0.0,2.0,Long Inactive,High Value,Low Frequency
CUST2869,0,68,Male,UK,active,1,8,175.2,175.2,21.9,3.9,1,14.0,14,14,2023-05-15,2023-05-15,2021-11-08,553,0.0514579759862778,8.0,1,1,1,1.0,175.2,21.9,0.0018050541516245,311.856,9.504520795660037,0.4339963833634719,1.0,399.17568,1.0,0.6600361663652803,115.6383363471971,5.280289330922242,16.918047016274866,1.515068493150685,0.6600361663652803,9.504520795660037,2628.0,0.0018050541516245,0.5629169675090253,15.0,2.0,Long Inactive,Low Value,Low Frequency
CUST2870,0,26,Female,UK,cancelled,1,8,1919.04,1919.04,239.88,4.6,2,44.0,44,44,2025-06-02,2025-06-02,2023-06-14,719,0.0400534045393858,8.0,1,1,1,2.0,1919.04,239.88,0.0013888888888888,3684.5568,80.07121001390821,0.3337969401947149,2.0,5232.070656,1.0,0.5076495132127955,974.1997218358832,4.061196105702364,153.73672322670376,1.96986301369863,0.5076495132127955,80.07121001390821,86356.8,0.0013888888888888,5.11744,90.0,2.0,Long Inactive,Very High Value,Low Frequency
CUST2871,0,27,Male,Pakistan,cancelled,1,1,1761.57,1761.57,1761.57,3.8,1,16.0,16,16,2025-08-07,2025-08-07,2023-09-05,702,0.040983606557377,1.0,1,1,1,1.0,1761.57,1761.57,0.0014224751066856,3100.3632,75.28076923076924,0.0427350427350427,1.0,3906.457632,1.0,0.51994301994302,915.9160256410256,0.51994301994302,132.49415384615384,1.9232876712328768,0.51994301994302,75.28076923076924,29946.69,0.0014224751066856,4.41018947368421,17.0,2.0,At Risk,Very High Value,Low Frequency
CUST2872,0,48,Male,USA,active,1,1,1081.8,1081.8,1081.8,3.9,5,40.0,40,40,2024-04-22,2024-04-22,2021-01-10,1198,0.02442996742671,1.0,1,1,1,5.0,1081.8,1081.8,0.0008340283569641,1925.604,27.090150250417363,0.025041736227045,5.0,2464.7731200000003,1.0,0.3046744574290484,329.5968280467446,0.3046744574290484,48.22046744574291,3.282191780821918,0.3046744574290484,27.090150250417363,44353.8,0.0008340283569641,1.6060083402835696,205.0,2.0,Long Inactive,High Value,Low Frequency
CUST2873,0,37,Male,Germany,active,1,5,762.45,762.45,152.49,4.1,3,42.0,42,42,2023-06-12,2023-06-12,2022-03-07,462,0.0609756097560975,5.0,1,1,1,3.0,762.45,152.49,0.0021598272138228,1387.659,49.50974025974026,0.3246753246753247,3.0,1831.70988,1.0,0.7900432900432901,602.3685064935066,3.9502164502164505,90.10772727272726,1.2657534246575342,0.7900432900432901,49.50974025974026,32785.35,0.0021598272138228,2.997103671706264,129.0,2.0,Long Inactive,Medium Value,Low Frequency
CUST2874,0,50,Male,India,cancelled,1,1,1955.81,1955.81,1955.81,3.6,0,30.0,30,30,2025-02-16,2025-02-16,2021-05-21,1367,0.0214745884037222,1.0,1,1,1,0.0,1955.81,1955.81,0.0007309941520467,3363.9932,42.92194586686173,0.021945866861741,0.0,4104.071704,1.0,0.2670080468178493,522.2170080468178,0.2670080468178493,73.82574689100218,3.745205479452055,0.2670080468178493,42.92194586686173,60630.11,0.0007309941520467,2.459059356725146,0.0,2.0,Long Inactive,Very High Value,Low Frequency
CUST2875,1,44,Male,Canada,active,1,7,647.5,647.5,92.5,4.4,2,11.0,11,11,2020-09-11,2020-09-11,2020-09-13,0,1.0,7.0,1,1,1,2.0,647.5,92.5,1.0,1217.3000000000002,6475.0,70.0,2.0,1679.8740000000005,1.0,365.0,236337.5,2555.0,12173.000000000002,0.0,365.0,6475.0,7770.0,1.0,1217.3000000000002,24.0,2.0,Long Inactive,Medium Value,Low Frequency
CUST2876,1,41,Female,Canada,paused,1,3,621.03,621.03,207.01,4.3,1,17.0,17,17,2021-12-25,2021-12-25,2021-06-18,190,0.1363636363636363,3.0,1,1,1,1.0,621.03,207.01,0.0052356020942408,1155.1157999999998,98.05736842105264,0.4736842105263158,1.0,1570.9574879999996,1.0,1.921052631578948,1193.0313157894736,5.7631578947368425,182.38670526315784,0.5205479452054794,1.921052631578948,98.05736842105264,11178.54,0.0052356020942408,6.04772670157068,18.0,2.0,Long Inactive,Medium Value,Low Frequency
CUST2877,0,66,Other,Germany,paused,1,8,409.68,409.68,51.21,4.7,2,48.0,48,48,2023-02-19,2023-02-19,2022-02-27,357,0.0775193798449612,8.0,1,1,1,2.0,409.68,51.21,0.0027932960893854,794.7792,34.42689075630252,0.6722689075630252,2.0,1144.4820479999998,1.0,1.022408963585434,418.8605042016807,8.179271708683473,66.78816806722688,0.978082191780822,1.022408963585434,34.42689075630252,20074.32,0.0027932960893854,2.220053631284916,98.0,2.0,Long Inactive,Low Value,Low Frequency
CUST2878,0,30,Male,UK,active,1,1,1358.08,1358.08,1358.08,4.3,5,46.0,46,46,2024-01-20,2024-01-20,2022-01-20,730,0.0394736842105263,1.0,1,1,1,5.0,1358.08,1358.08,0.0013679890560875,2526.0288,55.811506849315066,0.0410958904109589,5.0,3435.399167999999,1.0,0.5,679.04,0.5,103.809402739726,2.0,0.5,55.811506849315066,63829.76,0.0013679890560875,3.455579753761969,235.0,2.0,Long Inactive,High Value,Low Frequency
CUST2879,1,46,Female,Pakistan,active,1,2,840.7,840.7,420.35,3.9,1,21.0,21,21,2022-03-20,2022-03-20,2021-03-16,369,0.075187969924812,2.0,1,1,1,1.0,840.7,420.35,0.0027027027027027,1496.446,68.34959349593495,0.1626016260162601,1.0,1915.4508800000003,1.0,0.989159891598916,831.5867208672088,1.978319783197832,121.66227642276424,1.010958904109589,0.989159891598916,68.34959349593495,18495.4,0.0027027027027027,4.0444486486486495,22.0,2.0,Long Inactive,Medium Value,Low Frequency
CUST2880,0,51,Male,India,cancelled,1,3,1255.59,1255.59,418.53,3.9,1,43.0,43,43,2024-11-06,2024-11-06,2022-05-26,895,0.0324324324324324,3.0,1,1,1,1.0,1255.59,418.53,0.0011160714285714,2234.9502,42.0868156424581,0.1005586592178771,1.0,2860.736256,1.0,0.4078212290502793,512.0562569832401,1.223463687150838,74.91453184357542,2.452054794520548,0.4078212290502793,42.0868156424581,55245.96,0.0011160714285714,2.4943640624999994,44.0,2.0,Long Inactive,High Value,Low Frequency
CUST2881,0,53,Male,UK,active,1,6,1152.96,1152.96,192.16,3.7,3,22.0,22,22,2023-08-09,2023-08-09,2021-11-01,646,0.044378698224852,6.0,1,1,1,3.0,1152.96,192.16,0.0015455950540958,2006.1504,53.54303405572755,0.2786377708978328,3.0,2487.626496,1.0,0.565015479876161,651.4402476780185,3.390092879256966,93.16487925696592,1.7698630136986302,0.565015479876161,53.54303405572755,26518.08,0.0015455950540958,3.1006961360123646,69.0,2.0,Long Inactive,High Value,Low Frequency
CUST2882,0,54,Female,USA,cancelled,1,3,1231.29,1231.29,410.43,3.5,4,42.0,42,42,2023-03-26,2023-03-26,2021-09-09,563,0.0505902192242833,3.0,1,1,1,4.0,1231.29,410.43,0.00177304964539,2093.193,65.61047957371225,0.1598579040852575,4.0,2511.8315999999995,1.0,0.6483126110124334,798.2608348134991,1.9449378330373,111.53781527531083,1.5424657534246575,0.6483126110124334,65.61047957371225,52945.47,0.00177304964539,3.711335106382978,172.0,2.0,Long Inactive,High Value,Low Frequency
CUST2883,0,58,Male,Canada,active,1,6,1023.96,1023.96,170.66,4.0,2,46.0,46,46,2024-03-16,2024-03-16,2022-09-25,538,0.0528169014084507,6.0,1,1,1,2.0,1023.96,170.66,0.0018552875695732,1843.128,57.09814126394052,0.3345724907063197,2.0,2396.0664,1.0,0.6784386617100372,694.6940520446097,4.070631970260223,102.77665427509294,1.473972602739726,0.6784386617100372,57.09814126394052,48126.12,0.0018552875695732,3.419532467532468,94.0,2.0,Long Inactive,Medium Value,Low Frequency
CUST2884,0,48,Male,USA,paused,1,8,261.36,261.36,32.67,4.1,0,9.0,9,9,2024-04-17,2024-04-17,2023-04-13,370,0.075,8.0,1,1,1,0.0,261.36,32.67,0.0026954177897574,475.6752,21.19135135135135,0.6486486486486486,0.0,627.8912639999999,1.0,0.9864864864864864,257.8281081081081,7.891891891891891,38.568259459459455,1.0136986301369864,0.9864864864864864,21.19135135135135,2613.6000000000004,0.0026954177897574,1.282143396226415,0.0,2.0,Long Inactive,Low Value,Low Frequency
CUST2885,0,59,Female,Germany,active,1,1,1453.08,1453.08,1453.08,3.9,0,34.0,34,34,2024-03-21,2024-03-21,2022-09-16,552,0.0515463917525773,1.0,1,1,1,0.0,1453.08,1453.08,0.0018083182640144,2586.4824,78.97173913043478,0.0543478260869565,0.0,3310.697472,1.0,0.6612318840579711,960.8228260869564,0.6612318840579711,140.56969565217392,1.5123287671232877,0.6612318840579711,78.97173913043478,50857.8,0.0018083182640144,4.677183363471971,0.0,2.0,Long Inactive,High Value,Low Frequency
CUST2886,0,69,Female,Germany,active,1,9,939.51,939.51,104.39,4.4,0,19.0,19,19,2024-11-07,2024-11-07,2022-01-20,1022,0.0285171102661596,9.0,1,1,1,0.0,939.51,104.39,0.0009775171065493,1766.2788,27.578571428571426,0.2641878669275929,0.0,2437.4647440000003,1.0,0.3571428571428571,335.5392857142857,3.2142857142857144,51.84771428571428,2.8,0.3571428571428571,27.578571428571426,18790.2,0.0009775171065493,1.726567741935484,0.0,2.0,Long Inactive,Medium Value,Low Frequency
CUST2887,0,25,Female,India,cancelled,1,1,935.95,935.95,935.95,4.3,0,11.0,11,11,2024-10-24,2024-10-24,2022-08-14,802,0.0360576923076923,1.0,1,1,1,0.0,935.95,935.95,0.0012453300124533,1740.867,35.010598503740646,0.0374064837905236,0.0,2367.57912,1.0,0.4551122194513715,425.9622817955112,0.4551122194513715,65.1197132169576,2.197260273972603,0.4551122194513715,35.010598503740646,11231.4,0.0012453300124533,2.1679539227895392,0.0,2.0,Long Inactive,Medium Value,Low Frequency
CUST2888,0,28,Male,India,cancelled,1,6,38.58,38.58,6.43,4.5,4,43.0,43,43,2023-03-20,2023-03-20,2020-08-30,932,0.0311850311850311,6.0,1,1,1,4.0,38.58,6.43,0.0010718113612004,73.30199999999999,1.2418454935622316,0.1931330472103004,4.0,102.62279999999998,1.0,0.3916309012875536,15.109120171673815,2.3497854077253217,2.35950643776824,2.5534246575342467,0.3916309012875536,1.2418454935622316,1697.52,0.0010718113612004,0.0785659163987138,176.0,2.0,Long Inactive,Low Value,Low Frequency
CUST2889,0,31,Male,India,paused,1,2,669.0,669.0,334.5,4.0,4,15.0,15,15,2023-12-12,2023-12-12,2021-03-28,989,0.029440628066732,2.0,1,1,1,4.0,669.0,334.5,0.001010101010101,1204.2,20.293225480283112,0.0606673407482305,4.0,1565.46,1.0,0.3690596562184024,246.9009100101112,0.7381193124368048,36.5278058645096,2.7095890410958905,0.3690596562184024,20.293225480283112,10704.0,0.001010101010101,1.2163636363636363,64.0,2.0,Long Inactive,Medium Value,Low Frequency
CUST2890,1,51,Female,UK,active,1,7,505.12,505.12,72.16,3.9,2,4.0,4,4,2021-04-08,2021-04-08,2021-06-23,0,1.0,7.0,1,1,1,2.0,505.12,72.16,1.0,899.1136,5051.2,70.0,2.0,1150.865408,1.0,365.0,184368.8,2555.0,8991.136,0.0,365.0,5051.2,2525.6,1.0,899.1136,10.0,2.0,Long Inactive,Low Value,Low Frequency
CUST2891,0,22,Female,India,cancelled,1,5,990.35,990.35,198.07,4.2,1,36.0,36,36,2024-09-22,2024-09-22,2022-04-30,876,0.0331125827814569,5.0,1,1,1,1.0,990.35,198.07,0.0011402508551881,1822.244,33.91609589041096,0.1712328767123287,1.0,2441.80696,1.0,0.4166666666666667,412.6458333333333,2.083333333333333,62.40561643835616,2.4,0.4166666666666667,33.91609589041096,36642.95,0.0011402508551881,2.0778152793614595,37.0,2.0,Long Inactive,Medium Value,Low Frequency
CUST2892,0,34,Male,USA,active,1,1,1180.59,1180.59,1180.59,4.1,1,22.0,22,22,2023-11-04,2023-11-04,2022-02-19,623,0.0459418070444104,1.0,1,1,1,1.0,1180.59,1180.59,0.0016025641025641,2148.6738,56.85024077046549,0.0481540930979133,1.0,2836.249415999999,1.0,0.5858747993579454,691.6779293739968,0.5858747993579454,103.46743820224718,1.7068493150684931,0.5858747993579454,56.85024077046549,27153.57,0.0016025641025641,3.443387499999999,23.0,2.0,Long Inactive,High Value,Low Frequency
CUST2893,0,24,Female,India,active,1,5,418.45,418.45,83.69,3.7,3,7.0,7,7,2024-11-14,2024-11-14,2021-05-07,1287,0.0227790432801822,5.0,1,1,1,3.0,418.45,83.69,0.0007763975155279,728.103,9.754079254079254,0.1165501165501165,3.0,902.84772,1.0,0.2836052836052836,118.67463092463092,1.418026418026418,16.9720979020979,3.526027397260274,0.2836052836052836,9.754079254079254,3347.6,0.0007763975155279,0.5652973602484471,24.0,2.0,Long Inactive,Low Value,Low Frequency
CUST2894,0,24,Male,USA,active,1,7,1596.84,1596.84,228.12,4.1,5,25.0,25,25,2024-05-15,2024-05-15,2023-01-08,493,0.0573613766730401,7.0,1,1,1,5.0,1596.84,228.12000000000003,0.0020242914979757,2906.2488,97.17079107505072,0.4259634888438133,5.0,3836.248416,1.0,0.7403651115618662,1182.2446247464504,5.182555780933063,176.85083975659228,1.3506849315068492,0.7403651115618662,97.17079107505072,41517.84,0.0020242914979757,5.883094736842105,130.0,2.0,Long Inactive,Very High Value,Low Frequency
CUST2895,1,53,Female,Germany,active,1,5,1423.45,1423.45,284.69,4.2,4,13.0,13,13,2022-11-02,2022-11-02,2020-08-28,796,0.036319612590799,5.0,1,1,1,4.0,1423.45,284.69,0.001254705144291,2619.148,53.64761306532663,0.1884422110552763,4.0,3509.6583200000005,1.0,0.4585427135678392,652.7126256281407,2.292713567839196,98.711608040201,2.180821917808219,0.4585427135678392,53.64761306532663,19928.3,0.001254705144291,3.286258469259724,56.0,2.0,Long Inactive,High Value,Low Frequency
CUST2896,0,67,Male,India,paused,1,5,51.7,51.7,10.34,4.3,1,10.0,10,10,2024-07-09,2024-07-09,2021-05-08,1158,0.0252525252525252,5.0,1,1,1,1.0,51.7,10.34,0.0008628127696289,96.162,1.339378238341969,0.1295336787564766,1.0,130.78032,1.0,0.3151986183074265,16.295768566493955,1.575993091537133,2.491243523316062,3.1726027397260275,0.3151986183074265,1.339378238341969,568.7,0.0008628127696289,0.0829698015530629,11.0,2.0,Long Inactive,Low Value,Low Frequency
CUST2897,0,57,Female,Canada,active,1,6,1312.32,1312.32,218.72,3.6,5,37.0,37,37,2023-10-11,2023-10-11,2022-04-02,557,0.0511073253833049,6.0,1,1,1,5.0,1312.32,218.72,0.0017921146953405,2257.1904,70.68150807899461,0.3231597845601436,5.0,2753.772288,1.0,0.6552962298025135,859.9583482944344,3.931777378815081,121.57219389587074,1.526027397260274,0.6552962298025135,70.68150807899461,49868.16,0.0017921146953405,4.045144086021505,190.0,2.0,Long Inactive,High Value,Low Frequency
CUST2898,0,32,Female,Pakistan,cancelled,1,6,1270.08,1270.08,211.68,4.1,5,25.0,25,25,2023-04-22,2023-04-22,2020-05-12,1075,0.0271493212669683,6.0,1,1,1,5.0,1270.08,211.68,0.0009293680297397,2311.5455999999995,35.44409302325581,0.1674418604651162,5.0,3051.240191999999,1.0,0.3395348837209302,431.2364651162791,2.0372093023255817,64.50824930232557,2.9452054794520546,0.3395348837209302,35.44409302325581,33022.08,0.0009293680297397,2.14827657992565,130.0,2.0,Long Inactive,High Value,Low Frequency
CUST2899,0,45,Male,Pakistan,active,1,7,720.44,720.44,102.92,4.5,1,2.0,2,2,2024-01-04,2024-01-04,2023-03-16,294,0.0925925925925925,7.0,1,1,1,1.0,720.44,102.92,0.0033898305084745,1368.836,73.51428571428572,0.7142857142857142,1.0,1916.3704,1.0,1.2414965986394555,894.4238095238096,8.69047619047619,139.67714285714283,0.8054794520547945,1.2414965986394555,73.51428571428572,2161.32,0.0033898305084745,4.640122033898305,3.0,2.0,Long Inactive,Medium Value,Low Frequency
CUST2900,0,52,Female,Pakistan,active,1,6,1666.98,1666.98,277.83,4.2,5,41.0,41,41,2023-06-06,2023-06-06,2021-10-25,589,0.048465266558966,6.0,1,1,1,5.0,1666.98,277.83,0.0016949152542372,3067.2432000000003,84.9056027164686,0.3056027164685908,5.0,4110.105888000001,1.0,0.6196943972835315,1033.018166383701,3.7181663837011887,156.22630899830222,1.6136986301369862,0.6196943972835315,84.9056027164686,70013.16,0.0016949152542372,5.198717288135594,210.0,2.0,Long Inactive,Very High Value,Low Frequency
CUST2901,1,51,Male,Canada,active,1,6,1346.76,1346.76,224.46,4.3,2,30.0,30,30,2022-02-22,2022-02-22,2021-02-26,361,0.0767263427109974,6.0,1,1,1,2.0,1346.76,224.46,0.0027624309392265,2504.9736,111.9191135734072,0.4986149584487535,2.0,3406.7640959999994,1.0,1.0110803324099722,1361.6825484764545,6.066481994459833,208.1695512465374,0.989041095890411,1.0110803324099722,111.9191135734072,41749.56,0.0027624309392265,6.919816574585634,62.0,2.0,Long Inactive,High Value,Low Frequency
CUST2902,1,21,Male,UK,active,1,3,832.89,832.89,277.63,4.0,4,16.0,16,16,2022-04-25,2022-04-25,2021-03-21,400,0.0697674418604651,3.0,1,1,1,4.0,832.89,277.63,0.0024937655860349,1499.202,62.46675,0.2249999999999999,4.0,1948.9626,1.0,0.9125,760.0121250000001,2.7375000000000003,112.44015,1.095890410958904,0.9125,62.46675,14159.13,0.0024937655860349,3.738658354114713,68.0,2.0,Long Inactive,Medium Value,Low Frequency
CUST2903,1,28,Female,UK,active,1,4,1401.44,1401.44,350.36,4.2,4,22.0,22,22,2022-10-22,2022-10-22,2021-09-15,402,0.0694444444444444,4.0,1,1,1,4.0,1401.44,350.36,0.0024813895781637,2578.6496,104.58507462686568,0.2985074626865671,4.0,3455.3904640000005,1.0,0.9079601990049752,1272.4517412935325,3.6318407960199006,192.43653731343284,1.1013698630136983,0.9079601990049752,104.58507462686568,32233.120000000003,0.0024813895781637,6.398634243176179,92.0,2.0,Long Inactive,High Value,Low Frequency
CUST2904,0,26,Female,UK,paused,1,5,1068.4,1068.4,213.68,4.2,2,35.0,35,35,2024-09-06,2024-09-06,2022-10-18,689,0.0417246175243393,5.0,1,1,1,2.0,1068.4,213.68,0.0014492753623188,1965.856,46.519593613933246,0.2177068214804064,2.0,2634.2470400000007,1.0,0.5297532656023223,565.9883889695211,2.6487663280116114,85.59605224963717,1.887671232876712,0.5297532656023223,46.519593613933246,38462.4,0.0014492753623188,2.849066666666667,72.0,2.0,Long Inactive,High Value,Low Frequency
CUST2905,1,59,Female,Pakistan,active,1,8,288.72,288.72,36.09,4.5,4,27.0,27,27,2023-01-26,2023-01-26,2022-08-13,166,0.1530612244897959,8.0,1,1,1,4.0,288.72,36.09,0.0059880239520958,548.568,52.17831325301206,1.4457831325301205,4.0,767.9952,1.0,2.198795180722892,634.8361445783133,17.59036144578313,99.1387951807229,0.4547945205479452,2.198795180722892,52.17831325301206,8084.160000000001,0.0059880239520958,3.2848383233532936,112.0,2.0,Long Inactive,Low Value,Low Frequency
CUST2906,1,18,Male,India,cancelled,1,6,1607.34,1607.34,267.89,3.8,3,2.0,2,2,2022-09-08,2022-09-08,2022-11-03,0,1.0,6.0,1,1,1,3.0,1607.34,267.89,1.0,2828.9184,16073.399999999998,60.0,3.0,3564.437184,1.0,365.0,586679.1,2190.0,28289.184,0.0,365.0,16073.399999999998,4822.02,1.0,2828.9184,9.0,2.0,Long Inactive,Very High Value,Low Frequency
CUST2907,0,40,Male,Germany,active,1,2,1511.28,1511.28,755.64,4.4,5,38.0,38,38,2025-01-21,2025-01-21,2023-04-27,635,0.0451127819548872,2.0,1,1,1,5.0,1511.28,755.64,0.0015723270440251,2841.2064,71.39905511811023,0.0944881889763779,5.0,3920.864832,1.0,0.5748031496062992,868.6885039370078,1.1496062992125984,134.23022362204725,1.7397260273972603,0.5748031496062992,71.39905511811023,58939.92,0.0015723270440251,4.467305660377359,195.0,2.0,Long Inactive,Very High Value,Low Frequency
CUST2908,1,25,Male,India,cancelled,1,1,1725.32,1725.32,1725.32,4.1,5,5.0,5,5,2021-08-31,2021-08-31,2020-12-10,264,0.1020408163265306,1.0,1,1,1,5.0,1725.32,1725.32,0.0037735849056603,3140.0824,196.05909090909088,0.1136363636363636,5.0,4144.908767999999,1.0,1.3825757575757576,2385.385606060606,1.3825757575757576,356.8275454545454,0.7232876712328767,1.3825757575757576,196.05909090909088,10351.92,0.0037735849056603,11.84936754716981,30.0,2.0,Long Inactive,Very High Value,Low Frequency
CUST2909,0,29,Male,USA,active,1,7,609.6999999999999,609.6999999999999,87.1,4.2,5,45.0,45,45,2024-10-10,2024-10-10,2021-06-24,1204,0.0243111831442463,7.0,1,1,1,5.0,609.6999999999999,87.1,0.0008298755186721,1121.848,15.191860465116278,0.1744186046511628,5.0,1503.27632,1.0,0.3031561461794019,184.83430232558135,2.1220930232558137,27.953023255813957,3.2986301369863016,0.3031561461794019,15.191860465116278,28046.2,0.0008298755186721,0.9309941908713693,230.0,2.0,Long Inactive,Medium Value,Low Frequency
CUST2910,0,63,Male,USA,active,1,6,627.54,627.54,104.59,4.3,1,22.0,22,22,2024-06-20,2024-06-20,2021-01-29,1238,0.0236593059936908,6.0,1,1,1,1.0,627.54,104.59,0.0008071025020177,1167.2243999999998,15.206946688206784,0.1453957996768982,1.0,1587.4251839999995,1.0,0.2948303715670436,185.0178513731825,1.7689822294022617,28.28492084006462,3.3917808219178083,0.2948303715670436,15.206946688206784,14433.419999999998,0.0008071025020177,0.9420697336561742,23.0,2.0,Long Inactive,Medium Value,Low Frequency
CUST2911,0,44,Female,UK,cancelled,1,2,158.56,158.56,79.28,4.1,1,9.0,9,9,2023-11-30,2023-11-30,2021-09-05,816,0.0354609929078014,2.0,1,1,1,1.0,158.56,79.28,0.0012239902080783,288.5792,5.829411764705883,0.0735294117647058,1.0,380.9245439999999,1.0,0.4473039215686274,70.92450980392157,0.8946078431372548,10.609529411764704,2.2356164383561645,0.4473039215686274,5.829411764705883,1585.6,0.0012239902080783,0.3532181150550795,10.0,2.0,Long Inactive,Low Value,Low Frequency
CUST2912,0,48,Male,Pakistan,active,1,6,1183.32,1183.32,197.22,4.2,0,9.0,9,9,2024-09-26,2024-09-26,2023-11-01,330,0.0833333333333333,6.0,1,1,1,0.0,1183.32,197.22,0.0030211480362537,2177.3088,107.57454545454544,0.5454545454545454,0.0,2917.593792,1.0,1.1060606060606062,1308.8236363636363,6.636363636363637,197.9371636363636,0.9041095890410958,1.1060606060606062,107.57454545454544,11833.2,0.0030211480362537,6.577972205438066,0.0,2.0,Long Inactive,High Value,Low Frequency
CUST2913,1,45,Male,Pakistan,paused,1,1,343.73,343.73,343.73,4.1,4,23.0,23,23,2022-06-06,2022-06-06,2021-04-02,430,0.0652173913043478,1.0,1,1,1,4.0,343.73,343.73,0.0023201856148491,625.5885999999999,23.981162790697677,0.0697674418604651,4.0,825.7769519999998,1.0,0.8488372093023255,291.7708139534884,0.8488372093023255,43.64571627906976,1.178082191780822,0.8488372093023255,23.981162790697677,8249.52,0.0023201856148491,1.4514816705336424,96.0,2.0,Long Inactive,Low Value,Low Frequency
CUST2914,0,67,Female,India,active,1,6,1101.72,1101.72,183.62,3.9,3,37.0,37,37,2023-10-14,2023-10-14,2023-05-21,146,0.1704545454545454,6.0,1,1,1,3.0,1101.72,183.62,0.0068027210884353,1961.0616,226.38082191780825,1.2328767123287672,3.0,2510.158848,1.0,2.5,2754.3,15.0,402.9578630136986,0.4,2.5,226.38082191780825,41865.36,0.0068027210884353,13.340555102040817,114.0,2.0,Long Inactive,High Value,Low Frequency
CUST2915,0,25,Other,Canada,active,1,7,1863.82,1863.82,266.26,3.9,5,15.0,15,15,2025-09-01,2025-09-01,2020-11-26,1740,0.0169491525423728,7.0,1,1,1,5.0,1863.82,266.26,0.0005743825387708,3317.5996,32.134827586206896,0.1206896551724138,5.0,4246.527488,1.0,0.2097701149425287,390.9737356321839,1.468390804597701,57.19999310344828,4.767123287671233,0.2097701149425287,32.134827586206896,29821.12,0.0005743825387708,1.9055712808730616,80.0,2.0,At Risk,Very High Value,Low Frequency
CUST2916,0,39,Male,Germany,active,1,6,1386.48,1386.48,231.08,3.8,3,4.0,4,4,2025-04-26,2025-04-26,2020-04-09,1843,0.0160170848905499,6.0,1,1,1,3.0,1386.48,231.08,0.0005422993492407,2440.2048,22.568855127509497,0.0976668475311991,3.0,3074.658048,1.0,0.198046663049376,274.58773738469887,1.188279978296256,39.72118502441671,5.049315068493151,0.198046663049376,22.568855127509497,6932.4,0.0005422993492407,1.32332147505423,15.0,2.0,Long Inactive,High Value,Low Frequency
CUST2917,1,42,Male,Pakistan,active,1,7,1827.21,1827.21,261.03,4.6,2,15.0,15,15,2022-11-20,2022-11-20,2021-12-08,347,0.0795755968169761,7.0,1,1,1,2.0,1827.21,261.03,0.0028735632183908,3508.2431999999994,157.97204610951007,0.6051873198847262,2.0,4981.705343999999,1.0,1.0518731988472625,1921.993227665706,7.363112391930835,303.3063285302593,0.9506849315068492,1.0518731988472625,157.97204610951007,29235.36,0.0028735632183908,10.081158620689653,32.0,2.0,Long Inactive,Very High Value,Low Frequency
CUST2918,0,49,Male,India,active,1,4,881.4,881.4,220.35,3.6,2,25.0,25,25,2023-11-17,2023-11-17,2020-09-24,1149,0.0254452926208651,4.0,1,1,1,2.0,881.4,220.35,0.0008695652173913,1516.008,23.013054830287206,0.1044386422976501,2.0,1849.52976,1.0,0.3176675369886858,279.99216710182765,1.270670147954743,39.582454308094,3.147945205479452,0.3176675369886858,23.013054830287206,22916.4,0.0008695652173913,1.3182678260869567,52.0,2.0,Long Inactive,Medium Value,Low Frequency
CUST2919,1,22,Female,Canada,paused,1,7,619.43,619.43,88.49,4.1,2,34.0,34,34,2021-07-22,2021-07-22,2021-06-04,48,0.3846153846153846,7.0,1,1,1,2.0,619.43,88.49,0.0204081632653061,1127.3625999999997,387.14375,4.375,2.0,1488.1186319999997,1.0,7.604166666666668,4710.248958333334,53.22916666666667,704.6016249999998,0.1315068493150684,7.604166666666668,387.14375,21680.05,0.0204081632653061,23.007399999999997,70.0,2.0,Long Inactive,Medium Value,Low Frequency
CUST2920,1,64,Female,Pakistan,cancelled,1,7,1606.92,1606.92,229.56,4.2,4,9.0,9,9,2022-01-28,2022-01-28,2021-12-14,45,0.4,7.0,1,1,1,4.0,1606.92,229.56,0.0217391304347826,2956.7328,1071.28,4.666666666666667,4.0,3962.021952000001,1.0,8.11111111111111,13033.906666666668,56.77777777777778,1971.1552,0.1232876712328767,8.11111111111111,1071.28,16069.2,0.0217391304347826,64.27680000000001,40.0,2.0,Long Inactive,Very High Value,Low Frequency
CUST2921,0,64,Female,Pakistan,active,1,6,230.52,230.52,38.42,4.3,3,34.0,34,34,2025-12-04,2025-12-04,2022-11-25,1105,0.026431718061674,6.0,1,1,1,3.0,230.52,38.42,0.0009041591320072,428.7672,6.258461538461538,0.1628959276018099,3.0,583.123392,1.0,0.3303167420814479,76.14461538461539,1.981900452488688,11.64073846153846,3.0273972602739727,0.3303167420814479,6.258461538461538,8068.200000000001,0.0009041591320072,0.3876737793851718,105.0,2.0,Very Recent,Low Value,Low Frequency
CUST2922,0,51,Male,Pakistan,cancelled,1,6,211.08,211.08,35.18,3.9,1,26.0,26,26,2025-09-02,2025-09-02,2023-05-24,832,0.0348027842227378,6.0,1,1,1,1.0,211.08,35.18,0.0012004801920768,375.7224,7.611057692307692,0.2163461538461538,1.0,480.924672,1.0,0.4387019230769231,92.60120192307691,2.6322115384615383,13.547682692307692,2.2794520547945205,0.4387019230769231,7.611057692307692,5699.16,0.0012004801920768,0.4510472989195678,27.0,2.0,At Risk,Low Value,Low Frequency
CUST2923,1,44,Female,Germany,active,1,1,96.43,96.43,96.43,3.9,0,8.0,8,8,2021-11-28,2021-11-28,2021-05-20,192,0.1351351351351351,1.0,1,1,1,0.0,96.43,96.43,0.005181347150259,171.64540000000002,15.0671875,0.15625,0.0,219.70611200000005,1.0,1.901041666666667,183.3174479166667,1.901041666666667,26.819593750000003,0.5260273972602739,1.901041666666667,15.0671875,867.8700000000001,0.005181347150259,0.8893544041450778,0.0,2.0,Long Inactive,Low Value,Low Frequency
CUST2924,0,53,Male,USA,active,1,9,1786.68,1786.68,198.52,4.0,0,44.0,44,44,2025-02-21,2025-02-21,2021-03-11,1443,0.020366598778004,9.0,1,1,1,0.0,1786.68,198.52,0.0006925207756232,3216.0240000000003,37.14511434511434,0.1871101871101871,0.0,4180.8312000000005,1.0,0.2529452529452529,451.93222453222455,2.276507276507276,66.86120582120583,3.953424657534247,0.2529452529452529,37.14511434511434,80400.6,0.0006925207756232,2.227163434903048,0.0,2.0,Long Inactive,Very High Value,Low Frequency
CUST2925,1,33,Female,Pakistan,paused,1,3,1271.6999999999998,1271.6999999999998,423.9,4.4,4,47.0,47,47,2021-10-28,2021-10-28,2020-12-26,306,0.0892857142857142,3.0,1,1,1,4.0,1271.6999999999998,423.8999999999999,0.003257328990228,2390.796,124.67647058823528,0.2941176470588235,4.0,3299.29848,1.0,1.19281045751634,1516.8970588235293,3.57843137254902,234.39176470588237,0.8383561643835616,1.19281045751634,124.67647058823528,61041.59999999999,0.003257328990228,7.787609120521172,192.0,2.0,Long Inactive,High Value,Low Frequency
CUST2926,0,27,Female,Canada,active,1,4,728.64,728.64,182.16,4.2,2,48.0,48,48,2024-07-24,2024-07-24,2023-06-03,417,0.0671140939597315,4.0,1,1,1,2.0,728.64,182.16,0.0023923444976076,1340.6976,52.42014388489208,0.2877697841726618,2.0,1796.5347840000002,1.0,0.8752997601918464,637.778417266187,3.5011990407673856,96.45306474820144,1.1424657534246576,0.8752997601918464,52.42014388489208,35703.36,0.0023923444976076,3.207410526315789,98.0,2.0,Long Inactive,Medium Value,Low Frequency
CUST2927,1,30,Female,USA,cancelled,1,1,978.85,978.85,978.85,4.5,2,44.0,44,44,2022-06-29,2022-06-29,2022-12-05,0,1.0,1.0,1,1,1,2.0,978.85,978.85,1.0,1859.815,9788.5,10.0,2.0,2603.741,1.0,365.0,357280.25,365.0,18598.15,0.0,365.0,9788.5,44048.25,1.0,1859.815,90.0,2.0,Long Inactive,Medium Value,Low Frequency
CUST2928,1,27,Female,Germany,cancelled,1,2,1314.12,1314.12,657.06,4.1,1,31.0,31,31,2022-05-14,2022-05-14,2022-04-25,19,0.6122448979591837,2.0,1,1,1,1.0,1314.12,657.06,0.05,2391.6984,2074.9263157894734,3.1578947368421053,1.0,3157.0418879999997,1.0,19.210526315789476,25244.93684210526,38.42105263157895,3776.3658947368417,0.0520547945205479,19.210526315789476,2074.9263157894734,42051.84,0.05,119.58492,32.0,2.0,Long Inactive,High Value,Low Frequency
CUST2929,0,18,Female,USA,active,1,8,54.24,54.24,6.78,4.1,5,41.0,41,41,2023-09-14,2023-09-14,2020-11-30,1018,0.0286259541984732,8.0,1,1,1,5.0,54.24,6.78,0.000981354268891,98.7168,1.5984282907662084,0.2357563850687623,5.0,130.30617599999997,1.0,0.3585461689587426,19.4475442043222,2.868369351669941,2.9091394891944997,2.789041095890411,0.3585461689587426,1.5984282907662084,2278.08,0.000981354268891,0.0968761530912659,210.0,2.0,Long Inactive,Low Value,Low Frequency
CUST2930,0,21,Male,India,cancelled,1,2,579.6,579.6,289.8,4.2,0,48.0,48,48,2023-10-24,2023-10-24,2021-01-21,1006,0.0289575289575289,2.0,1,1,1,0.0,579.6,289.8,0.0009930486593843,1066.4640000000002,17.284294234592448,0.0596421471172962,0.0,1429.0617600000005,1.0,0.3628230616302187,210.2922465208748,0.7256461232604374,31.803101391650102,2.756164383561644,0.3628230616302187,17.284294234592448,28400.4,0.0009930486593843,1.0590506454816286,0.0,2.0,Long Inactive,Medium Value,Low Frequency
CUST2931,1,19,Female,USA,cancelled,1,8,173.76,173.76,21.72,4.2,0,12.0,12,12,2023-01-26,2023-01-26,2022-02-06,354,0.078125,8.0,1,1,1,0.0,173.76,21.72,0.0028169014084507,319.7184,14.725423728813558,0.6779661016949152,0.0,428.422656,1.0,1.0310734463276836,179.1593220338983,8.248587570621469,27.094779661016947,0.96986301369863,1.0310734463276836,14.725423728813558,2258.88,0.0028169014084507,0.9006152112676056,0.0,2.0,Long Inactive,Low Value,Low Frequency
CUST2932,1,49,Female,UK,cancelled,1,1,780.1,780.1,780.1,4.0,1,32.0,32,32,2022-10-21,2022-10-21,2021-07-06,472,0.0597609561752988,1.0,1,1,1,1.0,780.1,780.1,0.0021141649048625,1404.18,49.58262711864407,0.0635593220338983,1.0,1825.434,1.0,0.7733050847457626,603.2552966101695,0.7733050847457626,89.24872881355932,1.2931506849315069,0.7733050847457626,49.58262711864407,25743.3,0.0021141649048625,2.9686680761099367,33.0,2.0,Long Inactive,Medium Value,Low Frequency
CUST2933,0,46,Male,Canada,active,1,3,1381.44,1381.44,460.48,4.3,0,8.0,8,8,2025-01-01,2025-01-01,2022-07-13,903,0.0321543408360128,3.0,1,1,1,0.0,1381.44,460.48,0.0011061946902654,2569.4784,45.89501661129568,0.0996677740863787,0.0,3494.490624,1.0,0.4042081949058693,558.3893687707641,1.212624584717608,85.36473089700996,2.473972602739726,0.4042081949058693,45.89501661129568,12432.96,0.0011061946902654,2.8423433628318584,0.0,2.0,Long Inactive,High Value,Low Frequency
CUST2934,1,58,Female,Germany,active,1,6,1994.7,1994.7,332.45,3.6,5,1.0,1,1,2022-02-20,2022-02-20,2021-11-29,83,0.2654867256637168,6.0,1,1,1,5.0,1994.7,332.45,0.0119047619047619,3430.884,720.9759036144578,2.1686746987951806,5.0,4185.67848,1.0,4.397590361445783,8771.873493975903,26.385542168674696,1240.0785542168674,0.2273972602739726,4.397590361445783,720.9759036144578,3989.4,0.0119047619047619,40.84385714285713,10.0,2.0,Long Inactive,Very High Value,Low Frequency
CUST2935,0,26,Other,Germany,active,1,4,265.0,265.0,66.25,3.5,0,2.0,2,2,2023-06-04,2023-06-04,2022-01-17,503,0.0562851782363977,4.0,1,1,1,0.0,265.0,66.25,0.0019841269841269,450.5,15.8051689860835,0.2385685884691849,0.0,540.6,1.0,0.7256461232604374,192.29622266401591,2.9025844930417497,26.86878727634195,1.378082191780822,0.7256461232604374,15.8051689860835,795.0,0.0019841269841269,0.8938492063492063,0.0,2.0,Long Inactive,Low Value,Low Frequency
CUST2936,1,49,Male,USA,cancelled,1,8,1063.36,1063.36,132.92,4.3,0,14.0,14,14,2022-03-14,2022-03-14,2020-09-11,549,0.0518134715025906,8.0,1,1,1,0.0,1063.36,132.92,0.0018181818181818,1977.8496,58.107103825136605,0.4371584699453552,0.0,2689.8754559999998,1.0,0.6648451730418944,706.9697632058287,5.318761384335155,108.07921311475408,1.5041095890410958,0.6648451730418944,58.107103825136605,15950.399999999998,0.0018181818181818,3.5960901818181816,0.0,2.0,Long Inactive,High Value,Low Frequency
CUST2937,0,63,Female,Germany,active,1,9,1685.16,1685.16,187.24,3.6,0,5.0,5,5,2023-09-01,2023-09-01,2022-07-21,407,0.068649885583524,9.0,1,1,1,0.0,1685.16,187.24,0.0024509803921568,2898.4752000000003,124.21326781326782,0.6633906633906634,0.0,3536.1397440000005,1.0,0.8968058968058968,1511.2614250614251,8.071253071253071,213.64682063882063,1.115068493150685,0.8968058968058968,124.21326781326782,10110.96,0.0024509803921568,7.1041058823529415,0.0,2.0,Long Inactive,Very High Value,Low Frequency
CUST2938,0,41,Female,UK,paused,1,1,1575.87,1575.87,1575.87,2.9,2,48.0,48,48,2024-09-01,2024-09-01,2022-01-03,972,0.029940119760479,1.0,1,1,1,2.0,1575.87,1575.87,0.001027749229188,2489.8746,48.63796296296296,0.0308641975308642,2.0,2689.064568,1.0,0.375514403292181,591.7618827160493,0.375514403292181,76.84798148148148,2.663013698630137,0.375514403292181,48.63796296296296,77217.62999999999,0.001027749229188,2.5589667009249744,98.0,2.0,Long Inactive,Very High Value,Low Frequency
CUST2939,0,50,Male,India,active,1,5,705.65,705.65,141.13,4.2,0,11.0,11,11,2024-12-02,2024-12-02,2022-08-20,835,0.0346820809248554,5.0,1,1,1,0.0,705.65,141.13,0.0011961722488038,1298.396,25.352694610778443,0.1796407185628742,0.0,1739.85064,1.0,0.437125748502994,308.4577844311377,2.1856287425149703,46.64895808383233,2.287671232876712,0.437125748502994,25.352694610778443,8467.8,0.0011961722488038,1.5531052631578943,0.0,2.0,Long Inactive,Medium Value,Low Frequency
CUST2940,0,46,Male,Pakistan,active,1,3,1753.11,1753.11,584.37,4.4,5,11.0,11,11,2025-02-26,2025-02-26,2021-08-09,1297,0.0226073850791258,3.0,1,1,1,5.0,1753.11,584.37,0.0007704160246533,3295.8468000000003,40.549961449498845,0.069390902081727,5.0,4548.268584,1.0,0.2814186584425597,493.357864302236,0.8442559753276793,76.23392752505784,3.5534246575342467,0.2814186584425597,40.549961449498845,21037.32,0.0007704160246533,2.539173189522342,60.0,2.0,Long Inactive,Very High Value,Low Frequency
CUST2941,0,59,Female,USA,active,1,5,1945.25,1945.25,389.05,4.1,4,17.0,17,17,2023-11-17,2023-11-17,2022-02-07,648,0.0442477876106194,5.0,1,1,1,4.0,1945.25,389.05,0.0015408320493066,3540.355,90.05787037037037,0.2314814814814814,4.0,4673.268599999999,1.0,0.5632716049382716,1095.7040895061727,2.816358024691358,163.90532407407403,1.7753424657534247,0.5632716049382716,90.05787037037037,35014.5,0.0015408320493066,5.455092449922958,72.0,2.0,Long Inactive,Very High Value,Low Frequency
CUST2942,0,61,Female,Germany,active,1,3,1487.22,1487.22,495.74,3.8,2,41.0,41,41,2024-06-12,2024-06-12,2023-03-29,441,0.0636942675159235,3.0,1,1,1,2.0,1487.22,495.74,0.002262443438914,2617.5072,101.17142857142858,0.2040816326530612,2.0,3298.059072,1.0,0.8276643990929705,1230.9190476190477,2.4829931972789114,178.0617142857143,1.2082191780821918,0.8276643990929705,101.17142857142858,62463.24,0.002262443438914,5.921961990950227,84.0,2.0,Long Inactive,High Value,Low Frequency
CUST2943,0,60,Male,Germany,active,1,9,174.51,174.51,19.39,3.5,5,32.0,32,32,2025-08-05,2025-08-05,2022-04-25,1198,0.02442996742671,9.0,1,1,1,5.0,174.51,19.39,0.0008340283569641,296.667,4.3700333889816365,0.2253756260434057,5.0,356.0004,1.0,0.3046744574290484,53.168739565943234,2.742070116861436,7.429056761268781,3.282191780821918,0.3046744574290484,4.3700333889816365,5758.83,0.0008340283569641,0.2474286905754795,165.0,2.0,At Risk,Low Value,Low Frequency
CUST2944,0,35,Male,UK,cancelled,1,3,1334.76,1334.76,444.92,4.1,2,28.0,28,28,2023-06-29,2023-06-29,2023-02-26,123,0.196078431372549,3.0,1,1,1,2.0,1334.76,444.92,0.0080645161290322,2429.2632,325.55121951219513,0.7317073170731708,2.0,3206.627424,1.0,2.967479674796748,3960.873170731707,8.902439024390244,592.5032195121952,0.336986301369863,2.967479674796748,325.55121951219513,38708.04,0.0080645161290322,19.59083225806452,58.0,2.0,Long Inactive,High Value,Low Frequency
CUST2945,1,36,Female,Canada,cancelled,1,6,515.22,515.22,85.87,3.2,2,28.0,28,28,2022-11-23,2022-11-23,2022-07-14,132,0.1851851851851851,6.0,1,1,1,2.0,515.22,85.87,0.0075187969924812,844.9608000000001,117.09545454545454,1.3636363636363635,2.0,963.2553120000002,1.0,2.765151515151515,1424.6613636363636,16.59090909090909,192.03654545454543,0.3616438356164383,2.765151515151515,117.09545454545454,14941.38,0.0075187969924812,6.353088721804512,58.0,2.0,Long Inactive,Low Value,Low Frequency
CUST2946,0,64,Female,UK,active,1,3,1148.64,1148.64,382.88,4.4,2,1.0,1,1,2023-11-21,2023-11-21,2021-08-05,838,0.0345622119815668,3.0,1,1,1,2.0,1148.64,382.88,0.00119189511323,2159.4432,41.120763723150354,0.107398568019093,2.0,2980.031616,1.0,0.4355608591885441,500.3026252983293,1.3066825775656323,77.30703579952267,2.295890410958904,0.4355608591885441,41.120763723150354,2297.28,0.00119189511323,2.5738297973778304,4.0,2.0,Long Inactive,High Value,Low Frequency
CUST2947,0,34,Male,Canada,active,1,9,1595.61,1595.61,177.29,3.6,2,44.0,44,44,2023-11-12,2023-11-12,2020-12-24,1053,0.0277008310249307,9.0,1,1,1,2.0,1595.61,177.29,0.0009487666034155,2744.4492,45.45897435897435,0.2564102564102564,2.0,3348.228024,1.0,0.3466286799620133,553.0841880341881,3.11965811965812,78.18943589743589,2.884931506849315,0.3466286799620133,45.45897435897435,71802.45,0.0009487666034155,2.60384174573055,90.0,2.0,Long Inactive,Very High Value,Low Frequency
CUST2948,0,67,Male,UK,active,1,6,783.24,783.24,130.54,3.1,2,11.0,11,11,2024-09-27,2024-09-27,2020-10-10,1448,0.020297699594046,6.0,1,1,1,2.0,783.24,130.54,0.0006901311249137,1268.8488000000002,16.227348066298344,0.1243093922651933,2.0,1421.1106560000003,1.0,0.2520718232044199,197.43273480662984,1.5124309392265194,26.28830386740332,3.967123287671233,0.2520718232044199,16.227348066298344,9398.88,0.0006901311249137,0.8756720496894411,24.0,2.0,Long Inactive,Medium Value,Low Frequency
CUST2949,0,27,Female,Germany,active,1,1,1249.74,1249.74,1249.74,4.0,5,5.0,5,5,2025-03-13,2025-03-13,2022-04-27,1051,0.0277520814061054,1.0,1,1,1,5.0,1249.74,1249.74,0.0009505703422053,2249.532,35.672882968601336,0.0285442435775451,5.0,2924.3916000000004,1.0,0.3472882968601332,434.02007611798285,0.3472882968601332,64.2111893434824,2.8794520547945206,0.3472882968601332,35.672882968601336,7498.44,0.0009505703422053,2.1383384030418253,30.0,2.0,Long Inactive,High Value,Low Frequency
CUST2950,1,19,Male,Germany,paused,1,4,1163.24,1163.24,290.81,4.1,4,49.0,49,49,2022-09-19,2022-09-19,2022-10-06,0,1.0,4.0,1,1,1,4.0,1163.24,290.81,1.0,2117.0968,11632.4,40.0,4.0,2794.5677759999994,1.0,365.0,424582.6,1460.0,21170.968,0.0,365.0,11632.4,58162.0,1.0,2117.0968,200.0,2.0,Long Inactive,High Value,Low Frequency
CUST2951,0,21,Male,India,active,1,5,1830.45,1830.45,366.09,3.6,0,5.0,5,5,2024-09-07,2024-09-07,2021-07-04,1161,0.0251889168765743,5.0,1,1,1,0.0,1830.45,366.09,0.0008605851979345,3148.374,47.29844961240309,0.1291989664082687,0.0,3841.01628,1.0,0.3143841515934539,575.4644702842377,1.5719207579672696,81.35333333333332,3.180821917808219,0.3143841515934539,47.29844961240309,10982.7,0.0008605851979345,2.709444061962134,0.0,2.0,Long Inactive,Very High Value,Low Frequency
CUST2952,0,61,Female,Pakistan,active,1,3,103.59,103.59,34.53,4.0,2,36.0,36,36,2025-05-05,2025-05-05,2022-03-12,1150,0.0254237288135593,3.0,1,1,1,2.0,103.59,34.53,0.0008688097306689,186.462,2.702347826086956,0.0782608695652173,2.0,242.40060000000005,1.0,0.3173913043478261,32.878565217391305,0.9521739130434782,4.8642260869565215,3.150684931506849,0.3173913043478261,2.702347826086956,3832.83,0.0008688097306689,0.162,74.0,2.0,Long Inactive,Low Value,Low Frequency
CUST2953,0,60,Female,UK,active,1,8,901.84,901.84,112.73,4.3,0,34.0,34,34,2024-05-14,2024-05-14,2020-12-18,1243,0.02356637863315,8.0,1,1,1,0.0,901.84,112.73,0.0008038585209003,1677.4224,21.766049879324218,0.1930812550281577,0.0,2281.294464,1.0,0.2936444086886565,264.820273531778,2.349155269509252,40.48485277554304,3.405479452054794,0.2936444086886565,21.766049879324218,31564.4,0.0008038585209003,1.3484102893890677,0.0,2.0,Long Inactive,Medium Value,Low Frequency
CUST2954,0,62,Male,Canada,cancelled,1,1,1019.71,1019.71,1019.71,4.1,2,8.0,8,8,2023-11-30,2023-11-30,2023-05-23,191,0.1357466063348416,1.0,1,1,1,2.0,1019.71,1019.71,0.0052083333333333,1855.8722,160.16387434554974,0.1570680628272251,2.0,2449.7513039999994,1.0,1.910994764397906,1948.6604712041888,1.910994764397906,291.49825130890054,0.5232876712328767,1.910994764397906,160.16387434554974,9177.39,0.0052083333333333,9.666001041666664,18.0,2.0,Long Inactive,Medium Value,Low Frequency
CUST2955,0,51,Male,India,active,1,6,449.94,449.94,74.99,4.2,4,4.0,4,4,2025-07-06,2025-07-06,2023-11-02,612,0.0467289719626168,6.0,1,1,1,4.0,449.94,74.99,0.0016313213703099,827.8896,22.055882352941172,0.2941176470588235,4.0,1109.372064,1.0,0.5964052287581699,268.3465686274509,3.57843137254902,40.58282352941177,1.6767123287671233,0.5964052287581699,22.055882352941172,2249.7,0.0016313213703099,1.3505539967373572,20.0,2.0,At Risk,Low Value,Low Frequency
CUST2956,0,69,Female,Pakistan,active,1,4,1736.08,1736.08,434.02,4.3,4,44.0,44,44,2023-11-29,2023-11-29,2023-10-03,57,0.3448275862068966,4.0,1,1,1,4.0,1736.08,434.02,0.0172413793103448,3229.1087999999995,913.7263157894736,2.1052631578947367,4.0,4391.587967999999,1.0,6.4035087719298245,11117.00350877193,25.614035087719294,1699.5309473684208,0.1561643835616438,6.4035087719298245,913.7263157894736,78123.59999999999,0.0172413793103448,55.6742896551724,180.0,2.0,Long Inactive,Very High Value,Low Frequency
CUST2957,0,42,Female,UK,active,1,4,1433.28,1433.28,358.32,4.1,4,32.0,32,32,2023-03-19,2023-03-19,2020-11-11,858,0.0337837837837837,4.0,1,1,1,4.0,1433.28,358.32,0.0011641443538998,2608.5696,50.11468531468531,0.1398601398601398,4.0,3443.3118719999998,1.0,0.4254079254079254,609.7286713286713,1.7016317016317015,91.20872727272726,2.350684931506849,0.4254079254079254,50.11468531468531,47298.24,0.0011641443538998,3.0367515715948774,132.0,2.0,Long Inactive,High Value,Low Frequency
CUST2958,0,54,Male,Germany,active,1,9,1705.68,1705.68,189.52,4.2,4,48.0,48,48,2023-05-11,2023-05-11,2021-07-09,671,0.042796005706134,9.0,1,1,1,4.0,1705.68,189.52,0.0014880952380952,3138.4512000000004,76.25991058122206,0.4023845007451564,4.0,4205.524608000001,1.0,0.5439642324888226,927.828912071535,4.895678092399404,140.3182354694486,1.8383561643835615,0.5439642324888226,76.25991058122206,83578.32,0.0014880952380952,4.670314285714286,196.0,2.0,Long Inactive,Very High Value,Low Frequency
CUST2959,0,55,Male,India,paused,1,3,719.28,719.28,239.76,4.1,0,19.0,19,19,2023-12-30,2023-12-30,2022-03-03,667,0.0430416068866571,3.0,1,1,1,0.0,719.28,239.76,0.0014970059880239,1309.0895999999998,32.35142428785607,0.1349325337331334,0.0,1727.9982719999996,1.0,0.5472263868065967,393.6089955022489,1.6416791604197902,58.87959220389804,1.8273972602739723,0.5472263868065967,32.35142428785607,14385.6,0.0014970059880239,1.95971497005988,0.0,2.0,Long Inactive,Medium Value,Low Frequency
CUST2960,0,67,Male,UK,cancelled,1,9,390.78,390.78,43.42,3.9,4,5.0,5,5,2025-05-22,2025-05-22,2023-01-20,853,0.0339750849377123,9.0,1,1,1,4.0,390.78,43.42,0.0011709601873536,695.5884000000001,13.743728018757327,0.3165298944900351,4.0,890.3531520000001,1.0,0.4279015240328253,167.2153575615475,3.851113716295428,24.46383587338805,2.336986301369863,0.4279015240328253,13.743728018757327,2344.6800000000003,0.0011709601873536,0.8145063231850118,24.0,2.0,Long Inactive,Low Value,Low Frequency
CUST2961,0,37,Male,Canada,active,1,2,307.74,307.74,153.87,3.9,4,2.0,2,2,2025-02-27,2025-02-27,2023-02-02,756,0.0381679389312977,2.0,1,1,1,4.0,307.74,153.87,0.0013210039630118,547.7772,12.211904761904762,0.0793650793650793,4.0,701.154816,1.0,0.4828042328042328,148.5781746031746,0.9656084656084656,21.73719047619048,2.0712328767123287,0.4828042328042328,12.211904761904762,923.22,0.0013210039630118,0.7236158520475562,12.0,2.0,Long Inactive,Low Value,Low Frequency
CUST2962,0,21,Male,UK,paused,1,4,32.4,32.4,8.1,3.8,4,15.0,15,15,2025-03-15,2025-03-15,2021-11-18,1213,0.0241351568785197,4.0,1,1,1,4.0,32.4,8.1,0.000823723228995,57.024,0.8013190436933224,0.0989282769991756,4.0,71.85024,1.0,0.3009068425391591,9.749381698268756,1.2036273701566365,1.4103215169002474,3.3232876712328765,0.3009068425391591,0.8013190436933224,518.4,0.000823723228995,0.0469719934102141,64.0,2.0,Long Inactive,Low Value,Low Frequency
CUST2963,0,43,Male,Canada,paused,1,4,1302.12,1302.12,325.53,4.6,4,16.0,16,16,2025-01-16,2025-01-16,2022-07-13,918,0.0316455696202531,4.0,1,1,1,4.0,1302.12,325.53,0.001088139281828,2500.0704,42.55294117647058,0.130718954248366,4.0,3550.099967999999,1.0,0.3976034858387799,517.7274509803921,1.5904139433551197,81.70164705882351,2.515068493150685,0.3976034858387799,42.55294117647058,22136.04,0.001088139281828,2.720424809575625,68.0,2.0,Long Inactive,High Value,Low Frequency
CUST2964,0,58,Male,India,paused,1,8,1691.68,1691.68,211.46,3.6,3,6.0,6,6,2023-03-05,2023-03-05,2023-01-21,43,0.410958904109589,8.0,1,1,1,3.0,1691.68,211.46,0.0227272727272727,2909.6896,1180.2418604651164,5.5813953488372094,3.0,3549.821312,1.0,8.488372093023255,14359.609302325582,67.90697674418604,2030.016,0.1178082191780822,8.488372093023255,1180.2418604651164,11841.76,0.0227272727272727,66.12930909090909,21.0,2.0,Long Inactive,Very High Value,Low Frequency
CUST2965,0,31,Female,USA,active,1,2,587.4,587.4,293.7,4.1,0,1.0,1,1,2023-04-10,2023-04-10,2022-06-08,306,0.0892857142857142,2.0,1,1,1,0.0,587.4,293.7,0.003257328990228,1069.0679999999998,57.58823529411765,0.196078431372549,0.0,1411.1697599999995,1.0,1.19281045751634,700.656862745098,2.38562091503268,104.8105882352941,0.8383561643835616,1.19281045751634,57.58823529411765,1174.8,0.003257328990228,3.482306188925081,0.0,2.0,Long Inactive,Medium Value,Low Frequency
CUST2966,0,31,Female,Pakistan,active,1,8,1262.88,1262.88,157.86,4.2,4,41.0,41,41,2023-03-13,2023-03-13,2022-11-13,120,0.2,8.0,1,1,1,4.0,1262.88,157.86,0.0082644628099173,2323.6992000000005,315.72,2.0,4.0,3113.7569280000007,1.0,3.041666666666667,3841.2600000000007,24.333333333333336,580.9248000000001,0.3287671232876712,3.041666666666667,315.72,53040.96000000001,0.0082644628099173,19.20412561983472,168.0,2.0,Long Inactive,High Value,Low Frequency
CUST2967,0,42,Female,UK,cancelled,1,2,1854.44,1854.44,927.22,4.3,1,16.0,16,16,2025-03-04,2025-03-04,2023-07-13,600,0.0476190476190476,2.0,1,1,1,1.0,1854.44,927.22,0.0016638935108153,3449.2584,92.722,0.1,1.0,4690.991423999999,1.0,0.6083333333333334,1128.1176666666668,1.2166666666666668,172.46292,1.643835616438356,0.6083333333333334,92.722,31525.48,0.0016638935108153,5.739198668885191,17.0,2.0,Long Inactive,Very High Value,Low Frequency
CUST2968,0,57,Male,USA,paused,1,5,167.95000000000002,167.95000000000002,33.59,3.9,5,8.0,8,8,2023-04-14,2023-04-14,2022-07-25,263,0.1023890784982935,5.0,1,1,1,5.0,167.95000000000002,33.59,0.0037878787878787,298.951,19.157794676806084,0.5703422053231939,5.0,382.65728,1.0,1.3878326996197718,233.0865019011407,6.939163498098859,34.100874524714825,0.7205479452054795,1.3878326996197718,19.157794676806084,1511.5500000000002,0.0037878787878787,1.1323901515151515,45.0,2.0,Long Inactive,Low Value,Low Frequency
CUST2969,1,56,Female,USA,active,1,4,1181.72,1181.72,295.43,3.9,4,21.0,21,21,2021-01-17,2021-01-17,2020-11-13,65,0.3157894736842105,4.0,1,1,1,4.0,1181.72,295.43,0.0151515151515151,2103.4616,545.4092307692308,1.8461538461538465,4.0,2692.430848,1.0,5.615384615384616,6635.812307692308,22.461538461538463,970.8284307692307,0.1780821917808219,5.615384615384616,545.4092307692308,25997.84,0.0151515151515151,31.870630303030307,88.0,2.0,Long Inactive,High Value,Low Frequency
CUST2970,0,33,Male,India,cancelled,1,9,827.1,827.1,91.9,4.0,1,23.0,23,23,2024-03-08,2024-03-08,2022-10-08,517,0.0548446069469835,9.0,1,1,1,1.0,827.1,91.9,0.0019305019305019,1488.78,47.99419729206963,0.5222437137330754,1.0,1935.414,1.0,0.7059961315280464,583.9294003868472,6.353965183752417,86.38955512572534,1.4164383561643836,0.7059961315280464,47.99419729206963,19850.4,0.0019305019305019,2.874092664092664,24.0,2.0,Long Inactive,Medium Value,Low Frequency
CUST2971,0,43,Male,India,active,1,2,1062.74,1062.74,531.37,4.4,5,18.0,18,18,2024-09-17,2024-09-17,2021-12-18,1004,0.0290135396518375,2.0,1,1,1,5.0,1062.74,531.37,0.0009950248756218,1997.9512,31.755179282868525,0.0597609561752988,5.0,2757.1726560000006,1.0,0.3635458167330677,386.3546812749004,0.7270916334661355,59.69973705179283,2.750684931506849,0.3635458167330677,31.755179282868525,20192.06,0.0009950248756218,1.988011144278607,95.0,2.0,Long Inactive,High Value,Low Frequency
CUST2972,0,41,Male,India,active,1,4,573.76,573.76,143.44,4.2,4,38.0,38,38,2024-02-11,2024-02-11,2021-02-09,1097,0.0266193433895297,4.0,1,1,1,4.0,573.76,143.44,0.0009107468123861,1055.7184,15.690793072014584,0.1093892433910665,4.0,1414.662656,1.0,0.332725615314494,190.9046490428441,1.3309024612579765,28.871059252506832,3.0054794520547947,0.332725615314494,15.690793072014584,22376.64,0.0009107468123861,0.9614921675774134,156.0,2.0,Long Inactive,Medium Value,Low Frequency
CUST2973,0,46,Male,UK,active,1,4,1731.36,1731.36,432.84,4.5,1,46.0,46,46,2025-12-06,2025-12-06,2023-10-07,791,0.0365408038976857,4.0,1,1,1,1.0,1731.36,432.84,0.0012626262626262,3289.584,65.66472819216182,0.1517067003792667,1.0,4605.4176,1.0,0.4614412136536031,798.9208596713022,1.8457648546144123,124.76298356510743,2.1671232876712327,0.4614412136536031,65.66472819216182,81373.92,0.0012626262626262,4.153515151515152,47.0,2.0,Very Recent,Very High Value,Low Frequency
CUST2974,1,56,Male,Pakistan,active,1,4,246.52,246.52,61.63,4.1,1,13.0,13,13,2023-01-06,2023-01-06,2021-04-14,632,0.0453172205438066,4.0,1,1,1,1.0,246.52,61.63,0.0015797788309636,448.6664,11.701898734177217,0.189873417721519,1.0,592.2396479999999,1.0,0.5775316455696202,142.37310126582278,2.310126582278481,21.29745569620253,1.7315068493150685,0.5775316455696202,11.701898734177217,3451.28,0.0015797788309636,0.7087936808846761,14.0,2.0,Long Inactive,Low Value,Low Frequency
CUST2975,1,24,Male,Germany,active,1,7,1024.03,1024.03,146.29,4.1,3,28.0,28,28,2022-09-09,2022-09-09,2022-07-25,46,0.3947368421052631,7.0,1,1,1,3.0,1024.03,146.29,0.0212765957446808,1863.7346,667.845652173913,4.565217391304348,3.0,2460.129672,1.0,7.934782608695651,8125.455434782608,55.54347826086956,1215.4790869565215,0.1260273972602739,7.934782608695651,667.845652173913,29696.87,0.0212765957446808,39.653927659574464,87.0,2.0,Long Inactive,Medium Value,Low Frequency
CUST2976,0,28,Female,UK,active,1,2,285.26,285.26,142.63,4.2,0,35.0,35,35,2024-11-23,2024-11-23,2022-08-27,819,0.0353356890459364,2.0,1,1,1,0.0,285.26,142.63,0.0012195121951219,524.8784,10.44908424908425,0.0732600732600732,0.0,703.3370560000001,1.0,0.4456654456654457,127.13052503052502,0.8913308913308914,19.22631501831502,2.243835616438356,0.4456654456654457,10.44908424908425,10269.36,0.0012195121951219,0.6400956097560976,0.0,2.0,Long Inactive,Low Value,Low Frequency
CUST2977,0,61,Female,India,active,1,5,1407.55,1407.55,281.51,4.2,3,12.0,12,12,2025-08-13,2025-08-13,2023-02-04,921,0.0315457413249211,5.0,1,1,1,3.0,1407.55,281.51,0.0010845986984815,2589.892,45.84853420195439,0.1628664495114006,3.0,3470.45528,1.0,0.3963083604777416,557.8238327904452,1.981541802388708,84.36130293159609,2.5232876712328767,0.3963083604777416,45.84853420195439,18298.15,0.0010845986984815,2.808993492407809,39.0,2.0,At Risk,High Value,Low Frequency
CUST2978,0,61,Male,UK,active,1,4,1257.16,1257.16,314.29,4.0,0,46.0,46,46,2024-09-01,2024-09-01,2021-10-30,1037,0.0281162136832239,4.0,1,1,1,0.0,1257.16,314.29,0.0009633911368015,2262.8880000000004,36.36914175506268,0.1157184185149469,0.0,2941.7544000000007,1.0,0.351976856316297,442.491224686596,1.407907425265188,65.46445515911283,2.841095890410959,0.351976856316297,36.36914175506268,59086.52,0.0009633911368015,2.1800462427745666,0.0,2.0,Long Inactive,High Value,Low Frequency
CUST2979,1,25,Male,Pakistan,cancelled,1,3,1884.12,1884.12,628.04,4.3,4,14.0,14,14,2020-07-11,2020-07-11,2020-08-29,0,1.0,3.0,1,1,1,4.0,1884.12,628.04,1.0,3504.4632,18841.2,30.0,4.0,4766.069951999999,1.0,365.0,687703.7999999999,1095.0,35044.632,0.0,365.0,18841.2,28261.8,1.0,3504.4632,60.0,2.0,Long Inactive,Very High Value,Low Frequency
CUST2980,1,40,Male,UK,paused,1,3,435.9,435.9,145.3,3.6,3,28.0,28,28,2022-12-16,2022-12-16,2022-03-20,271,0.0996677740863787,3.0,1,1,1,3.0,435.9,145.3,0.0036764705882352,749.748,48.254612546125465,0.3321033210332103,3.0,914.69256,1.0,1.3468634686346863,587.0977859778599,4.04059040590406,82.9979335793358,0.7424657534246575,1.3468634686346863,48.254612546125465,12641.1,0.0036764705882352,2.7564264705882358,87.0,2.0,Long Inactive,Low Value,Low Frequency
CUST2981,0,56,Male,India,cancelled,1,3,245.58,245.58,81.86,3.5,1,10.0,10,10,2024-01-12,2024-01-12,2022-02-28,683,0.0420757363253856,3.0,1,1,1,1.0,245.58,81.86,0.0014619883040935,417.486,10.786822840409956,0.1317715959004392,1.0,500.9832,1.0,0.5344070278184481,131.23967789165445,1.6032210834553442,18.33759882869693,1.8712328767123287,0.5344070278184481,10.786822840409956,2701.38,0.0014619883040935,0.6103596491228069,11.0,2.0,Long Inactive,Low Value,Low Frequency
CUST2982,0,26,Female,Pakistan,active,1,4,1913.16,1913.16,478.29,4.3,0,3.0,3,3,2025-07-22,2025-07-22,2022-08-04,1083,0.0269541778975741,4.0,1,1,1,0.0,1913.16,478.29,0.0009225092250922,3558.4776,52.99612188365651,0.1108033240997229,0.0,4839.529535999999,1.0,0.3370267774699907,644.7861495844876,1.348107109879963,98.5727867036011,2.967123287671233,0.3370267774699907,52.99612188365651,7652.64,0.0009225092250922,3.2827284132841323,0.0,2.0,At Risk,Very High Value,Low Frequency
CUST2983,1,53,Female,USA,paused,1,2,772.34,772.34,386.17,3.6,4,9.0,9,9,2022-07-19,2022-07-19,2022-07-15,4,0.8823529411764706,2.0,1,1,1,4.0,772.34,386.17,0.2,1328.4248,5792.55,15.0,4.0,1620.678256,1.0,91.25,70476.02500000001,182.5,9963.186,0.010958904109589,91.25,5792.55,7723.400000000001,0.2,265.68496,40.0,2.0,Long Inactive,Medium Value,Low Frequency
CUST2984,0,23,Female,India,active,1,1,1902.06,1902.06,1902.06,2.9,2,28.0,28,28,2024-03-04,2024-03-04,2022-12-03,457,0.0616016427104722,1.0,1,1,1,2.0,1902.06,1902.06,0.0021834061135371,3005.2548,124.8617067833698,0.0656455142231947,2.0,3245.675184,1.0,0.798687089715536,1519.1507658643325,0.798687089715536,197.2814967177243,1.252054794520548,0.798687089715536,124.8617067833698,55159.74,0.0021834061135371,6.561691703056769,58.0,2.0,Long Inactive,Very High Value,Low Frequency
CUST2985,0,52,Female,UK,cancelled,1,8,89.84,89.84,11.23,4.2,3,6.0,6,6,2023-08-21,2023-08-21,2022-08-26,360,0.0769230769230769,8.0,1,1,1,3.0,89.84,11.23,0.002770083102493,165.30560000000003,7.486666666666667,0.6666666666666666,3.0,221.50950400000005,1.0,1.0138888888888888,91.0877777777778,8.11111111111111,13.775466666666668,0.9863013698630136,1.0138888888888888,7.486666666666667,628.88,0.002770083102493,0.4579102493074793,21.0,2.0,Long Inactive,Low Value,Low Frequency
CUST2986,0,21,Female,USA,active,1,2,1045.9,1045.9,522.95,4.4,1,2.0,2,2,2024-03-08,2024-03-08,2021-01-24,1139,0.0256629597946963,2.0,1,1,1,1.0,1045.9,522.95,0.0008771929824561,1966.2920000000004,27.54784899034241,0.0526777875329236,1.0,2713.4829600000007,1.0,0.3204565408252853,335.165496049166,0.6409130816505707,51.78995610184373,3.1205479452054794,0.3204565408252853,27.54784899034241,3137.7000000000003,0.0008771929824561,1.7248175438596496,3.0,2.0,Long Inactive,Medium Value,Low Frequency
CUST2987,0,65,Male,Canada,active,1,4,1418.36,1418.36,354.59,4.1,3,47.0,47,47,2024-04-21,2024-04-21,2020-05-12,1440,0.0204081632653061,4.0,1,1,1,3.0,1418.36,354.59,0.0006939625260235,2581.4151999999995,29.549166666666665,0.0833333333333333,3.0,3407.468063999999,1.0,0.2534722222222222,359.5148611111111,1.0138888888888888,53.77948333333333,3.945205479452055,0.2534722222222222,29.549166666666665,68081.28,0.0006939625260235,1.7914054129077026,144.0,2.0,Long Inactive,High Value,Low Frequency
CUST2988,0,50,Male,Canada,active,1,8,285.6,285.6,35.7,3.8,0,38.0,38,38,2024-10-07,2024-10-07,2022-01-20,991,0.029382957884427,8.0,1,1,1,0.0,285.6,35.7,0.001008064516129,502.65600000000006,8.645812310797176,0.2421796165489405,0.0,633.3465600000001,1.0,0.3683148335015136,105.1907164480323,2.9465186680121094,15.21662966700303,2.7150684931506848,0.3683148335015136,8.645812310797176,11138.4,0.001008064516129,0.5067096774193549,0.0,2.0,Long Inactive,Low Value,Low Frequency
CUST2989,0,36,Female,Germany,cancelled,1,5,1973.0,1973.0,394.6,3.5,2,43.0,43,43,2025-05-06,2025-05-06,2022-03-23,1140,0.0256410256410256,5.0,1,1,1,2.0,1973.0,394.6,0.0008764241893076,3354.1,51.92105263157895,0.131578947368421,2.0,4024.92,1.0,0.3201754385964912,631.7061403508771,1.600877192982456,88.26578947368421,3.1232876712328768,0.3201754385964912,51.92105263157895,86812.0,0.0008764241893076,2.939614373356705,88.0,2.0,Long Inactive,Very High Value,Low Frequency
CUST2990,0,69,Female,Canada,paused,1,5,358.1,358.1,71.62,4.1,4,17.0,17,17,2025-05-21,2025-05-21,2023-08-17,643,0.0445765230312035,5.0,1,1,1,4.0,358.1,71.62,0.0015527950310559,651.742,16.707620528771386,0.2332814930015552,4.0,860.2994399999999,1.0,0.5676516329704511,203.27604976671853,2.838258164852255,30.40786936236392,1.7616438356164383,0.5676516329704511,16.707620528771386,6445.8,0.0015527950310559,1.0120217391304347,72.0,2.0,Long Inactive,Low Value,Low Frequency
CUST2991,0,55,Male,India,active,1,3,781.11,781.11,260.37,3.2,4,36.0,36,36,2024-12-16,2024-12-16,2022-07-17,883,0.0328587075575027,3.0,1,1,1,4.0,781.11,260.37,0.001131221719457,1281.0204,26.53827859569649,0.101925254813137,4.0,1460.3632560000003,1.0,0.4133635334088335,322.88238958097395,1.2400906002265004,43.52277689694225,2.419178082191781,0.4133635334088335,26.53827859569649,28901.07,0.001131221719457,1.4491180995475117,148.0,2.0,Long Inactive,Medium Value,Low Frequency
CUST2992,0,35,Male,Germany,active,1,3,844.26,844.26,281.42,4.4,5,46.0,46,46,2023-11-14,2023-11-14,2021-05-03,925,0.031413612565445,3.0,1,1,1,5.0,844.26,281.42,0.0010799136069114,1587.2088,27.38140540540541,0.0972972972972973,5.0,2190.3481440000005,1.0,0.3945945945945946,333.1404324324324,1.183783783783784,51.47704216216217,2.5342465753424657,0.3945945945945946,27.38140540540541,39680.22,0.0010799136069114,1.7140483801295898,235.0,2.0,Long Inactive,Medium Value,Low Frequency
CUST2993,1,23,Female,Pakistan,active,1,9,486.45,486.45,54.05,3.6,3,29.0,29,29,2021-09-08,2021-09-08,2020-11-28,284,0.0955414012738853,9.0,1,1,1,3.0,486.45,54.05,0.0035087719298245,836.694,51.38556338028169,0.9507042253521126,3.0,1020.76668,1.0,1.2852112676056338,625.1910211267606,11.566901408450704,88.3831690140845,0.7780821917808219,1.2852112676056338,51.38556338028169,14593.5,0.0035087719298245,2.935768421052632,90.0,2.0,Long Inactive,Low Value,Low Frequency
CUST2994,0,40,Male,India,active,1,4,311.68,311.68,77.92,3.1,4,5.0,5,5,2024-02-15,2024-02-15,2021-07-02,958,0.0303643724696356,4.0,1,1,1,4.0,311.68,77.92,0.0010427528675703,504.92160000000007,9.760334029227558,0.1252609603340292,4.0,565.5121920000001,1.0,0.3810020876826722,118.75073068893528,1.524008350730689,15.811741127348643,2.6246575342465754,0.3810020876826722,9.760334029227558,1870.08,0.0010427528675703,0.5265084462982274,24.0,2.0,Long Inactive,Low Value,Low Frequency
CUST2995,0,27,Female,UK,active,1,7,212.38,212.38,30.34,4.0,0,25.0,25,25,2023-07-22,2023-07-22,2021-11-07,622,0.0460122699386503,7.0,1,1,1,0.0,212.38,30.34,0.0016051364365971,382.284,10.243408360128615,0.337620578778135,0.0,496.9692,1.0,0.5868167202572346,124.6281350482315,4.107717041800643,18.43813504823151,1.704109589041096,0.5868167202572346,10.243408360128615,5521.88,0.0016051364365971,0.6136179775280899,0.0,2.0,Long Inactive,Low Value,Low Frequency
CUST2996,0,59,Male,Canada,paused,1,3,1144.14,1144.14,381.38,4.1,4,12.0,12,12,2023-10-29,2023-10-29,2022-11-26,337,0.0817438692098092,3.0,1,1,1,4.0,1144.14,381.38,0.0029585798816568,2082.3348,101.85222551928784,0.2670623145400593,4.0,2748.681935999999,1.0,1.083086053412463,1239.2020771513353,3.249258160237389,185.37105044510383,0.9232876712328768,1.083086053412463,101.85222551928784,14873.819999999998,0.0029585798816568,6.160753846153845,52.0,2.0,Long Inactive,High Value,Low Frequency
CUST2997,1,41,Male,India,active,1,6,1830.3,1830.3,305.05,3.6,1,38.0,38,38,2022-08-15,2022-08-15,2022-04-20,117,0.2040816326530612,6.0,1,1,1,1.0,1830.3,305.05,0.0084745762711864,3148.1160000000004,469.3076923076924,1.5384615384615383,1.0,3840.701520000001,1.0,3.11965811965812,5709.910256410257,18.717948717948715,807.2092307692309,0.3205479452054794,3.11965811965812,469.3076923076924,71381.70000000001,0.0084745762711864,26.678949152542376,39.0,2.0,Long Inactive,Very High Value,Low Frequency
CUST2998,0,20,Male,USA,active,1,1,229.14,229.14,229.14,4.0,0,49.0,49,49,2024-12-15,2024-12-15,2021-05-16,1309,0.022404779686333,1.0,1,1,1,0.0,229.14,229.14,0.0007633587786259,412.452,5.251489686783804,0.0229182582123758,0.0,536.1876,1.0,0.2788388082505729,63.89312452253628,0.2788388082505729,9.452681436210849,3.5863013698630137,0.2788388082505729,5.251489686783804,11457.0,0.0007633587786259,0.314848854961832,0.0,2.0,Long Inactive,Low Value,Low Frequency
CUST2999,0,54,Male,India,cancelled,1,7,30.87,30.87,4.41,4.3,5,24.0,24,24,2023-07-25,2023-07-25,2023-01-31,175,0.1463414634146341,7.0,1,1,1,5.0,30.87,4.41,0.0056818181818181,57.4182,5.292000000000001,1.2,5.0,78.08875199999999,1.0,2.085714285714286,64.38600000000001,14.6,9.84312,0.4794520547945205,2.085714285714286,5.292000000000001,771.75,0.0056818181818181,0.3262397727272727,125.0,2.0,Long Inactive,Low Value,Low Frequency
