customer_id,age,gender,country,subscription_status,total_orders,total_quantity,total_revenue,average_order_value,average_unit_price,average_rating,total_cancellations,average_purchase_frequency,max_purchase_frequency,min_purchase_frequency,first_purchase_date,last_purchase_date,signup_date,recency_days,tenure_days,orders_per_month,average_quantity_per_order,product_diversity,category_diversity,product_name_diversity,cancellation_rate,revenue_per_order,revenue_per_unit,purchase_activity_ratio,customer_value,revenue_per_month,quantity_per_month,cancellation_per_order,rating_adjusted_value,frequency_consistency,purchase_intensity,revenue_intensity,quantity_intensity,customer_value_per_month,tenure_years,orders_per_tenure_year,revenue_per_order_month,revenue_x_frequency,orders_x_purchase_activity,value_x_purchase_activity,cancellation_x_frequency,diversity_ratio,recency_band,value_band,frequency_band
CUST1000,39,Female,Canada,active,1,5,391.04999999999995,391.04999999999995,78.21,4.2,0,37.0,37,37,2023-02-21,2023-02-21,2021-07-01,1021,600,0.047619047619047616,5.0,1,1,1,0.0,391.04999999999995,78.21,0.0016638935108153079,719.5319999999999,19.5525,0.25,0.0,964.17288,1.0,0.6083333333333334,237.88875,3.041666666666667,35.9766,1.643835616438356,0.6083333333333334,19.5525,14859.899999999998,0.0016638935108153079,1.19722462562396,0.0,2.0,Long Inactive,Low Value,Low Frequency
CUST1001,61,Female,USA,active,1,8,512.16,512.16,64.02,4.0,0,35.0,35,35,2021-08-12,2021-08-12,2020-10-19,1579,297,0.09174311926605504,8.0,1,1,1,0.0,512.16,64.02,0.003355704697986577,921.8879999999999,51.73333333333333,0.8080808080808081,0.0,1198.4543999999999,1.0,1.228956228956229,629.4222222222222,9.831649831649832,93.11999999999999,0.8136986301369863,1.228956228956229,51.73333333333333,18437.76,0.003355704697986577,3.0935838926174495,0.0,2.0,Long Inactive,Low Value,Low Frequency
CUST1002,26,Female,Pakistan,cancelled,1,2,1208.28,1208.28,604.14,3.9,3,44.0,44,44,2023-04-09,2023-04-09,2023-10-06,974,0,1.0,2.0,1,1,1,3.0,1208.28,604.14,1.0,2150.7384,12082.8,20.0,3.0,2752.9451520000002,1.0,365.0,441022.2,730.0,21507.384000000002,0.0,365.0,12082.8,54372.6,1.0,2150.7384,135.0,2.0,Long Inactive,High Value,Low Frequency
CUST1003,54,Male,India,paused,1,4,338.64,338.64,84.66,4.2,4,1.0,1,1,2024-02-20,2024-02-20,2023-07-30,657,205,0.12765957446808512,4.0,1,1,1,4.0,338.64,84.66,0.0048543689320388345,623.0976,49.557073170731705,0.5853658536585367,4.0,834.9507840000001,1.0,1.7804878048780488,602.9443902439024,7.121951219512195,91.18501463414636,0.5616438356164384,1.7804878048780488,49.557073170731705,677.28,0.0048543689320388345,3.0247456310679612,8.0,2.0,Long Inactive,Low Value,Low Frequency
CUST1004,50,Male,India,active,1,7,438.62,438.62,62.66,4.2,0,35.0,35,35,2024-09-14,2024-09-14,2020-09-12,450,1463,0.020093770931011386,7.0,1,1,1,0.0,438.62,62.660000000000004,0.0006830601092896175,807.0608000000001,8.994258373205742,0.14354066985645933,0.0,1081.4614720000002,1.0,0.24948735475051262,109.43014354066985,1.7464114832535884,16.549435406698567,4.008219178082192,0.24948735475051262,8.994258373205742,15790.32,0.0006830601092896175,0.5512710382513661,0.0,2.0,Long Inactive,Low Value,Low Frequency
CUST1005,46,Male,Pakistan,active,1,8,1772.88,1772.88,221.61,3.9,2,16.0,16,16,2025-08-13,2025-08-13,2023-05-16,117,820,0.03529411764705882,8.0,1,1,1,2.0,1772.88,221.61,0.001218026796589525,3155.7264000000005,64.86146341463416,0.29268292682926833,2.0,4039.329792000001,1.0,0.4451219512195122,789.1478048780488,3.5609756097560976,115.4534048780488,2.2465753424657535,0.4451219512195122,64.86146341463416,30138.960000000003,0.001218026796589525,3.8437593179049943,34.0,2.0,At Risk,Very High Value,Low Frequency
CUST1006,29,Female,Germany,active,1,4,702.96,702.96,175.74,4.1,1,7.0,7,7,2025-07-15,2025-07-15,2023-10-04,146,650,0.044117647058823525,4.0,1,1,1,1.0,702.96,175.74,0.0015360983102918587,1279.3872,32.44430769230769,0.1846153846153846,1.0,1688.7911039999997,1.0,0.5615384615384615,394.73907692307694,2.246153846153846,59.04863999999999,1.7808219178082192,0.5615384615384615,32.44430769230769,5623.68,0.0015360983102918587,1.965264516129032,8.0,2.0,At Risk,Medium Value,Low Frequency
CUST1007,24,Female,UK,active,1,5,47.800000000000004,47.800000000000004,9.56,4.3,2,34.0,34,34,2024-12-31,2024-12-31,2022-11-07,342,785,0.03680981595092024,5.0,1,1,1,2.0,47.800000000000004,9.56,0.001272264631043257,88.908,1.826751592356688,0.19108280254777069,2.0,120.91488,1.0,0.464968152866242,22.22547770700637,2.32484076433121,3.3977579617834395,2.1506849315068495,0.464968152866242,1.826751592356688,1673.0000000000002,0.001272264631043257,0.1131145038167939,70.0,2.0,Long Inactive,Low Value,Low Frequency
CUST1008,53,Female,Pakistan,paused,1,1,1525.8,1525.8,1525.8,4.2,4,32.0,32,32,2024-12-26,2024-12-26,2021-04-25,347,1341,0.02188183807439825,1.0,1,1,1,4.0,1525.8,1525.8,0.0007451564828614009,2807.472,34.13422818791946,0.022371364653243846,4.0,3762.0124800000003,1.0,0.2721849366144668,415.29977628635345,0.2721849366144668,62.806979865771815,3.673972602739726,0.2721849366144668,34.13422818791946,50351.4,0.0007451564828614009,2.092005961251863,132.0,2.0,Long Inactive,Very High Value,Low Frequency
CUST1009,38,Male,Germany,active,1,4,1348.96,1348.96,337.24,4.0,2,6.0,6,6,2024-11-29,2024-11-29,2021-09-12,374,1174,0.024916943521594685,4.0,1,1,1,2.0,1348.96,337.24,0.000851063829787234,2428.128,34.470868824531514,0.10221465076660988,2.0,3156.5664,1.0,0.31090289608177174,419.3955706984668,1.243611584327087,62.04756388415674,3.2164383561643834,0.31090289608177174,34.470868824531514,9442.720000000001,0.000851063829787234,2.066491914893617,14.0,2.0,Long Inactive,High Value,Low Frequency
CUST1010,41,Female,UK,active,1,6,1218.3000000000002,1218.3000000000002,203.05,4.3,2,38.0,38,38,2022-02-08,2022-02-08,2020-04-10,1399,669,0.04291845493562232,6.0,1,1,1,2.0,1218.3000000000002,203.05000000000004,0.0014925373134328358,2266.038,54.6322869955157,0.26905829596412556,2.0,3081.81168,1.0,0.5455904334828102,664.6928251121078,3.273542600896861,101.61605381165919,1.832876712328767,0.5455904334828102,54.6322869955157,47513.700000000004,0.0014925373134328358,3.3821462686567165,78.0,2.0,Long Inactive,High Value,Low Frequency
CUST1011,24,Female,Canada,active,1,1,940.17,940.17,940.17,4.2,1,24.0,24,24,2025-12-03,2025-12-03,2022-12-02,5,1097,0.02661934338952972,1.0,1,1,1,1.0,940.17,940.17,0.0009107468123861566,1729.9128,25.711121239744756,0.027347310847766634,1.0,2318.083152,1.0,0.33272561531449407,312.81864175022787,0.33272561531449407,47.308463081130355,3.0054794520547947,0.33272561531449407,25.711121239744756,23504.25,0.0009107468123861566,1.575512568306011,25.0,2.0,Very Recent,Medium Value,Low Frequency
CUST1012,39,Female,Canada,active,1,9,1519.11,1519.11,168.79,4.4,2,36.0,36,36,2023-01-16,2023-01-16,2020-12-20,1057,757,0.03811944091486658,9.0,1,1,1,2.0,1519.11,168.79,0.0013192612137203166,2855.9268,60.202509907529716,0.35667107001321,2.0,3941.1789840000006,1.0,0.4821664464993395,732.4638705416115,4.339498018494055,113.18071862615588,2.073972602739726,0.4821664464993395,60.202509907529716,56207.07,0.0013192612137203166,3.76771345646438,74.0,2.0,Long Inactive,Very High Value,Low Frequency
CUST1013,61,Female,USA,active,1,8,1894.16,1894.16,236.77,4.2,3,5.0,5,5,2024-09-12,2024-09-12,2021-02-19,452,1301,0.022539444027047332,8.0,1,1,1,3.0,1894.16,236.77,0.0007680491551459293,3485.2544000000003,43.67778631821676,0.18447348193697155,3.0,4670.240896,1.0,0.2805534204458109,531.4130668716372,2.244427363566487,80.36712682551884,3.5643835616438357,0.2805534204458109,43.67778631821676,11364.960000000001,0.0007680491551459293,2.676846697388633,18.0,2.0,Long Inactive,Very High Value,Low Frequency
CUST1014,64,Female,UK,active,1,6,781.92,781.92,130.32,4.1,1,20.0,20,20,2025-04-24,2025-04-24,2021-02-27,228,1517,0.0193923723335488,6.0,1,1,1,1.0,781.92,130.32,0.0006587615283267457,1423.0943999999997,15.46315095583388,0.11865524060646011,1.0,1878.4846079999993,1.0,0.24060646011865522,188.1350032959789,1.4436387607119314,28.142934739617658,4.156164383561644,0.24060646011865522,15.46315095583388,16420.32,0.0006587615283267457,0.9374798418972331,21.0,2.0,Long Inactive,Medium Value,Low Frequency
CUST1015,28,Female,UK,cancelled,1,3,1001.97,1001.97,333.99,4.4,5,27.0,27,27,2023-11-15,2023-11-15,2021-12-31,754,684,0.04201680672268907,3.0,1,1,1,5.0,1001.97,333.99,0.00145985401459854,1883.7036000000003,43.946052631578944,0.13157894736842105,5.0,2599.5109680000005,1.0,0.533625730994152,534.6769736842106,1.6008771929824561,82.61857894736843,1.873972602739726,0.533625730994152,43.946052631578944,28055.16,0.00145985401459854,2.749932262773723,140.0,2.0,Long Inactive,Medium Value,Low Frequency
CUST1016,34,Female,USA,active,1,1,1875.08,1875.08,1875.08,4.2,1,31.0,31,31,2025-02-08,2025-02-08,2021-06-07,303,1342,0.021865889212827987,1.0,1,1,1,1.0,1875.08,1875.08,0.0007446016381236039,3450.1472,41.916840536512666,0.022354694485842028,1.0,4623.197248,1.0,0.2719821162444113,509.98822652757076,0.2719821162444113,77.12698658718331,3.6767123287671235,0.2719821162444113,41.916840536512666,60002.56,0.0007446016381236039,2.568985256887565,32.0,2.0,Long Inactive,Very High Value,Low Frequency
CUST1017,22,Male,Pakistan,cancelled,1,6,1267.44,1267.44,211.24,4.0,0,18.0,18,18,2024-04-08,2024-04-08,2021-09-14,609,937,0.031023784901758014,6.0,1,1,1,0.0,1267.44,211.24,0.0010660980810234541,2281.3920000000003,40.579722518676625,0.192102454642476,0.0,2965.8096000000005,1.0,0.38954108858057634,493.7199573105657,2.337246531483458,73.04350053361793,2.5671232876712327,0.38954108858057634,40.579722518676625,24081.36,0.0010660980810234541,2.4321876332622603,0.0,2.0,Long Inactive,High Value,Low Frequency
CUST1018,42,Male,USA,paused,1,1,1702.39,1702.39,1702.39,4.1,5,14.0,14,14,2025-09-01,2025-09-01,2023-05-25,98,830,0.03488372093023256,1.0,1,1,1,5.0,1702.39,1702.39,0.0012033694344163659,3098.3498,61.532168674698795,0.03614457831325301,5.0,4089.8217359999994,1.0,0.4397590361445783,748.6413855421687,0.4397590361445783,111.9885469879518,2.2739726027397262,0.4397590361445783,61.532168674698795,25535.850000000002,0.0012033694344163659,3.7284594464500604,75.0,2.0,At Risk,Very High Value,Low Frequency
CUST1019,51,Female,India,paused,1,8,1596.64,1596.64,199.58,4.3,0,41.0,41,41,2025-08-13,2025-08-13,2022-09-14,117,1064,0.027422303473491772,8.0,1,1,1,0.0,1596.64,199.58,0.0009389671361502347,2969.7504,45.018045112781955,0.22556390977443608,0.0,4038.8605439999997,1.0,0.3430451127819549,547.7195488721804,2.744360902255639,83.73356390977443,2.915068493150685,0.3430451127819549,45.018045112781955,67058.88,0.0009389671361502347,2.788498028169014,0.0,2.0,At Risk,Very High Value,Low Frequency
CUST1020,64,Female,Canada,active,1,6,1452.18,1452.18,242.03,4.5,4,2.0,2,2,2024-01-23,2024-01-23,2022-03-13,685,681,0.04219409282700422,6.0,1,1,1,4.0,1452.18,242.03,0.001466275659824047,2759.142,63.972687224669606,0.2643171806167401,4.0,3862.7987999999996,1.0,0.5359765051395007,778.3343612334802,3.2158590308370045,121.54810572687224,1.8657534246575342,0.5359765051395007,63.972687224669606,4356.54,0.001466275659824047,4.04566275659824,12.0,2.0,Long Inactive,High Value,Low Frequency
CUST1021,52,Male,Germany,paused,1,7,355.46000000000004,355.46000000000004,50.78,3.7,1,9.0,9,9,2022-06-20,2022-06-20,2021-02-02,1267,503,0.056285178236397754,7.0,1,1,1,1.0,355.46000000000004,50.78000000000001,0.001984126984126984,618.5004,21.20039761431412,0.41749502982107356,1.0,766.940496,1.0,0.7256461232604374,257.93817097415507,5.079522862823062,36.88869184890656,1.378082191780822,0.7256461232604374,21.20039761431412,3554.6000000000004,0.001984126984126984,1.2271833333333333,10.0,2.0,Long Inactive,Low Value,Low Frequency
CUST1022,28,Female,Germany,active,1,6,539.22,539.22,89.87,4.3,2,39.0,39,39,2022-05-08,2022-05-08,2022-09-06,1310,0,1.0,6.0,1,1,1,2.0,539.22,89.87,1.0,1002.9492,5392.2,60.0,2.0,1364.010912,1.0,365.0,196815.30000000002,2190.0,10029.492,0.0,365.0,5392.2,21568.800000000003,1.0,1002.9492,80.0,2.0,Long Inactive,Low Value,Low Frequency
CUST1023,25,Male,Germany,active,1,8,418.72,418.72,52.34,4.0,5,16.0,16,16,2025-11-06,2025-11-06,2021-04-05,32,1676,0.017584994138335287,8.0,1,1,1,5.0,418.72,52.34,0.0005963029218843172,753.696,7.494988066825776,0.1431980906921241,5.0,979.8048000000001,1.0,0.21778042959427207,91.1890214797136,1.7422434367541766,13.490978520286397,4.5917808219178085,0.21778042959427207,7.494988066825776,7118.240000000001,0.0005963029218843172,0.44943112701252236,85.0,2.0,Recent,Low Value,Low Frequency
CUST1024,45,Male,Germany,active,1,3,698.01,698.01,232.67,4.3,2,20.0,20,20,2023-01-29,2023-01-29,2022-04-14,1044,290,0.09375,3.0,1,1,1,2.0,698.01,232.67,0.003436426116838488,1298.2985999999999,72.20793103448277,0.3103448275862069,2.0,1765.6860959999997,1.0,1.2586206896551724,878.5298275862069,3.7758620689655173,134.3067517241379,0.7945205479452054,1.2586206896551724,72.20793103448277,14658.21,0.003436426116838488,4.461507216494844,42.0,2.0,Long Inactive,Medium Value,Low Frequency
CUST1025,49,Male,India,cancelled,1,5,714.4499999999999,714.4499999999999,142.89,4.2,3,40.0,40,40,2022-09-06,2022-09-06,2021-07-11,1189,422,0.06637168141592921,5.0,1,1,1,3.0,714.4499999999999,142.89,0.002364066193853428,1314.588,50.79028436018957,0.35545023696682465,3.0,1761.54792,1.0,0.8649289099526067,617.9484597156398,4.3246445497630335,93.45412322274882,1.1561643835616437,0.8649289099526067,50.79028436018957,29292.449999999997,0.002364066193853428,3.10777304964539,123.0,2.0,Long Inactive,Medium Value,Low Frequency
CUST1026,27,Male,Germany,paused,1,7,312.83,312.83,44.69,4.2,0,28.0,28,28,2025-05-05,2025-05-05,2023-05-15,217,721,0.03994673768308921,7.0,1,1,1,0.0,312.83,44.69,0.0013850415512465374,575.6072,13.01650485436893,0.2912621359223301,0.0,771.3136480000001,1.0,0.5062413314840499,158.36747572815534,3.5436893203883497,23.950368932038835,1.9753424657534246,0.5062413314840499,13.01650485436893,9072.07,0.0013850415512465374,0.797239889196676,0.0,2.0,Long Inactive,Low Value,Low Frequency
CUST1027,69,Male,Pakistan,cancelled,1,7,975.1000000000001,975.1000000000001,139.3,4.0,4,42.0,42,42,2022-02-25,2022-02-25,2021-03-23,1382,339,0.08130081300813008,7.0,1,1,1,4.0,975.1000000000001,139.3,0.0029411764705882353,1755.1800000000003,86.2920353982301,0.6194690265486725,4.0,2281.7340000000004,1.0,1.0766961651917404,1049.8864306784662,7.536873156342184,155.32566371681418,0.9287671232876712,1.0766961651917404,86.2920353982301,41929.3,0.0029411764705882353,5.162294117647059,172.0,2.0,Long Inactive,Medium Value,Low Frequency
CUST1028,66,Male,India,active,1,8,1197.2,1197.2,149.65,4.4,1,45.0,45,45,2025-03-04,2025-03-04,2021-02-06,279,1487,0.019775873434410018,8.0,1,1,1,1.0,1197.2,149.65,0.0006720430107526882,2250.7360000000003,24.153328850033624,0.16139878950907868,1.0,3106.015680000001,1.0,0.24546065904505715,293.86550100874246,1.9636852723604572,45.40825823806322,4.073972602739726,0.24546065904505715,24.153328850033624,55071.200000000004,0.0006720430107526882,1.5125913978494627,46.0,2.0,Long Inactive,High Value,Low Frequency
CUST1029,43,Female,Canada,cancelled,1,6,942.5999999999999,942.5999999999999,157.1,4.3,3,14.0,14,14,2024-03-22,2024-03-22,2020-08-22,626,1308,0.02242152466367713,6.0,1,1,1,3.0,942.5999999999999,157.1,0.0007639419404125286,1753.2359999999996,21.61926605504587,0.13761467889908258,3.0,2384.4009599999995,1.0,0.2790519877675841,263.0344036697247,1.6743119266055047,40.21183486238531,3.5835616438356164,0.2790519877675841,21.61926605504587,14138.999999999998,0.0007639419404125286,1.3393705118410997,45.0,2.0,Long Inactive,Medium Value,Low Frequency
CUST1030,18,Male,Germany,active,1,9,1642.77,1642.77,182.53,4.5,5,24.0,24,24,2021-01-06,2021-01-06,2021-04-19,1797,0,1.0,9.0,1,1,1,5.0,1642.77,182.53,1.0,3121.263,16427.699999999997,90.0,5.0,4369.7681999999995,1.0,365.0,599611.05,3285.0,31212.629999999997,0.0,365.0,16427.699999999997,41069.25,1.0,3121.263,125.0,2.0,Long Inactive,Very High Value,Low Frequency
CUST1031,37,Male,Canada,paused,1,1,31.95,31.95,31.95,4.0,4,9.0,9,9,2023-07-22,2023-07-22,2021-08-19,870,702,0.04098360655737705,1.0,1,1,1,4.0,31.95,31.95,0.001422475106685633,57.51,1.3653846153846154,0.042735042735042736,4.0,74.763,1.0,0.51994301994302,16.612179487179485,0.51994301994302,2.457692307692308,1.9232876712328768,0.51994301994302,1.3653846153846154,319.5,0.001422475106685633,0.08180654338549076,40.0,2.0,Long Inactive,Low Value,Low Frequency
CUST1032,52,Female,Germany,cancelled,1,2,1609.54,1609.54,804.77,4.3,0,26.0,26,26,2021-07-27,2021-07-27,2021-09-02,1595,0,1.0,2.0,1,1,1,0.0,1609.54,804.77,1.0,2993.7443999999996,16095.4,20.0,0.0,4071.492383999999,1.0,365.0,587482.1,730.0,29937.443999999996,0.0,365.0,16095.4,43457.58,1.0,2993.7443999999996,0.0,2.0,Long Inactive,Very High Value,Low Frequency
CUST1033,50,Male,Canada,active,1,5,1661.9,1661.9,332.38,4.3,5,29.0,29,29,2022-09-25,2022-09-25,2022-03-25,1170,184,0.14018691588785046,5.0,1,1,1,5.0,1661.9,332.38,0.005405405405405406,3091.134,270.9619565217391,0.8152173913043478,5.0,4203.942239999999,1.0,1.9836956521739129,3296.703804347826,9.918478260869565,503.9892391304347,0.5041095890410959,1.9836956521739129,270.9619565217391,49857.0,0.005405405405405406,16.708832432432434,150.0,2.0,Long Inactive,Very High Value,Low Frequency
CUST1034,49,Female,UK,active,1,1,1292.65,1292.65,1292.65,3.9,5,12.0,12,12,2025-04-22,2025-04-22,2021-02-26,230,1516,0.01940491591203105,1.0,1,1,1,5.0,1292.65,1292.65,0.0006591957811470006,2300.9170000000004,25.580145118733512,0.01978891820580475,5.0,2945.1737600000006,1.0,0.24076517150395776,311.225098944591,0.24076517150395776,45.532658311345656,4.153424657534247,0.24076517150395776,25.580145118733512,16804.45,0.0006591957811470006,1.5167547791694134,65.0,2.0,Long Inactive,High Value,Low Frequency
CUST1035,48,Female,India,active,1,7,254.73000000000002,254.73000000000002,36.39,3.9,3,24.0,24,24,2023-11-23,2023-11-23,2021-11-07,746,746,0.03865979381443299,7.0,1,1,1,3.0,254.73000000000002,36.39,0.0013386880856760374,453.41940000000005,10.243833780160859,0.28150134048257375,3.0,580.376832,1.0,0.4892761394101877,124.63331099195713,3.424932975871314,18.23402412868633,2.043835616438356,0.4892761394101877,10.243833780160859,6368.25,0.0013386880856760374,0.6069871485943775,75.0,2.0,Long Inactive,Low Value,Low Frequency
CUST1036,42,Male,UK,paused,1,7,554.3299999999999,554.3299999999999,79.19,4.4,0,13.0,13,13,2024-01-14,2024-01-14,2023-03-08,694,312,0.08771929824561403,7.0,1,1,1,0.0,554.3299999999999,79.18999999999998,0.003194888178913738,1042.1404,53.30096153846153,0.673076923076923,0.0,1438.1537520000002,1.0,1.1698717948717947,648.4950320512819,8.189102564102564,100.20580769230769,0.8547945205479452,1.1698717948717947,53.30096153846153,7760.619999999999,0.003194888178913738,3.329522044728434,0.0,2.0,Long Inactive,Medium Value,Low Frequency
CUST1037,66,Male,India,active,1,4,376.24,376.24,94.06,4.0,3,48.0,48,48,2023-05-16,2023-05-16,2023-03-25,937,52,0.36585365853658536,4.0,1,1,1,3.0,376.24,94.06,0.018867924528301886,677.2320000000001,217.06153846153845,2.3076923076923075,3.0,880.4016000000001,1.0,7.019230769230769,2640.915384615385,28.076923076923077,390.71076923076924,0.14246575342465753,7.019230769230769,217.06153846153845,18435.760000000002,0.018867924528301886,12.777962264150945,147.0,2.0,Long Inactive,Low Value,Low Frequency
CUST1038,25,Female,Pakistan,paused,1,2,1572.96,1572.96,786.48,4.2,3,11.0,11,11,2023-06-29,2023-06-29,2022-02-17,893,497,0.05692599620493359,2.0,1,1,1,3.0,1572.96,786.48,0.002008032128514056,2894.2464,94.94728370221328,0.12072434607645875,3.0,3878.2901760000004,1.0,0.7344064386317907,1155.1919517102615,1.4688128772635813,174.70300201207243,1.3616438356164384,0.7344064386317907,94.94728370221328,18875.52,0.002008032128514056,5.811739759036144,36.0,2.0,Long Inactive,Very High Value,Low Frequency
CUST1039,40,Female,India,active,1,6,123.30000000000001,123.30000000000001,20.55,4.2,5,47.0,47,47,2024-12-13,2024-12-13,2022-04-12,360,976,0.029821073558648114,6.0,1,1,1,5.0,123.30000000000001,20.55,0.0010235414534288639,226.87200000000004,3.789959016393443,0.18442622950819673,5.0,304.0084800000001,1.0,0.37397540983606553,46.111168032786885,2.2438524590163933,6.973524590163936,2.673972602739726,0.37397540983606553,3.789959016393443,5918.400000000001,0.0010235414534288639,0.23221289662231326,240.0,2.0,Long Inactive,Low Value,Low Frequency
CUST1040,31,Male,USA,active,1,5,1016.15,1016.15,203.23,4.5,3,45.0,45,45,2025-06-08,2025-06-08,2023-08-05,183,673,0.04267425320056899,5.0,1,1,1,3.0,1016.15,203.23,0.001483679525222552,1930.685,45.2964338781575,0.22288261515601782,3.0,2702.959,1.0,0.5423476968796433,551.1066121842496,2.7117384843982166,86.06322436849925,1.8438356164383563,0.5423476968796433,45.2964338781575,46742.9,0.001483679525222552,2.864517804154303,138.0,2.0,Long Inactive,Medium Value,Low Frequency
CUST1041,55,Female,Pakistan,active,1,7,455.48999999999995,455.48999999999995,65.07,4.3,5,5.0,5,5,2025-03-28,2025-03-28,2022-07-19,255,983,0.029615004935834157,7.0,1,1,1,5.0,455.48999999999995,65.07,0.0010162601626016261,847.2113999999998,13.901017293997965,0.21363173957273654,5.0,1152.2075039999995,1.0,0.3713123092573754,169.1290437436419,2.599186164801628,25.85589216683621,2.6931506849315068,0.3713123092573754,13.901017293997965,2732.9399999999996,0.0010162601626016261,0.8609871951219511,30.0,2.0,Long Inactive,Low Value,Low Frequency
CUST1042,57,Other,Germany,paused,1,1,1954.64,1954.64,1954.64,4.2,4,36.0,36,36,2025-03-15,2025-03-15,2023-05-23,268,662,0.04335260115606936,1.0,1,1,1,4.0,1954.64,1954.64,0.0015082956259426848,3596.5376000000006,88.57885196374623,0.045317220543806644,4.0,4819.360384000001,1.0,0.5513595166163142,1077.7093655589124,0.5513595166163142,162.98508761329308,1.8136986301369864,0.5513595166163142,88.57885196374623,72321.68000000001,0.0015082956259426848,5.424641930618402,148.0,2.0,Long Inactive,Very High Value,Low Frequency
CUST1043,55,Female,UK,active,1,7,132.86,132.86,18.98,4.3,4,45.0,45,45,2024-05-28,2024-05-28,2023-04-22,559,402,0.06944444444444445,7.0,1,1,1,4.0,132.86,18.98,0.0024813895781637717,247.11960000000002,9.914925373134329,0.5223880597014925,4.0,336.082656,1.0,0.9079601990049752,120.63159203980102,6.355721393034826,18.44176119402985,1.1013698630136985,0.9079601990049752,9.914925373134329,6111.56,0.0024813895781637717,0.6132000000000001,184.0,2.0,Long Inactive,Low Value,Low Frequency
CUST1044,47,Male,Germany,cancelled,1,3,1963.6799999999998,1963.6799999999998,654.56,4.0,5,48.0,48,48,2023-11-12,2023-11-12,2022-11-03,757,374,0.07425742574257425,3.0,1,1,1,5.0,1963.6799999999998,654.56,0.0026666666666666666,3534.624,157.51443850267378,0.24064171122994651,5.0,4595.0112,1.0,0.9759358288770054,1916.4256684491977,2.927807486631016,283.5259893048128,1.0246575342465754,0.9759358288770054,157.51443850267378,96220.31999999999,0.0026666666666666666,9.425664,245.0,2.0,Long Inactive,Very High Value,Low Frequency
CUST1045,29,Male,Pakistan,active,1,5,1670.8500000000001,1670.8500000000001,334.17,3.3,0,6.0,6,6,2022-05-22,2022-05-22,2020-11-30,1296,538,0.0528169014084507,5.0,1,1,1,0.0,1670.8500000000001,334.17,0.0018552875695732839,2773.611,93.17007434944239,0.2788104089219331,0.0,3217.38876,1.0,0.6784386617100372,1133.5692379182158,3.392193308550186,154.66232342007433,1.473972602739726,0.6784386617100372,93.17007434944239,11695.95,0.0018552875695732839,5.1458460111317255,0.0,2.0,Long Inactive,Very High Value,Low Frequency
CUST1046,19,Female,Pakistan,active,1,5,1098.75,1098.75,219.75,4.1,0,37.0,37,37,2025-01-14,2025-01-14,2023-03-21,328,665,0.043165467625899276,5.0,1,1,1,0.0,1098.75,219.75,0.0015015015015015015,1999.725,49.56766917293233,0.22556390977443608,0.0,2639.6369999999997,1.0,0.5488721804511278,603.0733082706768,2.744360902255639,90.21315789473684,1.821917808219178,0.5488721804511278,49.56766917293233,41752.5,0.0015015015015015015,3.00259009009009,0.0,2.0,Long Inactive,High Value,Low Frequency
CUST1047,38,Male,Canada,active,1,7,1561.3500000000001,1561.3500000000001,223.05,4.4,1,23.0,23,23,2022-09-07,2022-09-07,2021-07-13,1188,421,0.06651884700665188,7.0,1,1,1,1.0,1561.3500000000001,223.05,0.002369668246445498,2935.3380000000006,111.2600950118765,0.498812351543943,1.0,4050.7664400000012,1.0,0.8669833729216152,1353.664489311164,6.068883610451306,209.16897862232784,1.1534246575342466,0.8669833729216152,111.2600950118765,37472.4,0.002369668246445498,6.955777251184836,24.0,2.0,Long Inactive,Very High Value,Low Frequency
CUST1048,48,Male,Pakistan,paused,1,4,599.52,599.52,149.88,3.6,5,35.0,35,35,2025-04-18,2025-04-18,2023-10-04,234,562,0.05067567567567567,4.0,1,1,1,5.0,599.52,149.88,0.0017761989342806395,1031.1743999999999,32.002846975088964,0.21352313167259784,5.0,1258.0327679999998,1.0,0.6494661921708186,389.3679715302491,2.5978647686832743,55.044896797153015,1.5397260273972602,0.6494661921708186,32.002846975088964,21582.72,0.0017761989342806395,1.8315708703374776,180.0,2.0,Long Inactive,Medium Value,Low Frequency
CUST1049,58,Male,Germany,active,1,9,1487.43,1487.43,165.27,4.2,4,30.0,30,30,2025-04-01,2025-04-01,2022-06-17,251,1019,0.02859866539561487,9.0,1,1,1,4.0,1487.43,165.27,0.000980392156862745,2736.8712,43.790873405299315,0.2649656526005888,4.0,3667.4074080000005,1.0,0.35819430814524045,532.788959764475,3.223748773307164,80.57520706575073,2.791780821917808,0.35819430814524045,43.790873405299315,46110.33,0.000980392156862745,2.6832070588235295,124.0,2.0,Long Inactive,High Value,Low Frequency
CUST1050,27,Female,Pakistan,paused,1,8,1780.96,1780.96,222.62,4.4,0,37.0,37,37,2024-08-15,2024-08-15,2020-08-29,480,1447,0.020311442112389978,8.0,1,1,1,0.0,1780.96,222.62,0.0006906077348066298,3348.2048000000004,36.92384243261921,0.165860400829302,0.0,4620.522624000001,1.0,0.2522460262612301,449.2400829302004,2.017968210089841,69.41682377332413,3.9643835616438357,0.2522460262612301,36.92384243261921,67676.48,0.0006906077348066298,2.312296132596685,0.0,2.0,Long Inactive,Very High Value,Low Frequency
CUST1051,54,Male,Canada,active,1,2,90.34,90.34,45.17,4.2,2,14.0,14,14,2023-07-13,2023-07-13,2022-05-12,879,427,0.06564551422319476,2.0,1,1,1,2.0,90.34,45.17,0.002336448598130841,166.22560000000001,6.347072599531616,0.14051522248243561,2.0,222.74230400000002,1.0,0.8548009367681499,77.22271662763467,1.7096018735362999,11.678613583138175,1.16986301369863,0.8548009367681499,6.347072599531616,1355.1000000000001,0.002336448598130841,0.38837757009345797,30.0,2.0,Long Inactive,Low Value,Low Frequency
CUST1052,67,Female,USA,active,1,8,1095.6,1095.6,136.95,4.3,3,4.0,4,4,2025-05-28,2025-05-28,2020-09-09,194,1722,0.017123287671232876,8.0,1,1,1,3.0,1095.6,136.95,0.0005803830528148578,2037.8159999999998,19.087108013937282,0.13937282229965156,3.0,2771.4297599999995,1.0,0.2119628339140534,232.2264808362369,1.6957026713124272,35.502020905923345,4.717808219178083,0.2119628339140534,19.087108013937282,5478.0,0.0005803830528148578,1.182713871154962,15.0,2.0,Long Inactive,High Value,Low Frequency
CUST1053,51,Female,Canada,cancelled,1,3,969.1200000000001,969.1200000000001,323.04,4.2,4,8.0,8,8,2021-08-16,2021-08-16,2020-05-10,1575,463,0.060851926977687626,3.0,1,1,1,4.0,969.1200000000001,323.04,0.0021551724137931034,1783.1808000000003,62.793952483801306,0.19438444924406048,4.0,2389.4622720000007,1.0,0.7883369330453563,763.9930885529159,2.365010799136069,115.54087257019441,1.2684931506849315,0.7883369330453563,62.793952483801306,8722.080000000002,0.0021551724137931034,3.843062068965518,36.0,2.0,Long Inactive,Medium Value,Low Frequency
CUST1054,59,Male,UK,cancelled,1,3,312.0,312.0,104.0,4.1,0,1.0,1,1,2024-04-26,2024-04-26,2023-03-05,591,418,0.06696428571428571,3.0,1,1,1,0.0,312.0,104.0,0.002386634844868735,567.8399999999999,22.392344497607656,0.21531100478468898,0.0,749.5487999999998,1.0,0.8732057416267943,272.4401913875598,2.619617224880383,40.75406698564593,1.1452054794520548,0.8732057416267943,22.392344497607656,624.0,0.002386634844868735,1.3552267303102623,0.0,2.0,Long Inactive,Low Value,Low Frequency
CUST1055,42,Female,USA,cancelled,1,3,754.8,754.8,251.6,3.7,4,23.0,23,23,2022-04-08,2022-04-08,2022-09-04,1340,0,1.0,3.0,1,1,1,4.0,754.8,251.6,1.0,1313.3519999999999,7547.999999999999,30.0,4.0,1628.5564799999997,1.0,365.0,275502.0,1095.0,13133.519999999999,0.0,365.0,7547.999999999999,18115.199999999997,1.0,1313.3519999999999,96.0,2.0,Long Inactive,Medium Value,Low Frequency
CUST1056,38,Male,USA,active,1,2,944.08,944.08,472.04,4.2,0,17.0,17,17,2023-12-28,2023-12-28,2023-08-15,711,135,0.18181818181818182,2.0,1,1,1,0.0,944.08,472.04,0.007352941176470588,1737.1072000000001,209.79555555555555,0.4444444444444444,0.0,2327.723648,1.0,2.7037037037037037,2552.5125925925927,5.407407407407407,386.02382222222224,0.3698630136986301,2.7037037037037037,209.79555555555555,16993.440000000002,0.007352941176470588,12.77284705882353,0.0,2.0,Long Inactive,Medium Value,Low Frequency
CUST1057,23,Female,Germany,active,1,8,174.8,174.8,21.85,4.2,5,1.0,1,1,2025-11-02,2025-11-02,2023-02-27,36,979,0.02973240832507433,8.0,1,1,1,5.0,174.8,21.85,0.0010204081632653062,321.63200000000006,5.356486210418795,0.24514811031664965,5.0,430.9868800000001,1.0,0.372829417773238,65.17058222676201,2.982635342185904,9.855934627170583,2.682191780821918,0.372829417773238,5.356486210418795,349.6,0.0010204081632653062,0.328195918367347,10.0,2.0,Recent,Low Value,Low Frequency
CUST1058,18,Male,USA,active,1,5,1476.1000000000001,1476.1000000000001,295.22,4.2,3,18.0,18,18,2023-05-18,2023-05-18,2021-04-22,935,756,0.03816793893129771,5.0,1,1,1,3.0,1476.1000000000001,295.22,0.001321003963011889,2716.0240000000003,58.57539682539683,0.19841269841269843,3.0,3639.4721600000007,1.0,0.48280423280423285,712.6673280423281,2.414021164021164,107.77873015873017,2.0712328767123287,0.48280423280423285,58.57539682539683,28045.9,0.001321003963011889,3.587878467635403,57.0,2.0,Long Inactive,High Value,Low Frequency
CUST1059,41,Female,Canada,paused,1,5,1811.3,1811.3,362.26,4.3,0,13.0,13,13,2023-02-09,2023-02-09,2020-08-30,1033,893,0.032502708559046585,5.0,1,1,1,0.0,1811.3,362.26,0.0011185682326621924,3369.0179999999996,60.849944008958566,0.167973124300112,0.0,4581.864479999999,1.0,0.4087346024636059,740.3409854423293,2.0436730123180293,113.18089585666293,2.4465753424657533,0.4087346024636059,60.849944008958566,25358.2,0.0011185682326621924,3.7684765100671136,0.0,2.0,Long Inactive,Very High Value,Low Frequency
CUST1060,35,Female,Canada,cancelled,1,6,1720.38,1720.38,286.73,3.7,1,42.0,42,42,2021-09-21,2021-09-21,2021-08-16,1539,36,0.45454545454545453,6.0,1,1,1,1.0,1720.38,286.73,0.02702702702702703,2993.4612,1433.65,5.0,1.0,3711.891888,1.0,10.13888888888889,17442.74166666667,60.833333333333336,2494.5510000000004,0.09863013698630137,10.13888888888889,1433.65,73976.34000000001,0.02702702702702703,80.90435675675677,43.0,2.0,Long Inactive,Very High Value,Low Frequency
CUST1061,39,Female,Canada,active,1,9,312.12,312.12,34.68,4.3,3,2.0,2,2,2024-10-01,2024-10-01,2021-12-29,433,1007,0.028929604628736737,9.0,1,1,1,3.0,312.12,34.68,0.000992063492063492,580.5432,9.298510427010923,0.26812313803376364,3.0,789.5387519999998,1.0,0.36246276067527305,113.13187686196623,3.2621648460774577,17.295229394240316,2.758904109589041,0.36246276067527305,9.298510427010923,936.36,0.000992063492063492,0.5759357142857142,9.0,2.0,Long Inactive,Low Value,Low Frequency
CUST1062,33,Female,UK,paused,1,4,1483.88,1483.88,370.97,4.0,4,13.0,13,13,2024-02-02,2024-02-02,2021-09-09,675,876,0.033112582781456956,4.0,1,1,1,4.0,1483.88,370.97,0.0011402508551881414,2670.9840000000004,50.81780821917809,0.136986301369863,4.0,3472.2792000000004,1.0,0.4166666666666667,618.2833333333334,1.6666666666666667,91.47205479452056,2.4,0.4166666666666667,50.81780821917809,20774.32,0.0011402508551881414,3.045591790193843,56.0,2.0,Long Inactive,High Value,Low Frequency
CUST1063,34,Female,Canada,active,1,2,1683.9,1683.9,841.95,4.2,4,9.0,9,9,2022-10-03,2022-10-03,2020-11-26,1162,676,0.04249291784702549,2.0,1,1,1,4.0,1683.9,841.95,0.0014771048744460858,3098.376,74.7292899408284,0.08875739644970414,4.0,4151.823840000001,1.0,0.5399408284023669,909.2063609467457,1.0798816568047338,137.50189349112426,1.8520547945205479,0.5399408284023669,74.7292899408284,16839.0,0.0014771048744460858,4.5766262924667656,40.0,2.0,Long Inactive,Very High Value,Low Frequency
CUST1064,22,Female,Germany,cancelled,1,1,1795.65,1795.65,1795.65,4.2,4,16.0,16,16,2023-03-02,2023-03-02,2022-08-07,1012,207,0.12658227848101264,1.0,1,1,1,4.0,1795.65,1795.65,0.004807692307692308,3303.996,260.2391304347826,0.14492753623188406,4.0,4427.3546400000005,1.0,1.7632850241545894,3166.2427536231885,1.7632850241545894,478.84,0.5671232876712329,1.7632850241545894,260.2391304347826,30526.050000000003,0.004807692307692308,15.884596153846156,68.0,2.0,Long Inactive,Very High Value,Low Frequency
CUST1065,56,Male,Pakistan,paused,1,3,1378.68,1378.68,459.56,4.4,1,7.0,7,7,2025-12-06,2025-12-06,2020-11-16,2,1846,0.015991471215351813,3.0,1,1,1,1.0,1378.68,459.56,0.0005414185165132648,2591.9184000000005,22.405417118093176,0.04875406283856988,1.0,3576.847392000001,1.0,0.19772481040086673,272.59924160346696,0.5931744312026002,42.122184182015175,5.057534246575343,0.19772481040086673,22.405417118093176,11029.44,0.0005414185165132648,1.403312615051435,8.0,2.0,Very Recent,High Value,Low Frequency
CUST1066,54,Female,Pakistan,cancelled,1,5,969.3000000000001,969.3000000000001,193.86,4.1,3,9.0,9,9,2024-10-04,2024-10-04,2023-07-13,430,449,0.06263048016701461,5.0,1,1,1,3.0,969.3000000000001,193.86,0.0022222222222222222,1764.126,64.76391982182628,0.33407572383073497,3.0,2328.64632,1.0,0.8129175946547884,787.9610244988866,4.064587973273943,117.87033407572383,1.2301369863013698,0.8129175946547884,64.76391982182628,9693.0,0.0022222222222222222,3.92028,30.0,2.0,Long Inactive,Medium Value,Low Frequency
CUST1067,66,Female,UK,active,1,3,541.89,541.89,180.63,4.3,4,39.0,39,39,2024-10-30,2024-10-30,2021-09-24,404,1132,0.025817555938037865,3.0,1,1,1,4.0,541.89,180.63,0.00088261253309797,1007.9153999999999,14.361042402826854,0.07950530035335689,4.0,1370.7649439999998,1.0,0.32243816254416957,174.72601590106007,0.9673144876325088,26.711538869257947,3.1013698630136988,0.32243816254416957,14.361042402826854,21675.6,0.00088261253309797,0.8895987643424536,160.0,2.0,Long Inactive,Low Value,Low Frequency
CUST1068,45,Other,Canada,active,1,1,1217.67,1217.67,1217.67,4.2,5,40.0,40,40,2024-11-09,2024-11-09,2023-05-27,394,532,0.05338078291814946,1.0,1,1,1,5.0,1217.67,1217.67,0.001876172607879925,2240.5128000000004,68.6656015037594,0.05639097744360902,5.0,3002.287152000001,1.0,0.6860902255639098,835.4314849624061,0.6860902255639098,126.34470676691731,1.4575342465753425,0.6860902255639098,68.6656015037594,49924.47,0.001876172607879925,4.203588742964354,205.0,2.0,Long Inactive,High Value,Low Frequency
CUST1069,19,Male,Canada,active,1,6,1572.6000000000001,1572.6000000000001,262.1,4.3,4,33.0,33,33,2025-06-29,2025-06-29,2022-01-25,162,1251,0.023419203747072598,6.0,1,1,1,4.0,1572.6000000000001,262.1,0.0007987220447284345,2925.036,37.71223021582734,0.14388489208633093,4.0,3978.0489599999996,1.0,0.2917665867306155,458.83213429256597,1.750599520383693,70.14474820143884,3.4273972602739726,0.2917665867306155,37.71223021582734,53468.4,0.0007987220447284345,2.336290734824281,136.0,2.0,At Risk,Very High Value,Low Frequency
CUST1070,33,Female,India,active,1,3,1398.3899999999999,1398.3899999999999,466.13,4.5,3,25.0,25,25,2024-12-18,2024-12-18,2023-07-29,355,508,0.055762081784386616,3.0,1,1,1,3.0,1398.3899999999999,466.12999999999994,0.0019646365422396855,2656.941,82.58208661417322,0.17716535433070865,3.0,3719.7173999999995,1.0,0.718503937007874,1004.7487204724408,2.1555118110236218,156.90596456692913,1.3917808219178083,0.718503937007874,82.58208661417322,36358.14,0.0019646365422396855,5.219923379174852,78.0,2.0,Long Inactive,High Value,Low Frequency
CUST1071,62,Female,India,active,1,3,1095.48,1095.48,365.16,4.1,2,13.0,13,13,2024-01-03,2024-01-03,2021-09-10,705,845,0.03428571428571429,3.0,1,1,1,2.0,1095.48,365.16,0.001182033096926714,1993.7735999999998,38.892781065088755,0.10650887573964496,2.0,2631.7811519999996,1.0,0.43195266272189353,473.1955029585799,1.2958579881656804,70.78486153846153,2.315068493150685,0.43195266272189353,38.892781065088755,15336.720000000001,0.001182033096926714,2.356706382978723,28.0,2.0,Long Inactive,High Value,Low Frequency
CUST1072,34,Male,Canada,active,1,5,120.39999999999999,120.39999999999999,24.08,4.2,3,28.0,28,28,2021-01-04,2021-01-04,2020-12-14,1799,21,0.5882352941176471,5.0,1,1,1,3.0,120.39999999999999,24.08,0.045454545454545456,221.536,172.0,7.142857142857143,3.0,296.85824,1.0,17.38095238095238,2092.6666666666665,86.90476190476191,316.48,0.057534246575342465,17.38095238095238,172.0,3491.6,0.045454545454545456,10.069818181818182,87.0,2.0,Long Inactive,Low Value,Low Frequency
CUST1073,57,Male,Pakistan,cancelled,1,5,837.35,837.35,167.47,4.0,0,13.0,13,13,2022-10-20,2022-10-20,2021-01-11,1145,647,0.04431314623338257,5.0,1,1,1,0.0,837.35,167.47,0.0015432098765432098,1507.23,38.826120556414224,0.23183925811437403,0.0,1959.3990000000001,1.0,0.5641421947449768,472.38446676970636,2.8207109737248843,69.8870170015456,1.7726027397260273,0.5641421947449768,38.826120556414224,11722.9,0.0015432098765432098,2.325972222222222,0.0,2.0,Long Inactive,Medium Value,Low Frequency
CUST1074,21,Female,India,active,1,6,266.15999999999997,266.15999999999997,44.36,4.1,2,27.0,27,27,2025-05-21,2025-05-21,2021-08-19,201,1371,0.021413276231263382,6.0,1,1,1,2.0,266.15999999999997,44.35999999999999,0.0007288629737609329,484.4111999999999,5.824070021881837,0.13129102844638948,2.0,639.4227839999998,1.0,0.2662290299051787,70.85951859956235,1.5973741794310723,10.599807439824943,3.756164383561644,0.2662290299051787,5.824070021881837,7452.48,0.0007288629737609329,0.35306938775510194,56.0,2.0,Long Inactive,Low Value,Low Frequency
CUST1075,43,Female,USA,cancelled,1,5,788.5,788.5,157.7,4.1,1,32.0,32,32,2024-02-20,2024-02-20,2022-08-20,657,549,0.05181347150259067,5.0,1,1,1,1.0,788.5,157.7,0.0018181818181818182,1435.07,43.08743169398907,0.27322404371584696,1.0,1894.2923999999996,1.0,0.6648451730418944,524.2304189435338,3.324225865209472,78.4191256830601,1.5041095890410958,0.6648451730418944,43.08743169398907,26020.5,0.0018181818181818182,2.6092181818181817,33.0,2.0,Long Inactive,Medium Value,Low Frequency
CUST1076,63,Male,USA,cancelled,1,6,1467.0,1467.0,244.5,4.0,5,19.0,19,19,2022-06-08,2022-06-08,2021-03-05,1279,460,0.06122448979591836,6.0,1,1,1,5.0,1467.0,244.5,0.0021691973969631237,2640.6,95.67391304347825,0.3913043478260869,5.0,3432.78,1.0,0.7934782608695653,1164.0326086956522,4.760869565217392,172.21304347826086,1.2602739726027397,0.7934782608695653,95.67391304347825,29340.0,0.0021691973969631237,5.727982646420824,100.0,2.0,Long Inactive,High Value,Low Frequency
CUST1077,35,Female,UK,cancelled,1,1,1519.11,1519.11,1519.11,4.1,2,47.0,47,47,2024-08-12,2024-08-12,2021-07-17,483,1122,0.026041666666666668,1.0,1,1,1,2.0,1519.11,1519.11,0.0008904719501335708,2764.7801999999997,40.61791443850267,0.026737967914438502,2.0,3649.509863999999,1.0,0.3253119429590018,494.18462566844914,0.3253119429590018,73.92460427807487,3.073972602739726,0.3253119429590018,40.61791443850267,72917.28,0.0008904719501335708,2.4619592163846837,96.0,2.0,Long Inactive,Very High Value,Low Frequency
CUST1078,55,Female,UK,cancelled,1,8,1282.08,1282.08,160.26,3.9,2,44.0,44,44,2023-12-29,2023-12-29,2021-11-04,710,785,0.03680981595092024,8.0,1,1,1,2.0,1282.08,160.26,0.001272264631043257,2282.1023999999998,48.996687898089164,0.3057324840764331,2.0,2921.0910719999997,1.0,0.464968152866242,596.1263694267515,3.719745222929936,87.21410445859871,2.1506849315068495,0.464968152866242,48.996687898089164,57693.6,0.001272264631043257,2.903438167938931,90.0,2.0,Long Inactive,High Value,Low Frequency
CUST1079,54,Male,Germany,active,1,7,1078.0,1078.0,154.0,4.0,5,21.0,21,21,2025-05-21,2025-05-21,2020-05-10,201,1837,0.016068559185859668,7.0,1,1,1,5.0,1078.0,154.0,0.000544069640914037,1940.4,17.604790419161677,0.11431682090364725,5.0,2522.52,1.0,0.19869352204681545,214.19161676646706,1.390854654327708,31.688622754491018,5.032876712328767,0.19869352204681545,17.604790419161677,23716.0,0.000544069640914037,1.0557127312295975,110.0,2.0,Long Inactive,High Value,Low Frequency
CUST1080,53,Male,Germany,active,1,7,834.12,834.12,119.16,4.2,0,4.0,4,4,2023-10-10,2023-10-10,2021-02-11,790,971,0.02997002997002997,7.0,1,1,1,0.0,834.12,119.16,0.00102880658436214,1534.7808,25.770957775489187,0.21627188465499483,0.0,2056.606272,1.0,0.37590113285272914,313.5466529351184,2.631307929969104,47.4185623069001,2.66027397260274,0.37590113285272914,25.770957775489187,4170.6,0.00102880658436214,1.5789925925925927,0.0,2.0,Long Inactive,Medium Value,Low Frequency
CUST1081,20,Male,USA,active,1,5,341.04999999999995,341.04999999999995,68.21,4.0,5,8.0,8,8,2023-12-18,2023-12-18,2023-01-07,721,345,0.08,5.0,1,1,1,5.0,341.04999999999995,68.21,0.002890173410404624,613.89,29.65652173913043,0.43478260869565216,5.0,798.057,1.0,1.0579710144927537,360.8210144927536,5.2898550724637685,53.38173913043478,0.9452054794520548,1.0579710144927537,29.65652173913043,3069.45,0.002890173410404624,1.7742485549132947,45.0,2.0,Long Inactive,Low Value,Low Frequency
CUST1082,18,Male,UK,active,1,7,788.41,788.41,112.63,3.4,0,20.0,20,20,2022-02-20,2022-02-20,2021-09-23,1387,150,0.16666666666666666,7.0,1,1,1,0.0,788.41,112.63,0.006622516556291391,1324.5287999999998,157.682,1.4,0.0,1562.9439839999998,1.0,2.4333333333333336,1918.4643333333333,17.033333333333335,264.90576,0.410958904109589,2.4333333333333336,157.682,16556.61,0.006622516556291391,8.771713907284767,0.0,2.0,Long Inactive,Medium Value,Low Frequency
CUST1083,44,Female,UK,active,1,6,1616.16,1616.16,269.36,4.4,0,16.0,16,16,2023-08-11,2023-08-11,2021-03-10,850,884,0.03282275711159738,6.0,1,1,1,0.0,1616.16,269.36,0.0011299435028248588,3038.3808000000004,54.847058823529416,0.20361990950226244,0.0,4192.965504000001,1.0,0.41289592760181,667.3058823529412,2.47737556561086,103.11247058823531,2.421917808219178,0.41289592760181,54.847058823529416,27474.72,0.0011299435028248588,3.4331986440677973,0.0,2.0,Long Inactive,Very High Value,Low Frequency
CUST1084,20,Male,Pakistan,active,1,1,1032.49,1032.49,1032.49,4.2,0,1.0,1,1,2025-04-26,2025-04-26,2021-02-12,226,1534,0.01918158567774936,1.0,1,1,1,0.0,1032.49,1032.49,0.0006514657980456026,1899.7816,20.19211212516297,0.01955671447196871,0.0,2545.7073440000004,1.0,0.2379400260756193,245.67069752281614,0.2379400260756193,37.15348631029987,4.2027397260273975,0.2379400260756193,20.19211212516297,2064.98,0.0006514657980456026,1.2376427361563518,0.0,2.0,Long Inactive,Medium Value,Low Frequency
CUST1085,51,Female,Germany,active,1,2,506.14,506.14,253.07,4.2,0,7.0,7,7,2023-11-27,2023-11-27,2021-04-04,742,967,0.03009027081243731,2.0,1,1,1,0.0,506.14,253.07,0.0010330578512396695,931.2976,15.7023784901758,0.06204756980351603,0.0,1247.9387840000002,1.0,0.37745604963805585,191.04560496380557,0.7549120992761117,28.892376421923473,2.649315068493151,0.37745604963805585,15.7023784901758,4049.12,0.0010330578512396695,0.9620842975206612,0.0,2.0,Long Inactive,Low Value,Low Frequency
CUST1086,55,Female,Germany,active,1,8,1515.28,1515.28,189.41,4.3,1,3.0,3,3,2024-06-21,2024-06-21,2021-01-15,535,1253,0.02338269680436477,8.0,1,1,1,1.0,1515.28,189.41,0.0007974481658692185,2818.4208,36.279648842777334,0.19154030327214686,1.0,3833.0522879999994,1.0,0.29130087789305664,441.4023942537909,2.330407023144453,67.48014684756583,3.4328767123287673,0.29130087789305664,36.279648842777334,6061.12,0.0007974481658692185,2.2475444976076555,4.0,2.0,Long Inactive,Very High Value,Low Frequency
CUST1087,52,Female,Pakistan,cancelled,1,1,1495.51,1495.51,1495.51,4.3,1,45.0,45,45,2023-06-20,2023-06-20,2022-05-04,902,412,0.06787330316742082,1.0,1,1,1,1.0,1495.51,1495.51,0.002421307506053269,2781.6486,108.89635922330098,0.07281553398058253,1.0,3783.0420959999997,1.0,0.8859223300970873,1324.905703883495,0.8859223300970873,202.5472281553398,1.1287671232876713,0.8859223300970873,108.89635922330098,68793.46,0.002421307506053269,6.735226634382567,46.0,2.0,Long Inactive,Very High Value,Low Frequency
CUST1088,31,Female,Germany,cancelled,1,2,769.4,769.4,384.7,4.5,4,38.0,38,38,2022-08-11,2022-08-11,2021-10-16,1215,299,0.0911854103343465,2.0,1,1,1,4.0,769.4,384.7,0.0033333333333333335,1461.86,77.19732441471571,0.20066889632107024,4.0,2046.6039999999998,1.0,1.2207357859531773,939.2341137123746,2.4414715719063547,146.67491638795985,0.8191780821917808,1.2207357859531773,77.19732441471571,30006.6,0.0033333333333333335,4.872866666666667,156.0,2.0,Long Inactive,Medium Value,Low Frequency
CUST1089,46,Male,India,active,1,6,1538.3999999999999,1538.3999999999999,256.4,4.2,5,29.0,29,29,2023-07-09,2023-07-09,2021-08-28,883,680,0.04225352112676056,6.0,1,1,1,5.0,1538.3999999999999,256.4,0.0014684287812041115,2830.656,67.87058823529411,0.2647058823529412,5.0,3793.07904,1.0,0.5367647058823529,825.7588235294118,3.2205882352941178,124.88188235294116,1.8630136986301369,0.5367647058823529,67.87058823529411,46151.99999999999,0.0014684287812041115,4.156616740088105,150.0,2.0,Long Inactive,Very High Value,Low Frequency
CUST1090,61,Female,Pakistan,active,1,4,1158.8,1158.8,289.7,3.6,0,14.0,14,14,2023-08-08,2023-08-08,2023-07-07,853,32,0.48387096774193555,4.0,1,1,1,0.0,1158.8,289.7,0.030303030303030304,1993.136,1086.375,3.75,0.0,2431.62592,1.0,11.40625,13217.5625,45.625,1868.565,0.08767123287671233,11.40625,1086.375,17382.0,0.030303030303030304,60.398060606060604,0.0,2.0,Long Inactive,High Value,Low Frequency
CUST1091,30,Female,Canada,active,1,5,135.0,135.0,27.0,4.2,2,8.0,8,8,2023-06-26,2023-06-26,2021-02-27,896,849,0.034129692832764506,5.0,1,1,1,2.0,135.0,27.0,0.001176470588235294,248.4,4.770318021201414,0.17667844522968199,2.0,332.85600000000005,1.0,0.4299175500588928,58.03886925795053,2.1495877502944643,8.777385159010601,2.326027397260274,0.4299175500588928,4.770318021201414,1215.0,0.001176470588235294,0.29223529411764704,18.0,2.0,Long Inactive,Low Value,Low Frequency
CUST1092,56,Female,Canada,active,1,3,839.49,839.49,279.83,4.2,2,28.0,28,28,2022-05-22,2022-05-22,2021-09-13,1296,251,0.10676156583629892,3.0,1,1,1,2.0,839.49,279.83,0.003968253968253968,1544.6616000000001,100.33745019920319,0.3585657370517928,2.0,2069.8465440000004,1.0,1.454183266932271,1220.7723107569723,4.362549800796813,184.62090836653388,0.6876712328767123,1.454183266932271,100.33745019920319,24345.21,0.003968253968253968,6.129609523809524,58.0,2.0,Long Inactive,Medium Value,Low Frequency
CUST1093,24,Male,Canada,paused,1,5,1451.45,1451.45,290.29,4.1,0,30.0,30,30,2024-06-28,2024-06-28,2023-05-29,528,396,0.07042253521126761,5.0,1,1,1,0.0,1451.45,290.29,0.0025188916876574307,2641.6389999999997,109.95833333333334,0.3787878787878788,0.0,3486.963479999999,1.0,0.9217171717171717,1337.826388888889,4.608585858585859,200.12416666666664,1.084931506849315,0.9217171717171717,109.95833333333334,44994.950000000004,0.0025188916876574307,6.654002518891686,0.0,2.0,Long Inactive,High Value,Low Frequency
CUST1094,68,Female,Pakistan,active,1,6,1555.56,1555.56,259.26,4.2,2,38.0,38,38,2024-12-25,2024-12-25,2022-07-14,348,895,0.032432432432432434,6.0,1,1,1,2.0,1555.56,259.26,0.0011160714285714285,2862.2304,52.141675977653634,0.2011173184357542,2.0,3835.3887360000003,1.0,0.40782122905027934,634.3903910614525,2.446927374301676,95.94068379888269,2.452054794520548,0.40782122905027934,52.141675977653634,60666.84,0.0011160714285714285,3.1944535714285713,78.0,2.0,Long Inactive,Very High Value,Low Frequency
CUST1095,52,Male,Canada,cancelled,1,5,796.25,796.25,159.25,3.7,5,40.0,40,40,2024-11-11,2024-11-11,2022-10-20,392,753,0.038314176245210725,5.0,1,1,1,5.0,796.25,159.25,0.001326259946949602,1385.475,31.723107569721115,0.199203187250996,5.0,1717.9889999999998,1.0,0.48472775564409026,385.9644754316069,2.4236387782204516,55.198207171314735,2.063013698630137,0.48472775564409026,31.723107569721115,32646.25,0.001326259946949602,1.8374999999999997,205.0,2.0,Long Inactive,Medium Value,Low Frequency
CUST1096,43,Female,USA,active,1,3,187.23,187.23,62.41,3.8,0,30.0,30,30,2021-10-19,2021-10-19,2021-02-15,1511,246,0.10869565217391305,3.0,1,1,1,0.0,187.23,62.41,0.004048582995951417,329.52479999999997,22.832926829268292,0.3658536585365854,0.0,415.20124799999996,1.0,1.483739837398374,277.8006097560975,4.451219512195122,40.1859512195122,0.673972602739726,1.483739837398374,22.832926829268292,5804.13,0.004048582995951417,1.3341085020242913,0.0,2.0,Long Inactive,Low Value,Low Frequency
CUST1097,35,Male,Pakistan,active,1,5,538.65,538.65,107.73,3.7,4,26.0,26,26,2022-11-21,2022-11-21,2021-03-31,1113,600,0.047619047619047616,5.0,1,1,1,4.0,538.65,107.72999999999999,0.0016638935108153079,937.251,26.932499999999997,0.25,4.0,1162.1912399999999,1.0,0.6083333333333334,327.67875,3.041666666666667,46.86255,1.643835616438356,0.6083333333333334,26.932499999999997,14543.55,0.0016638935108153079,1.5594858569051582,108.0,2.0,Long Inactive,Low Value,Low Frequency
CUST1098,66,Male,Germany,paused,1,2,1113.14,1113.14,556.57,4.5,5,40.0,40,40,2022-07-08,2022-07-08,2021-09-15,1249,296,0.09202453987730061,2.0,1,1,1,5.0,1113.14,556.57,0.003367003367003367,2114.966,112.81824324324324,0.2027027027027027,5.0,2960.9523999999997,1.0,1.2331081081081081,1372.6219594594595,2.4662162162162162,214.35466216216213,0.810958904109589,1.2331081081081081,112.81824324324324,45638.740000000005,0.003367003367003367,7.1210976430976425,205.0,2.0,Long Inactive,High Value,Low Frequency
CUST1099,32,Female,UK,active,1,1,990.57,990.57,990.57,4.1,2,5.0,5,5,2022-04-15,2022-04-15,2021-09-18,1333,209,0.12552301255230125,1.0,1,1,1,2.0,990.57,990.57,0.004761904761904762,1802.8374,142.18708133971293,0.14354066985645933,2.0,2379.7453679999994,1.0,1.7464114832535886,1729.9428229665073,1.7464114832535886,258.7804880382775,0.5726027397260274,1.7464114832535886,142.18708133971293,5943.42,0.004761904761904762,8.58494,12.0,2.0,Long Inactive,Medium Value,Low Frequency
CUST1100,57,Female,UK,cancelled,1,6,844.26,844.26,140.71,4.3,2,26.0,26,26,2024-01-20,2024-01-20,2020-11-28,688,1148,0.025466893039049237,6.0,1,1,1,2.0,844.26,140.71,0.0008703220191470844,1570.3236,22.062543554006968,0.15679442508710803,2.0,2135.6400959999996,1.0,0.31794425087108014,268.4276132404181,1.9076655052264808,41.03633101045296,3.1452054794520548,0.31794425087108014,22.062543554006968,22795.02,0.0008703220191470844,1.3666872062663185,54.0,2.0,Long Inactive,Medium Value,Low Frequency
CUST1101,49,Male,USA,active,1,9,347.31000000000006,347.31000000000006,38.59,4.3,2,48.0,48,48,2024-09-20,2024-09-20,2022-04-15,444,889,0.03264417845484222,9.0,1,1,1,2.0,347.31000000000006,38.59,0.0011235955056179776,645.9966000000001,11.720247469066368,0.30371203599550056,2.0,878.555376,1.0,0.41057367829021374,142.59634420697415,3.6951631046119235,21.799660292463443,2.4356164383561643,0.41057367829021374,11.720247469066368,17018.190000000002,0.0011235955056179776,0.7258388764044945,98.0,2.0,Long Inactive,Low Value,Low Frequency
CUST1102,62,Female,USA,active,1,8,1574.32,1574.32,196.79,4.0,1,35.0,35,35,2024-08-07,2024-08-07,2023-08-14,488,359,0.07712082262210797,8.0,1,1,1,1.0,1574.32,196.79,0.002777777777777778,2833.776,131.55877437325904,0.6685236768802229,1.0,3683.9087999999997,1.0,1.0167130919220055,1600.6317548746517,8.133704735376044,236.80579387186629,0.9835616438356164,1.0167130919220055,131.55877437325904,56675.52,0.002777777777777778,7.8716,36.0,2.0,Long Inactive,Very High Value,Low Frequency
CUST1103,36,Female,Germany,active,1,5,421.70000000000005,421.70000000000005,84.34,4.2,4,41.0,41,41,2025-06-04,2025-06-04,2023-06-18,187,717,0.040160642570281124,5.0,1,1,1,4.0,421.70000000000005,84.34,0.001392757660167131,775.9280000000001,17.64435146443515,0.2092050209205021,4.0,1039.7435200000002,1.0,0.509065550906555,214.6729428172943,2.5453277545327753,32.46560669456068,1.9643835616438357,0.509065550906555,17.64435146443515,17711.4,0.001392757660167131,1.0806796657381617,168.0,2.0,Long Inactive,Low Value,Low Frequency
CUST1104,51,Male,USA,paused,1,1,760.96,760.96,760.96,4.2,2,13.0,13,13,2023-10-17,2023-10-17,2022-07-27,783,447,0.06289308176100629,1.0,1,1,1,2.0,760.96,760.96,0.002232142857142857,1400.1664,51.07114093959731,0.06711409395973154,2.0,1876.2229760000002,1.0,0.8165548098434005,621.365548098434,0.8165548098434005,93.97089932885906,1.2246575342465753,0.8165548098434005,51.07114093959731,10653.44,0.002232142857142857,3.1253714285714285,28.0,2.0,Long Inactive,Medium Value,Low Frequency
CUST1105,54,Female,India,active,1,2,1432.6,1432.6,716.3,4.3,4,24.0,24,24,2024-10-11,2024-10-11,2022-01-10,423,1005,0.028985507246376812,2.0,1,1,1,4.0,1432.6,716.3,0.0009940357852882703,2664.6359999999995,42.76417910447761,0.05970149253731343,4.0,3623.904959999999,1.0,0.36318407960199006,520.297512437811,0.7263681592039801,79.54137313432834,2.7534246575342465,0.36318407960199006,42.76417910447761,35815.0,0.0009940357852882703,2.6487435387673948,100.0,2.0,Long Inactive,High Value,Low Frequency
CUST1106,27,Female,UK,cancelled,1,5,1981.8000000000002,1981.8000000000002,396.36,4.2,0,34.0,34,34,2025-02-21,2025-02-21,2022-09-15,290,890,0.03260869565217391,5.0,1,1,1,0.0,1981.8000000000002,396.36,0.001122334455667789,3646.5120000000006,66.80224719101123,0.16853932584269662,0.0,4886.326080000001,1.0,0.4101123595505618,812.7606741573035,2.0505617977528092,122.9161348314607,2.4383561643835616,0.4101123595505618,66.80224719101123,69363.0,0.001122334455667789,4.0926060606060615,0.0,2.0,Long Inactive,Very High Value,Low Frequency
CUST1107,42,Female,Germany,active,1,2,1611.68,1611.68,805.84,4.3,0,39.0,39,39,2022-08-03,2022-08-03,2020-10-16,1223,656,0.043731778425655975,2.0,1,1,1,0.0,1611.68,805.84,0.0015220700152207,2997.7248,73.70487804878049,0.09146341463414634,0.0,4076.9057279999997,1.0,0.5564024390243902,896.7426829268293,1.1128048780487805,137.0910731707317,1.7972602739726027,0.5564024390243902,73.70487804878049,64467.200000000004,0.0015220700152207,4.56274703196347,0.0,2.0,Long Inactive,Very High Value,Low Frequency
CUST1108,51,Other,India,cancelled,1,4,430.68,430.68,107.67,4.3,3,26.0,26,26,2024-11-11,2024-11-11,2022-04-07,392,949,0.030643513789581207,4.0,1,1,1,3.0,430.68,107.67,0.0010526315789473684,801.0648,13.614752370916754,0.12644889357218125,3.0,1089.448128,1.0,0.3846153846153846,165.64615384615385,1.5384615384615383,25.323439409905163,2.6,0.3846153846153846,13.614752370916754,11628.36,0.0010526315789473684,0.8432261052631579,81.0,2.0,Long Inactive,Low Value,Low Frequency
CUST1109,39,Male,India,cancelled,1,6,1400.04,1400.04,233.34,3.9,1,44.0,44,44,2024-05-04,2024-05-04,2022-06-11,583,693,0.04149377593360996,6.0,1,1,1,1.0,1400.04,233.34,0.001440922190201729,2492.0712,60.6077922077922,0.2597402597402597,1.0,3189.8511359999998,1.0,0.5266955266955267,737.3948051948051,3.16017316017316,107.88187012987012,1.8986301369863015,0.5266955266955267,60.6077922077922,63001.799999999996,0.001440922190201729,3.590880691642651,45.0,2.0,Long Inactive,High Value,Low Frequency
CUST1110,23,Female,Canada,active,1,3,1061.4,1061.4,353.8,4.1,1,11.0,11,11,2023-08-21,2023-08-21,2022-10-29,840,296,0.09202453987730061,3.0,1,1,1,1.0,1061.4,353.8,0.003367003367003367,1931.748,107.57432432432432,0.30405405405405406,1.0,2549.9073599999997,1.0,1.2331081081081081,1308.820945945946,3.699324324324324,195.78527027027027,0.810958904109589,1.2331081081081081,107.57432432432432,12736.800000000001,0.003367003367003367,6.50420202020202,12.0,2.0,Long Inactive,High Value,Low Frequency
CUST1111,59,Female,India,paused,1,8,1770.24,1770.24,221.28,4.3,0,41.0,41,41,2023-12-26,2023-12-26,2023-01-27,713,333,0.08264462809917356,8.0,1,1,1,0.0,1770.24,221.28,0.0029940119760479044,3292.6463999999996,159.4810810810811,0.7207207207207208,0.0,4477.9991039999995,1.0,1.0960960960960962,1940.353153153153,8.76876876876877,296.6348108108108,0.9123287671232877,1.0960960960960962,159.4810810810811,74350.08,0.0029940119760479044,9.858222754491017,0.0,2.0,Long Inactive,Very High Value,Low Frequency
CUST1112,29,Female,Canada,paused,1,8,1982.24,1982.24,247.78,4.3,4,28.0,28,28,2023-05-10,2023-05-10,2021-02-13,943,816,0.03546099290780142,8.0,1,1,1,4.0,1982.24,247.78,0.0012239902080783353,3686.9664,72.87647058823529,0.29411764705882354,4.0,5014.274304,1.0,0.4473039215686274,886.663725490196,3.5784313725490193,135.55023529411764,2.2356164383561645,0.4473039215686274,72.87647058823529,57484.96,0.0012239902080783353,4.5128107711138306,116.0,2.0,Long Inactive,Very High Value,Low Frequency
CUST1113,50,Male,India,cancelled,1,1,1810.76,1810.76,1810.76,4.1,0,13.0,13,13,2025-07-03,2025-07-03,2023-11-08,158,603,0.04739336492890995,1.0,1,1,1,0.0,1810.76,1810.76,0.0016556291390728477,3295.5831999999996,90.08756218905472,0.04975124378109452,0.0,4350.169823999999,1.0,0.6053067993366501,1096.0653399668324,0.6053067993366501,163.95936318407956,1.652054794520548,0.6053067993366501,90.08756218905472,25350.64,0.0016556291390728477,5.45626357615894,0.0,2.0,At Risk,Very High Value,Low Frequency
CUST1114,31,Female,Pakistan,active,1,6,987.72,987.72,164.62,4.5,3,15.0,15,15,2023-05-27,2023-05-27,2021-12-16,926,527,0.05385996409335727,6.0,1,1,1,3.0,987.72,164.62,0.001893939393939394,1876.668,56.226944971537,0.3415559772296015,3.0,2627.3351999999995,1.0,0.6925996204933587,684.0944971537002,4.1555977229601515,106.8311954459203,1.4438356164383561,0.6925996204933587,56.226944971537,15803.52,0.001893939393939394,3.5542954545454544,48.0,2.0,Long Inactive,Medium Value,Low Frequency
CUST1115,65,Female,Canada,active,1,5,287.4,287.4,57.48,4.1,3,42.0,42,42,2022-01-10,2022-01-10,2022-07-26,1428,0,1.0,5.0,1,1,1,3.0,287.4,57.48,1.0,523.0679999999999,2873.9999999999995,50.0,3.0,690.4497599999997,1.0,365.0,104900.99999999999,1825.0,5230.6799999999985,0.0,365.0,2873.9999999999995,12358.199999999999,1.0,523.0679999999999,129.0,2.0,Long Inactive,Low Value,Low Frequency
CUST1116,28,Female,Canada,active,1,3,1293.78,1293.78,431.26,3.6,0,3.0,3,3,2024-09-28,2024-09-28,2022-11-29,436,669,0.04291845493562232,3.0,1,1,1,0.0,1293.78,431.26,0.0014925373134328358,2225.3016,58.01704035874439,0.13452914798206278,0.0,2714.8679519999996,1.0,0.5455904334828102,705.8739910313901,1.6367713004484306,99.78930941704034,1.832876712328767,0.5455904334828102,58.01704035874439,5175.12,0.0014925373134328358,3.3213456716417906,0.0,2.0,Long Inactive,High Value,Low Frequency
CUST1117,31,Male,Germany,cancelled,1,8,1645.52,1645.52,205.69,3.5,0,7.0,7,7,2021-09-06,2021-09-06,2020-12-30,1554,250,0.10714285714285714,8.0,1,1,1,0.0,1645.52,205.69,0.00398406374501992,2797.384,197.46239999999997,0.96,0.0,3356.8608,1.0,1.4600000000000002,2402.4592000000002,11.680000000000001,335.68608,0.684931506849315,1.4600000000000002,197.46239999999997,13164.16,0.00398406374501992,11.144956175298805,0.0,2.0,Long Inactive,Very High Value,Low Frequency
CUST1118,45,Male,Canada,active,1,1,338.72,338.72,338.72,4.0,1,22.0,22,22,2024-09-17,2024-09-17,2022-01-03,447,988,0.02946954813359529,1.0,1,1,1,1.0,338.72,338.72,0.0010111223458038423,609.696,10.285020242914982,0.03036437246963563,1.0,792.6048000000001,1.0,0.3694331983805668,125.13441295546559,0.3694331983805668,18.513036437246967,2.706849315068493,0.3694331983805668,10.285020242914982,7790.56,0.0010111223458038423,0.6164772497472195,23.0,2.0,Long Inactive,Low Value,Low Frequency
CUST1119,19,Female,USA,active,1,9,1570.41,1570.41,174.49,3.8,1,25.0,25,25,2024-06-28,2024-06-28,2021-12-09,528,932,0.03118503118503119,9.0,1,1,1,1.0,1570.41,174.49,0.0010718113612004287,2763.9216,50.54967811158799,0.28969957081545067,1.0,3482.541216,1.0,0.3916309012875536,615.0210836909871,3.5246781115879826,88.96743347639486,2.5534246575342467,0.3916309012875536,50.54967811158799,40830.66,0.0010718113612004287,2.962402572347267,26.0,2.0,Long Inactive,Very High Value,Low Frequency
CUST1120,64,Male,Pakistan,cancelled,1,6,612.0600000000001,612.0600000000001,102.01,4.4,5,1.0,1,1,2022-06-08,2022-06-08,2020-11-16,1279,569,0.05008347245409015,6.0,1,1,1,5.0,612.0600000000001,102.01,0.0017543859649122807,1150.6728000000003,32.270298769771536,0.31634446397188054,5.0,1587.9284640000005,1.0,0.6414762741652021,392.62196836555364,3.8488576449912126,60.668161687170496,1.558904109589041,0.6414762741652021,32.270298769771536,1224.1200000000001,0.0017543859649122807,2.018724210526316,10.0,2.0,Long Inactive,Medium Value,Low Frequency
CUST1121,23,Male,UK,active,1,5,1949.95,1949.95,389.99,3.7,5,3.0,3,3,2024-04-27,2024-04-27,2022-10-30,590,545,0.05217391304347826,5.0,1,1,1,5.0,1949.95,389.99,0.0018315018315018315,3392.913,107.33669724770641,0.2752293577981651,5.0,4207.21212,1.0,0.6697247706422018,1305.9298165137616,3.3486238532110093,186.76585321100916,1.4931506849315068,0.6697247706422018,107.33669724770641,7799.8,0.0018315018315018315,6.214126373626374,20.0,2.0,Long Inactive,Very High Value,Low Frequency
CUST1122,22,Male,UK,cancelled,1,6,129.42000000000002,129.42000000000002,21.57,4.3,2,49.0,49,49,2024-12-19,2024-12-19,2022-03-12,354,1013,0.028763183125599234,6.0,1,1,1,2.0,129.42000000000002,21.570000000000004,0.0009861932938856016,240.7212,3.832773938795657,0.17769002961500494,2.0,327.380832,1.0,0.36031589338598224,46.63208292201383,2.1618953603158935,7.128959526159922,2.7753424657534245,0.36031589338598224,3.832773938795657,6471.000000000001,0.0009861932938856016,0.2373976331360947,100.0,2.0,Long Inactive,Low Value,Low Frequency
CUST1123,68,Male,USA,cancelled,1,2,1298.36,1298.36,649.18,4.1,1,38.0,38,38,2024-09-24,2024-09-24,2023-04-25,440,518,0.05474452554744526,2.0,1,1,1,1.0,1298.36,649.18,0.0019267822736030828,2363.0152,75.19459459459459,0.11583011583011583,1.0,3119.180063999999,1.0,0.7046332046332047,914.8675675675676,1.4092664092664093,136.85416216216217,1.4191780821917808,0.7046332046332047,75.19459459459459,50636.03999999999,0.0019267822736030828,4.553015799614643,39.0,2.0,Long Inactive,High Value,Low Frequency
CUST1124,61,Female,Canada,cancelled,1,2,1929.76,1929.76,964.88,4.2,3,5.0,5,5,2025-04-23,2025-04-23,2023-02-19,229,794,0.03640776699029127,2.0,1,1,1,3.0,1929.76,964.88,0.0012578616352201257,3550.7584,72.91284634760706,0.07556675062972293,3.0,4758.016256000001,1.0,0.45969773299748107,887.1062972292191,0.9193954659949621,134.15963727959698,2.175342465753425,0.45969773299748107,72.91284634760706,11578.56,0.0012578616352201257,4.466362767295598,18.0,2.0,Long Inactive,Very High Value,Low Frequency
CUST1125,52,Male,UK,active,1,8,1608.48,1608.48,201.06,4.1,0,28.0,28,28,2024-08-02,2024-08-02,2023-05-20,493,440,0.06382978723404256,8.0,1,1,1,0.0,1608.48,201.06,0.0022675736961451248,2927.4336,109.66909090909091,0.5454545454545455,0.0,3864.212351999999,1.0,0.8295454545454546,1334.307272727273,6.636363636363637,199.59774545454545,1.2054794520547945,0.8295454545454546,109.66909090909091,46645.92,0.0022675736961451248,6.638171428571428,0.0,2.0,Long Inactive,Very High Value,Low Frequency
CUST1126,35,Female,UK,active,1,1,178.81,178.81,178.81,4.3,1,41.0,41,41,2024-10-18,2024-10-18,2021-09-06,416,1138,0.025684931506849317,1.0,1,1,1,1.0,178.81,178.81,0.000877963125548727,332.5866,4.713796133567663,0.026362038664323375,1.0,452.3177759999999,1.0,0.32073813708260107,57.3511862917399,0.32073813708260107,8.767660808435853,3.117808219178082,0.32073813708260107,4.713796133567663,7510.02,0.000877963125548727,0.29199877085162423,42.0,2.0,Long Inactive,Low Value,Low Frequency
CUST1127,45,Female,Germany,cancelled,1,5,838.45,838.45,167.69,4.2,2,49.0,49,49,2023-02-27,2023-02-27,2022-07-25,1015,217,0.12145748987854249,5.0,1,1,1,2.0,838.45,167.69,0.0045871559633027525,1542.748,115.9147465437788,0.6912442396313364,2.0,2067.2823200000003,1.0,1.6820276497695852,1410.2960829493088,8.410138248847927,213.283133640553,0.5945205479452055,1.6820276497695852,115.9147465437788,41922.5,0.0045871559633027525,7.076825688073395,100.0,2.0,Long Inactive,Medium Value,Low Frequency
CUST1128,49,Female,Germany,active,1,6,117.35999999999999,117.35999999999999,19.56,4.2,2,43.0,43,43,2022-12-10,2022-12-10,2022-09-28,1094,73,0.29126213592233013,6.0,1,1,1,2.0,117.35999999999999,19.56,0.013513513513513514,215.9424,48.23013698630137,2.4657534246575343,2.0,289.362816,1.0,5.0,586.7999999999998,30.0,88.74345205479453,0.2,5.0,48.23013698630137,5163.839999999999,0.013513513513513514,2.9181405405405405,88.0,2.0,Long Inactive,Low Value,Low Frequency
CUST1129,31,Male,UK,active,1,3,510.81000000000006,510.81000000000006,170.27,4.4,0,34.0,34,34,2024-10-01,2024-10-01,2021-04-24,433,1256,0.02332814930015552,3.0,1,1,1,0.0,510.81000000000006,170.27,0.0007955449482895784,960.3228000000001,12.200875796178345,0.07165605095541401,0.0,1325.2454640000003,1.0,0.2906050955414013,148.44398885350319,0.8718152866242038,22.93764649681529,3.441095890410959,0.2906050955414013,12.200875796178345,17878.350000000002,0.0007955449482895784,0.7639799522673032,0.0,2.0,Long Inactive,Low Value,Low Frequency
CUST1130,33,Male,Germany,cancelled,1,2,1936.1,1936.1,968.05,4.3,3,3.0,3,3,2024-07-08,2024-07-08,2022-10-20,518,627,0.04566210045662101,2.0,1,1,1,3.0,1936.1,968.05,0.0015923566878980893,3601.1459999999997,92.63636363636364,0.09569377990430622,3.0,4897.5585599999995,1.0,0.5821371610845295,1127.0757575757575,1.164274322169059,172.30363636363637,1.7178082191780821,0.5821371610845295,92.63636363636364,7744.4,0.0015923566878980893,5.734308917197452,12.0,2.0,Long Inactive,Very High Value,Low Frequency
CUST1131,21,Female,UK,cancelled,1,6,1106.04,1106.04,184.34,4.3,0,13.0,13,13,2025-01-25,2025-01-25,2021-08-11,317,1263,0.02320185614849188,6.0,1,1,1,0.0,1106.04,184.34,0.0007911392405063291,2057.2344,26.271733966745842,0.14251781472684086,0.0,2797.8387839999996,1.0,0.2889944576405384,319.6394299287411,1.7339667458432304,48.86542517814726,3.4602739726027396,0.2889944576405384,26.271733966745842,15484.56,0.0007911392405063291,1.6275588607594935,0.0,2.0,Long Inactive,High Value,Low Frequency
CUST1132,59,Female,USA,active,1,4,1328.56,1328.56,332.14,4.0,3,3.0,3,3,2023-12-06,2023-12-06,2022-07-13,733,511,0.055452865064695,4.0,1,1,1,3.0,1328.56,332.14,0.001953125,2391.408,77.99765166340508,0.23483365949119372,3.0,3108.8304,1.0,0.7142857142857143,948.9714285714286,2.857142857142857,140.39577299412915,1.4,0.7142857142857143,77.99765166340508,5314.24,0.001953125,4.67071875,12.0,2.0,Long Inactive,High Value,Low Frequency
CUST1133,46,Female,Germany,active,1,5,213.25,213.25,42.65,3.9,2,34.0,34,34,2022-04-11,2022-04-11,2021-06-29,1337,286,0.0949367088607595,5.0,1,1,1,2.0,213.25,42.65,0.003484320557491289,379.585,22.36888111888112,0.5244755244755245,2.0,485.86879999999996,1.0,1.2762237762237763,272.15472027972027,6.381118881118881,39.81660839160839,0.7835616438356164,1.2762237762237763,22.36888111888112,7463.75,0.003484320557491289,1.3225958188153308,70.0,2.0,Long Inactive,Low Value,Low Frequency
CUST1134,35,Male,UK,active,1,9,191.70000000000002,191.70000000000002,21.3,4.2,1,43.0,43,43,2024-11-18,2024-11-18,2021-05-09,385,1289,0.022744503411675512,9.0,1,1,1,1.0,191.70000000000002,21.3,0.0007751937984496124,352.72800000000007,4.461598138091544,0.2094647013188518,1.0,472.65552000000014,1.0,0.2831652443754849,54.282777346780456,2.548487199379364,8.209340574088442,3.5315068493150683,0.2831652443754849,4.461598138091544,8434.800000000001,0.0007751937984496124,0.27343255813953493,44.0,2.0,Long Inactive,Low Value,Low Frequency
CUST1135,51,Male,USA,cancelled,1,7,782.46,782.46,111.78,4.3,5,28.0,28,28,2024-05-17,2024-05-17,2023-05-20,570,363,0.07633587786259542,7.0,1,1,1,5.0,782.46,111.78,0.0027472527472527475,1455.3756,64.66611570247935,0.578512396694215,5.0,1979.310816,1.0,1.0055096418732783,786.7710743801653,7.038567493112947,120.27897520661158,0.9945205479452055,1.0055096418732783,64.66611570247935,22691.34,0.0027472527472527475,3.998284615384616,145.0,2.0,Long Inactive,Medium Value,Low Frequency
CUST1136,51,Female,India,active,1,7,722.82,722.82,103.26,3.9,1,25.0,25,25,2022-08-07,2022-08-07,2022-10-01,1219,0,1.0,7.0,1,1,1,1.0,722.82,103.26,1.0,1286.6196000000002,7228.2,70.0,1.0,1646.8730880000003,1.0,365.0,263829.3,2555.0,12866.196000000002,0.0,365.0,7228.2,18793.32,1.0,1286.6196000000002,26.0,2.0,Long Inactive,Medium Value,Low Frequency
CUST1137,39,Female,USA,active,1,9,49.32000000000001,49.32000000000001,5.48,4.6,3,11.0,11,11,2024-11-07,2024-11-07,2021-02-05,396,1371,0.021413276231263382,9.0,1,1,1,3.0,49.32000000000001,5.48,0.0007288629737609329,94.69440000000002,1.0792122538293218,0.19693654266958424,3.0,134.46604800000003,1.0,0.2662290299051787,13.130415754923416,2.396061269146608,2.0720875273522976,3.756164383561644,0.2662290299051787,1.0792122538293218,591.8400000000001,0.0007288629737609329,0.06901924198250729,36.0,2.0,Long Inactive,Low Value,Low Frequency
CUST1138,36,Female,Germany,active,1,5,759.8000000000001,759.8000000000001,151.96,3.9,3,16.0,16,16,2023-09-05,2023-09-05,2023-07-04,825,63,0.3225806451612903,5.0,1,1,1,3.0,759.8000000000001,151.96,0.015625,1352.4440000000002,361.80952380952385,2.380952380952381,3.0,1731.1283200000003,1.0,5.7936507936507935,4402.015873015873,28.968253968253965,644.0209523809524,0.1726027397260274,5.7936507936507935,361.80952380952385,12916.6,0.015625,21.131937500000003,51.0,2.0,Long Inactive,Medium Value,Low Frequency
CUST1139,49,Female,Pakistan,active,1,9,1375.02,1375.02,152.78,4.3,3,12.0,12,12,2023-07-19,2023-07-19,2023-07-06,873,13,0.6976744186046512,9.0,1,1,1,3.0,1375.02,152.78,0.07142857142857142,2557.5371999999998,3173.123076923077,20.76923076923077,3.0,3478.2505919999994,1.0,28.076923076923077,38606.33076923077,252.6923076923077,5902.008923076923,0.03561643835616438,28.076923076923077,3173.123076923077,17875.26,0.07142857142857142,182.68122857142853,39.0,2.0,Long Inactive,High Value,Low Frequency
CUST1140,55,Male,UK,active,1,7,1259.02,1259.02,179.86,4.1,2,3.0,3,3,2024-02-25,2024-02-25,2022-02-14,652,741,0.038910505836575876,7.0,1,1,1,2.0,1259.02,179.85999999999999,0.0013477088948787063,2291.4163999999996,50.97246963562753,0.2834008097165992,2.0,3024.669647999999,1.0,0.49257759784075567,620.1650472334682,3.44804318488529,92.76989473684209,2.03013698630137,0.49257759784075567,50.97246963562753,5036.08,0.0013477088948787063,3.088162264150943,8.0,2.0,Long Inactive,High Value,Low Frequency
CUST1141,19,Female,Germany,cancelled,1,8,1749.76,1749.76,218.72,4.4,4,9.0,9,9,2024-03-11,2024-03-11,2023-03-24,637,353,0.07832898172323759,8.0,1,1,1,4.0,1749.76,218.72,0.002824858757062147,3289.5488,148.70481586402266,0.6798866855524078,4.0,4539.577344,1.0,1.0339943342776203,1809.241926345609,8.271954674220963,279.56505382436256,0.9671232876712329,1.0339943342776203,148.70481586402266,17497.6,0.002824858757062147,9.292510734463276,40.0,2.0,Long Inactive,Very High Value,Low Frequency
CUST1142,47,Female,UK,cancelled,1,4,710.88,710.88,177.72,3.2,0,46.0,46,46,2025-03-28,2025-03-28,2023-02-06,255,781,0.03699136868064118,4.0,1,1,1,0.0,710.88,177.72,0.0012787723785166241,1165.8432,27.30653008962868,0.15364916773367476,0.0,1329.0612480000002,1.0,0.46734955185659405,332.2294494238156,1.8693982074263762,44.782709346991034,2.1397260273972605,0.46734955185659405,27.30653008962868,33411.36,0.0012787723785166241,1.4908480818414325,0.0,2.0,Long Inactive,Medium Value,Low Frequency
CUST1143,53,Female,India,active,1,4,897.48,897.48,224.37,4.2,5,30.0,30,30,2025-04-26,2025-04-26,2021-10-20,226,1284,0.022831050228310504,4.0,1,1,1,5.0,897.48,224.37,0.0007782101167315176,1651.3632,20.969158878504675,0.09345794392523366,5.0,2212.826688,1.0,0.2842679127725857,255.12476635514017,1.1370716510903427,38.5832523364486,3.5178082191780824,0.2842679127725857,20.969158878504675,27821.88,0.0007782101167315176,1.2851075486381325,155.0,2.0,Long Inactive,Medium Value,Low Frequency
CUST1144,46,Female,India,active,1,7,1985.2000000000003,1985.2000000000003,283.6,4.2,3,18.0,18,18,2024-06-26,2024-06-26,2021-10-11,530,989,0.02944062806673209,7.0,1,1,1,3.0,1985.2000000000003,283.6,0.00101010101010101,3652.7680000000005,60.218402426693636,0.21233569261880686,3.0,4894.709120000001,1.0,0.3690596562184024,732.6572295247726,2.583417593528817,110.80186046511629,2.7095890410958905,0.3690596562184024,60.218402426693636,37718.8,0.00101010101010101,3.6896646464646468,57.0,2.0,Long Inactive,Very High Value,Low Frequency
CUST1145,48,Male,Germany,cancelled,1,9,1503.0,1503.0,167.0,3.7,2,23.0,23,23,2024-05-09,2024-05-09,2021-07-08,578,1036,0.028142589118198877,9.0,1,1,1,2.0,1503.0,167.0,0.0009643201542912247,2615.22,43.52316602316603,0.26061776061776065,2.0,3242.8727999999996,1.0,0.35231660231660233,529.5318532818533,3.170849420849421,75.73030888030888,2.8383561643835615,0.35231660231660233,43.52316602316603,36072.0,0.0009643201542912247,2.5219093539054964,48.0,2.0,Long Inactive,Very High Value,Low Frequency
CUST1146,47,Female,USA,active,1,6,726.36,726.36,121.06,4.5,1,24.0,24,24,2023-10-30,2023-10-30,2021-03-17,770,957,0.030395136778115502,6.0,1,1,1,1.0,726.36,121.06,0.0010438413361169101,1380.084,22.769905956112854,0.18808777429467086,1.0,1932.1176,1.0,0.38140020898641586,277.03385579937304,2.2884012539184955,43.26282131661442,2.621917808219178,0.38140020898641586,22.769905956112854,18159.0,0.0010438413361169101,1.44058872651357,25.0,2.0,Long Inactive,Medium Value,Low Frequency
CUST1147,26,Other,Germany,active,1,3,1300.77,1300.77,433.59,4.2,5,28.0,28,28,2025-02-28,2025-02-28,2022-08-24,283,919,0.03161222339304531,3.0,1,1,1,5.0,1300.77,433.59,0.0010869565217391304,2393.4168,42.46256800870511,0.09793253536452666,5.0,3207.178512,1.0,0.397170837867247,516.6279107725788,1.1915125136017408,78.13112513601742,2.5178082191780824,0.397170837867247,42.46256800870511,37722.33,0.0010869565217391304,2.60154,145.0,2.0,Long Inactive,High Value,Low Frequency
CUST1148,20,Male,India,active,1,5,1151.4,1151.4,230.28,4.2,1,17.0,17,17,2024-07-25,2024-07-25,2021-05-12,501,1170,0.025,5.0,1,1,1,1.0,1151.4,230.28000000000003,0.0008539709649871904,2118.5760000000005,29.523076923076925,0.1282051282051282,1.0,2838.8918400000007,1.0,0.31196581196581197,359.1974358974359,1.5598290598290598,54.32246153846155,3.2054794520547945,0.31196581196581197,29.523076923076925,20725.2,0.0008539709649871904,1.8092023911187023,18.0,2.0,Long Inactive,High Value,Low Frequency
CUST1149,51,Male,Germany,cancelled,1,6,49.44,49.44,8.24,4.2,2,37.0,37,37,2024-05-02,2024-05-02,2021-09-23,585,952,0.03054989816700611,6.0,1,1,1,2.0,49.44,8.24,0.001049317943336831,90.9696,1.5579831932773107,0.18907563025210083,2.0,121.899264,1.0,0.38340336134453784,18.955462184873948,2.300420168067227,2.866689075630252,2.6082191780821917,0.38340336134453784,1.5579831932773107,1878.7199999999998,0.001049317943336831,0.09545603357817418,76.0,2.0,Long Inactive,Low Value,Low Frequency
CUST1150,20,Male,Germany,cancelled,1,3,1903.38,1903.38,634.46,4.1,3,40.0,40,40,2022-07-10,2022-07-10,2021-09-22,1247,291,0.09345794392523366,3.0,1,1,1,3.0,1903.38,634.46,0.003424657534246575,3464.1515999999997,196.22474226804127,0.30927835051546393,3.0,4572.680111999999,1.0,1.254295532646048,2387.4010309278356,3.7628865979381447,357.12903092783506,0.7972602739726027,1.254295532646048,196.22474226804127,78038.58,0.003424657534246575,11.863532876712327,123.0,2.0,Long Inactive,Very High Value,Low Frequency
CUST1151,49,Female,USA,active,1,8,1254.16,1254.16,156.77,4.3,3,40.0,40,40,2022-01-05,2022-01-05,2020-12-26,1433,375,0.07407407407407407,8.0,1,1,1,3.0,1254.16,156.77,0.0026595744680851063,2332.7376,100.3328,0.64,3.0,3172.523136,1.0,0.9733333333333333,1220.7157333333332,7.786666666666666,186.619008,1.0273972602739727,0.9733333333333333,100.3328,51420.560000000005,0.0026595744680851063,6.2040893617021275,123.0,2.0,Long Inactive,High Value,Low Frequency
CUST1152,27,Female,Pakistan,active,1,7,1205.1899999999998,1205.1899999999998,172.17,4.3,5,41.0,41,41,2023-01-18,2023-01-18,2021-09-11,1055,494,0.05725190839694657,7.0,1,1,1,5.0,1205.1899999999998,172.17,0.00202020202020202,2241.6533999999997,73.18967611336032,0.42510121457489886,5.0,3048.6486239999995,1.0,0.7388663967611336,890.4743927125505,5.172064777327935,136.1327975708502,1.3534246575342466,0.7388663967611336,73.18967611336032,50617.979999999996,0.00202020202020202,4.528592727272726,210.0,2.0,Long Inactive,High Value,Low Frequency
CUST1153,52,Female,India,active,1,1,1308.29,1308.29,1308.29,4.3,2,18.0,18,18,2024-08-07,2024-08-07,2022-07-27,488,742,0.038860103626943004,1.0,1,1,1,2.0,1308.29,1308.29,0.0013458950201884253,2433.4193999999998,52.895822102425875,0.04043126684636118,2.0,3309.4503839999993,1.0,0.4919137466307278,643.5658355795149,0.4919137466307278,98.38622911051212,2.032876712328767,0.4919137466307278,52.895822102425875,24857.51,0.0013458950201884253,3.2751270524899057,38.0,2.0,Long Inactive,High Value,Low Frequency
CUST1154,24,Other,UK,cancelled,1,2,1546.0,1546.0,773.0,3.4,1,42.0,42,42,2024-12-20,2024-12-20,2020-10-13,353,1529,0.01924310455420141,2.0,1,1,1,1.0,1546.0,773.0,0.00065359477124183,2597.2799999999997,30.333551340745583,0.03924133420536298,1.0,3064.7903999999994,1.0,0.23871811641595816,369.0582079790713,0.47743623283191633,50.96036625245257,4.189041095890411,0.23871811641595816,30.333551340745583,66478.0,0.00065359477124183,1.69756862745098,43.0,2.0,Long Inactive,Very High Value,Low Frequency
CUST1155,54,Female,UK,cancelled,1,1,37.35,37.35,37.35,4.3,1,7.0,7,7,2025-01-30,2025-01-30,2022-08-28,312,886,0.03275109170305677,1.0,1,1,1,1.0,37.35,37.35,0.0011273957158962795,69.471,1.2646726862302482,0.03386004514672686,1.0,94.48056,1.0,0.41196388261851014,15.386851015801355,0.41196388261851014,2.352291196388262,2.4273972602739726,0.41196388261851014,1.2646726862302482,298.8,0.0011273957158962795,0.07832130777903044,8.0,2.0,Long Inactive,Low Value,Low Frequency
CUST1156,42,Male,Pakistan,active,1,2,421.02,421.02,210.51,4.4,0,1.0,1,1,2024-12-08,2024-12-08,2021-06-10,365,1277,0.022953328232593724,2.0,1,1,1,0.0,421.02,210.51,0.000782472613458529,791.5176,9.890837901331244,0.04698512137823022,0.0,1092.294288,1.0,0.28582615505090053,120.33852779953014,0.5716523101018011,18.59477525450274,3.4986301369863013,0.28582615505090053,9.890837901331244,842.04,0.000782472613458529,0.6193408450704225,0.0,2.0,Long Inactive,Low Value,Low Frequency
CUST1157,55,Male,Canada,cancelled,1,7,1294.58,1294.58,184.94,3.9,4,45.0,45,45,2024-07-02,2024-07-02,2022-07-17,524,716,0.040214477211796246,7.0,1,1,1,4.0,1294.58,184.94,0.001394700139470014,2304.3523999999998,54.242178770949714,0.29329608938547486,4.0,2949.5710719999997,1.0,0.5097765363128491,659.9465083798882,3.5684357541899443,96.55107821229049,1.9616438356164383,0.5097765363128491,54.242178770949714,59550.67999999999,0.001394700139470014,3.213880613668061,184.0,2.0,Long Inactive,High Value,Low Frequency
CUST1158,35,Female,Pakistan,active,1,5,174.4,174.4,34.88,4.1,4,24.0,24,24,2021-10-14,2021-10-14,2020-11-22,1516,326,0.08426966292134831,5.0,1,1,1,4.0,174.4,34.88,0.0030581039755351682,317.40799999999996,16.049079754601227,0.460122699386503,4.0,418.9785599999999,1.0,1.1196319018404908,195.2638036809816,5.598159509202454,29.209325153374227,0.8931506849315068,1.1196319018404908,16.049079754601227,4360.0,0.0030581039755351682,0.9706666666666666,100.0,2.0,Long Inactive,Low Value,Low Frequency
CUST1159,31,Male,Pakistan,active,1,9,214.38,214.38,23.82,3.9,3,1.0,1,1,2024-09-08,2024-09-08,2022-09-04,456,735,0.0392156862745098,9.0,1,1,1,3.0,214.38,23.82,0.001358695652173913,381.5964,8.750204081632653,0.3673469387755102,3.0,488.443392,1.0,0.4965986394557823,106.4608163265306,4.469387755102041,15.575363265306123,2.0136986301369864,0.4965986394557823,8.750204081632653,428.76,0.001358695652173913,0.5184733695652174,6.0,2.0,Long Inactive,Low Value,Low Frequency
CUST1160,21,Male,Germany,active,1,6,1447.8000000000002,1447.8000000000002,241.3,4.0,1,21.0,21,21,2022-02-11,2022-02-11,2022-05-22,1396,0,1.0,6.0,1,1,1,1.0,1447.8000000000002,241.30000000000004,1.0,2606.0400000000004,14478.000000000002,60.0,1.0,3387.8520000000008,1.0,365.0,528447.0000000001,2190.0,26060.4,0.0,365.0,14478.000000000002,31851.600000000006,1.0,2606.0400000000004,22.0,2.0,Long Inactive,High Value,Low Frequency
CUST1161,65,Female,Canada,active,1,3,876.75,876.75,292.25,4.3,5,24.0,24,24,2022-08-13,2022-08-13,2022-07-30,1213,14,0.6818181818181818,3.0,1,1,1,5.0,876.75,292.25,0.06666666666666667,1630.7549999999999,1878.75,6.428571428571429,5.0,2217.8268,1.0,26.07142857142857,22858.125,78.21428571428571,3494.475,0.038356164383561646,26.07142857142857,1878.75,21918.75,0.06666666666666667,108.71699999999998,125.0,2.0,Long Inactive,Medium Value,Low Frequency
CUST1162,30,Female,Canada,cancelled,1,6,837.48,837.48,139.58,4.0,4,44.0,44,44,2023-09-30,2023-09-30,2020-09-30,800,1095,0.02666666666666667,6.0,1,1,1,4.0,837.48,139.58,0.0009124087591240876,1507.4640000000002,22.944657534246577,0.1643835616438356,4.0,1959.7032000000004,1.0,0.3333333333333333,279.16,2.0,41.30038356164384,3.0,0.3333333333333333,22.944657534246577,37686.6,0.0009124087591240876,1.3754233576642336,180.0,2.0,Long Inactive,Medium Value,Low Frequency
CUST1163,38,Female,Pakistan,cancelled,1,4,1600.32,1600.32,400.08,3.9,4,38.0,38,38,2024-12-21,2024-12-21,2023-02-07,352,683,0.04207573632538569,4.0,1,1,1,4.0,1600.32,400.08,0.0014619883040935672,2848.5696,70.2922401171303,0.17569546120058566,4.0,3646.1690879999996,1.0,0.5344070278184481,855.2222547584187,2.1376281112737923,125.12018740849194,1.8712328767123287,0.5344070278184481,70.2922401171303,62412.479999999996,0.0014619883040935672,4.164575438596491,156.0,2.0,Long Inactive,Very High Value,Low Frequency
CUST1164,64,Male,Germany,paused,1,2,1802.4,1802.4,901.2,4.5,3,34.0,34,34,2023-03-14,2023-03-14,2022-11-19,1000,115,0.2068965517241379,2.0,1,1,1,3.0,1802.4,901.2,0.008620689655172414,3424.56,470.1913043478261,0.5217391304347826,3.0,4794.384,1.0,3.173913043478261,5720.660869565218,6.347826086956522,893.3634782608696,0.3150684931506849,3.173913043478261,470.1913043478261,63084.0,0.008620689655172414,29.522068965517242,105.0,2.0,Long Inactive,Very High Value,Low Frequency
CUST1165,45,Male,Germany,active,1,3,1793.0099999999998,1793.0099999999998,597.67,3.9,5,9.0,9,9,2024-10-08,2024-10-08,2023-12-05,426,308,0.08875739644970414,3.0,1,1,1,5.0,1793.0099999999998,597.67,0.003236245954692557,3191.5577999999996,174.64383116883113,0.2922077922077922,5.0,4085.1939839999995,1.0,1.1850649350649352,2124.833279220779,3.5551948051948052,310.8660194805194,0.8438356164383561,1.1850649350649352,174.64383116883113,17930.1,0.003236245954692557,10.328666019417476,50.0,2.0,Long Inactive,Very High Value,Low Frequency
CUST1166,41,Male,UK,cancelled,1,3,233.28000000000003,233.28000000000003,77.76,4.2,2,3.0,3,3,2024-11-23,2024-11-23,2021-03-09,380,1355,0.021660649819494587,3.0,1,1,1,2.0,233.28000000000003,77.76,0.0007374631268436578,429.2352000000001,5.164870848708488,0.06642066420664207,2.0,575.1751680000001,1.0,0.26937269372693723,62.83926199261993,0.8081180811808117,9.50336236162362,3.712328767123288,0.26937269372693723,5.164870848708488,933.1200000000001,0.0007374631268436578,0.3165451327433629,8.0,2.0,Long Inactive,Low Value,Low Frequency
CUST1167,38,Male,Pakistan,cancelled,1,6,94.80000000000001,94.80000000000001,15.8,4.0,1,8.0,8,8,2023-06-13,2023-06-13,2021-11-23,909,567,0.05025125628140704,6.0,1,1,1,1.0,94.80000000000001,15.800000000000002,0.0017605633802816902,170.64000000000001,5.015873015873017,0.3174603174603175,1.0,221.83200000000002,1.0,0.6437389770723104,61.02645502645504,3.8624338624338628,9.02857142857143,1.5534246575342465,0.6437389770723104,5.015873015873017,853.2,0.0017605633802816902,0.30042253521126766,9.0,2.0,Long Inactive,Low Value,Low Frequency
CUST1168,62,Other,Germany,active,1,5,759.9,759.9,151.98,4.3,2,36.0,36,36,2023-04-01,2023-04-01,2021-01-23,982,798,0.036231884057971016,5.0,1,1,1,2.0,759.9,151.98,0.0012515644555694619,1413.4139999999998,28.56766917293233,0.18796992481203006,2.0,1922.2430399999996,1.0,0.45739348370927313,347.57330827067665,2.2869674185463658,53.135864661654125,2.186301369863014,0.45739348370927313,28.56766917293233,28116.3,0.0012515644555694619,1.768978723404255,74.0,2.0,Long Inactive,Medium Value,Low Frequency
CUST1169,47,Male,India,active,1,6,211.92000000000002,211.92000000000002,35.32,4.0,5,49.0,49,49,2022-10-28,2022-10-28,2021-02-05,1137,630,0.045454545454545456,6.0,1,1,1,5.0,211.92000000000002,35.32,0.001584786053882726,381.456,10.091428571428573,0.2857142857142857,5.0,495.8928,1.0,0.5793650793650793,122.77904761904763,3.4761904761904763,18.164571428571428,1.726027397260274,0.5793650793650793,10.091428571428573,10596.0,0.001584786053882726,0.6045261489698891,250.0,2.0,Long Inactive,Low Value,Low Frequency
CUST1170,65,Female,UK,active,1,9,1449.27,1449.27,161.03,4.4,5,47.0,47,47,2024-01-05,2024-01-05,2021-09-05,703,852,0.034013605442176874,9.0,1,1,1,5.0,1449.27,161.03,0.0011723329425556857,2724.6276000000003,51.0306338028169,0.31690140845070425,5.0,3759.9860880000006,1.0,0.42840375586854457,620.8727112676056,3.855633802816901,95.93759154929579,2.334246575342466,0.42840375586854457,51.0306338028169,69564.95999999999,0.0011723329425556857,3.1941706916764363,240.0,2.0,Long Inactive,High Value,Low Frequency
CUST1171,36,Female,UK,cancelled,1,2,1242.34,1242.34,621.17,4.3,1,2.0,2,2,2024-12-06,2024-12-06,2021-04-17,367,1329,0.02207505518763797,2.0,1,1,1,1.0,1242.34,621.17,0.0007518796992481203,2310.7524,28.043792325056433,0.045146726862302484,1.0,3142.6232639999994,1.0,0.2746425884123401,341.1994732881866,0.5492851768246803,52.16145372460497,3.6410958904109587,0.2746425884123401,28.043792325056433,3727.0199999999995,0.0007518796992481203,1.7374078195488722,3.0,2.0,Long Inactive,High Value,Low Frequency
CUST1172,64,Female,Canada,cancelled,1,5,1308.25,1308.25,261.65,4.0,0,28.0,28,28,2023-04-15,2023-04-15,2022-02-19,968,420,0.06666666666666667,5.0,1,1,1,0.0,1308.25,261.65,0.0023752969121140144,2354.85,93.44642857142857,0.35714285714285715,0.0,3061.305,1.0,0.8690476190476191,1136.9315476190477,4.345238095238096,168.20357142857142,1.1506849315068493,0.8690476190476191,93.44642857142857,37939.25,0.0023752969121140144,5.593467933491686,0.0,2.0,Long Inactive,High Value,Low Frequency
CUST1173,38,Male,Pakistan,cancelled,1,5,1664.3000000000002,1664.3000000000002,332.86,4.3,5,42.0,42,42,2024-02-12,2024-02-12,2022-12-05,665,434,0.06465517241379311,5.0,1,1,1,5.0,1664.3000000000002,332.86,0.0022988505747126436,3095.598,115.04377880184333,0.3456221198156682,5.0,4210.013279999999,1.0,0.8410138248847926,1399.6993087557605,4.2050691244239635,213.98142857142858,1.189041095890411,0.8410138248847926,115.04377880184333,71564.90000000001,0.0022988505747126436,7.11631724137931,215.0,2.0,Long Inactive,Very High Value,Low Frequency
CUST1174,51,Male,Germany,active,1,3,205.35000000000002,205.35000000000002,68.45,5.0,4,39.0,39,39,2024-11-15,2024-11-15,2023-02-15,388,639,0.04484304932735426,3.0,1,1,1,4.0,205.35000000000002,68.45,0.0015625,410.70000000000005,9.640845070422536,0.14084507042253522,4.0,616.0500000000001,1.0,0.5712050078247262,117.29694835680752,1.7136150234741785,19.281690140845072,1.7506849315068493,0.5712050078247262,9.640845070422536,8214.0,0.0015625,0.6417187500000001,160.0,2.0,Long Inactive,Low Value,Low Frequency
CUST1175,62,Male,Pakistan,active,1,4,1099.84,1099.84,274.96,3.7,5,26.0,26,26,2024-02-19,2024-02-19,2021-09-15,658,887,0.03271537622682661,4.0,1,1,1,5.0,1099.84,274.96,0.0011261261261261261,1913.7215999999999,37.19864712514092,0.13528748590755355,5.0,2373.014784,1.0,0.41149943630214203,452.5835400225479,1.6459977452085681,64.7256459977452,2.43013698630137,0.41149943630214203,37.19864712514092,29695.679999999997,0.0011261261261261261,2.1550918918918915,135.0,2.0,Long Inactive,High Value,Low Frequency
CUST1176,20,Male,Pakistan,cancelled,1,2,1718.8,1718.8,859.4,4.0,3,17.0,17,17,2024-07-13,2024-07-13,2023-11-07,513,249,0.1075268817204301,2.0,1,1,1,3.0,1718.8,859.4,0.004,3093.84,207.08433734939757,0.24096385542168672,3.0,4021.992,1.0,1.465863453815261,2519.526104417671,2.931726907630522,372.75180722891565,0.6821917808219178,1.465863453815261,207.08433734939757,30938.399999999998,0.004,12.37536,54.0,2.0,Long Inactive,Very High Value,Low Frequency
CUST1177,21,Female,Canada,paused,1,9,932.76,932.76,103.64,4.1,4,34.0,34,34,2022-04-11,2022-04-11,2020-11-19,1337,508,0.055762081784386616,9.0,1,1,1,4.0,932.76,103.64,0.0019646365422396855,1697.6231999999998,55.084251968503935,0.5314960629921259,4.0,2240.8626239999994,1.0,0.718503937007874,670.1917322834645,6.466535433070866,100.25333858267715,1.3917808219178083,0.718503937007874,55.084251968503935,32646.6,0.0019646365422396855,3.3352125736738696,140.0,2.0,Long Inactive,Medium Value,Low Frequency
CUST1178,45,Female,Canada,cancelled,1,2,1986.96,1986.96,993.48,4.0,3,18.0,18,18,2022-07-19,2022-07-19,2021-11-14,1238,247,0.10830324909747294,2.0,1,1,1,3.0,1986.96,993.48,0.004032258064516129,3576.5280000000002,241.33117408906887,0.24291497975708504,3.0,4649.486400000001,1.0,1.4777327935222673,2936.195951417004,2.9554655870445345,434.39611336032397,0.6767123287671233,1.4777327935222673,241.33117408906887,37752.24,0.004032258064516129,14.421483870967743,57.0,2.0,Long Inactive,Very High Value,Low Frequency
CUST1179,48,Male,Germany,active,1,2,696.68,696.68,348.34,3.3,2,15.0,15,15,2021-06-10,2021-06-10,2021-07-24,1642,0,1.0,2.0,1,1,1,2.0,696.68,348.34,1.0,1156.4887999999999,6966.799999999999,20.0,2.0,1341.5270079999998,1.0,365.0,254288.19999999998,730.0,11564.887999999997,0.0,365.0,6966.799999999999,11146.88,1.0,1156.4887999999999,32.0,2.0,Long Inactive,Medium Value,Low Frequency
CUST1180,48,Male,Pakistan,active,1,6,112.19999999999999,112.19999999999999,18.7,3.8,0,33.0,33,33,2024-01-05,2024-01-05,2023-10-04,703,93,0.24390243902439027,6.0,1,1,1,0.0,112.19999999999999,18.7,0.010638297872340425,197.47199999999998,36.19354838709677,1.9354838709677418,0.0,248.81471999999997,1.0,3.924731182795699,440.3548387096774,23.548387096774192,63.70064516129032,0.2547945205479452,3.924731182795699,36.19354838709677,3814.7999999999997,0.010638297872340425,2.100765957446808,0.0,2.0,Long Inactive,Low Value,Low Frequency
CUST1181,33,Male,Pakistan,cancelled,1,1,1543.22,1543.22,1543.22,4.1,3,42.0,42,42,2024-04-17,2024-04-17,2023-03-21,600,393,0.07092198581560284,1.0,1,1,1,3.0,1543.22,1543.22,0.0025380710659898475,2808.6603999999998,117.8030534351145,0.07633587786259542,3.0,3707.431727999999,1.0,0.9287531806615776,1433.27048346056,0.9287531806615776,214.40155725190837,1.0767123287671232,0.9287531806615776,117.8030534351145,66358.46,0.0025380710659898475,7.128579695431471,129.0,2.0,Long Inactive,Very High Value,Low Frequency
CUST1182,37,Male,India,active,1,8,1465.6,1465.6,183.2,4.1,0,5.0,5,5,2025-07-28,2025-07-28,2021-01-08,133,1662,0.01773049645390071,8.0,1,1,1,0.0,1465.6,183.2,0.0006013229104028864,2667.392,26.454873646209386,0.1444043321299639,0.0,3520.957439999999,1.0,0.21961492178098677,321.8676293622142,1.7569193742478941,48.14787003610108,4.553424657534246,0.21961492178098677,26.454873646209386,8793.599999999999,0.0006013229104028864,1.6039639206253757,0.0,2.0,At Risk,High Value,Low Frequency
CUST1183,59,Male,Canada,active,1,8,1727.04,1727.04,215.88,4.4,2,23.0,23,23,2022-10-14,2022-10-14,2021-04-19,1151,543,0.05235602094240837,8.0,1,1,1,2.0,1727.04,215.88,0.001838235294117647,3246.8352,95.41657458563535,0.4419889502762431,2.0,4480.632576,1.0,0.6721915285451197,1160.9016574585635,5.377532228360957,179.38316022099445,1.4876712328767123,0.6721915285451197,95.41657458563535,41448.96,0.001838235294117647,5.968447058823529,48.0,2.0,Long Inactive,Very High Value,Low Frequency
CUST1184,37,Male,USA,active,1,1,1071.13,1071.13,1071.13,4.3,3,33.0,33,33,2025-07-03,2025-07-03,2023-09-07,158,665,0.043165467625899276,1.0,1,1,1,3.0,1071.13,1071.13,0.0015015015015015015,1992.3018,48.32165413533835,0.045112781954887216,3.0,2709.5304479999995,1.0,0.5488721804511278,587.9134586466166,0.5488721804511278,89.87827669172931,1.821917808219178,0.5488721804511278,48.32165413533835,36418.420000000006,0.0015015015015015015,2.991444144144144,102.0,2.0,At Risk,High Value,Low Frequency
CUST1185,47,Female,Canada,active,1,9,198.63,198.63,22.07,4.3,2,9.0,9,9,2025-02-17,2025-02-17,2022-06-22,294,971,0.02997002997002997,9.0,1,1,1,2.0,198.63,22.07,0.00102880658436214,369.4518,6.136869207003089,0.2780638516992791,2.0,502.45444799999996,1.0,0.37590113285272914,74.66524201853758,3.383110195674562,11.414576725025746,2.66027397260274,0.37590113285272914,6.136869207003089,1986.3,0.00102880658436214,0.38009444444444446,20.0,2.0,Long Inactive,Low Value,Low Frequency
CUST1186,62,Female,Canada,active,1,4,800.84,800.84,200.21,4.4,5,10.0,10,10,2025-12-07,2025-12-07,2021-08-08,1,1582,0.018610421836228287,4.0,1,1,1,5.0,800.84,200.21,0.0006317119393556538,1505.5792000000001,15.186599241466498,0.07585335018963338,5.0,2077.6992960000002,1.0,0.23072060682680154,184.77029077117575,0.9228824273072062,28.55080657395702,4.3342465753424655,0.23072060682680154,15.186599241466498,8809.24,0.0006317119393556538,0.9510923562855338,55.0,2.0,Very Recent,Medium Value,Low Frequency
CUST1187,26,Female,India,cancelled,1,2,1357.34,1357.34,678.67,4.3,1,39.0,39,39,2025-03-24,2025-03-24,2023-06-05,259,658,0.0436046511627907,2.0,1,1,1,1.0,1357.34,678.67,0.0015174506828528073,2524.6523999999995,61.884802431610936,0.0911854103343465,1.0,3433.527263999999,1.0,0.554711246200608,752.9317629179332,1.109422492401216,115.10573252279633,1.8027397260273972,0.554711246200608,61.884802431610936,54293.6,0.0015174506828528073,3.831035508345978,40.0,2.0,Long Inactive,High Value,Low Frequency
CUST1188,20,Female,Pakistan,active,1,2,1378.74,1378.74,689.37,3.9,0,34.0,34,34,2024-10-10,2024-10-10,2021-05-25,424,1234,0.023734177215189875,2.0,1,1,1,0.0,1378.74,689.37,0.0008097165991902834,2454.1572,33.51880064829822,0.04862236628849271,0.0,3141.3212160000003,1.0,0.29578606158833065,407.81207455429495,0.5915721231766613,59.66346515397083,3.3808219178082193,0.29578606158833065,33.51880064829822,48255.9,0.0008097165991902834,1.9871718218623482,0.0,2.0,Long Inactive,High Value,Low Frequency
CUST1189,40,Male,Germany,active,1,6,1085.8799999999999,1085.8799999999999,180.98,4.2,5,40.0,40,40,2023-02-26,2023-02-26,2022-10-22,1016,127,0.19108280254777069,6.0,1,1,1,5.0,1085.8799999999999,180.98,0.0078125,1998.0192,256.5070866141732,1.4173228346456692,5.0,2677.3457280000002,1.0,2.874015748031496,3120.8362204724403,17.244094488188974,471.9730393700787,0.34794520547945207,2.874015748031496,256.5070866141732,44521.079999999994,0.0078125,15.609525,205.0,2.0,Long Inactive,High Value,Low Frequency
CUST1190,49,Female,Pakistan,cancelled,1,5,741.7,741.7,148.34,4.2,4,7.0,7,7,2023-02-01,2023-02-01,2021-07-19,1041,562,0.05067567567567567,5.0,1,1,1,4.0,741.7,148.34,0.0017761989342806395,1364.728,39.59252669039146,0.2669039145907473,4.0,1828.7355200000002,1.0,0.6494661921708186,481.70907473309614,3.2473309608540926,72.85024911032029,1.5397260273972602,0.6494661921708186,39.59252669039146,5933.6,0.0017761989342806395,2.4240284191829486,32.0,2.0,Long Inactive,Medium Value,Low Frequency
CUST1191,33,Male,UK,cancelled,1,7,894.81,894.81,127.83,4.1,4,9.0,9,9,2022-10-25,2022-10-25,2022-02-15,1140,252,0.10638297872340426,7.0,1,1,1,4.0,894.81,127.83,0.003952569169960474,1628.5541999999998,106.52499999999999,0.8333333333333333,4.0,2149.6915439999993,1.0,1.4484126984126984,1296.0541666666666,10.138888888888888,193.87549999999996,0.6904109589041096,1.4484126984126984,106.52499999999999,8948.099999999999,0.003952569169960474,6.436973122529643,40.0,2.0,Long Inactive,Medium Value,Low Frequency
CUST1192,54,Other,Pakistan,active,1,8,1496.16,1496.16,187.02,4.3,2,29.0,29,29,2024-02-14,2024-02-14,2021-03-10,663,1071,0.02724795640326975,8.0,1,1,1,2.0,1496.16,187.02,0.0009328358208955224,2782.8576,41.90924369747899,0.22408963585434172,2.0,3784.6863359999993,1.0,0.3408029878618114,509.8957983193278,2.726423902894491,77.9511932773109,2.9342465753424656,0.3408029878618114,41.90924369747899,44884.8,0.0009328358208955224,2.595949253731343,60.0,2.0,Long Inactive,Very High Value,Low Frequency
CUST1193,28,Male,Canada,active,1,7,1229.97,1229.97,175.71,3.7,5,26.0,26,26,2023-02-06,2023-02-06,2021-08-14,1036,541,0.052539404553415055,7.0,1,1,1,5.0,1229.97,175.71,0.0018450184501845018,2140.1478,68.20536044362292,0.38817005545286504,5.0,2653.783272,1.0,0.6746765249537893,829.8318853974122,4.7227356746765246,118.67732717190388,1.4821917808219178,0.6746765249537893,68.20536044362292,33209.19,0.0018450184501845018,3.9486121771217713,135.0,2.0,Long Inactive,High Value,Low Frequency
CUST1194,36,Female,Canada,cancelled,1,9,357.66,357.66,39.74,4.1,2,10.0,10,10,2022-02-18,2022-02-18,2021-10-05,1389,136,0.18072289156626506,9.0,1,1,1,2.0,357.66,39.74,0.0072992700729927005,650.9412,78.89558823529413,1.9852941176470589,2.0,859.2423839999999,1.0,2.6838235294117645,959.8963235294118,24.15441176470588,143.5899705882353,0.3726027397260274,2.6838235294117645,78.89558823529413,3934.26,0.0072992700729927005,4.751395620437956,22.0,2.0,Long Inactive,Low Value,Low Frequency
CUST1195,57,Male,India,active,1,6,1198.3799999999999,1198.3799999999999,199.73,3.9,0,46.0,46,46,2024-08-21,2024-08-21,2023-07-19,474,399,0.06993006993006992,6.0,1,1,1,0.0,1198.3799999999999,199.73,0.0025,2133.1164,90.10375939849622,0.45112781954887216,0.0,2730.3889919999997,1.0,0.9147869674185463,1096.2624060150374,5.488721804511278,160.3846917293233,1.093150684931507,0.9147869674185463,90.10375939849622,56323.85999999999,0.0025,5.332790999999999,0.0,2.0,Long Inactive,High Value,Low Frequency
CUST1196,36,Male,India,active,1,9,276.84000000000003,276.84000000000003,30.76,4.0,3,49.0,49,49,2022-12-19,2022-12-19,2020-07-10,1085,892,0.03253796095444685,9.0,1,1,1,3.0,276.84000000000003,30.760000000000005,0.0011198208286674132,498.31200000000007,9.310762331838566,0.30269058295964124,3.0,647.8056000000001,1.0,0.4091928251121076,113.28094170403588,3.682735426008968,16.759372197309418,2.4438356164383563,0.4091928251121076,9.310762331838566,13842.000000000002,0.0011198208286674132,0.5580201567749161,150.0,2.0,Long Inactive,Low Value,Low Frequency
CUST1197,34,Male,USA,active,1,4,1717.0,1717.0,429.25,4.2,2,45.0,45,45,2023-03-03,2023-03-03,2022-01-10,1011,417,0.06711409395973154,4.0,1,1,1,2.0,1717.0,429.25,0.0023923444976076554,3159.28,123.5251798561151,0.28776978417266186,2.0,4233.435200000001,1.0,0.8752997601918464,1502.8896882494005,3.5011990407673856,227.2863309352518,1.1424657534246576,0.8752997601918464,123.5251798561151,78982.0,0.0023923444976076554,7.558086124401914,92.0,2.0,Long Inactive,Very High Value,Low Frequency
CUST1198,39,Female,USA,cancelled,1,9,1104.48,1104.48,122.72,4.4,4,35.0,35,35,2024-06-03,2024-06-03,2022-04-25,553,770,0.0375,9.0,1,1,1,4.0,1104.48,122.72,0.0012970168612191958,2076.4224000000004,43.03168831168831,0.35064935064935066,4.0,2865.462912000001,1.0,0.474025974025974,523.5522077922078,4.266233766233766,80.89957402597403,2.1095890410958904,0.474025974025974,43.03168831168831,39761.28,0.0012970168612191958,2.69315486381323,144.0,2.0,Long Inactive,High Value,Low Frequency
CUST1199,32,Male,Pakistan,active,1,3,1512.48,1512.48,504.16,4.1,4,43.0,43,43,2023-03-29,2023-03-29,2022-11-10,985,139,0.17751479289940827,3.0,1,1,1,4.0,1512.48,504.16,0.007142857142857143,2752.7135999999996,326.4345323741007,0.6474820143884892,4.0,3633.581951999999,1.0,2.6258992805755397,3971.620143884892,7.877697841726619,594.1108489208632,0.38082191780821917,2.6258992805755397,326.4345323741007,66549.12,0.007142857142857143,19.662239999999997,176.0,2.0,Long Inactive,Very High Value,Low Frequency
CUST1200,69,Female,Germany,cancelled,1,4,1932.48,1932.48,483.12,4.3,2,23.0,23,23,2023-09-19,2023-09-19,2021-11-07,811,681,0.04219409282700422,4.0,1,1,1,2.0,1932.48,483.12,0.001466275659824047,3594.4127999999996,85.13127753303965,0.1762114537444934,2.0,4888.401407999999,1.0,0.5359765051395007,1035.7638766519824,2.1439060205580027,158.34417621145374,1.8657534246575342,0.5359765051395007,85.13127753303965,46379.520000000004,0.001466275659824047,5.2703999999999995,48.0,2.0,Long Inactive,Very High Value,Low Frequency
CUST1201,61,Male,India,cancelled,1,6,833.52,833.52,138.92,3.8,0,47.0,47,47,2025-02-06,2025-02-06,2023-03-29,305,680,0.04225352112676056,6.0,1,1,1,0.0,833.52,138.92,0.0014684287812041115,1466.9952,36.77294117647059,0.2647058823529412,0.0,1848.413952,1.0,0.5367647058823529,447.40411764705885,3.2205882352941178,64.72037647058823,1.8630136986301369,0.5367647058823529,36.77294117647059,40008.96,0.0014684287812041115,2.154177973568282,0.0,2.0,Long Inactive,Medium Value,Low Frequency
CUST1202,68,Female,UK,active,1,6,1798.6799999999998,1798.6799999999998,299.78,4.4,4,13.0,13,13,2022-12-27,2022-12-27,2021-06-11,1077,564,0.050505050505050504,6.0,1,1,1,4.0,1798.6799999999998,299.78,0.0017699115044247787,3381.5184,95.67446808510637,0.3191489361702127,4.0,4666.495392000001,1.0,0.6471631205673758,1164.0393617021275,3.882978723404255,179.868,1.5452054794520549,0.6471631205673758,95.67446808510637,25181.519999999997,0.0017699115044247787,5.984988318584071,56.0,2.0,Long Inactive,Very High Value,Low Frequency
CUST1203,61,Other,Germany,cancelled,1,6,1780.08,1780.08,296.68,4.0,4,6.0,6,6,2023-03-15,2023-03-15,2021-07-22,999,601,0.04754358161648177,6.0,1,1,1,4.0,1780.08,296.68,0.0016611295681063123,3204.144,88.85590682196339,0.29950083194675536,4.0,4165.3872,1.0,0.6073211314475874,1081.0801996672212,3.643926788685524,159.94063227953407,1.6465753424657534,0.6073211314475874,88.85590682196339,12460.56,0.0016611295681063123,5.322498338870432,28.0,2.0,Long Inactive,Very High Value,Low Frequency
CUST1204,22,Female,USA,active,1,2,126.32,126.32,63.16,4.4,0,13.0,13,13,2023-10-25,2023-10-25,2021-12-05,775,689,0.04172461752433936,2.0,1,1,1,0.0,126.32,63.16,0.0014492753623188406,237.48160000000001,5.500145137880987,0.08708272859216257,0.0,327.72460800000005,1.0,0.5297532656023223,66.91843251088534,1.0595065312046446,10.340272859216256,1.8876712328767122,0.5297532656023223,5.500145137880987,1768.48,0.0014492753623188406,0.344176231884058,0.0,2.0,Long Inactive,Low Value,Low Frequency
CUST1205,58,Male,India,cancelled,1,1,1484.8,1484.8,1484.8,4.0,2,13.0,13,13,2025-04-22,2025-04-22,2021-08-20,230,1341,0.02188183807439825,1.0,1,1,1,2.0,1484.8,1484.8,0.0007451564828614009,2672.64,33.21700223713646,0.022371364653243846,2.0,3474.432,1.0,0.2721849366144668,404.14019388516033,0.2721849366144668,59.79060402684563,3.673972602739726,0.2721849366144668,33.21700223713646,20787.2,0.0007451564828614009,1.9915350223546944,28.0,2.0,Long Inactive,High Value,Low Frequency
CUST1206,59,Female,Germany,active,1,6,1578.12,1578.12,263.02,4.2,1,26.0,26,26,2023-11-12,2023-11-12,2021-11-24,757,718,0.040106951871657755,6.0,1,1,1,1.0,1578.12,263.02,0.0013908205841446453,2903.7408,65.93816155988857,0.25069637883008355,1.0,3891.0126720000003,1.0,0.5083565459610028,802.2476323119777,3.050139275766017,121.32621727019499,1.9671232876712328,0.5083565459610028,65.93816155988857,42609.24,0.0013908205841446453,4.03858247566064,27.0,2.0,Long Inactive,Very High Value,Low Frequency
CUST1207,32,Male,India,active,1,1,1212.26,1212.26,1212.26,3.9,1,38.0,38,38,2023-03-12,2023-03-12,2023-07-16,1002,0,1.0,1.0,1,1,1,1.0,1212.26,1212.26,1.0,2157.8228,12122.599999999999,10.0,1.0,2762.013184,1.0,365.0,442474.89999999997,365.0,21578.228,0.0,365.0,12122.599999999999,47278.14,1.0,2157.8228,39.0,2.0,Long Inactive,High Value,Low Frequency
CUST1208,37,Male,India,active,1,1,1790.4,1790.4,1790.4,3.7,0,33.0,33,33,2023-08-17,2023-08-17,2022-12-09,844,251,0.10676156583629892,1.0,1,1,1,0.0,1790.4,1790.4,0.003968253968253968,3115.2960000000003,213.99203187250995,0.1195219123505976,0.0,3862.9670400000005,1.0,1.454183266932271,2603.569721115538,1.454183266932271,372.34613545816734,0.6876712328767123,1.454183266932271,213.99203187250995,60873.600000000006,0.003968253968253968,12.362285714285715,0.0,2.0,Long Inactive,Very High Value,Low Frequency
CUST1209,30,Male,Pakistan,active,1,2,1165.24,1165.24,582.62,3.6,2,6.0,6,6,2024-09-14,2024-09-14,2022-12-04,450,650,0.044117647058823525,2.0,1,1,1,2.0,1165.24,582.62,0.0015360983102918587,2004.2128,53.78030769230769,0.0923076923076923,2.0,2445.139616,1.0,0.5615384615384615,654.3270769230769,1.123076923076923,92.50212923076923,1.7808219178082192,0.5615384615384615,53.78030769230769,8156.68,0.0015360983102918587,3.078667895545315,14.0,2.0,Long Inactive,High Value,Low Frequency
CUST1210,30,Female,UK,active,1,2,362.64,362.64,181.32,4.0,0,40.0,40,40,2023-02-14,2023-02-14,2022-03-14,1028,337,0.08174386920980926,2.0,1,1,1,0.0,362.64,181.32,0.0029585798816568047,652.752,32.282492581602376,0.17804154302670624,0.0,848.5776,1.0,1.083086053412463,392.77032640949557,2.166172106824926,58.10848664688427,0.9232876712328767,1.083086053412463,32.282492581602376,14868.24,0.0029585798816568047,1.9312189349112425,0.0,2.0,Long Inactive,Low Value,Low Frequency
CUST1211,65,Male,UK,paused,1,9,1573.83,1573.83,174.87,3.5,2,34.0,34,34,2023-02-18,2023-02-18,2022-08-03,1024,199,0.13100436681222707,9.0,1,1,1,2.0,1573.83,174.87,0.005,2675.511,237.26080402010047,1.3567839195979898,2.0,3210.6132,1.0,1.8341708542713568,2886.6731155778893,16.507537688442213,403.3433668341708,0.5452054794520548,1.8341708542713568,237.26080402010047,55084.049999999996,0.005,13.377555000000001,70.0,2.0,Long Inactive,Very High Value,Low Frequency
CUST1212,48,Female,Canada,cancelled,1,3,1388.6999999999998,1388.6999999999998,462.9,4.5,4,45.0,45,45,2024-11-02,2024-11-02,2022-04-26,401,921,0.031545741324921134,3.0,1,1,1,4.0,1388.6999999999998,462.8999999999999,0.0010845986984815619,2638.5299999999997,45.23452768729641,0.09771986970684039,4.0,3693.9419999999996,1.0,0.3963083604777416,550.3534201954396,1.1889250814332248,85.94560260586319,2.5232876712328767,0.3963083604777416,45.23452768729641,63880.19999999999,0.0010845986984815619,2.861746203904555,184.0,2.0,Long Inactive,High Value,Low Frequency
CUST1213,56,Female,Pakistan,cancelled,1,3,1470.03,1470.03,490.01,4.2,2,40.0,40,40,2024-07-26,2024-07-26,2021-04-01,500,1212,0.024154589371980676,3.0,1,1,1,2.0,1470.03,490.01,0.0008244023083264633,2704.8552,36.386881188118814,0.07425742574257425,2.0,3624.5059680000004,1.0,0.30115511551155116,442.70705445544553,0.9034653465346534,66.95186138613862,3.3205479452054796,0.30115511551155116,36.386881188118814,60271.229999999996,0.0008244023083264633,2.2298888705688378,82.0,2.0,Long Inactive,High Value,Low Frequency
CUST1214,29,Female,Germany,cancelled,1,1,1068.34,1068.34,1068.34,3.8,0,36.0,36,36,2023-12-14,2023-12-14,2022-10-26,725,414,0.06756756756756756,1.0,1,1,1,0.0,1068.34,1068.34,0.0024096385542168677,1880.2784,77.4159420289855,0.07246376811594203,0.0,2369.150784,1.0,0.8816425120772947,941.8939613526569,0.8816425120772947,136.25205797101447,1.1342465753424658,0.8816425120772947,77.4159420289855,39528.579999999994,0.0024096385542168677,4.530791325301205,0.0,2.0,Long Inactive,High Value,Low Frequency
CUST1215,64,Male,India,active,1,8,1208.24,1208.24,151.03,3.8,4,30.0,30,30,2023-05-19,2023-05-19,2021-08-03,934,654,0.043859649122807015,8.0,1,1,1,4.0,1208.24,151.03,0.0015267175572519084,2126.5024,55.423853211009174,0.36697247706422015,4.0,2679.393024,1.0,0.5581039755351682,674.3235474006117,4.464831804281346,97.54598165137614,1.7917808219178082,0.5581039755351682,55.423853211009174,37455.44,0.0015267175572519084,3.2465685496183205,124.0,2.0,Long Inactive,High Value,Low Frequency
CUST1216,48,Female,Pakistan,active,1,8,1218.8,1218.8,152.35,4.1,3,32.0,32,32,2022-12-24,2022-12-24,2022-06-11,1080,196,0.13274336283185842,8.0,1,1,1,3.0,1218.8,152.35,0.005076142131979695,2218.216,186.55102040816325,1.2244897959183674,3.0,2928.0451199999993,1.0,1.8622448979591837,2269.704081632653,14.89795918367347,339.5228571428571,0.536986301369863,1.8622448979591837,186.55102040816325,40220.4,0.005076142131979695,11.25997969543147,99.0,2.0,Long Inactive,High Value,Low Frequency
CUST1217,59,Male,Germany,active,1,7,1940.19,1940.19,277.17,4.3,5,3.0,3,3,2023-04-12,2023-04-12,2023-04-27,971,0,1.0,7.0,1,1,1,5.0,1940.19,277.17,1.0,3608.7534,19401.899999999998,70.0,5.0,4907.904624,1.0,365.0,708169.35,2555.0,36087.534,0.0,365.0,19401.899999999998,7760.76,1.0,3608.7534,20.0,2.0,Long Inactive,Very High Value,Low Frequency
CUST1218,36,Female,Canada,active,1,1,90.95,90.95,90.95,4.4,5,30.0,30,30,2025-02-28,2025-02-28,2022-01-07,283,1148,0.025466893039049237,1.0,1,1,1,5.0,90.95,90.95,0.0008703220191470844,170.98600000000002,2.376742160278746,0.02613240418118467,5.0,235.96068000000005,1.0,0.31794425087108014,28.91702961672474,0.31794425087108014,4.468275261324043,3.1452054794520548,0.31794425087108014,2.376742160278746,2819.4500000000003,0.0008703220191470844,0.1488128807658834,155.0,2.0,Long Inactive,Low Value,Low Frequency
CUST1219,20,Female,Canada,active,1,2,1627.8,1627.8,813.9,3.9,4,38.0,38,38,2023-12-29,2023-12-29,2023-08-20,710,131,0.1863354037267081,2.0,1,1,1,4.0,1627.8,813.9,0.007575757575757576,2897.484,372.7786259541985,0.45801526717557256,4.0,3708.77952,1.0,2.7862595419847325,4535.473282442747,5.572519083969465,663.5459541984733,0.3589041095890411,2.7862595419847325,372.7786259541985,63484.2,0.007575757575757576,21.950636363636363,156.0,2.0,Long Inactive,Very High Value,Low Frequency
CUST1220,51,Female,Pakistan,paused,1,3,788.61,788.61,262.87,4.2,3,27.0,27,27,2023-12-07,2023-12-07,2022-06-06,732,549,0.05181347150259067,3.0,1,1,1,3.0,788.61,262.87,0.0018181818181818182,1451.0424,43.09344262295082,0.16393442622950818,3.0,1944.3968160000002,1.0,0.6648451730418944,524.3035519125683,1.994535519125683,79.2919344262295,1.5041095890410958,0.6648451730418944,43.09344262295082,22081.08,0.0018181818181818182,2.638258909090909,84.0,2.0,Long Inactive,Medium Value,Low Frequency
CUST1221,49,Female,USA,active,1,8,1385.6,1385.6,173.2,3.8,2,45.0,45,45,2025-05-16,2025-05-16,2020-01-10,206,1953,0.015128593040847203,8.0,1,1,1,2.0,1385.6,173.2,0.0005117707267144319,2438.656,21.284178187403995,0.12288786482334871,2.0,3072.70656,1.0,0.18689196108550946,258.9575012800819,1.4951356886840756,37.46015360983103,5.35068493150685,0.18689196108550946,21.284178187403995,63737.6,0.0005117707267144319,1.2480327533265096,92.0,2.0,Long Inactive,High Value,Low Frequency
CUST1222,46,Female,Canada,active,1,5,1990.9,1990.9,398.18,4.1,1,12.0,12,12,2024-05-31,2024-05-31,2022-04-26,556,766,0.03768844221105527,5.0,1,1,1,1.0,1990.9,398.18,0.001303780964797914,3623.4379999999996,77.97258485639686,0.19582245430809397,1.0,4782.938159999999,1.0,0.4765013054830287,948.666449086162,2.3825065274151433,141.91010443864226,2.0986301369863014,0.4765013054830287,77.97258485639686,25881.7,0.001303780964797914,4.724169491525423,13.0,2.0,Long Inactive,Very High Value,Low Frequency
CUST1223,25,Female,Pakistan,active,1,8,1694.56,1694.56,211.82,4.1,0,32.0,32,32,2024-10-20,2024-10-20,2023-05-01,414,538,0.0528169014084507,8.0,1,1,1,0.0,1694.56,211.82,0.0018552875695732839,3084.0991999999997,94.49219330855018,0.44609665427509293,0.0,4071.010943999999,1.0,0.6784386617100372,1149.6550185873607,5.4275092936802976,171.97579182156133,1.473972602739726,0.6784386617100372,94.49219330855018,55920.479999999996,0.0018552875695732839,5.7218909090909085,0.0,2.0,Long Inactive,Very High Value,Low Frequency
CUST1224,19,Female,USA,active,1,6,1534.6200000000001,1534.6200000000001,255.77,4.3,1,21.0,21,21,2024-09-11,2024-09-11,2021-10-27,453,1050,0.027777777777777776,6.0,1,1,1,1.0,1534.6200000000001,255.77,0.0009514747859181732,2854.3932,43.84628571428572,0.17142857142857143,1.0,3881.9747519999996,1.0,0.3476190476190476,533.4631428571429,2.085714285714286,81.55409142857143,2.8767123287671232,0.3476190476190476,43.84628571428572,33761.64,0.0009514747859181732,2.7158831588962893,22.0,2.0,Long Inactive,Very High Value,Low Frequency
CUST1225,62,Female,UK,active,1,8,508.16,508.16,63.52,3.7,5,7.0,7,7,2024-02-09,2024-02-09,2023-02-27,668,347,0.07957559681697612,8.0,1,1,1,5.0,508.16,63.52,0.0028735632183908046,884.1984,43.93314121037464,0.69164265129683,5.0,1096.406016,1.0,1.0518731988472623,534.5198847262249,8.414985590778098,76.44366570605187,0.9506849315068493,1.0518731988472623,43.93314121037464,4065.28,0.0028735632183908046,2.5408,40.0,2.0,Long Inactive,Low Value,Low Frequency
CUST1226,52,Female,Germany,active,1,5,1586.55,1586.55,317.31,4.0,2,45.0,45,45,2022-12-09,2022-12-09,2021-03-19,1095,630,0.045454545454545456,5.0,1,1,1,2.0,1586.55,317.31,0.001584786053882726,2855.79,75.55,0.23809523809523808,2.0,3712.527,1.0,0.5793650793650793,919.1916666666666,2.8968253968253967,135.99,1.726027397260274,0.5793650793650793,75.55,72981.3,0.001584786053882726,4.5258161648177495,92.0,2.0,Long Inactive,Very High Value,Low Frequency
CUST1227,52,Other,Germany,active,1,2,872.32,872.32,436.16,4.2,5,11.0,11,11,2025-05-26,2025-05-26,2021-09-14,196,1350,0.021739130434782608,2.0,1,1,1,5.0,872.32,436.16,0.0007401924500370096,1605.0688000000002,19.38488888888889,0.044444444444444446,5.0,2150.7921920000003,1.0,0.27037037037037037,235.8494814814815,0.5407407407407407,35.66819555555556,3.6986301369863015,0.27037037037037037,19.38488888888889,10467.84,0.0007401924500370096,1.188059807549963,60.0,2.0,Long Inactive,Medium Value,Low Frequency
CUST1228,47,Female,Germany,active,1,4,1466.56,1466.56,366.64,4.1,0,13.0,13,13,2023-02-19,2023-02-19,2022-03-16,1023,340,0.08108108108108107,4.0,1,1,1,0.0,1466.56,366.64,0.002932551319648094,2669.1391999999996,129.40235294117645,0.3529411764705882,0.0,3523.263743999999,1.0,1.0735294117647058,1574.3952941176472,4.294117647058823,235.51228235294113,0.9315068493150684,1.0735294117647058,129.40235294117645,20531.84,0.002932551319648094,7.827387683284456,0.0,2.0,Long Inactive,High Value,Low Frequency
CUST1229,46,Male,UK,active,1,4,1391.04,1391.04,347.76,4.3,2,27.0,27,27,2025-01-15,2025-01-15,2022-07-25,327,905,0.0320855614973262,4.0,1,1,1,2.0,1391.04,347.76,0.0011037527593818985,2587.3343999999997,46.111823204419885,0.13259668508287292,2.0,3518.7747839999993,1.0,0.4033149171270718,561.027182320442,1.6132596685082872,85.76799116022099,2.4794520547945207,0.4033149171270718,46.111823204419885,38949.119999999995,0.0011037527593818985,2.8557774834437084,56.0,2.0,Long Inactive,High Value,Low Frequency
CUST1230,18,Female,India,active,1,8,1767.44,1767.44,220.93,4.4,1,38.0,38,38,2023-05-26,2023-05-26,2022-06-21,927,339,0.08130081300813008,8.0,1,1,1,1.0,1767.44,220.93,0.0029411764705882353,3322.7872,156.41061946902656,0.7079646017699115,1.0,4585.446336000001,1.0,1.0766961651917404,1902.9958702064898,8.613569321533923,294.0519646017699,0.9287671232876712,1.0766961651917404,156.41061946902656,68930.16,0.0029411764705882353,9.772903529411765,39.0,2.0,Long Inactive,Very High Value,Low Frequency
CUST1231,66,Female,Pakistan,active,1,1,1331.03,1331.03,1331.03,4.3,5,33.0,33,33,2025-01-06,2025-01-06,2023-12-01,336,402,0.06944444444444445,1.0,1,1,1,5.0,1331.03,1331.03,0.0024813895781637717,2475.7158,99.33059701492537,0.07462686567164178,5.0,3366.9734879999996,1.0,0.9079601990049752,1208.522263681592,0.9079601990049752,184.75491044776118,1.1013698630136985,0.9079601990049752,99.33059701492537,45255.02,0.0024813895781637717,6.1432153846153845,170.0,2.0,Long Inactive,High Value,Low Frequency
CUST1232,54,Other,UK,cancelled,1,5,672.0,672.0,134.4,4.3,4,30.0,30,30,2023-06-10,2023-06-10,2022-07-14,912,331,0.08310249307479224,5.0,1,1,1,4.0,672.0,134.4,0.0030120481927710845,1249.9199999999998,60.90634441087613,0.45317220543806647,4.0,1699.8911999999996,1.0,1.1027190332326284,741.0271903323262,5.5135951661631415,113.28580060422959,0.9068493150684932,1.1027190332326284,60.90634441087613,20832.0,0.0030120481927710845,3.7648192771084337,124.0,2.0,Long Inactive,Medium Value,Low Frequency
CUST1233,35,Female,India,active,1,9,1199.25,1199.25,133.25,3.5,1,26.0,26,26,2024-02-06,2024-02-06,2022-07-04,671,582,0.04901960784313726,9.0,1,1,1,1.0,1199.25,133.25,0.0017152658662092624,2038.725,61.81701030927835,0.4639175257731959,1.0,2446.47,1.0,0.627147766323024,752.1069587628866,5.644329896907217,105.0889175257732,1.5945205479452054,0.627147766323024,61.81701030927835,32379.75,0.0017152658662092624,3.4969554030874783,27.0,2.0,Long Inactive,High Value,Low Frequency
CUST1234,65,Male,USA,cancelled,1,9,1892.34,1892.34,210.26,3.9,1,15.0,15,15,2025-05-01,2025-05-01,2021-11-16,221,1262,0.023219814241486066,9.0,1,1,1,1.0,1892.34,210.26,0.000791765637371338,3368.3651999999997,44.98431061806656,0.21394611727416796,1.0,4311.507455999999,1.0,0.28922345483359746,547.3091125198098,2.6030110935023774,80.07207290015846,3.4575342465753423,0.28922345483359746,44.98431061806656,30277.44,0.000791765637371338,2.6669558194774345,16.0,2.0,Long Inactive,Very High Value,Low Frequency
CUST1235,22,Female,Pakistan,cancelled,1,8,641.68,641.68,80.21,4.5,0,47.0,47,47,2022-10-31,2022-10-31,2020-09-22,1134,769,0.03754693366708386,8.0,1,1,1,0.0,641.68,80.21,0.0012987012987012987,1219.1919999999998,25.03302990897269,0.31209362808842656,0.0,1706.8687999999995,1.0,0.4746423927178154,304.56853055916775,3.797139141742523,47.562756827048105,2.106849315068493,0.4746423927178154,25.03302990897269,30800.64,0.0012987012987012987,1.5833662337662335,0.0,2.0,Long Inactive,Medium Value,Low Frequency
CUST1236,60,Female,Pakistan,active,1,4,535.36,535.36,133.84,3.4,2,11.0,11,11,2022-07-16,2022-07-16,2021-09-23,1241,296,0.09202453987730061,4.0,1,1,1,2.0,535.36,133.84,0.003367003367003367,899.4048,54.25945945945946,0.4054054054054054,2.0,1061.297664,1.0,1.2331081081081081,660.1567567567567,4.9324324324324325,91.15589189189188,0.810958904109589,1.2331081081081081,54.25945945945946,6424.32,0.003367003367003367,3.02829898989899,24.0,2.0,Long Inactive,Low Value,Low Frequency
CUST1237,57,Female,Germany,cancelled,1,4,1146.76,1146.76,286.69,4.0,1,28.0,28,28,2023-07-10,2023-07-10,2023-10-01,882,0,1.0,4.0,1,1,1,1.0,1146.76,286.69,1.0,2064.168,11467.599999999999,40.0,1.0,2683.4184000000005,1.0,365.0,418567.39999999997,1460.0,20641.68,0.0,365.0,11467.599999999999,33256.04,1.0,2064.168,29.0,2.0,Long Inactive,High Value,Low Frequency
CUST1238,37,Female,Canada,active,1,8,441.44,441.44,55.18,4.0,2,3.0,3,3,2023-01-26,2023-01-26,2021-11-29,1047,423,0.06622516556291391,8.0,1,1,1,2.0,441.44,55.18,0.0023584905660377358,794.592,31.307801418439716,0.5673758865248227,2.0,1032.9696000000001,1.0,0.8628841607565012,380.9115839243499,6.90307328605201,56.35404255319149,1.158904109589041,0.8628841607565012,31.307801418439716,1765.76,0.0023584905660377358,1.8740377358490565,8.0,2.0,Long Inactive,Low Value,Low Frequency
CUST1239,50,Female,USA,active,1,7,180.25,180.25,25.75,4.4,5,8.0,8,8,2025-02-26,2025-02-26,2022-12-27,285,792,0.03649635036496351,7.0,1,1,1,5.0,180.25,25.75,0.0012610340479192938,338.87,6.827651515151516,0.26515151515151514,5.0,467.64060000000006,1.0,0.46085858585858586,83.0697601010101,3.226010101010101,12.83598484848485,2.16986301369863,0.46085858585858586,6.827651515151516,1622.25,0.0012610340479192938,0.4273266078184111,45.0,2.0,Long Inactive,Low Value,Low Frequency
CUST1240,22,Female,Germany,active,1,6,44.519999999999996,44.519999999999996,7.42,4.0,5,22.0,22,22,2023-09-04,2023-09-04,2022-05-21,826,471,0.059880239520958084,6.0,1,1,1,5.0,44.519999999999996,7.419999999999999,0.00211864406779661,80.136,2.835668789808917,0.3821656050955414,5.0,104.1768,1.0,0.7749469214437368,34.50063694267516,4.649681528662421,5.104203821656051,1.2904109589041095,0.7749469214437368,2.835668789808917,1023.9599999999999,0.00211864406779661,0.16977966101694913,115.0,2.0,Long Inactive,Low Value,Low Frequency
CUST1241,46,Female,Canada,active,1,4,1721.12,1721.12,430.28,4.3,0,39.0,39,39,2022-01-23,2022-01-23,2020-09-16,1415,494,0.05725190839694657,4.0,1,1,1,0.0,1721.12,430.28,0.00202020202020202,3201.2831999999994,104.52145748987854,0.24291497975708504,0.0,4353.745151999999,1.0,0.7388663967611336,1271.6777327935222,2.9554655870445345,194.40991093117407,1.3534246575342466,0.7388663967611336,104.52145748987854,68844.79999999999,0.00202020202020202,6.467238787878786,0.0,2.0,Long Inactive,Very High Value,Low Frequency
CUST1242,59,Male,India,active,1,3,923.8499999999999,923.8499999999999,307.95,4.0,2,40.0,40,40,2025-03-05,2025-03-05,2021-09-05,278,1277,0.022953328232593724,3.0,1,1,1,2.0,923.8499999999999,307.95,0.000782472613458529,1662.9299999999998,21.703602192638993,0.07047768206734534,2.0,2161.8089999999997,1.0,0.28582615505090053,264.06049334377445,0.8574784651527017,39.06648394675019,3.4986301369863013,0.28582615505090053,21.703602192638993,37877.85,0.000782472613458529,1.3011971830985916,82.0,2.0,Long Inactive,Medium Value,Low Frequency
CUST1243,53,Female,Germany,active,1,1,235.7,235.7,235.7,4.2,2,5.0,5,5,2022-12-07,2022-12-07,2021-12-18,1097,354,0.078125,1.0,1,1,1,2.0,235.7,235.7,0.0028169014084507044,433.688,19.97457627118644,0.0847457627118644,2.0,581.14192,1.0,1.0310734463276836,243.02401129943502,1.0310734463276836,36.75322033898305,0.9698630136986301,1.0310734463276836,19.97457627118644,1414.1999999999998,0.0028169014084507044,1.221656338028169,12.0,2.0,Long Inactive,Low Value,Low Frequency
CUST1244,40,Female,USA,active,1,8,1399.6,1399.6,174.95,3.8,5,23.0,23,23,2024-03-28,2024-03-28,2022-10-17,620,528,0.05376344086021505,8.0,1,1,1,5.0,1399.6,174.95,0.001890359168241966,2463.296,79.52272727272727,0.45454545454545453,5.0,3103.75296,1.0,0.6912878787878788,967.526515151515,5.53030303030303,139.95999999999998,1.4465753424657535,0.6912878787878788,79.52272727272727,33590.399999999994,0.001890359168241966,4.6565141776937615,120.0,2.0,Long Inactive,High Value,Low Frequency
CUST1245,67,Female,UK,active,1,4,929.56,929.56,232.39,4.4,0,40.0,40,40,2021-07-23,2021-07-23,2020-10-31,1599,265,0.10169491525423728,4.0,1,1,1,0.0,929.56,232.39,0.0037593984962406013,1747.5728,105.2332075471698,0.45283018867924524,0.0,2411.6504640000003,1.0,1.3773584905660377,1280.337358490566,5.509433962264151,197.8384301886792,0.726027397260274,1.3773584905660377,105.2332075471698,38111.96,0.0037593984962406013,6.569822556390977,0.0,2.0,Long Inactive,Medium Value,Low Frequency
CUST1246,26,Male,Germany,active,1,4,1067.0,1067.0,266.75,3.9,2,23.0,23,23,2024-03-16,2024-03-16,2021-01-13,632,1158,0.025252525252525252,4.0,1,1,1,2.0,1067.0,266.75,0.0008628127696289905,1899.26,27.642487046632123,0.10362694300518134,2.0,2431.0528,1.0,0.31519861830742657,336.31692573402415,1.2607944732297063,49.203626943005176,3.1726027397260275,0.31519861830742657,27.642487046632123,25608.0,0.0008628127696289905,1.6387057808455565,48.0,2.0,Long Inactive,High Value,Low Frequency
CUST1247,67,Female,UK,active,1,2,65.64,65.64,32.82,4.2,5,39.0,39,39,2025-03-23,2025-03-23,2022-11-18,260,856,0.03386004514672686,2.0,1,1,1,5.0,65.64,32.82,0.0011668611435239206,120.7776,2.300467289719626,0.07009345794392523,5.0,161.84198400000002,1.0,0.42640186915887845,27.989018691588782,0.8528037383177569,4.232859813084112,2.345205479452055,0.42640186915887845,2.300467289719626,2625.6,0.0011668611435239206,0.1409306884480747,200.0,2.0,Long Inactive,Low Value,Low Frequency
CUST1248,23,Male,USA,paused,1,3,1792.08,1792.08,597.36,3.9,2,11.0,11,11,2021-11-21,2021-11-21,2021-08-29,1478,84,0.2631578947368421,3.0,1,1,1,2.0,1792.08,597.36,0.011764705882352941,3189.9024,640.0285714285715,1.0714285714285714,2.0,4083.075072,1.0,4.345238095238095,7787.0142857142855,13.035714285714286,1139.2508571428573,0.23013698630136986,4.345238095238095,640.0285714285715,21504.96,0.011764705882352941,37.52826352941177,24.0,2.0,Long Inactive,Very High Value,Low Frequency
CUST1249,51,Female,India,cancelled,1,8,1179.6,1179.6,147.45,4.7,1,18.0,18,18,2024-07-12,2024-07-12,2022-12-18,514,572,0.04983388704318937,8.0,1,1,1,1.0,1179.6,147.45,0.0017452006980802793,2288.424,61.86713286713287,0.4195804195804196,1.0,3295.33056,1.0,0.6381118881118881,752.7167832167831,5.104895104895105,120.02223776223776,1.5671232876712329,0.6381118881118881,61.86713286713287,22412.399999999998,0.0017452006980802793,3.993759162303665,19.0,2.0,Long Inactive,High Value,Low Frequency
CUST1250,64,Female,India,active,1,7,643.44,643.44,91.92,3.6,2,39.0,39,39,2024-11-16,2024-11-16,2021-02-21,387,1364,0.02152080344332855,7.0,1,1,1,2.0,643.44,91.92,0.0007326007326007326,1106.7168000000001,14.151906158357772,0.15395894428152493,2.0,1350.194496,1.0,0.26759530791788855,172.18152492668622,1.8731671554252198,24.341278592375367,3.736986301369863,0.26759530791788855,14.151906158357772,25737.600000000002,0.0007326007326007326,0.8107815384615386,80.0,2.0,Long Inactive,Medium Value,Low Frequency
CUST1251,42,Female,Germany,active,1,6,538.08,538.08,89.68,3.7,2,39.0,39,39,2024-08-11,2024-08-11,2023-05-20,484,449,0.06263048016701461,6.0,1,1,1,2.0,538.08,89.68,0.0022222222222222222,936.2592000000001,35.951893095768376,0.40089086859688194,2.0,1160.9614080000001,1.0,0.8129175946547884,437.4146993318486,4.877505567928731,62.55629398663697,1.2301369863013698,0.8129175946547884,35.951893095768376,21523.2,0.0022222222222222222,2.080576,80.0,2.0,Long Inactive,Low Value,Low Frequency
CUST1252,23,Male,Pakistan,paused,1,5,1348.1,1348.1,269.62,4.2,1,6.0,6,6,2024-04-17,2024-04-17,2021-05-13,600,1070,0.027272727272727275,5.0,1,1,1,1.0,1348.1,269.62,0.0009337068160597573,2480.504,37.797196261682245,0.14018691588785048,1.0,3323.87536,1.0,0.3411214953271028,459.86588785046723,1.7056074766355138,69.54684112149533,2.9315068493150687,0.3411214953271028,37.797196261682245,9436.699999999999,0.0009337068160597573,2.316063492063492,7.0,2.0,Long Inactive,High Value,Low Frequency
CUST1253,57,Female,India,active,1,1,214.01,214.01,214.01,4.0,0,37.0,37,37,2021-11-05,2021-11-05,2021-12-02,1494,0,1.0,1.0,1,1,1,0.0,214.01,214.01,1.0,385.218,2140.1,10.0,0.0,500.78340000000003,1.0,365.0,78113.65,365.0,3852.18,0.0,365.0,2140.1,8132.379999999999,1.0,385.218,0.0,2.0,Long Inactive,Low Value,Low Frequency
CUST1254,29,Male,India,active,1,2,736.4,736.4,368.2,3.6,0,24.0,24,24,2025-03-28,2025-03-28,2022-12-09,255,840,0.034482758620689655,2.0,1,1,1,0.0,736.4,368.2,0.0011890606420927466,1266.608,26.3,0.07142857142857142,0.0,1545.2617599999999,1.0,0.43452380952380953,319.98333333333335,0.8690476190476191,45.236,2.3013698630136985,0.43452380952380953,26.3,18410.0,0.0011890606420927466,1.5060737217598095,0.0,2.0,Long Inactive,Medium Value,Low Frequency
CUST1255,60,Female,USA,paused,1,2,1120.48,1120.48,560.24,4.3,5,40.0,40,40,2023-12-18,2023-12-18,2023-09-02,721,107,0.21897810218978103,2.0,1,1,1,5.0,1120.48,560.24,0.009259259259259259,2084.0928,314.15327102803735,0.5607476635514018,5.0,2834.3662079999995,1.0,3.4112149532710276,3822.1981308411214,6.822429906542055,584.3250841121495,0.29315068493150687,3.4112149532710276,314.15327102803735,45939.68,0.009259259259259259,19.297155555555552,205.0,2.0,Long Inactive,High Value,Low Frequency
CUST1256,22,Female,Germany,active,1,1,262.89,262.89,262.89,4.2,2,44.0,44,44,2024-10-09,2024-10-09,2021-05-28,425,1230,0.023809523809523808,1.0,1,1,1,2.0,262.89,262.89,0.0008123476848090983,483.7176,6.411951219512194,0.024390243902439025,2.0,648.181584,1.0,0.2967479674796748,78.0120731707317,0.2967479674796748,11.79799024390244,3.3698630136986303,0.2967479674796748,6.411951219512194,11830.05,0.0008123476848090983,0.39294687246141347,90.0,2.0,Long Inactive,Low Value,Low Frequency
CUST1257,56,Male,Canada,cancelled,1,8,908.16,908.16,113.52,4.3,2,14.0,14,14,2025-01-24,2025-01-24,2021-10-18,318,1194,0.02450980392156863,8.0,1,1,1,2.0,908.16,113.52,0.0008368200836820083,1689.1775999999998,22.81809045226131,0.20100502512562815,2.0,2297.2815359999995,1.0,0.30569514237855944,277.62010050251257,2.4455611390284755,42.441648241206025,3.271232876712329,0.30569514237855944,22.81809045226131,13622.4,0.0008368200836820083,1.4135377405857739,30.0,2.0,Long Inactive,Medium Value,Low Frequency
CUST1258,65,Female,India,active,1,7,550.9699999999999,550.9699999999999,78.71,4.2,2,35.0,35,35,2025-04-20,2025-04-20,2020-02-09,232,1897,0.015568240788790867,7.0,1,1,1,2.0,550.9699999999999,78.71,0.0005268703898840885,1013.7847999999999,8.713284132841327,0.11070110701107011,2.0,1358.471632,1.0,0.19240906694781235,106.01162361623615,1.3468634686346863,16.032442804428044,5.197260273972603,0.19240906694781235,8.713284132841327,19834.92,0.0005268703898840885,0.5341331928345626,72.0,2.0,Long Inactive,Low Value,Low Frequency
CUST1259,40,Male,USA,active,1,3,850.56,850.56,283.52,4.2,0,48.0,48,48,2025-04-17,2025-04-17,2021-02-18,235,1519,0.01936733376371853,3.0,1,1,1,0.0,850.56,283.52,0.0006578947368421052,1565.0303999999999,16.798420013166556,0.05924950625411455,0.0,2097.140736,1.0,0.2402896642527979,204.38077682685977,0.7208689927583938,30.909092824226462,4.161643835616438,0.2402896642527979,16.798420013166556,41677.439999999995,0.0006578947368421052,1.0296252631578946,0.0,2.0,Long Inactive,Medium Value,Low Frequency
CUST1260,34,Female,UK,active,1,9,1570.05,1570.05,174.45,4.4,1,14.0,14,14,2023-06-08,2023-06-08,2022-12-14,914,176,0.14563106796116507,9.0,1,1,1,1.0,1570.05,174.45,0.005649717514124294,2951.694,267.6221590909091,1.5340909090909092,1.0,4073.3377200000004,1.0,2.0738636363636362,3256.069602272727,18.664772727272727,503.1296590909091,0.4821917808219178,2.0738636363636362,267.6221590909091,23550.75,0.005649717514124294,16.676237288135592,15.0,2.0,Long Inactive,Very High Value,Low Frequency
CUST1261,36,Female,UK,paused,1,6,992.04,992.04,165.34,4.2,5,8.0,8,8,2025-01-08,2025-01-08,2022-02-09,334,1064,0.027422303473491772,6.0,1,1,1,5.0,992.04,165.34,0.0009389671361502347,1825.3536,27.971052631578946,0.16917293233082706,5.0,2445.973824,1.0,0.3430451127819549,340.3144736842105,2.058270676691729,51.466736842105256,2.915068493150685,0.3430451127819549,27.971052631578946,8928.36,0.0009389671361502347,1.713947042253521,45.0,2.0,Long Inactive,Medium Value,Low Frequency
CUST1262,46,Female,India,active,1,4,1098.68,1098.68,274.67,4.4,1,25.0,25,25,2023-09-29,2023-09-29,2023-03-04,801,209,0.12552301255230125,4.0,1,1,1,1.0,1098.68,274.67,0.004761904761904762,2065.5184000000004,157.70526315789473,0.5741626794258373,1.0,2850.415392000001,1.0,1.7464114832535886,1918.747368421053,6.9856459330143545,296.48589473684217,0.5726027397260274,1.7464114832535886,157.70526315789473,28565.68,0.004761904761904762,9.835801904761908,26.0,2.0,Long Inactive,High Value,Low Frequency
CUST1263,65,Male,UK,paused,1,5,369.54999999999995,369.54999999999995,73.91,3.0,5,28.0,28,28,2023-05-03,2023-05-03,2020-02-09,950,1179,0.02481389578163772,5.0,1,1,1,5.0,369.54999999999995,73.91,0.000847457627118644,591.28,9.403307888040713,0.1272264631043257,5.0,650.408,1.0,0.3095843935538592,114.40691263782865,1.5479219677692961,15.04529262086514,3.23013698630137,0.3095843935538592,9.403307888040713,10716.949999999999,0.000847457627118644,0.5010847457627118,145.0,2.0,Long Inactive,Low Value,Low Frequency
CUST1264,31,Female,Pakistan,cancelled,1,2,661.04,661.04,330.52,4.5,3,37.0,37,37,2024-05-30,2024-05-30,2022-07-22,557,678,0.0423728813559322,2.0,1,1,1,3.0,661.04,330.52,0.0014727540500736377,1255.9759999999999,29.24955752212389,0.08849557522123894,3.0,1758.3663999999997,1.0,0.5383480825958702,355.86961651917403,1.0766961651917404,55.57415929203539,1.8575342465753424,0.5383480825958702,29.24955752212389,25119.519999999997,0.0014727540500736377,1.849743740795287,114.0,2.0,Long Inactive,Medium Value,Low Frequency
CUST1265,57,Female,Germany,cancelled,1,1,1865.18,1865.18,1865.18,4.3,3,47.0,47,47,2024-11-18,2024-11-18,2023-02-27,385,630,0.045454545454545456,1.0,1,1,1,3.0,1865.18,1865.18,0.001584786053882726,3469.2347999999997,88.81809523809524,0.047619047619047616,3.0,4718.159327999999,1.0,0.5793650793650793,1080.6201587301587,0.5793650793650793,165.20165714285713,1.726027397260274,0.5793650793650793,88.81809523809524,89528.64,0.001584786053882726,5.497994928684627,144.0,2.0,Long Inactive,Very High Value,Low Frequency
CUST1266,32,Male,Pakistan,paused,1,1,1624.53,1624.53,1624.53,4.2,1,16.0,16,16,2024-07-03,2024-07-03,2023-04-25,523,435,0.06451612903225806,1.0,1,1,1,1.0,1624.53,1624.53,0.0022935779816513763,2989.1352,112.03655172413792,0.06896551724137931,1.0,4005.4411680000003,1.0,0.8390804597701149,1363.1113793103448,0.8390804597701149,206.1472551724138,1.1917808219178083,0.8390804597701149,112.03655172413792,27617.01,0.0022935779816513763,6.855814678899083,17.0,2.0,Long Inactive,Very High Value,Low Frequency
CUST1267,47,Male,India,active,1,3,667.14,667.14,222.38,4.4,2,12.0,12,12,2024-01-19,2024-01-19,2022-07-28,689,540,0.05263157894736842,3.0,1,1,1,2.0,667.14,222.38,0.0018484288354898336,1254.2232000000001,37.06333333333333,0.16666666666666666,2.0,1730.8280160000004,1.0,0.6759259259259259,450.93722222222226,2.0277777777777777,69.67906666666667,1.4794520547945205,0.6759259259259259,37.06333333333333,8672.82,0.0018484288354898336,2.318342329020333,26.0,2.0,Long Inactive,Medium Value,Low Frequency
CUST1268,28,Male,USA,active,1,8,1524.8,1524.8,190.6,4.0,3,1.0,1,1,2025-02-03,2025-02-03,2022-10-29,308,828,0.03496503496503496,8.0,1,1,1,3.0,1524.8,190.6,0.0012062726176115801,2744.64,55.246376811594196,0.2898550724637681,3.0,3568.032,1.0,0.44082125603864736,672.1642512077294,3.526570048309179,99.44347826086955,2.2684931506849315,0.44082125603864736,55.246376811594196,3049.6,0.0012062726176115801,3.310784077201447,6.0,2.0,Long Inactive,Very High Value,Low Frequency
CUST1269,58,Female,UK,cancelled,1,4,629.6,629.6,157.4,3.8,3,45.0,45,45,2022-09-19,2022-09-19,2021-11-30,1176,293,0.09287925696594426,4.0,1,1,1,3.0,629.6,157.4,0.003401360544217687,1108.096,64.46416382252559,0.40955631399317405,3.0,1396.2009600000001,1.0,1.2457337883959043,784.3139931740615,4.982935153583617,113.45692832764504,0.8027397260273973,1.2457337883959043,64.46416382252559,28961.600000000002,0.003401360544217687,3.769034013605442,138.0,2.0,Long Inactive,Medium Value,Low Frequency
CUST1270,27,Female,Germany,cancelled,1,7,682.9200000000001,682.9200000000001,97.56,4.3,1,17.0,17,17,2022-11-14,2022-11-14,2021-04-05,1120,588,0.04854368932038835,7.0,1,1,1,1.0,682.9200000000001,97.56000000000002,0.001697792869269949,1270.2312,34.84285714285714,0.3571428571428571,1.0,1727.5144319999997,1.0,0.6207482993197279,423.9214285714286,4.345238095238095,64.80771428571428,1.610958904109589,0.6207482993197279,34.84285714285714,12292.560000000001,0.001697792869269949,2.1565894736842104,18.0,2.0,Long Inactive,Medium Value,Low Frequency
CUST1271,52,Female,India,paused,1,8,350.08,350.08,43.76,4.2,4,38.0,38,38,2025-05-03,2025-05-03,2021-06-11,219,1422,0.02066115702479339,8.0,1,1,1,4.0,350.08,43.76,0.0007027406886858749,644.1472,7.385654008438818,0.16877637130801687,4.0,863.1572480000001,1.0,0.25668073136427566,89.85879043600562,2.0534458509142053,13.589603375527426,3.8958904109589043,0.25668073136427566,7.385654008438818,13653.119999999999,0.0007027406886858749,0.452668446943078,156.0,2.0,Long Inactive,Low Value,Low Frequency
CUST1272,28,Female,USA,active,1,8,1906.4,1906.4,238.3,4.1,3,41.0,41,41,2023-03-27,2023-03-27,2022-10-31,987,147,0.1694915254237288,8.0,1,1,1,3.0,1906.4,238.3,0.006756756756756757,3469.6479999999997,389.0612244897959,1.6326530612244896,3.0,4579.935359999999,1.0,2.4829931972789114,4733.578231292518,19.86394557823129,708.0914285714284,0.40273972602739727,2.4829931972789114,389.0612244897959,80068.8,0.006756756756756757,23.443567567567566,126.0,2.0,Long Inactive,Very High Value,Low Frequency
CUST1273,53,Female,Pakistan,active,1,6,1483.68,1483.68,247.28,4.0,1,49.0,49,49,2023-06-03,2023-06-03,2021-03-28,919,797,0.036275695284159616,6.0,1,1,1,1.0,1483.68,247.28,0.0012531328320802004,2670.6240000000003,55.8474278544542,0.2258469259723965,1.0,3471.8112000000006,1.0,0.45796737766624845,679.4770388958596,2.7478042659974906,100.52537013801758,2.1835616438356165,0.45796737766624845,55.8474278544542,74184.0,0.0012531328320802004,3.3466466165413533,50.0,2.0,Long Inactive,High Value,Low Frequency
CUST1274,61,Female,USA,active,1,3,1023.1200000000001,1023.1200000000001,341.04,4.2,0,1.0,1,1,2022-02-18,2022-02-18,2021-08-31,1389,171,0.14925373134328357,3.0,1,1,1,0.0,1023.1200000000001,341.04,0.005813953488372093,1882.5408000000002,179.49473684210528,0.5263157894736842,0.0,2522.6046720000004,1.0,2.134502923976608,2183.8526315789477,6.4035087719298245,330.2703157894737,0.4684931506849315,2.134502923976608,179.49473684210528,2046.2400000000002,0.005813953488372093,10.945004651162792,0.0,2.0,Long Inactive,Medium Value,Low Frequency
CUST1275,53,Female,Germany,active,1,2,1460.88,1460.88,730.44,3.3,3,46.0,46,46,2022-04-21,2022-04-21,2021-06-09,1327,316,0.08670520231213873,2.0,1,1,1,3.0,1460.88,730.44,0.0031545741324921135,2425.0608,138.69113924050635,0.189873417721519,3.0,2813.070528,1.0,1.1550632911392404,1687.4088607594938,2.310126582278481,230.22729113924052,0.8657534246575342,1.1550632911392404,138.69113924050635,68661.36,0.0031545741324921135,7.650034069400632,141.0,2.0,Long Inactive,High Value,Low Frequency
CUST1276,59,Female,UK,cancelled,1,8,116.4,116.4,14.55,4.3,3,12.0,12,12,2024-08-22,2024-08-22,2022-05-29,473,816,0.03546099290780142,8.0,1,1,1,3.0,116.4,14.55,0.0012239902080783353,216.504,4.279411764705882,0.29411764705882354,3.0,294.44543999999996,1.0,0.4473039215686274,52.06617647058823,3.5784313725490193,7.959705882352941,2.2356164383561645,0.4473039215686274,4.279411764705882,1513.2,0.0012239902080783353,0.2649987760097919,39.0,2.0,Long Inactive,Low Value,Low Frequency
CUST1277,33,Female,India,active,1,6,1349.34,1349.34,224.89,3.8,4,30.0,30,30,2024-05-18,2024-05-18,2022-09-12,569,614,0.04658385093167702,6.0,1,1,1,4.0,1349.34,224.89,0.0016260162601626016,2374.8384,65.928664495114,0.2931596091205212,4.0,2992.296384,1.0,0.5944625407166124,802.1320846905537,3.5667752442996745,116.03444951140067,1.6821917808219178,0.5944625407166124,65.928664495114,41829.54,0.0016260162601626016,3.8615258536585366,124.0,2.0,Long Inactive,High Value,Low Frequency
CUST1278,53,Female,UK,paused,1,7,1711.43,1711.43,244.49,4.2,0,41.0,41,41,2025-04-18,2025-04-18,2023-06-05,234,683,0.04207573632538569,7.0,1,1,1,0.0,1711.43,244.49,0.0014619883040935672,3149.0312000000004,75.17262079062958,0.3074670571010249,0.0,4219.701808000001,1.0,0.5344070278184481,914.6002196193266,3.7408491947291362,138.31762225475845,1.8712328767123287,0.5344070278184481,75.17262079062958,71880.06,0.0014619883040935672,4.603846783625731,0.0,2.0,Long Inactive,Very High Value,Low Frequency
CUST1279,47,Male,Germany,cancelled,1,2,568.18,568.18,284.09,3.7,4,49.0,49,49,2023-09-09,2023-09-09,2020-10-14,821,1060,0.027522935779816512,2.0,1,1,1,4.0,568.18,284.09,0.000942507068803016,988.6331999999999,16.080566037735846,0.056603773584905655,4.0,1225.9051679999998,1.0,0.3443396226415094,195.64688679245282,0.6886792452830188,27.980184905660373,2.904109589041096,0.3443396226415094,16.080566037735846,28408.999999999996,0.000942507068803016,0.9317937794533457,200.0,2.0,Long Inactive,Medium Value,Low Frequency
CUST1280,52,Male,Canada,active,1,4,958.28,958.28,239.57,4.3,5,14.0,14,14,2023-05-06,2023-05-06,2022-10-20,947,198,0.13157894736842105,4.0,1,1,1,5.0,958.28,239.57,0.005025125628140704,1782.4008,145.1939393939394,0.6060606060606061,5.0,2424.065088,1.0,1.8434343434343434,1766.5262626262627,7.373737373737374,270.06072727272726,0.5424657534246575,1.8434343434343434,145.1939393939394,14374.199999999999,0.005025125628140704,8.956787939698492,75.0,2.0,Long Inactive,Medium Value,Low Frequency
CUST1281,59,Female,UK,cancelled,1,3,307.86,307.86,102.62,3.9,0,23.0,23,23,2021-03-08,2021-03-08,2021-04-04,1736,0,1.0,3.0,1,1,1,0.0,307.86,102.62,1.0,547.9908,3078.6,30.0,0.0,701.4282240000001,1.0,365.0,112368.90000000001,1095.0,5479.908,0.0,365.0,3078.6,7388.64,1.0,547.9908,0.0,2.0,Long Inactive,Low Value,Low Frequency
CUST1282,63,Male,Pakistan,active,1,8,212.88,212.88,26.61,3.0,2,28.0,28,28,2025-09-08,2025-09-08,2023-05-15,91,847,0.03420752565564424,8.0,1,1,1,2.0,212.88,26.61,0.0011792452830188679,340.608,7.540023612750885,0.28335301062573787,2.0,374.66880000000003,1.0,0.4309327036599764,91.73695395513576,3.447461629279811,12.064037780401417,2.3205479452054796,0.4309327036599764,7.540023612750885,6173.5199999999995,0.0011792452830188679,0.40166037735849053,58.0,2.0,At Risk,Low Value,Low Frequency
CUST1283,29,Male,Canada,active,1,5,1408.55,1408.55,281.71,4.3,4,28.0,28,28,2021-10-23,2021-10-23,2021-09-07,1507,46,0.39473684210526316,5.0,1,1,1,4.0,1408.55,281.71,0.02127659574468085,2619.903,918.6195652173913,3.260869565217391,4.0,3563.0680799999996,1.0,7.934782608695651,11176.53804347826,39.67391304347826,1708.6323913043475,0.12602739726027398,7.934782608695651,918.6195652173913,40847.95,0.02127659574468085,55.74261702127659,116.0,2.0,Long Inactive,High Value,Low Frequency
CUST1284,45,Male,Germany,paused,1,3,1495.23,1495.23,498.41,3.5,1,23.0,23,23,2025-10-08,2025-10-08,2020-06-11,61,1945,0.01518987341772152,3.0,1,1,1,1.0,1495.23,498.41,0.0005138746145940391,2541.891,23.0626735218509,0.04627249357326479,1.0,3050.2692,1.0,0.18766066838046272,280.5958611825193,0.5629820051413881,39.206544987146536,5.328767123287672,0.18766066838046272,23.0626735218509,35885.520000000004,0.0005138746145940391,1.3062132579650565,24.0,2.0,Moderate,Very High Value,Low Frequency
CUST1285,54,Female,India,cancelled,1,7,1055.39,1055.39,150.77,3.9,3,39.0,39,39,2023-05-29,2023-05-29,2021-05-22,924,737,0.03911342894393742,7.0,1,1,1,3.0,1055.39,150.77,0.0013550135501355014,1878.5942000000002,42.96024423337857,0.28493894165535955,3.0,2404.6005760000003,1.0,0.49525101763907736,522.6829715061059,3.466757123473542,76.46923473541385,2.0191780821917806,0.49525101763907736,42.96024423337857,42215.600000000006,0.0013550135501355014,2.545520596205962,120.0,2.0,Long Inactive,Medium Value,Low Frequency
CUST1286,28,Male,UK,paused,1,7,787.64,787.64,112.52,4.0,2,24.0,24,24,2024-07-01,2024-07-01,2021-11-27,525,947,0.030706243602865918,7.0,1,1,1,2.0,787.64,112.52,0.0010548523206751054,1417.752,24.951636747624075,0.22175290390707497,2.0,1843.0776,1.0,0.38542766631467795,303.5782470960929,2.6979936642027456,44.91294614572334,2.5945205479452054,0.38542766631467795,24.951636747624075,19691.0,0.0010548523206751054,1.495518987341772,50.0,2.0,Long Inactive,Medium Value,Low Frequency
CUST1287,45,Female,UK,active,1,9,1753.29,1753.29,194.81,4.3,3,15.0,15,15,2025-07-29,2025-07-29,2022-09-04,132,1059,0.027548209366391185,9.0,1,1,1,3.0,1753.29,194.81,0.0009433962264150943,3261.1193999999996,49.668271954674225,0.254957507082153,3.0,4435.122383999999,1.0,0.34466477809254015,604.2973087818697,3.101983002832861,92.38298583569404,2.9013698630136986,0.34466477809254015,49.668271954674225,28052.64,0.0009433962264150943,3.0765277358490564,48.0,2.0,At Risk,Very High Value,Low Frequency
CUST1288,28,Male,Pakistan,active,1,5,1047.05,1047.05,209.41,3.8,1,8.0,8,8,2024-07-04,2024-07-04,2022-12-02,522,580,0.049180327868852465,5.0,1,1,1,1.0,1047.05,209.41,0.0017211703958691911,1842.808,54.157758620689656,0.25862068965517243,1.0,2321.93808,1.0,0.6293103448275862,658.9193965517242,3.146551724137931,95.3176551724138,1.5890410958904109,0.6293103448275862,54.157758620689656,9423.449999999999,0.0017211703958691911,3.171786574870912,9.0,2.0,Long Inactive,Medium Value,Low Frequency
CUST1289,29,Other,USA,cancelled,1,2,988.82,988.82,494.41,4.3,0,22.0,22,22,2021-12-23,2021-12-23,2021-08-04,1446,141,0.17543859649122806,2.0,1,1,1,0.0,988.82,494.41,0.007042253521126761,1839.2051999999999,210.3872340425532,0.425531914893617,0.0,2501.319072,1.0,2.588652482269503,2559.7113475177307,5.177304964539006,391.3202553191489,0.3863013698630137,2.588652482269503,210.3872340425532,22742.86,0.007042253521126761,12.952149295774648,0.0,2.0,Long Inactive,Medium Value,Low Frequency
CUST1290,47,Male,Pakistan,active,1,5,935.15,935.15,187.03,3.3,2,7.0,7,7,2025-05-04,2025-05-04,2023-02-25,218,799,0.03618817852834741,5.0,1,1,1,2.0,935.15,187.03,0.00125,1552.349,35.11201501877347,0.18773466833541927,2.0,1800.7248399999999,1.0,0.4568210262828536,427.1961827284105,2.284105131414268,58.285944931163954,2.1890410958904107,0.4568210262828536,35.11201501877347,7481.2,0.00125,1.9404362499999999,16.0,2.0,Long Inactive,Medium Value,Low Frequency
CUST1291,41,Female,Germany,active,1,4,1259.52,1259.52,314.88,4.5,4,47.0,47,47,2023-07-28,2023-07-28,2023-03-28,864,122,0.19736842105263158,4.0,1,1,1,4.0,1259.52,314.88,0.008130081300813009,2393.0879999999997,309.71803278688526,0.9836065573770493,4.0,3350.3231999999994,1.0,2.9918032786885242,3768.2360655737702,11.967213114754097,588.4642622950819,0.33424657534246577,2.9918032786885242,309.71803278688526,60456.96,0.008130081300813009,19.456,192.0,2.0,Long Inactive,High Value,Low Frequency
CUST1292,37,Male,India,cancelled,1,5,1169.35,1169.35,233.87,4.1,5,19.0,19,19,2021-12-16,2021-12-16,2021-12-13,1453,3,0.9090909090909091,5.0,1,1,1,5.0,1169.35,233.86999999999998,0.25,2128.2169999999996,11693.499999999998,50.0,5.0,2809.246439999999,1.0,121.66666666666669,142270.91666666666,608.3333333333334,21282.169999999995,0.00821917808219178,121.66666666666669,11693.499999999998,23387.0,0.25,532.0542499999999,100.0,2.0,Long Inactive,High Value,Low Frequency
CUST1293,58,Male,UK,active,1,6,1026.42,1026.42,171.07,4.2,4,6.0,6,6,2023-01-16,2023-01-16,2023-05-01,1057,0,1.0,6.0,1,1,1,4.0,1026.42,171.07000000000002,1.0,1888.6128,10264.2,60.0,4.0,2530.7411520000005,1.0,365.0,374643.30000000005,2190.0,18886.128,0.0,365.0,10264.2,7184.9400000000005,1.0,1888.6128,28.0,2.0,Long Inactive,Medium Value,Low Frequency
CUST1294,38,Male,Canada,active,1,5,777.2,777.2,155.44,4.1,5,29.0,29,29,2021-08-09,2021-08-09,2020-05-10,1582,456,0.0617283950617284,5.0,1,1,1,5.0,777.2,155.44,0.002188183807439825,1414.504,51.131578947368425,0.32894736842105265,5.0,1867.1452799999997,1.0,0.8004385964912281,622.1008771929825,4.00219298245614,93.05947368421053,1.2493150684931507,0.8004385964912281,51.131578947368425,23316.0,0.002188183807439825,3.0951947483588618,150.0,2.0,Long Inactive,Medium Value,Low Frequency
CUST1295,68,Male,UK,active,1,2,1579.0,1579.0,789.5,4.4,0,14.0,14,14,2025-06-05,2025-06-05,2023-01-15,186,872,0.03325942350332594,2.0,1,1,1,0.0,1579.0,789.5,0.001145475372279496,2968.52,54.32339449541284,0.06880733944954129,0.0,4096.5576,1.0,0.41857798165137616,660.934633027523,0.8371559633027523,102.12798165137615,2.389041095890411,0.41857798165137616,54.32339449541284,23685.0,0.001145475372279496,3.4003665521191295,0.0,2.0,Long Inactive,Very High Value,Low Frequency
CUST1296,38,Female,UK,active,1,8,1862.0,1862.0,232.75,4.2,2,5.0,5,5,2025-09-06,2025-09-06,2022-09-06,93,1096,0.026642984014209593,8.0,1,1,1,2.0,1862.0,232.75,0.0009115770282588879,3426.08,50.96715328467153,0.21897810218978103,2.0,4590.9472000000005,1.0,0.33302919708029194,620.1003649635036,2.6642335766423355,93.77956204379562,3.0027397260273974,0.33302919708029194,50.96715328467153,11172.0,0.0009115770282588879,3.1231358249772105,12.0,2.0,At Risk,Very High Value,Low Frequency
CUST1297,66,Male,Pakistan,paused,1,1,1786.22,1786.22,1786.22,3.9,5,2.0,2,2,2024-08-21,2024-08-21,2021-08-03,474,1114,0.026223776223776224,1.0,1,1,1,5.0,1786.22,1786.22,0.0008968609865470852,3179.4716000000003,48.10287253141831,0.026929982046678635,5.0,4069.7236480000006,1.0,0.3276481149012567,585.2516157989228,0.3276481149012567,85.6231131059246,3.052054794520548,0.3276481149012567,48.10287253141831,5358.66,0.0008968609865470852,2.85154403587444,15.0,2.0,Long Inactive,Very High Value,Low Frequency
CUST1298,42,Female,USA,cancelled,1,8,1735.92,1735.92,216.99,4.0,3,15.0,15,15,2023-12-05,2023-12-05,2021-01-03,734,1066,0.02737226277372263,8.0,1,1,1,3.0,1735.92,216.99,0.0009372071227741331,3124.6560000000004,48.853283302063794,0.22514071294559101,3.0,4062.052800000001,1.0,0.3424015009380863,594.3816135084428,2.7392120075046904,87.93590994371483,2.9205479452054797,0.3424015009380863,48.853283302063794,27774.72,0.0009372071227741331,2.928449859418932,48.0,2.0,Long Inactive,Very High Value,Low Frequency
CUST1299,45,Male,Pakistan,cancelled,1,9,97.92,97.92,10.88,4.5,5,38.0,38,38,2023-12-31,2023-12-31,2021-02-28,708,1036,0.028142589118198877,9.0,1,1,1,5.0,97.92,10.88,0.0009643201542912247,186.048,2.835521235521236,0.26061776061776065,5.0,260.4672,1.0,0.35231660231660233,34.4988416988417,3.170849420849421,5.387490347490348,2.8383561643835615,0.35231660231660233,2.835521235521236,3818.88,0.0009643201542912247,0.17940983606557379,195.0,2.0,Long Inactive,Low Value,Low Frequency
CUST1300,19,Female,Canada,active,1,1,1226.18,1226.18,1226.18,3.7,1,25.0,25,25,2024-02-11,2024-02-11,2023-08-14,666,181,0.14218009478672985,1.0,1,1,1,1.0,1226.18,1226.18,0.005494505494505495,2133.5532000000003,203.2342541436464,0.16574585635359115,1.0,2645.6059680000003,1.0,2.016574585635359,2472.6834254143646,2.016574585635359,353.6276022099448,0.4958904109589041,2.016574585635359,203.2342541436464,31880.68,0.005494505494505495,11.722819780219783,26.0,2.0,Long Inactive,High Value,Low Frequency
CUST1301,65,Female,USA,active,1,4,1840.08,1840.08,460.02,4.2,2,7.0,7,7,2024-03-26,2024-03-26,2023-08-08,622,231,0.1149425287356322,4.0,1,1,1,2.0,1840.08,460.02,0.004310344827586207,3385.7472,238.97142857142856,0.5194805194805194,2.0,4536.901248,1.0,1.5800865800865802,2907.4857142857145,6.320346320346321,439.7074285714285,0.6328767123287671,1.5800865800865802,238.97142857142856,14720.64,0.004310344827586207,14.593737931034482,16.0,2.0,Long Inactive,Very High Value,Low Frequency
CUST1302,55,Female,USA,paused,1,7,1521.1000000000001,1521.1000000000001,217.3,4.2,3,21.0,21,21,2023-08-28,2023-08-28,2023-07-28,833,31,0.49180327868852464,7.0,1,1,1,3.0,1521.1000000000001,217.3,0.03125,2798.8240000000005,1472.032258064516,6.774193548387096,3.0,3750.424160000001,1.0,11.774193548387098,17909.725806451614,82.41935483870968,2708.53935483871,0.08493150684931507,11.774193548387098,1472.032258064516,33464.200000000004,0.03125,87.46325000000002,66.0,2.0,Long Inactive,Very High Value,Low Frequency
CUST1303,45,Female,Germany,cancelled,1,5,603.1,603.1,120.62,4.2,1,11.0,11,11,2024-06-28,2024-06-28,2022-12-09,528,567,0.05025125628140704,5.0,1,1,1,1.0,603.1,120.62,0.0017605633802816902,1109.7040000000002,31.910052910052915,0.2645502645502646,1.0,1487.0033600000004,1.0,0.6437389770723104,388.23897707231043,3.2186948853615522,58.71449735449737,1.5534246575342465,0.6437389770723104,31.910052910052915,7237.200000000001,0.0017605633802816902,1.953704225352113,12.0,2.0,Long Inactive,Medium Value,Low Frequency
CUST1304,35,Male,India,active,1,4,360.92,360.92,90.23,4.3,5,6.0,6,6,2023-08-06,2023-08-06,2021-10-14,855,661,0.04341534008683068,4.0,1,1,1,5.0,360.92,90.23,0.0015105740181268882,671.3112,16.380635400907714,0.1815431164901664,5.0,912.9832319999999,1.0,0.5521936459909228,199.29773071104387,2.208774583963691,30.46798184568835,1.810958904109589,0.5521936459909228,16.380635400907714,2526.44,0.0015105740181268882,1.014065256797583,35.0,2.0,Long Inactive,Low Value,Low Frequency
CUST1305,26,Male,Germany,active,1,2,1475.24,1475.24,737.62,4.4,3,31.0,31,31,2022-10-30,2022-10-30,2021-07-28,1135,459,0.06134969325153374,2.0,1,1,1,3.0,1475.24,737.62,0.002173913043478261,2773.4512,96.42091503267973,0.13071895424836602,3.0,3827.3626560000002,1.0,0.7952069716775598,1173.1211328976035,1.5904139433551197,181.2713202614379,1.2575342465753425,0.7952069716775598,96.42091503267973,47207.68,0.002173913043478261,6.029241739130435,96.0,2.0,Long Inactive,High Value,Low Frequency
CUST1306,56,Female,USA,active,1,2,1317.88,1317.88,658.94,4.2,4,47.0,47,47,2023-04-29,2023-04-29,2022-11-13,954,167,0.15228426395939088,2.0,1,1,1,4.0,1317.88,658.94,0.005952380952380952,2424.8992000000003,236.74491017964075,0.3592814371257485,4.0,3249.3649280000004,1.0,2.18562874251497,2880.396407185629,4.37125748502994,435.610634730539,0.4575342465753425,2.18562874251497,236.74491017964075,63258.240000000005,0.005952380952380952,14.43392380952381,192.0,2.0,Long Inactive,High Value,Low Frequency
CUST1307,40,Male,Canada,paused,1,3,363.57,363.57,121.19,4.3,0,20.0,20,20,2022-05-06,2022-05-06,2022-01-17,1312,109,0.21582733812949642,3.0,1,1,1,0.0,363.57,121.19,0.00909090909090909,676.2402,100.0651376146789,0.8256880733944955,0.0,919.6866719999998,1.0,3.3486238532110093,1217.4591743119265,10.045871559633028,186.12115596330275,0.29863013698630136,3.3486238532110093,100.0651376146789,7634.97,0.00909090909090909,6.147638181818182,0.0,2.0,Long Inactive,Low Value,Low Frequency
CUST1308,57,Male,Germany,active,1,3,1750.23,1750.23,583.41,3.7,4,49.0,49,49,2021-12-14,2021-12-14,2021-08-04,1455,132,0.18518518518518517,3.0,1,1,1,4.0,1750.23,583.41,0.007518796992481203,3045.4002,397.7795454545454,0.6818181818181818,4.0,3776.296248,1.0,2.765151515151515,4839.651136363636,8.295454545454545,692.1364090909091,0.36164383561643837,2.765151515151515,397.7795454545454,87511.5,0.007518796992481203,22.897745864661655,200.0,2.0,Long Inactive,Very High Value,Low Frequency
CUST1309,57,Female,UK,active,1,6,1454.34,1454.34,242.39,4.3,3,20.0,20,20,2024-10-26,2024-10-26,2020-09-29,408,1488,0.019762845849802372,6.0,1,1,1,3.0,1454.34,242.39,0.000671591672263264,2705.0723999999996,29.321370967741935,0.12096774193548386,3.0,3678.898463999999,1.0,0.2452956989247312,356.7433467741935,1.471774193548387,54.53774999999999,4.076712328767123,0.2452956989247312,29.321370967741935,30541.14,0.000671591672263264,1.8167040967092005,63.0,2.0,Long Inactive,High Value,Low Frequency
CUST1310,21,Female,Germany,cancelled,1,7,593.11,593.11,84.73,4.2,4,6.0,6,6,2023-01-22,2023-01-22,2021-03-16,1051,677,0.042432814710042434,7.0,1,1,1,4.0,593.11,84.73,0.0014749262536873156,1091.3224,26.282570162481537,0.310192023633678,4.0,1462.372016,1.0,0.5391432791728212,319.77127031019205,3.774002954209749,48.35992909896603,1.8547945205479452,0.5391432791728212,26.282570162481537,4151.77,0.0014749262536873156,1.6096200589970502,28.0,2.0,Long Inactive,Medium Value,Low Frequency
CUST1311,31,Female,Germany,paused,1,4,1597.28,1597.28,399.32,4.4,3,25.0,25,25,2021-08-28,2021-08-28,2020-09-19,1563,343,0.08042895442359249,4.0,1,1,1,3.0,1597.28,399.32,0.0029069767441860465,3002.8864000000003,139.70379008746355,0.3498542274052478,3.0,4143.9832320000005,1.0,1.064139941690962,1699.72944606414,4.256559766763848,262.6431253644315,0.9397260273972603,1.064139941690962,139.70379008746355,41529.28,0.0029069767441860465,8.729320930232559,78.0,2.0,Long Inactive,Very High Value,Low Frequency
CUST1312,52,Female,UK,active,1,7,675.9200000000001,675.9200000000001,96.56,3.5,0,49.0,49,49,2024-10-27,2024-10-27,2020-01-12,407,1750,0.016853932584269662,7.0,1,1,1,0.0,675.9200000000001,96.56000000000002,0.0005711022272986865,1149.064,11.587200000000001,0.12,0.0,1378.8768,1.0,0.20857142857142857,140.97760000000002,1.4600000000000002,19.698240000000002,4.794520547945205,0.20857142857142857,11.587200000000001,33796.0,0.0005711022272986865,0.6562330097087379,0.0,2.0,Long Inactive,Medium Value,Low Frequency
CUST1313,27,Other,Pakistan,active,1,6,1270.8600000000001,1270.8600000000001,211.81,4.1,4,30.0,30,30,2023-10-29,2023-10-29,2021-10-21,771,738,0.0390625,6.0,1,1,1,4.0,1270.8600000000001,211.81000000000003,0.0013531799729364006,2312.9652,51.6609756097561,0.24390243902439024,4.0,3053.114064,1.0,0.494579945799458,628.5418699186993,2.9674796747967482,94.0229756097561,2.021917808219178,0.494579945799458,51.6609756097561,39396.66,0.0013531799729364006,3.1298581867388364,124.0,2.0,Long Inactive,High Value,Low Frequency
CUST1314,32,Male,Canada,active,1,5,1138.35,1138.35,227.67,4.3,1,15.0,15,15,2025-03-02,2025-03-02,2021-08-01,281,1309,0.022404779686333084,5.0,1,1,1,1.0,1138.35,227.67,0.0007633587786259542,2117.3309999999997,26.088999236058058,0.1145912910618793,1.0,2879.5701599999993,1.0,0.27883880825057294,317.4161573720397,1.3941940412528648,48.525538579067984,3.5863013698630137,0.27883880825057294,26.088999236058058,18213.6,0.0007633587786259542,1.61628320610687,16.0,2.0,Long Inactive,High Value,Low Frequency
CUST1315,55,Male,Pakistan,cancelled,1,3,196.07999999999998,196.07999999999998,65.36,4.2,5,49.0,49,49,2024-08-28,2024-08-28,2021-02-08,467,1297,0.02260738507912585,3.0,1,1,1,5.0,196.07999999999998,65.36,0.0007704160246533128,360.7872,4.53538936006168,0.06939090208172706,5.0,483.454848,1.0,0.28141865844255975,55.18057054741711,0.8442559753276793,8.345116422513492,3.5534246575342467,0.28141865844255975,4.53538936006168,9804.0,0.0007704160246533128,0.2779562403697997,250.0,2.0,Long Inactive,Low Value,Low Frequency
CUST1316,37,Female,Canada,cancelled,1,6,306.12,306.12,51.02,4.0,2,32.0,32,32,2023-10-23,2023-10-23,2022-02-03,777,627,0.04566210045662101,6.0,1,1,1,2.0,306.12,51.02,0.0015923566878980893,551.0160000000001,14.646889952153112,0.28708133971291866,2.0,716.3208000000001,1.0,0.5821371610845295,178.20382775119617,3.4928229665071773,26.364401913875604,1.7178082191780821,0.5821371610845295,14.646889952153112,10101.960000000001,0.0015923566878980893,0.8774140127388537,66.0,2.0,Long Inactive,Low Value,Low Frequency
CUST1317,19,Female,Germany,active,1,2,924.6,924.6,462.3,3.9,4,6.0,6,6,2023-09-16,2023-09-16,2023-08-05,814,42,0.4166666666666667,2.0,1,1,1,4.0,924.6,462.3,0.023255813953488372,1645.788,660.4285714285714,1.4285714285714286,4.0,2106.60864,1.0,8.69047619047619,8035.214285714286,17.38095238095238,1175.5628571428572,0.11506849315068493,8.69047619047619,660.4285714285714,6472.2,0.023255813953488372,38.27413953488372,28.0,2.0,Long Inactive,Medium Value,Low Frequency
CUST1318,59,Female,USA,cancelled,1,9,1138.1399999999999,1138.1399999999999,126.46,3.3,1,48.0,48,48,2023-09-12,2023-09-12,2022-11-12,818,304,0.08982035928143713,9.0,1,1,1,1.0,1138.1399999999999,126.45999999999998,0.003278688524590164,1889.3123999999998,112.31644736842105,0.8881578947368421,1.0,2191.602384,1.0,1.200657894736842,1366.5167763157892,10.805921052631579,186.44530263157893,0.8328767123287671,1.200657894736842,112.31644736842105,55768.85999999999,0.003278688524590164,6.194466885245901,49.0,2.0,Long Inactive,High Value,Low Frequency
CUST1319,67,Male,India,cancelled,1,5,326.0,326.0,65.2,3.8,4,32.0,32,32,2024-07-22,2024-07-22,2023-08-20,504,337,0.08174386920980926,5.0,1,1,1,4.0,326.0,65.2,0.0029585798816568047,573.76,29.020771513353118,0.4451038575667656,4.0,722.9376,1.0,1.083086053412463,353.0860534124629,5.415430267062314,51.076557863501485,0.9232876712328767,1.083086053412463,29.020771513353118,10758.0,0.0029585798816568047,1.6975147928994083,132.0,2.0,Long Inactive,Low Value,Low Frequency
CUST1320,31,Female,Germany,paused,1,4,466.56,466.56,116.64,4.0,2,46.0,46,46,2023-09-24,2023-09-24,2023-07-03,806,83,0.26548672566371684,4.0,1,1,1,2.0,466.56,116.64,0.011904761904761904,839.808,168.63614457831326,1.4457831325301205,2.0,1091.7504000000001,1.0,4.397590361445783,2051.7397590361443,17.59036144578313,303.54506024096383,0.2273972602739726,4.397590361445783,168.63614457831326,21928.32,0.011904761904761904,9.997714285714284,94.0,2.0,Long Inactive,Low Value,Low Frequency
CUST1321,19,Male,USA,active,1,6,843.78,843.78,140.63,4.3,0,23.0,23,23,2024-05-10,2024-05-10,2023-07-04,577,311,0.0879765395894428,6.0,1,1,1,0.0,843.78,140.63,0.003205128205128205,1569.4307999999999,81.39356913183279,0.5787781350482315,0.0,2134.4258879999998,1.0,1.1736334405144693,990.2884244372989,7.041800643086816,151.39203858520898,0.852054794520548,1.1736334405144693,81.39356913183279,20250.72,0.003205128205128205,5.030226923076922,0.0,2.0,Long Inactive,Medium Value,Low Frequency
CUST1322,41,Female,India,cancelled,1,4,610.12,610.12,152.53,3.9,5,49.0,49,49,2022-04-12,2022-04-12,2022-08-27,1336,0,1.0,4.0,1,1,1,5.0,610.12,152.53,1.0,1086.0136,6101.2,40.0,5.0,1390.097408,1.0,365.0,222693.8,1460.0,10860.135999999999,0.0,365.0,6101.2,30506.0,1.0,1086.0136,250.0,2.0,Long Inactive,Medium Value,Low Frequency
CUST1323,59,Female,Pakistan,active,1,7,1998.08,1998.08,285.44,4.2,3,46.0,46,46,2024-08-19,2024-08-19,2022-07-23,476,758,0.03807106598984772,7.0,1,1,1,3.0,1998.08,285.44,0.0013175230566534915,3676.4672,79.07968337730871,0.2770448548812665,3.0,4926.466048,1.0,0.48153034300791553,962.1361477572558,3.3707124010554086,145.50661741424804,2.0767123287671234,0.48153034300791553,79.07968337730871,93909.76,0.0013175230566534915,4.843830303030304,141.0,2.0,Long Inactive,Very High Value,Low Frequency
CUST1324,61,Male,India,active,1,3,408.90000000000003,408.90000000000003,136.3,5.0,5,29.0,29,29,2023-08-20,2023-08-20,2023-07-27,841,24,0.5555555555555556,3.0,1,1,1,5.0,408.90000000000003,136.3,0.04,817.8000000000001,511.125,3.75,5.0,1226.7,1.0,15.208333333333336,6218.687500000001,45.62500000000001,1022.25,0.06575342465753424,15.208333333333336,511.125,12267.000000000002,0.04,32.712,150.0,2.0,Long Inactive,Low Value,Low Frequency
CUST1325,46,Other,Canada,cancelled,1,2,1113.4,1113.4,556.7,4.1,4,39.0,39,39,2024-01-10,2024-01-10,2020-10-09,698,1188,0.02463054187192118,2.0,1,1,1,4.0,1113.4,556.7,0.0008410428931875525,2026.388,28.116161616161616,0.050505050505050504,4.0,2674.8321599999995,1.0,0.30723905723905726,342.07996632996634,0.6144781144781145,51.17141414141414,3.254794520547945,0.30723905723905726,28.116161616161616,44536.0,0.0008410428931875525,1.7042792262405382,160.0,2.0,Long Inactive,High Value,Low Frequency
CUST1326,19,Female,UK,active,1,6,1387.5,1387.5,231.25,3.9,2,39.0,39,39,2024-10-26,2024-10-26,2021-11-10,408,1081,0.027002700270027005,6.0,1,1,1,2.0,1387.5,231.25,0.0009242144177449168,2469.75,38.506012950971325,0.16651248843663274,2.0,3161.28,1.0,0.33765032377428306,468.48982423681775,2.0259019426456986,68.54070305272896,2.9616438356164383,0.33765032377428306,38.506012950971325,55500.0,0.0009242144177449168,2.2825785582255085,80.0,2.0,Long Inactive,High Value,Low Frequency
CUST1327,44,Female,Pakistan,active,1,6,630.3,630.3,105.05,4.2,4,15.0,15,15,2022-07-18,2022-07-18,2021-02-11,1239,522,0.05434782608695653,6.0,1,1,1,4.0,630.3,105.05,0.0019120458891013384,1159.752,36.224137931034484,0.3448275862068966,4.0,1554.06768,1.0,0.6992337164750958,440.72701149425285,4.195402298850575,66.65241379310345,1.4301369863013698,0.6992337164750958,36.224137931034484,10084.8,0.0019120458891013384,2.2174990439770554,64.0,2.0,Long Inactive,Medium Value,Low Frequency
CUST1328,64,Male,Pakistan,active,1,5,58.650000000000006,58.650000000000006,11.73,4.3,1,49.0,49,49,2022-08-30,2022-08-30,2022-04-22,1196,130,0.1875,5.0,1,1,1,1.0,58.650000000000006,11.73,0.007633587786259542,109.089,13.534615384615387,1.153846153846154,1.0,148.36103999999997,1.0,2.807692307692308,164.67115384615389,14.03846153846154,25.174384615384618,0.3561643835616438,2.807692307692308,13.534615384615387,2932.5000000000005,0.007633587786259542,0.8327404580152671,50.0,2.0,Long Inactive,Low Value,Low Frequency
CUST1329,66,Female,India,active,1,8,1844.88,1844.88,230.61,3.8,0,9.0,9,9,2022-05-19,2022-05-19,2021-12-09,1299,161,0.15706806282722513,8.0,1,1,1,0.0,1844.88,230.61,0.006172839506172839,3246.9888,343.76645962732925,1.4906832298136647,0.0,4091.205888,1.0,2.2670807453416146,4182.491925465839,18.136645962732917,605.0289689440995,0.4410958904109589,2.2670807453416146,343.76645962732925,18448.800000000003,0.006172839506172839,20.04314074074074,0.0,2.0,Long Inactive,Very High Value,Low Frequency
CUST1330,60,Female,Germany,active,1,8,1505.84,1505.84,188.23,4.3,2,13.0,13,13,2023-08-04,2023-08-04,2021-08-12,857,722,0.0398936170212766,8.0,1,1,1,2.0,1505.84,188.23,0.0013831258644536654,2800.8623999999995,62.569529085872574,0.33240997229916897,2.0,3809.172863999999,1.0,0.5055401662049861,761.2626038781162,4.044321329639889,116.37932409972298,1.978082191780822,0.5055401662049861,62.569529085872574,21081.76,0.0013831258644536654,3.873945228215767,28.0,2.0,Long Inactive,Very High Value,Low Frequency
CUST1331,36,Female,Canada,active,1,6,171.89999999999998,171.89999999999998,28.65,4.4,0,27.0,27,27,2023-11-16,2023-11-16,2022-05-28,753,537,0.052910052910052914,6.0,1,1,1,0.0,171.89999999999998,28.649999999999995,0.0018587360594795538,323.17199999999997,9.603351955307263,0.335195530726257,0.0,445.97736,1.0,0.6797020484171322,116.84078212290501,4.078212290502793,18.054301675977655,1.4712328767123288,0.6797020484171322,9.603351955307263,4813.199999999999,0.0018587360594795538,0.6006914498141263,0.0,2.0,Long Inactive,Low Value,Low Frequency
CUST1332,49,Male,Canada,active,1,8,1403.36,1403.36,175.42,4.3,2,2.0,2,2,2024-08-12,2024-08-12,2022-10-08,483,674,0.04261363636363637,8.0,1,1,1,2.0,1403.36,175.42,0.0014814814814814814,2610.2495999999996,62.464094955489614,0.3560830860534125,2.0,3549.939455999999,1.0,0.5415430267062314,759.9798219584569,4.332344213649852,116.18321661721068,1.8465753424657534,0.5415430267062314,62.464094955489614,4210.08,0.0014814814814814814,3.8670364444444436,6.0,2.0,Long Inactive,High Value,Low Frequency
CUST1333,45,Female,Pakistan,active,1,8,1440.72,1440.72,180.09,4.3,4,25.0,25,25,2025-02-19,2025-02-19,2023-11-07,292,470,0.06000000000000001,8.0,1,1,1,4.0,1440.72,180.09,0.0021231422505307855,2679.7392,91.9608510638298,0.5106382978723405,4.0,3644.445312,1.0,0.776595744680851,1118.8570212765958,6.212765957446808,171.0471829787234,1.2876712328767124,0.776595744680851,91.9608510638298,37458.72,0.0021231422505307855,5.689467515923567,104.0,2.0,Long Inactive,High Value,Low Frequency
CUST1334,54,Male,UK,active,1,7,1993.1100000000001,1993.1100000000001,284.73,4.2,4,47.0,47,47,2024-11-20,2024-11-20,2021-08-02,383,1206,0.024271844660194174,7.0,1,1,1,4.0,1993.1100000000001,284.73,0.0008285004142502071,3667.3224000000005,49.579850746268654,0.17412935323383083,4.0,4914.212016000001,1.0,0.30265339966832505,603.2215174129353,2.1185737976782755,91.22692537313434,3.304109589041096,0.30265339966832505,49.579850746268654,95669.28,0.0008285004142502071,3.038378127589064,192.0,2.0,Long Inactive,Very High Value,Low Frequency
CUST1335,22,Female,Germany,cancelled,1,3,694.29,694.29,231.43,4.3,0,38.0,38,38,2022-05-15,2022-05-15,2021-12-24,1303,142,0.1744186046511628,3.0,1,1,1,0.0,694.29,231.42999999999998,0.006993006993006993,1291.3793999999998,146.68098591549295,0.6338028169014085,0.0,1756.2759839999997,1.0,2.5704225352112675,1784.6186619718308,7.711267605633803,272.82663380281684,0.38904109589041097,2.5704225352112675,146.68098591549295,27077.309999999998,0.006993006993006993,9.030625174825174,0.0,2.0,Long Inactive,Medium Value,Low Frequency
CUST1336,22,Female,UK,active,1,7,961.03,961.03,137.29,3.8,5,2.0,2,2,2025-08-01,2025-08-01,2021-08-24,129,1438,0.020435967302452316,7.0,1,1,1,5.0,961.03,137.29,0.0006949270326615705,1691.4128,20.04930458970793,0.14603616133518776,5.0,2131.180128,1.0,0.25382475660639775,243.93320584144644,1.7767732962447844,35.28677607788595,3.9397260273972603,0.25382475660639775,20.04930458970793,2883.09,0.0006949270326615705,1.1754084781097984,15.0,2.0,At Risk,Medium Value,Low Frequency
CUST1337,22,Female,USA,paused,1,7,1470.07,1470.07,210.01,4.3,0,9.0,9,9,2024-04-12,2024-04-12,2023-07-19,605,268,0.10067114093959731,7.0,1,1,1,0.0,1470.07,210.01,0.0037174721189591076,2734.3302,164.56007462686566,0.7835820895522387,0.0,3718.6890719999997,1.0,1.3619402985074627,2002.1475746268657,9.533582089552239,306.08173880597013,0.7342465753424657,1.3619402985074627,164.56007462686566,14700.699999999999,0.0037174721189591076,10.16479628252788,0.0,2.0,Long Inactive,High Value,Low Frequency
CUST1338,45,Female,UK,paused,1,4,1395.04,1395.04,348.76,4.0,3,16.0,16,16,2024-05-15,2024-05-15,2022-06-14,572,701,0.04103967168262654,4.0,1,1,1,3.0,1395.04,348.76,0.0014245014245014246,2511.072,59.7021398002853,0.17118402282453637,3.0,3264.3936000000003,1.0,0.5206847360912982,726.3760342368046,2.0827389443651927,107.46385164051355,1.9205479452054794,0.5206847360912982,59.7021398002853,23715.68,0.0014245014245014246,3.5770256410256414,51.0,2.0,Long Inactive,High Value,Low Frequency
CUST1339,40,Female,UK,active,1,4,876.84,876.84,219.21,4.3,2,23.0,23,23,2023-10-11,2023-10-11,2022-09-13,789,393,0.07092198581560284,4.0,1,1,1,2.0,876.84,219.21,0.0025380710659898475,1630.9224,66.93435114503818,0.3053435114503817,2.0,2218.054464,1.0,0.9287531806615776,814.3679389312978,3.7150127226463106,124.49789312977099,1.0767123287671232,0.9287531806615776,66.93435114503818,21044.16,0.0025380710659898475,4.13939695431472,48.0,2.0,Long Inactive,Medium Value,Low Frequency
CUST1340,21,Female,Canada,active,1,7,728.21,728.21,104.03,4.3,1,27.0,27,27,2025-03-27,2025-03-27,2023-03-15,256,743,0.0388098318240621,7.0,1,1,1,1.0,728.21,104.03,0.0013440860215053765,1354.4705999999999,29.402826379542397,0.28263795423956933,1.0,1842.0800159999997,1.0,0.49125168236877526,357.73438761776583,3.4387617765814267,54.68925706594885,2.0356164383561643,0.49125168236877526,29.402826379542397,20389.88,0.0013440860215053765,1.820525,28.0,2.0,Long Inactive,Medium Value,Low Frequency
CUST1341,27,Male,Pakistan,active,1,5,1803.7,1803.7,360.74,4.0,2,10.0,10,10,2022-05-30,2022-05-30,2021-08-10,1288,293,0.09287925696594426,5.0,1,1,1,2.0,1803.7,360.74,0.003401360544217687,3246.6600000000003,184.679180887372,0.5119453924914675,2.0,4220.658,1.0,1.2457337883959043,2246.930034129693,6.228668941979522,332.4225255972696,0.8027397260273973,1.2457337883959043,184.679180887372,19840.7,0.003401360544217687,11.043061224489797,22.0,2.0,Long Inactive,Very High Value,Low Frequency
CUST1342,57,Male,Canada,active,1,8,1664.08,1664.08,208.01,4.0,1,44.0,44,44,2022-02-16,2022-02-16,2021-09-01,1391,168,0.15151515151515152,8.0,1,1,1,1.0,1664.08,208.01,0.005917159763313609,2995.344,297.15714285714284,1.4285714285714286,1.0,3893.9472,1.0,2.1726190476190474,3615.4119047619047,17.38095238095238,534.8828571428572,0.4602739726027397,2.1726190476190474,297.15714285714284,74883.59999999999,0.005917159763313609,17.72392899408284,45.0,2.0,Long Inactive,Very High Value,Low Frequency
CUST1343,59,Male,Canada,active,1,5,1176.8000000000002,1176.8000000000002,235.36,4.4,5,30.0,30,30,2023-07-30,2023-07-30,2023-02-16,862,164,0.15463917525773196,5.0,1,1,1,5.0,1176.8000000000002,235.36000000000004,0.006060606060606061,2212.3840000000005,215.26829268292687,0.9146341463414634,5.0,3053.089920000001,1.0,2.225609756097561,2619.09756097561,11.128048780487806,404.70439024390254,0.44931506849315067,2.225609756097561,215.26829268292687,36480.8,0.006060606060606061,13.408387878787881,155.0,2.0,Long Inactive,High Value,Low Frequency
CUST1344,21,Male,USA,active,1,7,45.15,45.15,6.45,4.1,0,37.0,37,37,2025-06-23,2025-06-23,2021-04-14,168,1531,0.019218449711723255,7.0,1,1,1,0.0,45.15,6.45,0.0006527415143603133,82.17299999999999,0.8847158719790986,0.13716525146962769,0.0,108.46835999999998,1.0,0.23840627041149576,10.764043109079033,1.6688438928804703,1.6101828870019592,4.1945205479452055,0.23840627041149576,0.8847158719790986,1715.7,0.0006527415143603133,0.05363772845953002,0.0,2.0,At Risk,Low Value,Low Frequency
CUST1345,35,Male,UK,active,1,2,411.1,411.1,205.55,4.0,4,15.0,15,15,2022-09-12,2022-09-12,2021-12-26,1183,260,0.10344827586206898,2.0,1,1,1,4.0,411.1,205.55,0.0038314176245210726,739.98,47.43461538461539,0.23076923076923078,4.0,961.974,1.0,1.403846153846154,577.1211538461539,2.807692307692308,85.3823076923077,0.7123287671232876,1.403846153846154,47.43461538461539,6577.6,0.0038314176245210726,2.8351724137931034,64.0,2.0,Long Inactive,Low Value,Low Frequency
CUST1346,37,Female,Germany,active,1,1,224.15,224.15,224.15,3.9,2,7.0,7,7,2022-05-12,2022-05-12,2021-10-14,1306,210,0.125,1.0,1,1,1,2.0,224.15,224.15,0.004739336492890996,398.987,32.02142857142857,0.14285714285714285,2.0,510.70336000000003,1.0,1.7380952380952381,389.59404761904767,1.7380952380952381,56.99814285714286,0.5753424657534246,1.7380952380952381,32.02142857142857,1793.2,0.004739336492890996,1.8909336492890998,16.0,2.0,Long Inactive,Low Value,Low Frequency
CUST1347,26,Female,Pakistan,active,1,2,231.96,231.96,115.98,4.1,1,4.0,4,4,2024-02-01,2024-02-01,2020-12-10,676,1148,0.025466893039049237,2.0,1,1,1,1.0,231.96,115.98,0.0008703220191470844,422.1672,6.0616724738675964,0.05226480836236934,1.0,557.2607039999999,1.0,0.31794425087108014,73.75034843205576,0.6358885017421603,11.032243902439024,3.1452054794520548,0.31794425087108014,6.0616724738675964,1159.8,0.0008703220191470844,0.367421409921671,5.0,2.0,Long Inactive,Low Value,Low Frequency
CUST1348,41,Male,Germany,cancelled,1,1,26.33,26.33,26.33,4.2,0,11.0,11,11,2023-08-19,2023-08-19,2021-09-27,842,691,0.041608876560332866,1.0,1,1,1,0.0,26.33,26.33,0.001445086705202312,48.4472,1.1431259044862516,0.04341534008683068,0.0,64.91924800000001,1.0,0.5282199710564399,13.908031837916061,0.5282199710564399,2.103351664254703,1.893150684931507,0.5282199710564399,1.1431259044862516,315.96,0.001445086705202312,0.07001040462427746,0.0,2.0,Long Inactive,Low Value,Low Frequency
CUST1349,43,Male,Canada,active,1,6,1033.8000000000002,1033.8000000000002,172.3,3.9,1,8.0,8,8,2024-11-25,2024-11-25,2023-01-05,378,690,0.041666666666666664,6.0,1,1,1,1.0,1033.8000000000002,172.30000000000004,0.001447178002894356,1840.1640000000004,44.94782608695653,0.2608695652173913,1.0,2355.4099200000005,1.0,0.5289855072463768,546.8652173913044,3.1739130434782608,80.00713043478262,1.8904109589041096,0.5289855072463768,44.94782608695653,9304.2,0.001447178002894356,2.66304486251809,9.0,2.0,Long Inactive,Medium Value,Low Frequency
CUST1350,61,Female,UK,active,1,5,1871.85,1871.85,374.37,4.0,3,36.0,36,36,2024-01-22,2024-01-22,2021-06-18,686,948,0.03067484662576687,5.0,1,1,1,3.0,1871.85,374.37,0.001053740779768177,3369.33,59.235759493670884,0.1582278481012658,3.0,4380.129,1.0,0.3850210970464135,720.7017405063291,1.9251054852320675,106.62436708860758,2.5972602739726027,0.3850210970464135,59.235759493670884,69258.45,0.001053740779768177,3.5504004214963114,111.0,2.0,Long Inactive,Very High Value,Low Frequency
CUST1351,51,Female,Pakistan,cancelled,1,6,1780.2599999999998,1780.2599999999998,296.71,4.0,0,2.0,2,2,2022-02-17,2022-02-17,2021-10-28,1390,112,0.2112676056338028,6.0,1,1,1,0.0,1780.2599999999998,296.71,0.008849557522123894,3204.468,476.8553571428571,1.6071428571428572,0.0,4165.8084,1.0,3.258928571428571,5801.740178571427,19.553571428571427,858.3396428571428,0.30684931506849317,3.258928571428571,476.8553571428571,5340.779999999999,0.008849557522123894,28.35812389380531,0.0,2.0,Long Inactive,Very High Value,Low Frequency
CUST1352,57,Female,USA,cancelled,1,3,1727.7599999999998,1727.7599999999998,575.92,4.1,4,14.0,14,14,2025-08-14,2025-08-14,2021-11-18,116,1365,0.021505376344086023,3.0,1,1,1,4.0,1727.7599999999998,575.92,0.0007320644216691069,3144.523199999999,37.97274725274725,0.06593406593406594,4.0,4150.770623999999,1.0,0.2673992673992674,462.0017582417582,0.8021978021978022,69.11039999999998,3.73972602739726,0.2673992673992674,37.97274725274725,25916.399999999998,0.0007320644216691069,2.3019935578330886,60.0,2.0,At Risk,Very High Value,Low Frequency
CUST1353,34,Female,Germany,cancelled,1,7,1503.11,1503.11,214.73,4.4,2,49.0,49,49,2022-09-09,2022-09-09,2021-03-20,1186,538,0.0528169014084507,7.0,1,1,1,2.0,1503.11,214.73,0.0018552875695732839,2825.8468,83.81654275092936,0.3903345724907063,2.0,3899.668584,1.0,0.6784386617100372,1019.767936802974,4.749070631970261,157.5751003717472,1.473972602739726,0.6784386617100372,83.81654275092936,75155.5,0.0018552875695732839,5.242758441558442,100.0,2.0,Long Inactive,Very High Value,Low Frequency
CUST1354,22,Female,UK,cancelled,1,3,1248.09,1248.09,416.03,4.2,4,8.0,8,8,2024-10-07,2024-10-07,2022-12-18,427,659,0.043541364296081284,3.0,1,1,1,4.0,1248.09,416.03,0.0015151515151515152,2296.4856,56.81745068285281,0.13657056145675267,4.0,3077.290704,1.0,0.5538694992412746,691.2789833080425,1.661608497723824,104.54410925644918,1.8054794520547945,0.5538694992412746,56.81745068285281,11232.81,0.0015151515151515152,3.4795236363636364,36.0,2.0,Long Inactive,High Value,Low Frequency
CUST1355,50,Male,Pakistan,cancelled,1,6,1316.82,1316.82,219.47,4.3,0,38.0,38,38,2022-11-28,2022-11-28,2020-11-19,1106,739,0.03901170351105332,6.0,1,1,1,0.0,1316.82,219.47,0.0013513513513513514,2449.2852,53.45683355886333,0.2435723951285521,0.0,3331.027871999999,1.0,0.4939106901217862,650.3914749661704,2.963464140730717,99.42971041948579,2.0246575342465754,0.4939106901217862,53.45683355886333,51355.979999999996,0.0013513513513513514,3.3098448648648646,0.0,2.0,Long Inactive,High Value,Low Frequency
CUST1356,66,Female,UK,active,1,7,240.94,240.94,34.42,4.3,0,29.0,29,29,2025-11-03,2025-11-03,2020-03-11,35,2063,0.01433349259436216,7.0,1,1,1,0.0,240.94,34.42,0.00048449612403100775,448.1484,3.503732428502181,0.10179350460494425,0.0,609.481824,1.0,0.1769268056228793,42.62874454677654,1.2384876393601552,6.516942317014057,5.652054794520548,0.1769268056228793,3.503732428502181,7228.2,0.00048449612403100775,0.21712616279069766,0.0,2.0,Recent,Low Value,Low Frequency
CUST1357,66,Male,UK,active,1,9,1160.91,1160.91,128.99,3.9,3,29.0,29,29,2023-02-15,2023-02-15,2021-08-21,1027,543,0.05235602094240837,9.0,1,1,1,3.0,1160.91,128.99,0.001838235294117647,2066.4198,64.13867403314917,0.49723756906077343,3.0,2645.0173440000003,1.0,0.6721915285451197,780.353867403315,6.0497237569060776,114.16683977900553,1.4876712328767123,0.6721915285451197,64.13867403314917,34827.3,0.001838235294117647,3.7985658088235295,90.0,2.0,Long Inactive,High Value,Low Frequency
CUST1358,47,Female,Canada,active,1,8,1185.52,1185.52,148.19,4.4,0,26.0,26,26,2023-02-14,2023-02-14,2020-12-09,1028,797,0.036275695284159616,8.0,1,1,1,0.0,1185.52,148.19,0.0012531328320802004,2228.7776,44.624341279799246,0.30112923462986196,0.0,3075.713088,1.0,0.45796737766624845,542.9294855708908,3.6637390213299876,83.89376160602258,2.1835616438356165,0.45796737766624845,44.624341279799246,32009.04,0.0012531328320802004,2.792954385964912,0.0,2.0,Long Inactive,High Value,Low Frequency
CUST1359,39,Female,India,cancelled,1,5,1716.6499999999999,1716.6499999999999,343.33,4.0,5,44.0,44,44,2025-05-28,2025-05-28,2021-06-12,194,1446,0.02032520325203252,5.0,1,1,1,5.0,1716.6499999999999,343.33,0.000691085003455425,3089.97,35.61514522821576,0.10373443983402489,5.0,4016.961,1.0,0.2524204702627939,433.31760027662517,1.2621023513139695,64.10726141078837,3.9616438356164383,0.2524204702627939,35.61514522821576,77249.25,0.000691085003455425,2.1354319281271597,225.0,2.0,Long Inactive,Very High Value,Low Frequency
CUST1360,48,Female,India,active,1,4,585.12,585.12,146.28,4.2,5,36.0,36,36,2024-07-31,2024-07-31,2023-01-08,495,570,0.05,4.0,1,1,1,5.0,585.12,146.28,0.0017513134851138354,1076.6208000000001,30.79578947368421,0.21052631578947367,5.0,1442.6718720000003,1.0,0.6403508771929824,374.6821052631579,2.56140350877193,56.664252631578954,1.5616438356164384,0.6403508771929824,30.79578947368421,21649.44,0.0017513134851138354,1.8855005253940458,185.0,2.0,Long Inactive,Medium Value,Low Frequency
CUST1361,23,Male,India,cancelled,1,9,1485.54,1485.54,165.06,4.1,1,48.0,48,48,2022-10-30,2022-10-30,2022-05-08,1135,175,0.14634146341463417,9.0,1,1,1,1.0,1485.54,165.06,0.005681818181818182,2703.6827999999996,254.66400000000002,1.542857142857143,1.0,3568.861295999999,1.0,2.085714285714286,3098.4120000000003,18.771428571428572,463.4884799999999,0.4794520547945205,2.085714285714286,254.66400000000002,72791.45999999999,0.005681818181818182,15.361834090909088,49.0,2.0,Long Inactive,High Value,Low Frequency
CUST1362,18,Female,Germany,active,1,8,1778.4,1778.4,222.3,4.4,1,3.0,3,3,2021-10-24,2021-10-24,2021-11-06,1506,0,1.0,8.0,1,1,1,1.0,1778.4,222.3,1.0,3343.3920000000003,17784.0,80.0,1.0,4613.88096,1.0,365.0,649116.0,2920.0,33433.92,0.0,365.0,17784.0,7113.6,1.0,3343.3920000000003,4.0,2.0,Long Inactive,Very High Value,Low Frequency
CUST1363,29,Female,UK,cancelled,1,3,1988.67,1988.67,662.89,4.1,4,9.0,9,9,2023-10-21,2023-10-21,2021-10-19,779,732,0.03937007874015748,3.0,1,1,1,4.0,1988.67,662.89,0.001364256480218281,3619.3794,81.50286885245903,0.12295081967213116,4.0,4777.580807999999,1.0,0.4986338797814207,991.618237704918,1.4959016393442621,148.3352213114754,2.0054794520547947,0.4986338797814207,81.50286885245903,19886.7,0.001364256480218281,4.937761800818554,40.0,2.0,Long Inactive,Very High Value,Low Frequency
CUST1364,21,Female,Germany,cancelled,1,9,1207.6200000000001,1207.6200000000001,134.18,4.2,5,41.0,41,41,2021-01-29,2021-01-29,2020-10-23,1774,98,0.234375,9.0,1,1,1,5.0,1207.6200000000001,134.18,0.010101010101010102,2222.0208000000002,369.67959183673474,2.7551020408163267,5.0,2977.5078720000006,1.0,3.7244897959183674,4497.768367346939,33.52040816326531,680.2104489795919,0.2684931506849315,3.7244897959183674,369.67959183673474,50720.04000000001,0.010101010101010102,22.44465454545455,210.0,2.0,Long Inactive,High Value,Low Frequency
CUST1365,32,Male,Pakistan,active,1,4,228.24,228.24,57.06,4.2,4,21.0,21,21,2022-10-15,2022-10-15,2021-01-02,1150,651,0.04405286343612335,4.0,1,1,1,4.0,228.24,57.06,0.0015337423312883436,419.96160000000003,10.517972350230416,0.18433179723502305,4.0,562.748544,1.0,0.5606758832565285,127.96866359447006,2.242703533026114,19.353069124423964,1.7835616438356163,0.5606758832565285,10.517972350230416,5021.280000000001,0.0015337423312883436,0.6441128834355829,88.0,2.0,Long Inactive,Low Value,Low Frequency
CUST1366,60,Female,India,active,1,2,1336.08,1336.08,668.04,4.1,3,17.0,17,17,2023-10-20,2023-10-20,2022-02-22,780,605,0.047244094488188976,2.0,1,1,1,3.0,1336.08,668.04,0.0016501650165016502,2431.6656,66.25190082644627,0.09917355371900825,3.0,3209.798591999999,1.0,0.6033057851239669,806.0647933884297,1.2066115702479339,120.57845950413221,1.6575342465753424,0.6033057851239669,66.25190082644627,24049.44,0.0016501650165016502,4.012649504950494,54.0,2.0,Long Inactive,High Value,Low Frequency
CUST1367,27,Female,Pakistan,active,1,4,1392.48,1392.48,348.12,4.0,3,24.0,24,24,2024-07-23,2024-07-23,2021-12-02,503,964,0.030181086519114688,4.0,1,1,1,3.0,1392.48,348.12,0.0010362694300518134,2506.464,43.3344398340249,0.12448132780082988,3.0,3258.4032,1.0,0.3786307053941909,527.235684647303,1.5145228215767637,78.00199170124482,2.6410958904109587,0.3786307053941909,43.3344398340249,34812.0,0.0010362694300518134,2.5973720207253885,75.0,2.0,Long Inactive,High Value,Low Frequency
CUST1368,66,Male,USA,cancelled,1,7,532.91,532.91,76.13,4.2,3,7.0,7,7,2025-06-27,2025-06-27,2023-06-05,164,753,0.038314176245210725,7.0,1,1,1,3.0,532.91,76.13,0.001326259946949602,980.5544,21.231474103585654,0.2788844621513944,3.0,1313.942896,1.0,0.48472775564409026,258.31626826029213,3.3930942895086322,39.06591235059761,2.063013698630137,0.48472775564409026,21.231474103585654,4263.28,0.001326259946949602,1.300470026525199,24.0,2.0,At Risk,Low Value,Low Frequency
CUST1369,27,Female,USA,active,1,7,628.25,628.25,89.75,4.2,4,22.0,22,22,2023-04-18,2023-04-18,2021-09-05,965,590,0.04838709677419355,7.0,1,1,1,4.0,628.25,89.75,0.001692047377326565,1155.98,31.944915254237287,0.3559322033898305,4.0,1549.0132,1.0,0.6186440677966102,388.6631355932203,4.330508474576271,58.778644067796606,1.6164383561643836,0.6186440677966102,31.944915254237287,14449.75,0.001692047377326565,1.9559729272419628,92.0,2.0,Long Inactive,Medium Value,Low Frequency
CUST1370,37,Male,UK,active,1,5,1952.6499999999999,1952.6499999999999,390.53,4.1,1,16.0,16,16,2024-09-23,2024-09-23,2021-09-30,441,1089,0.02680965147453083,5.0,1,1,1,1.0,1952.6499999999999,390.53,0.0009174311926605505,3553.8229999999994,53.79201101928375,0.13774104683195593,1.0,4691.0463599999985,1.0,0.3351698806244261,654.4694674012856,1.6758494031221305,97.90146005509641,2.9835616438356163,0.3351698806244261,53.79201101928375,33195.049999999996,0.0009174311926605505,3.260388073394495,17.0,2.0,Long Inactive,Very High Value,Low Frequency
CUST1371,43,Female,Canada,active,1,2,1451.68,1451.68,725.84,4.1,5,24.0,24,24,2025-06-20,2025-06-20,2023-01-19,171,883,0.03285870755750274,2.0,1,1,1,5.0,1451.68,725.84,0.0011312217194570137,2642.0576,49.320951302378255,0.06795016987542468,5.0,3487.5160319999995,1.0,0.4133635334088335,600.0715741789354,0.826727066817667,89.76413137032843,2.419178082191781,0.4133635334088335,49.320951302378255,36292.0,0.0011312217194570137,2.988752941176471,125.0,2.0,At Risk,High Value,Low Frequency
CUST1372,63,Male,Germany,active,1,3,1813.56,1813.56,604.52,4.2,4,7.0,7,7,2024-02-12,2024-02-12,2022-10-18,665,482,0.05859375,3.0,1,1,1,4.0,1813.56,604.52,0.002070393374741201,3336.9504,112.87717842323651,0.18672199170124482,4.0,4471.513536,1.0,0.7572614107883818,1373.3390041493776,2.2717842323651456,207.6940082987552,1.3205479452054794,0.7572614107883818,112.87717842323651,14508.48,0.002070393374741201,6.908800000000001,32.0,2.0,Long Inactive,Very High Value,Low Frequency
CUST1373,64,Female,Germany,active,1,6,1898.7599999999998,1898.7599999999998,316.46,4.0,2,37.0,37,37,2024-04-23,2024-04-23,2021-10-20,594,916,0.03171247357293869,6.0,1,1,1,2.0,1898.7599999999998,316.46,0.0010905125408942203,3417.7679999999996,62.18646288209606,0.1965065502183406,2.0,4443.0984,1.0,0.39847161572052403,756.6019650655021,2.3908296943231444,111.93563318777291,2.5095890410958903,0.39847161572052403,62.18646288209606,72152.87999999999,0.0010905125408942203,3.727118865866957,76.0,2.0,Long Inactive,Very High Value,Low Frequency
CUST1374,19,Male,India,cancelled,1,6,451.26,451.26,75.21,4.3,4,38.0,38,38,2023-11-16,2023-11-16,2021-04-14,753,946,0.03073770491803279,6.0,1,1,1,4.0,451.26,75.21,0.0010559662090813093,839.3435999999999,14.310570824524312,0.19027484143763213,4.0,1141.5072959999998,1.0,0.38583509513742076,174.11194503171248,2.3150105708245245,26.61766173361522,2.591780821917808,0.38583509513742076,14.310570824524312,17599.14,0.0010559662090813093,0.8863184794086588,156.0,2.0,Long Inactive,Low Value,Low Frequency
CUST1375,63,Male,Germany,paused,1,4,1598.16,1598.16,399.54,4.3,5,17.0,17,17,2023-01-09,2023-01-09,2022-05-29,1064,225,0.11764705882352941,4.0,1,1,1,5.0,1598.16,399.54,0.004424778761061947,2972.5776,213.08800000000002,0.5333333333333333,5.0,4042.705536,1.0,1.6222222222222222,2592.5706666666665,6.488888888888889,396.34368,0.6164383561643836,1.6222222222222222,213.08800000000002,28766.88,0.004424778761061947,13.152998230088496,90.0,2.0,Long Inactive,Very High Value,Low Frequency
CUST1376,56,Female,Germany,active,1,7,84.21,84.21,12.03,4.1,5,42.0,42,42,2024-07-02,2024-07-02,2022-04-13,524,811,0.0356718192627824,7.0,1,1,1,5.0,84.21,12.03,0.0012315270935960591,153.26219999999998,3.1150431565967938,0.25893958076448825,5.0,202.30610399999995,1.0,0.4500616522811344,37.89969173859432,3.1504315659679407,5.669378545006164,2.221917808219178,0.4500616522811344,3.1150431565967938,3621.0299999999997,0.0012315270935960591,0.1887465517241379,215.0,2.0,Long Inactive,Low Value,Low Frequency
CUST1377,33,Male,Germany,active,1,4,218.88,218.88,54.72,4.0,3,34.0,34,34,2024-08-10,2024-08-10,2021-07-28,485,1109,0.026338893766461806,4.0,1,1,1,3.0,218.88,54.72,0.0009009009009009009,393.984,5.921009918845806,0.10820559062218214,3.0,512.1792,1.0,0.3291253381424707,72.03895401262399,1.3165013525698828,10.657817853922452,3.0383561643835617,0.3291253381424707,5.921009918845806,7660.8,0.0009009009009009009,0.35494054054054053,105.0,2.0,Long Inactive,Low Value,Low Frequency
CUST1378,48,Male,Canada,active,1,5,613.6999999999999,613.6999999999999,122.74,4.1,1,40.0,40,40,2024-03-12,2024-03-12,2022-10-04,636,525,0.05405405405405406,5.0,1,1,1,1.0,613.6999999999999,122.73999999999998,0.0019011406844106464,1116.9339999999997,35.068571428571424,0.2857142857142857,1.0,1474.3528799999995,1.0,0.6952380952380952,426.667619047619,3.4761904761904763,63.82479999999998,1.4383561643835616,0.6952380952380952,35.068571428571424,25161.699999999997,0.0019011406844106464,2.12344866920152,41.0,2.0,Long Inactive,Medium Value,Low Frequency
CUST1379,47,Female,Germany,paused,1,6,142.2,142.2,23.7,3.9,1,48.0,48,48,2023-01-03,2023-01-03,2021-12-14,1070,385,0.07228915662650602,6.0,1,1,1,1.0,142.2,23.7,0.0025906735751295338,253.11599999999999,11.080519480519479,0.4675324675324675,1.0,323.98848,1.0,0.948051948051948,134.812987012987,5.688311688311688,19.723324675324672,1.0547945205479452,0.948051948051948,11.080519480519479,6967.799999999999,0.0025906735751295338,0.655740932642487,49.0,2.0,Long Inactive,Low Value,Low Frequency
CUST1380,46,Male,India,paused,1,3,544.5,544.5,181.5,4.2,1,20.0,20,20,2023-08-10,2023-08-10,2023-10-07,851,0,1.0,3.0,1,1,1,1.0,544.5,181.5,1.0,1001.88,5445.0,30.0,1.0,1342.5192000000002,1.0,365.0,198742.5,1095.0,10018.8,0.0,365.0,5445.0,11434.5,1.0,1001.88,21.0,2.0,Long Inactive,Low Value,Low Frequency
CUST1381,66,Female,Germany,active,1,2,391.2,391.2,195.6,4.0,3,45.0,45,45,2025-07-28,2025-07-28,2023-07-22,133,737,0.03911342894393742,2.0,1,1,1,3.0,391.2,195.6,0.0013550135501355014,704.16,15.924016282225237,0.0814111261872456,3.0,915.408,1.0,0.49525101763907736,193.74219810040708,0.9905020352781547,28.663229308005427,2.0191780821917806,0.49525101763907736,15.924016282225237,17995.2,0.0013550135501355014,0.9541463414634146,138.0,2.0,At Risk,Low Value,Low Frequency
CUST1382,60,Female,Pakistan,cancelled,1,9,971.28,971.28,107.92,4.4,5,14.0,14,14,2025-05-15,2025-05-15,2021-01-13,207,1583,0.018598884066955982,9.0,1,1,1,5.0,971.28,107.92,0.0006313131313131314,1826.0064,18.407075173720784,0.17056222362602652,5.0,2519.888832,1.0,0.23057485786481366,223.9527479469362,2.0751737207833227,34.605301326595075,4.336986301369863,0.23057485786481366,18.407075173720784,14569.199999999999,0.0006313131313131314,1.1527818181818184,75.0,2.0,Long Inactive,Medium Value,Low Frequency
CUST1383,39,Female,UK,active,1,3,1732.98,1732.98,577.66,4.2,2,18.0,18,18,2024-07-25,2024-07-25,2023-05-26,501,426,0.06578947368421052,3.0,1,1,1,2.0,1732.98,577.66,0.00234192037470726,3188.6832000000004,122.04084507042255,0.21126760563380284,2.0,4272.835488000001,1.0,0.8568075117370891,1484.8302816901407,2.5704225352112675,224.5551549295775,1.167123287671233,0.8568075117370891,122.04084507042255,32926.62,0.00234192037470726,7.467642154566746,38.0,2.0,Long Inactive,Very High Value,Low Frequency
CUST1384,31,Male,Pakistan,active,1,7,568.0500000000001,568.0500000000001,81.15,3.8,5,41.0,41,41,2024-09-05,2024-09-05,2022-05-18,459,841,0.03444316877152698,7.0,1,1,1,5.0,568.0500000000001,81.15,0.0011876484560570072,999.7680000000001,20.263376932223544,0.2497027348394768,5.0,1259.7076800000002,1.0,0.4340071343638526,246.53775267538649,3.038049940546968,35.663543400713436,2.304109589041096,0.4340071343638526,20.263376932223544,23858.100000000002,0.0011876484560570072,1.187372921615202,210.0,2.0,Long Inactive,Medium Value,Low Frequency
CUST1385,26,Female,UK,paused,1,8,548.32,548.32,68.54,4.3,4,18.0,18,18,2024-04-03,2024-04-03,2023-05-05,614,334,0.08241758241758242,8.0,1,1,1,4.0,548.32,68.54,0.0029850746268656717,1019.8752000000001,49.25029940119761,0.718562874251497,4.0,1387.030272,1.0,1.092814371257485,599.2119760479043,8.74251497005988,91.60555688622756,0.915068493150685,1.092814371257485,49.25029940119761,10418.080000000002,0.0029850746268656717,3.0444035820895525,76.0,2.0,Long Inactive,Low Value,Low Frequency
CUST1386,34,Male,India,cancelled,1,8,1547.44,1547.44,193.43,4.2,3,23.0,23,23,2023-03-03,2023-03-03,2022-10-27,1011,127,0.19108280254777069,8.0,1,1,1,3.0,1547.44,193.43,0.0078125,2847.2896,365.5370078740157,1.889763779527559,3.0,3815.3680640000002,1.0,2.874015748031496,4447.366929133858,22.992125984251967,672.588094488189,0.34794520547945207,2.874015748031496,365.5370078740157,37138.56,0.0078125,22.24445,72.0,2.0,Long Inactive,Very High Value,Low Frequency
CUST1387,44,Male,UK,active,1,6,1660.1999999999998,1660.1999999999998,276.7,3.9,5,22.0,22,22,2022-05-15,2022-05-15,2022-01-18,1303,117,0.2040816326530612,6.0,1,1,1,5.0,1660.1999999999998,276.7,0.00847457627118644,2955.1559999999995,425.6923076923077,1.5384615384615385,5.0,3782.5996799999994,1.0,3.1196581196581197,5179.256410256409,18.717948717948715,757.7323076923076,0.32054794520547947,3.1196581196581197,425.6923076923077,38184.6,0.00847457627118644,25.043694915254232,115.0,2.0,Long Inactive,Very High Value,Low Frequency
CUST1388,61,Male,Germany,cancelled,1,2,103.66,103.66,51.83,4.4,0,12.0,12,12,2022-03-30,2022-03-30,2021-12-31,1349,89,0.25210084033613445,2.0,1,1,1,0.0,103.66,51.83,0.011111111111111112,194.8808,34.94157303370786,0.6741573033707865,0.0,268.93550400000004,1.0,4.1011235955056184,425.1224719101123,8.202247191011237,65.69015730337078,0.24383561643835616,4.1011235955056184,34.94157303370786,1347.58,0.011111111111111112,2.1653422222222223,0.0,2.0,Long Inactive,Low Value,Low Frequency
CUST1389,46,Female,UK,active,1,8,1069.84,1069.84,133.73,4.0,1,33.0,33,33,2021-03-31,2021-03-31,2020-12-16,1713,105,0.2222222222222222,8.0,1,1,1,1.0,1069.84,133.73,0.009433962264150943,1925.712,305.6685714285714,2.2857142857142856,1.0,2503.4256,1.0,3.4761904761904763,3718.967619047619,27.80952380952381,550.2034285714286,0.2876712328767123,3.4761904761904763,305.6685714285714,36374.56,0.009433962264150943,18.16709433962264,34.0,2.0,Long Inactive,High Value,Low Frequency
CUST1390,64,Male,UK,paused,1,4,209.76,209.76,52.44,4.0,4,34.0,34,34,2025-05-06,2025-05-06,2022-08-01,216,1009,0.028873917228103948,4.0,1,1,1,4.0,209.76,52.44,0.0009900990099009901,377.568,6.236669970267592,0.11892963330029732,4.0,490.8384,1.0,0.3617443012884044,75.8794846382557,1.4469772051536176,11.226005946481665,2.7643835616438355,0.3617443012884044,6.236669970267592,7341.599999999999,0.0009900990099009901,0.373829702970297,140.0,2.0,Long Inactive,Low Value,Low Frequency
CUST1391,60,Female,India,active,1,1,1499.71,1499.71,1499.71,3.8,0,29.0,29,29,2024-05-01,2024-05-01,2021-07-30,586,1006,0.02895752895752896,1.0,1,1,1,0.0,1499.71,1499.71,0.0009930486593843098,2639.4896,44.72296222664016,0.029821073558648114,0.0,3325.756896,1.0,0.3628230616302187,544.1293737574553,0.3628230616302187,78.71241351888668,2.756164383561644,0.3628230616302187,44.72296222664016,44991.3,0.0009930486593843098,2.621141608738828,0.0,2.0,Long Inactive,Very High Value,Low Frequency
CUST1392,66,Male,Canada,paused,1,3,1688.52,1688.52,562.84,4.2,1,26.0,26,26,2024-04-26,2024-04-26,2022-08-03,591,632,0.045317220543806644,3.0,1,1,1,1.0,1688.52,562.84,0.001579778830963665,3106.8768,80.15126582278481,0.14240506329113925,1.0,4163.214912,1.0,0.5775316455696202,975.1737341772152,1.7325949367088607,147.47832911392405,1.7315068493150685,0.5775316455696202,80.15126582278481,45590.04,0.001579778830963665,4.9081781990521325,27.0,2.0,Long Inactive,Very High Value,Low Frequency
CUST1393,62,Female,India,active,1,1,1366.86,1366.86,1366.86,4.2,0,45.0,45,45,2021-04-19,2021-04-19,2021-02-04,1694,74,0.28846153846153844,1.0,1,1,1,0.0,1366.86,1366.86,0.013333333333333334,2515.0224,554.1324324324323,0.4054054054054054,0.0,3370.130016,1.0,4.9324324324324325,6741.9445945945945,4.9324324324324325,1019.6036756756755,0.20273972602739726,4.9324324324324325,554.1324324324323,62875.56,0.013333333333333334,33.533632,0.0,2.0,Long Inactive,High Value,Low Frequency
CUST1394,43,Female,USA,active,1,6,1741.6799999999998,1741.6799999999998,290.28,4.4,3,38.0,38,38,2022-05-28,2022-05-28,2022-05-14,1290,14,0.6818181818181818,6.0,1,1,1,3.0,1741.6799999999998,290.28,0.06666666666666667,3274.3584,3732.1714285714284,12.857142857142858,3.0,4518.614592000001,1.0,26.07142857142857,45408.085714285706,156.42857142857142,7016.482285714285,0.038356164383561646,26.07142857142857,3732.1714285714284,67925.51999999999,0.06666666666666667,218.29056,117.0,2.0,Long Inactive,Very High Value,Low Frequency
CUST1395,60,Male,India,active,1,9,1210.77,1210.77,134.53,4.2,1,45.0,45,45,2023-07-31,2023-07-31,2022-09-29,861,305,0.08955223880597016,9.0,1,1,1,1.0,1210.77,134.53,0.0032679738562091504,2227.8168,119.09213114754098,0.8852459016393444,1.0,2985.2745120000004,1.0,1.1967213114754098,1448.954262295082,10.770491803278688,219.12952131147543,0.8356164383561644,1.1967213114754098,119.09213114754098,55695.42,0.0032679738562091504,7.28044705882353,46.0,2.0,Long Inactive,High Value,Low Frequency
CUST1396,52,Female,India,active,1,2,868.32,868.32,434.16,4.0,0,43.0,43,43,2021-11-24,2021-11-24,2021-01-25,1475,303,0.0900900900900901,2.0,1,1,1,0.0,868.32,434.16,0.003289473684210526,1562.976,85.97227722772278,0.19801980198019803,0.0,2031.8688000000002,1.0,1.2046204620462047,1045.9960396039605,2.4092409240924093,154.750099009901,0.8301369863013699,1.2046204620462047,85.97227722772278,38206.08,0.003289473684210526,5.141368421052632,0.0,2.0,Long Inactive,Medium Value,Low Frequency
CUST1397,55,Female,Canada,paused,1,7,314.23,314.23,44.89,4.3,0,2.0,2,2,2022-09-24,2022-09-24,2021-01-23,1171,609,0.046948356807511735,7.0,1,1,1,0.0,314.23,44.89,0.001639344262295082,584.4678,15.479310344827587,0.3448275862068965,0.0,794.8762079999999,1.0,0.5993431855500821,188.3316091954023,4.195402298850575,28.79151724137931,1.6684931506849314,0.5993431855500821,15.479310344827587,942.69,0.001639344262295082,0.9581439344262295,0.0,2.0,Long Inactive,Low Value,Low Frequency
CUST1398,63,Other,Pakistan,paused,1,7,1107.33,1107.33,158.19,4.1,0,15.0,15,15,2025-03-25,2025-03-25,2021-07-14,258,1350,0.021739130434782608,7.0,1,1,1,0.0,1107.33,158.19,0.0007401924500370096,2015.3405999999998,24.607333333333333,0.15555555555555556,0.0,2660.249591999999,1.0,0.27037037037037037,299.3892222222222,1.8925925925925926,44.78534666666666,3.6986301369863015,0.27037037037037037,24.607333333333333,17717.28,0.0007401924500370096,1.4917398963730568,0.0,2.0,Long Inactive,High Value,Low Frequency
CUST1399,43,Female,Pakistan,cancelled,1,7,913.22,913.22,130.46,4.1,3,17.0,17,17,2024-01-23,2024-01-23,2022-03-10,685,684,0.04201680672268907,7.0,1,1,1,3.0,913.22,130.46,0.00145985401459854,1662.0603999999998,40.05350877192983,0.30701754385964913,3.0,2193.9197279999994,1.0,0.533625730994152,487.3176900584795,3.7353801169590644,72.89738596491227,1.873972602739726,0.533625730994152,40.05350877192983,16437.96,0.00145985401459854,2.426365547445255,54.0,2.0,Long Inactive,Medium Value,Low Frequency
CUST1400,68,Female,Germany,active,1,4,362.0,362.0,90.5,4.1,5,32.0,32,32,2024-08-14,2024-08-14,2021-03-12,481,1251,0.023419203747072598,4.0,1,1,1,5.0,362.0,90.5,0.0007987220447284345,658.8399999999999,8.681055155875299,0.09592326139088729,5.0,869.6687999999998,1.0,0.2917665867306155,105.61950439648281,1.167066346922462,15.799520383693043,3.4273972602739726,0.2917665867306155,8.681055155875299,11946.0,0.0007987220447284345,0.5262300319488817,165.0,2.0,Long Inactive,Low Value,Low Frequency
CUST1401,60,Male,Pakistan,cancelled,1,3,397.65000000000003,397.65000000000003,132.55,4.1,0,25.0,25,25,2024-02-22,2024-02-22,2023-12-08,655,76,0.2830188679245283,3.0,1,1,1,0.0,397.65000000000003,132.55,0.012987012987012988,723.723,156.96710526315792,1.1842105263157896,0.0,955.3143599999999,1.0,4.802631578947368,1909.7664473684213,14.407894736842104,285.68013157894734,0.20821917808219179,4.802631578947368,156.96710526315792,10338.900000000001,0.012987012987012988,9.399000000000001,0.0,2.0,Long Inactive,Low Value,Low Frequency
CUST1402,27,Female,Germany,cancelled,1,2,630.0,630.0,315.0,4.4,2,25.0,25,25,2023-07-08,2023-07-08,2021-12-05,884,580,0.049180327868852465,2.0,1,1,1,2.0,630.0,315.0,0.0017211703958691911,1184.4,32.58620689655173,0.10344827586206898,2.0,1634.4720000000002,1.0,0.6293103448275862,396.46551724137936,1.2586206896551724,61.26206896551725,1.5890410958904109,0.6293103448275862,32.58620689655173,16380.0,0.0017211703958691911,2.03855421686747,52.0,2.0,Long Inactive,Medium Value,Low Frequency
CUST1403,31,Male,India,active,1,6,117.0,117.0,19.5,3.9,0,14.0,14,14,2022-12-11,2022-12-11,2022-03-15,1093,271,0.09966777408637874,6.0,1,1,1,0.0,117.0,19.5,0.003676470588235294,208.26,12.952029520295204,0.6642066420664207,0.0,266.5728,1.0,1.3468634686346865,157.58302583025832,8.08118081180812,23.054612546125462,0.7424657534246575,1.3468634686346865,12.952029520295204,1755.0,0.003676470588235294,0.7656617647058823,0.0,2.0,Long Inactive,Low Value,Low Frequency
CUST1404,52,Female,India,active,1,7,521.43,521.43,74.49,4.3,5,4.0,4,4,2023-09-19,2023-09-19,2022-11-10,811,313,0.08746355685131195,7.0,1,1,1,5.0,521.43,74.49,0.0031847133757961785,969.8597999999998,49.977316293929704,0.6709265175718849,5.0,1319.0093279999996,1.0,1.1661341853035143,608.0573482428114,8.1629392971246,92.95780830670925,0.8575342465753425,1.1661341853035143,49.977316293929704,2607.1499999999996,0.0031847133757961785,3.088725477707006,25.0,2.0,Long Inactive,Low Value,Low Frequency
CUST1405,40,Male,India,paused,1,3,1618.23,1618.23,539.41,4.0,0,33.0,33,33,2024-06-26,2024-06-26,2020-05-09,530,1509,0.019493177387914232,3.0,1,1,1,0.0,1618.23,539.41,0.0006622516556291391,2912.8140000000003,32.17157057654076,0.05964214711729623,0.0,3786.6582000000003,1.0,0.2418820410868125,391.4207753479126,0.7256461232604374,57.90882703777337,4.134246575342465,0.2418820410868125,32.17157057654076,55019.82,0.0006622516556291391,1.9290158940397353,0.0,2.0,Long Inactive,Very High Value,Low Frequency
CUST1406,66,Female,USA,active,1,7,707.14,707.14,101.02,4.3,2,19.0,19,19,2025-04-03,2025-04-03,2023-11-08,249,512,0.055350553505535055,7.0,1,1,1,2.0,707.14,101.02,0.001949317738791423,1315.2803999999999,41.433984375,0.41015625,2.0,1788.7813439999998,1.0,0.712890625,504.1134765625,4.990234375,77.0672109375,1.4027397260273973,0.712890625,41.433984375,14142.8,0.001949317738791423,2.563899415204678,40.0,2.0,Long Inactive,Medium Value,Low Frequency
CUST1407,22,Female,UK,cancelled,1,1,1263.8,1263.8,1263.8,4.0,2,6.0,6,6,2023-08-23,2023-08-23,2022-11-03,838,293,0.09287925696594426,1.0,1,1,1,2.0,1263.8,1263.8,0.003401360544217687,2274.84,129.39931740614333,0.10238907849829351,2.0,2957.2920000000004,1.0,1.2457337883959043,1574.3583617747438,1.2457337883959043,232.91877133105802,0.8027397260273973,1.2457337883959043,129.39931740614333,8846.6,0.003401360544217687,7.737551020408164,14.0,2.0,Long Inactive,High Value,Low Frequency
CUST1408,56,Male,USA,active,1,3,1929.72,1929.72,643.24,3.6,0,44.0,44,44,2024-07-26,2024-07-26,2023-06-03,500,419,0.06681514476614699,3.0,1,1,1,0.0,1929.72,643.24,0.002380952380952381,3319.1184,138.16610978520288,0.21479713603818615,0.0,4049.324448,1.0,0.8711217183770883,1681.0210023866348,2.6133651551312647,237.64570883054893,1.1479452054794521,0.8711217183770883,138.16610978520288,86837.4,0.002380952380952381,7.902662857142857,0.0,2.0,Long Inactive,Very High Value,Low Frequency
CUST1409,61,Female,USA,paused,1,8,1738.32,1738.32,217.29,4.1,5,7.0,7,7,2025-07-02,2025-07-02,2023-05-31,159,763,0.03783102143757881,8.0,1,1,1,5.0,1738.32,217.29,0.0013089005235602095,3163.7423999999996,68.3480996068152,0.3145478374836173,5.0,4176.139967999999,1.0,0.47837483617300125,831.5685452162516,3.82699868938401,124.39354128440365,2.0904109589041098,0.47837483617300125,68.3480996068152,13906.56,0.0013089005235602095,4.141024083769634,40.0,2.0,At Risk,Very High Value,Low Frequency
CUST1410,61,Male,Germany,active,1,8,758.32,758.32,94.79,4.2,5,1.0,1,1,2022-01-10,2022-01-10,2021-10-23,1428,79,0.27522935779816515,8.0,1,1,1,5.0,758.32,94.79,0.0125,1395.3088000000002,287.9696202531646,3.037974683544304,5.0,1869.7137920000005,1.0,4.620253164556962,3503.630379746836,36.962025316455694,529.8641012658229,0.21643835616438356,4.620253164556962,287.9696202531646,1516.64,0.0125,17.441360000000003,10.0,2.0,Long Inactive,Medium Value,Low Frequency
CUST1411,64,Female,Germany,active,1,5,1529.0,1529.0,305.8,4.1,0,23.0,23,23,2025-12-08,2025-12-08,2022-03-19,0,1360,0.021582733812949638,5.0,1,1,1,0.0,1529.0,305.8,0.0007347538574577516,2782.7799999999997,33.72794117647059,0.11029411764705882,0.0,3673.269599999999,1.0,0.26838235294117646,410.35661764705884,1.3419117647058825,61.38485294117646,3.7260273972602738,0.26838235294117646,33.72794117647059,36696.0,0.0007347538574577516,2.044658339456282,0.0,2.0,Very Recent,Very High Value,Low Frequency
CUST1412,65,Female,Pakistan,active,1,4,164.32,164.32,41.08,4.1,3,18.0,18,18,2025-07-08,2025-07-08,2020-11-09,153,1702,0.017321016166281754,4.0,1,1,1,3.0,164.32,41.08,0.0005871990604815032,299.06239999999997,2.8963572267920092,0.07050528789659224,3.0,394.7623679999999,1.0,0.2144535840188014,35.23901292596945,0.8578143360752056,5.271370152761456,4.663013698630137,0.2144535840188014,2.8963572267920092,3122.08,0.0005871990604815032,0.1756091603053435,57.0,2.0,At Risk,Low Value,Low Frequency
CUST1413,58,Male,India,active,1,8,1246.72,1246.72,155.84,4.0,1,29.0,29,29,2024-04-11,2024-04-11,2023-03-23,606,385,0.07228915662650602,8.0,1,1,1,1.0,1246.72,155.84,0.0025906735751295338,2244.096,97.14701298701299,0.6233766233766234,1.0,2917.3248000000003,1.0,0.948051948051948,1181.9553246753246,7.584415584415584,174.86462337662337,1.0547945205479452,0.948051948051948,97.14701298701299,37401.6,0.0025906735751295338,5.813720207253886,30.0,2.0,Long Inactive,High Value,Low Frequency
CUST1414,33,Male,UK,active,1,3,1230.48,1230.48,410.16,4.0,2,31.0,31,31,2024-10-25,2024-10-25,2023-09-06,409,415,0.06741573033707865,3.0,1,1,1,2.0,1230.48,410.16,0.002403846153846154,2214.864,88.95036144578313,0.21686746987951808,2.0,2879.3232000000003,1.0,0.8795180722891566,1082.2293975903613,2.63855421686747,160.11065060240963,1.1369863013698631,0.8795180722891566,88.95036144578313,39375.36,0.002403846153846154,5.324192307692308,64.0,2.0,Long Inactive,High Value,Low Frequency
CUST1415,24,Female,Germany,active,1,3,1051.44,1051.44,350.48,3.5,1,32.0,32,32,2024-11-06,2024-11-06,2022-10-05,397,763,0.03783102143757881,3.0,1,1,1,1.0,1051.44,350.48,0.0013089005235602095,1787.448,41.341022280471826,0.11795543905635648,1.0,2144.9376,1.0,0.47837483617300125,502.98243774574047,1.4351245085190039,70.2797378768021,2.0904109589041098,0.47837483617300125,41.341022280471826,34697.520000000004,0.0013089005235602095,2.3395916230366494,33.0,2.0,Long Inactive,Medium Value,Low Frequency
CUST1416,62,Male,Pakistan,active,1,8,1733.12,1733.12,216.64,4.3,0,32.0,32,32,2024-10-01,2024-10-01,2022-10-28,433,704,0.04087193460490463,8.0,1,1,1,0.0,1733.12,216.64,0.0014184397163120568,3223.6031999999996,73.85454545454546,0.34090909090909094,0.0,4384.100351999999,1.0,0.5184659090909091,898.5636363636363,4.1477272727272725,137.36945454545454,1.9287671232876713,0.5184659090909091,73.85454545454546,57192.96,0.0014184397163120568,4.572486808510638,0.0,2.0,Long Inactive,Very High Value,Low Frequency
CUST1417,42,Male,India,active,1,6,451.20000000000005,451.20000000000005,75.2,4.1,4,11.0,11,11,2025-09-07,2025-09-07,2021-06-15,92,1545,0.01904761904761905,6.0,1,1,1,4.0,451.20000000000005,75.2,0.000646830530401035,821.184,8.76116504854369,0.11650485436893204,4.0,1083.9628799999998,1.0,0.23624595469255666,106.59417475728158,1.4174757281553398,15.945320388349513,4.232876712328767,0.23624595469255666,8.76116504854369,5414.400000000001,0.000646830530401035,0.5311668822768435,48.0,2.0,At Risk,Low Value,Low Frequency
CUST1418,22,Female,UK,active,1,7,119.63,119.63,17.09,4.1,3,4.0,4,4,2025-08-07,2025-08-07,2023-07-04,123,765,0.03773584905660377,7.0,1,1,1,3.0,119.63,17.09,0.0013054830287206266,217.72659999999996,4.691372549019608,0.27450980392156865,3.0,287.3991119999999,1.0,0.477124183006536,57.07836601307189,3.3398692810457518,8.538298039215684,2.095890410958904,0.477124183006536,4.691372549019608,598.15,0.0013054830287206266,0.28423838120104433,15.0,2.0,At Risk,Low Value,Low Frequency
CUST1419,65,Female,Canada,paused,1,9,37.98,37.98,4.22,4.1,1,31.0,31,31,2023-12-17,2023-12-17,2022-06-03,722,562,0.05067567567567567,9.0,1,1,1,1.0,37.98,4.22,0.0017761989342806395,69.12359999999998,2.0274021352313163,0.48042704626334515,1.0,91.24315199999997,1.0,0.6494661921708186,24.666725978647687,5.845195729537367,3.6898718861209954,1.5397260273972602,0.6494661921708186,2.0274021352313163,1215.36,0.0017761989342806395,0.12277726465364118,32.0,2.0,Long Inactive,Low Value,Low Frequency
CUST1420,39,Other,Canada,paused,1,2,179.34,179.34,89.67,4.1,4,35.0,35,35,2024-01-19,2024-01-19,2021-04-02,689,1022,0.028517110266159693,2.0,1,1,1,4.0,179.34,89.67,0.0009775171065493646,326.3988,5.264383561643835,0.05870841487279843,4.0,430.8464159999999,1.0,0.35714285714285715,64.05000000000001,0.7142857142857143,9.58117808219178,2.8,0.35714285714285715,5.264383561643835,6456.24,0.0009775171065493646,0.31906041055718476,144.0,2.0,Long Inactive,Low Value,Low Frequency
CUST1421,37,Male,USA,active,1,4,230.88,230.88,57.72,3.8,2,11.0,11,11,2025-01-16,2025-01-16,2022-05-15,326,977,0.029791459781529292,4.0,1,1,1,2.0,230.88,57.72,0.0010224948875255625,406.3488,7.089457523029682,0.12282497441146366,2.0,511.999488,1.0,0.3735926305015353,86.25506653019447,1.4943705220061412,12.477445240532239,2.6767123287671235,0.3735926305015353,7.089457523029682,2770.56,0.0010224948875255625,0.41548957055214725,24.0,2.0,Long Inactive,Low Value,Low Frequency
CUST1422,40,Female,Germany,active,1,5,1441.3,1441.3,288.26,4.3,1,32.0,32,32,2024-09-26,2024-09-26,2022-07-06,438,813,0.03558718861209964,5.0,1,1,1,1.0,1441.3,288.26,0.0012285012285012285,2680.8179999999998,53.184501845018445,0.18450184501845018,1.0,3645.9124799999995,1.0,0.4489544895448955,647.0781057810578,2.2447724477244773,98.9231734317343,2.2273972602739724,0.4489544895448955,53.184501845018445,47562.9,0.0012285012285012285,3.293388206388206,33.0,2.0,Long Inactive,High Value,Low Frequency
CUST1423,21,Male,Pakistan,active,1,8,297.04,297.04,37.13,4.0,2,9.0,9,9,2025-02-20,2025-02-20,2023-08-07,291,563,0.050590219224283306,8.0,1,1,1,2.0,297.04,37.13,0.0017730496453900709,534.672,15.828063943161636,0.4262877442273535,2.0,695.0736,1.0,0.6483126110124334,192.57477797513323,5.186500888099467,28.490515097690945,1.5424657534246575,0.6483126110124334,15.828063943161636,2970.4,0.0017730496453900709,0.9480000000000001,20.0,2.0,Long Inactive,Low Value,Low Frequency
CUST1424,55,Female,Canada,cancelled,1,1,1799.69,1799.69,1799.69,4.2,5,39.0,39,39,2024-09-22,2024-09-22,2021-09-08,442,1110,0.02631578947368421,1.0,1,1,1,5.0,1799.69,1799.69,0.0009000900090009,3311.4296000000004,48.64027027027027,0.02702702702702703,5.0,4437.315664000001,1.0,0.3288288288288288,591.789954954955,0.3288288288288288,89.4980972972973,3.041095890410959,0.3288288288288288,48.64027027027027,71987.6,0.0009000900090009,2.980584698469847,200.0,2.0,Long Inactive,Very High Value,Low Frequency
CUST1425,26,Male,Canada,active,1,3,1101.57,1101.57,367.19,4.1,1,49.0,49,49,2023-12-19,2023-12-19,2023-06-27,720,175,0.14634146341463417,3.0,1,1,1,1.0,1101.57,367.19,0.005681818181818182,2004.8573999999996,188.84057142857142,0.5142857142857143,1.0,2646.411767999999,1.0,2.085714285714286,2297.560285714286,6.257142857142857,343.68983999999995,0.4794520547945205,2.085714285714286,188.84057142857142,55078.5,0.005681818181818182,11.391235227272725,50.0,2.0,Long Inactive,High Value,Low Frequency
CUST1426,27,Female,UK,paused,1,7,1218.7,1218.7,174.1,4.1,4,40.0,40,40,2024-09-15,2024-09-15,2023-08-05,449,407,0.06864988558352403,7.0,1,1,1,4.0,1218.7,174.1,0.0024509803921568627,2218.034,89.83046683046683,0.515970515970516,4.0,2927.8048799999997,1.0,0.8968058968058968,1092.9373464373466,6.277641277641278,163.49144963144965,1.115068493150685,0.8968058968058968,89.83046683046683,49966.700000000004,0.0024509803921568627,5.436357843137255,164.0,2.0,Long Inactive,High Value,Low Frequency
CUST1427,35,Female,USA,cancelled,1,7,1457.61,1457.61,208.23,4.1,3,3.0,3,3,2024-12-22,2024-12-22,2022-11-07,351,776,0.03722084367245657,7.0,1,1,1,3.0,1457.61,208.23,0.001287001287001287,2652.8501999999994,56.35090206185566,0.2706185567010309,3.0,3501.7622639999986,1.0,0.47036082474226804,685.6026417525773,3.292525773195876,102.5586417525773,2.126027397260274,0.47036082474226804,56.35090206185566,5830.44,0.001287001287001287,3.414221621621621,12.0,2.0,Long Inactive,High Value,Low Frequency
CUST1428,19,Male,USA,active,1,8,849.68,849.68,106.21,4.3,2,40.0,40,40,2025-01-17,2025-01-17,2022-04-07,325,1016,0.028680688336520075,8.0,1,1,1,2.0,849.68,106.21,0.0009832841691248771,1580.4047999999998,25.088976377952754,0.23622047244094488,2.0,2149.3505279999995,1.0,0.359251968503937,305.2492125984252,2.874015748031496,46.66549606299212,2.7835616438356166,0.359251968503937,25.088976377952754,34836.88,0.0009832841691248771,1.5539870206489674,82.0,2.0,Long Inactive,Medium Value,Low Frequency
CUST1429,54,Female,Germany,cancelled,1,9,841.59,841.59,93.51,3.9,5,19.0,19,19,2024-10-01,2024-10-01,2023-06-04,433,485,0.058252427184466014,9.0,1,1,1,5.0,841.59,93.51,0.00205761316872428,1498.0302000000001,52.05711340206185,0.556701030927835,5.0,1917.4786560000002,1.0,0.7525773195876289,633.3615463917527,6.77319587628866,92.6616618556701,1.3287671232876712,0.7525773195876289,52.05711340206185,16831.8,0.00205761316872428,3.082366666666667,100.0,2.0,Long Inactive,Medium Value,Low Frequency
CUST1430,57,Female,India,cancelled,1,3,1228.83,1228.83,409.61,4.0,0,41.0,41,41,2024-12-13,2024-12-13,2021-01-16,360,1427,0.02059025394646534,3.0,1,1,1,0.0,1228.83,409.60999999999996,0.0007002801120448179,2211.894,25.833847231955147,0.06306937631394534,0.0,2875.4622,1.0,0.255781359495445,314.3118079887877,0.767344078486335,46.500925017519265,3.9095890410958902,0.255781359495445,25.833847231955147,51610.86,0.0007002801120448179,1.5489453781512603,0.0,2.0,Long Inactive,High Value,Low Frequency
CUST1431,41,Female,UK,active,1,2,795.0,795.0,397.5,4.5,5,23.0,23,23,2023-12-19,2023-12-19,2022-08-24,720,482,0.05859375,2.0,1,1,1,5.0,795.0,397.5,0.002070393374741201,1510.5,49.481327800829874,0.12448132780082988,5.0,2114.7,1.0,0.7572614107883818,602.0228215767635,1.5145228215767637,94.01452282157676,1.3205479452054794,0.7572614107883818,49.481327800829874,19080.0,0.002070393374741201,3.127329192546584,120.0,2.0,Long Inactive,Medium Value,Low Frequency
CUST1432,25,Male,India,cancelled,1,6,391.98,391.98,65.33,4.0,4,15.0,15,15,2023-07-06,2023-07-06,2022-12-21,886,197,0.13215859030837004,6.0,1,1,1,4.0,391.98,65.33,0.005050505050505051,705.5640000000001,59.692385786802035,0.9137055837563453,4.0,917.2332000000001,1.0,1.8527918781725887,726.2573604060914,11.116751269035532,107.44629441624367,0.5397260273972603,1.8527918781725887,59.692385786802035,6271.68,0.005050505050505051,3.563454545454546,64.0,2.0,Long Inactive,Low Value,Low Frequency
CUST1433,48,Female,Pakistan,active,1,5,418.6,418.6,83.72,4.0,3,40.0,40,40,2022-03-12,2022-03-12,2022-08-01,1367,0,1.0,5.0,1,1,1,3.0,418.6,83.72,1.0,753.48,4186.0,50.0,3.0,979.524,1.0,365.0,152789.0,1825.0,7534.8,0.0,365.0,4186.0,17162.600000000002,1.0,753.48,123.0,2.0,Long Inactive,Low Value,Low Frequency
CUST1434,43,Male,Germany,cancelled,1,3,1106.19,1106.19,368.73,4.1,0,5.0,5,5,2023-04-28,2023-04-28,2021-08-29,955,607,0.04709576138147566,3.0,1,1,1,0.0,1106.19,368.73,0.001644736842105263,2013.2658,54.67166392092257,0.14827018121911037,0.0,2657.5108559999994,1.0,0.6013179571663921,665.1719110378913,1.8039538714991763,99.50242833607906,1.663013698630137,0.6013179571663921,54.67166392092257,6637.14,0.001644736842105263,3.311292434210526,0.0,2.0,Long Inactive,High Value,Low Frequency
CUST1435,54,Male,Germany,paused,1,9,1338.93,1338.93,148.77,4.1,5,48.0,48,48,2023-11-26,2023-11-26,2021-07-26,743,853,0.03397508493771234,9.0,1,1,1,5.0,1338.93,148.77,0.00117096018735363,2436.8525999999997,47.09015240328253,0.31652989449003516,5.0,3216.6454319999993,1.0,0.42790152403282533,572.9301875732709,3.851113716295428,85.7040773739742,2.336986301369863,0.42790152403282533,47.09015240328253,65607.57,0.00117096018735363,2.85345737704918,245.0,2.0,Long Inactive,High Value,Low Frequency
CUST1436,50,Male,Pakistan,active,1,6,1815.48,1815.48,302.58,3.9,1,37.0,37,37,2024-02-04,2024-02-04,2022-07-24,673,560,0.05084745762711864,6.0,1,1,1,1.0,1815.48,302.58,0.0017825311942959,3231.5544,97.25785714285713,0.3214285714285714,1.0,4136.389632,1.0,0.6517857142857143,1183.3039285714287,3.910714285714286,173.1189857142857,1.5342465753424657,0.6517857142857143,97.25785714285713,68988.24,0.0017825311942959,5.760346524064171,38.0,2.0,Long Inactive,Very High Value,Low Frequency
CUST1437,54,Female,Pakistan,active,1,8,278.08,278.08,34.76,4.1,0,13.0,13,13,2024-10-07,2024-10-07,2022-03-04,427,948,0.03067484662576687,8.0,1,1,1,0.0,278.08,34.76,0.001053740779768177,506.1055999999999,8.799999999999999,0.2531645569620253,0.0,668.0593919999998,1.0,0.3850210970464135,107.06666666666666,3.080168776371308,16.016,2.5972602739726027,0.3850210970464135,8.799999999999999,3893.12,0.001053740779768177,0.533304109589041,0.0,2.0,Long Inactive,Low Value,Low Frequency
CUST1438,59,Other,Pakistan,cancelled,1,4,1390.32,1390.32,347.58,4.1,3,11.0,11,11,2024-05-03,2024-05-03,2023-02-15,584,443,0.06342494714587738,4.0,1,1,1,3.0,1390.32,347.58,0.0022522522522522522,2530.3823999999995,94.15259593679457,0.27088036117381487,3.0,3340.104767999999,1.0,0.8239277652370203,1145.523250564334,3.295711060948081,171.3577246049661,1.2136986301369863,0.8239277652370203,94.15259593679457,16683.84,0.0022522522522522522,5.699059459459458,36.0,2.0,Long Inactive,High Value,Low Frequency
CUST1439,32,Male,USA,active,1,4,174.96,174.96,43.74,4.0,1,31.0,31,31,2024-04-28,2024-04-28,2022-07-16,589,652,0.0439882697947214,4.0,1,1,1,1.0,174.96,43.74,0.0015313935681470138,314.928,8.050306748466257,0.18404907975460122,1.0,409.4064,1.0,0.5598159509202454,97.94539877300615,2.2392638036809815,14.490552147239264,1.7863013698630137,0.5598159509202454,8.050306748466257,5598.72,0.0015313935681470138,0.4822787136294028,32.0,2.0,Long Inactive,Low Value,Low Frequency
CUST1440,34,Female,USA,active,1,1,123.64,123.64,123.64,4.3,5,36.0,36,36,2025-12-01,2025-12-01,2022-05-15,7,1296,0.02262443438914027,1.0,1,1,1,5.0,123.64,123.64,0.0007710100231303007,229.97039999999998,2.862037037037037,0.023148148148148147,5.0,312.75974399999996,1.0,0.2816358024691358,34.82145061728395,0.2816358024691358,5.323388888888888,3.5506849315068494,0.2816358024691358,2.862037037037037,4574.68,0.0007710100231303007,0.17730948342328448,185.0,2.0,Very Recent,Low Value,Low Frequency
CUST1441,67,Male,India,active,1,6,580.8,580.8,96.8,4.0,1,18.0,18,18,2023-02-15,2023-02-15,2022-02-13,1027,367,0.07556675062972293,6.0,1,1,1,1.0,580.8,96.8,0.002717391304347826,1045.44,47.47683923705722,0.4904632152588556,1.0,1359.0720000000001,1.0,0.9945504087193461,577.6348773841961,5.967302452316076,85.45831062670301,1.0054794520547945,0.9945504087193461,47.47683923705722,11035.199999999999,0.002717391304347826,2.840869565217391,19.0,2.0,Long Inactive,Medium Value,Low Frequency
CUST1442,67,Female,Pakistan,active,1,3,192.54000000000002,192.54000000000002,64.18,4.1,2,10.0,10,10,2025-09-02,2025-09-02,2020-10-30,97,1768,0.01668520578420467,3.0,1,1,1,2.0,192.54000000000002,64.18,0.0005652911249293386,350.4228,3.2670814479638013,0.05090497737556561,2.0,462.5580959999999,1.0,0.206447963800905,39.74949095022625,0.619343891402715,5.946088235294118,4.843835616438356,0.206447963800905,3.2670814479638013,2117.94,0.0005652911249293386,0.19809089881288863,22.0,2.0,At Risk,Low Value,Low Frequency
CUST1443,39,Female,UK,active,1,1,1409.68,1409.68,1409.68,4.2,2,20.0,20,20,2023-08-17,2023-08-17,2023-01-05,844,224,0.11811023622047244,1.0,1,1,1,2.0,1409.68,1409.68,0.0044444444444444444,2593.8112,188.79642857142858,0.13392857142857142,2.0,3475.7070080000003,1.0,1.6294642857142856,2297.0232142857144,1.6294642857142856,347.3854285714286,0.6136986301369863,1.6294642857142856,188.79642857142858,29603.280000000002,0.0044444444444444444,11.528049777777778,42.0,2.0,Long Inactive,High Value,Low Frequency
CUST1444,31,Male,India,active,1,6,1656.3600000000001,1656.3600000000001,276.06,4.0,5,19.0,19,19,2025-10-01,2025-10-01,2023-03-03,68,943,0.03083247687564234,6.0,1,1,1,5.0,1656.3600000000001,276.06,0.001059322033898305,2981.4480000000003,52.69437963944857,0.19088016967126192,5.0,3875.8824000000004,1.0,0.3870625662778367,641.1149522799576,2.3223753976670203,94.84988335100743,2.5835616438356164,0.3870625662778367,52.69437963944857,33127.200000000004,0.001059322033898305,3.158313559322034,100.0,2.0,Moderate,Very High Value,Low Frequency
CUST1445,56,Male,UK,active,1,8,839.04,839.04,104.88,4.1,0,49.0,49,49,2024-07-05,2024-07-05,2022-09-30,521,644,0.04451038575667656,8.0,1,1,1,0.0,839.04,104.88,0.0015503875968992248,1527.0527999999997,39.08571428571429,0.3726708074534162,0.0,2015.7096959999994,1.0,0.5667701863354037,475.5428571428571,4.534161490683229,71.136,1.7643835616438357,0.5667701863354037,39.08571428571429,41952.0,0.0015503875968992248,2.3675237209302322,0.0,2.0,Long Inactive,Medium Value,Low Frequency
CUST1446,39,Female,Pakistan,cancelled,1,1,552.26,552.26,552.26,4.2,0,18.0,18,18,2023-07-09,2023-07-09,2023-01-08,883,182,0.14150943396226415,1.0,1,1,1,0.0,552.26,552.26,0.00546448087431694,1016.1584,91.03186813186814,0.16483516483516483,0.0,1361.652256,1.0,2.0054945054945055,1107.5543956043955,2.0054945054945055,167.49863736263737,0.4986301369863014,2.0054945054945055,91.03186813186814,10492.94,0.00546448087431694,5.5527781420765026,0.0,2.0,Long Inactive,Medium Value,Low Frequency
CUST1447,61,Female,Pakistan,active,1,1,1510.04,1510.04,1510.04,4.6,0,30.0,30,30,2022-10-29,2022-10-29,2022-10-06,1136,23,0.5660377358490566,1.0,1,1,1,0.0,1510.04,1510.04,0.041666666666666664,2899.2767999999996,1969.6173913043476,1.3043478260869565,0.0,4116.973055999999,1.0,15.869565217391303,23963.67826086956,15.869565217391303,3781.665391304347,0.06301369863013699,15.869565217391303,1969.6173913043476,46811.24,0.041666666666666664,120.80319999999998,0.0,2.0,Long Inactive,Very High Value,Low Frequency
CUST1448,29,Female,Germany,active,1,3,900.5699999999999,900.5699999999999,300.19,4.0,5,4.0,4,4,2024-06-11,2024-06-11,2020-12-13,545,1276,0.022970903522205207,3.0,1,1,1,5.0,900.5699999999999,300.19,0.0007830853563038371,1621.0259999999998,21.173275862068966,0.07053291536050157,5.0,2107.3338,1.0,0.28605015673981193,257.6081896551724,0.8581504702194358,38.111896551724136,3.495890410958904,0.28605015673981193,21.173275862068966,4502.849999999999,0.0007830853563038371,1.2694017227877838,25.0,2.0,Long Inactive,Medium Value,Low Frequency
CUST1449,38,Male,UK,paused,1,9,818.01,818.01,90.89,4.0,3,32.0,32,32,2024-10-04,2024-10-04,2021-04-30,430,1253,0.02338269680436477,9.0,1,1,1,3.0,818.01,90.89,0.0007974481658692185,1472.4180000000001,19.585235434956104,0.2154828411811652,3.0,1914.1434000000002,1.0,0.29130087789305664,238.28703112529925,2.6217079010375097,35.25342378292099,3.4328767123287673,0.29130087789305664,19.585235434956104,26994.329999999998,0.0007974481658692185,1.174177033492823,99.0,2.0,Long Inactive,Medium Value,Low Frequency
CUST1450,34,Male,Germany,active,1,1,260.15,260.15,260.15,4.3,0,45.0,45,45,2022-12-10,2022-12-10,2022-06-07,1094,186,0.1388888888888889,1.0,1,1,1,0.0,260.15,260.15,0.0053475935828877,483.8789999999999,41.95967741935483,0.16129032258064516,0.0,658.0754399999998,1.0,1.9623655913978495,510.5094086021505,1.9623655913978495,78.04499999999999,0.5095890410958904,1.9623655913978495,41.95967741935483,11966.9,0.0053475935828877,2.587588235294117,0.0,2.0,Long Inactive,Low Value,Low Frequency
CUST1451,25,Male,Pakistan,active,1,8,309.76,309.76,38.72,4.3,1,32.0,32,32,2024-10-21,2024-10-21,2023-12-06,413,320,0.08571428571428572,8.0,1,1,1,1.0,309.76,38.72,0.003115264797507788,576.1536,29.04,0.75,1.0,783.5688959999999,1.0,1.140625,353.32,9.125,54.0144,0.8767123287671232,1.140625,29.04,10222.08,0.003115264797507788,1.794871028037383,33.0,2.0,Long Inactive,Low Value,Low Frequency
CUST1452,22,Male,India,paused,1,6,1068.1200000000001,1068.1200000000001,178.02,4.2,4,48.0,48,48,2022-08-25,2022-08-25,2021-02-20,1201,551,0.05163511187607573,6.0,1,1,1,4.0,1068.1200000000001,178.02,0.0018115942028985507,1965.3408000000004,58.15535390199638,0.32667876588021777,4.0,2633.5566720000006,1.0,0.662431941923775,707.5568058076226,3.97459165154265,107.00585117967334,1.5095890410958903,0.662431941923775,58.15535390199638,52337.880000000005,0.0018115942028985507,3.560400000000001,196.0,2.0,Long Inactive,High Value,Low Frequency
CUST1453,44,Female,Germany,paused,1,2,777.02,777.02,388.51,4.0,4,32.0,32,32,2024-11-07,2024-11-07,2022-04-10,396,942,0.0308641975308642,2.0,1,1,1,4.0,777.02,388.51,0.0010604453870625664,1398.636,24.745859872611465,0.06369426751592357,4.0,1818.2268,1.0,0.3874734607218684,301.07462845010616,0.7749469214437368,44.54254777070064,2.580821917808219,0.3874734607218684,24.745859872611465,25641.66,0.0010604453870625664,1.4831770943796396,132.0,2.0,Long Inactive,Medium Value,Low Frequency
CUST1454,45,Female,Pakistan,cancelled,1,9,1727.46,1727.46,191.94,4.2,2,40.0,40,40,2023-05-26,2023-05-26,2023-01-02,927,144,0.1724137931034483,9.0,1,1,1,2.0,1727.46,191.94,0.006896551724137931,3178.5264,359.88750000000005,1.875,2.0,4259.225376,1.0,2.5347222222222223,4378.63125,22.8125,662.1930000000001,0.39452054794520547,2.5347222222222223,359.88750000000005,70825.86,0.006896551724137931,21.920871724137932,82.0,2.0,Long Inactive,Very High Value,Low Frequency
CUST1455,65,Female,India,active,1,9,433.8,433.8,48.2,4.0,4,32.0,32,32,2024-05-10,2024-05-10,2022-11-21,577,536,0.053003533568904596,9.0,1,1,1,4.0,433.8,48.2,0.00186219739292365,780.84,24.279850746268657,0.503731343283582,4.0,1015.0920000000001,1.0,0.6809701492537313,295.40485074626866,6.128731343283582,43.703731343283586,1.4684931506849315,0.6809701492537313,24.279850746268657,14315.4,0.00186219739292365,1.454078212290503,132.0,2.0,Long Inactive,Low Value,Low Frequency
CUST1456,64,Female,India,active,1,6,155.88,155.88,25.98,4.1,2,44.0,44,44,2024-11-04,2024-11-04,2023-02-27,399,616,0.04643962848297213,6.0,1,1,1,2.0,155.88,25.98,0.0016207455429497568,283.7016,7.5915584415584405,0.2922077922077922,2.0,374.48611199999993,1.0,0.5925324675324676,92.36396103896104,3.5551948051948052,13.816636363636361,1.6876712328767123,0.5925324675324676,7.5915584415584405,7014.599999999999,0.0016207455429497568,0.4598081037277147,90.0,2.0,Long Inactive,Low Value,Low Frequency
CUST1457,52,Male,USA,active,1,3,1174.59,1174.59,391.53,3.9,2,2.0,2,2,2024-10-06,2024-10-06,2022-04-06,428,914,0.03177966101694915,3.0,1,1,1,2.0,1174.59,391.53,0.001092896174863388,2090.7702,38.55328227571116,0.09846827133479213,2.0,2676.185856,1.0,0.399343544857768,469.06493435448573,1.198030634573304,68.62484245076587,2.504109589041096,0.399343544857768,38.55328227571116,3523.7699999999995,0.001092896174863388,2.2849947540983604,6.0,2.0,Long Inactive,High Value,Low Frequency
CUST1458,25,Female,Pakistan,active,1,3,1365.8700000000001,1365.8700000000001,455.29,3.8,1,41.0,41,41,2025-04-29,2025-04-29,2023-06-13,223,686,0.04189944134078212,3.0,1,1,1,1.0,1365.8700000000001,455.29,0.001455604075691412,2403.9312000000004,59.73192419825073,0.13119533527696792,1.0,3028.9533120000006,1.0,0.532069970845481,726.7384110787173,1.596209912536443,105.1281865889213,1.8794520547945206,0.532069970845481,59.73192419825073,57366.54000000001,0.001455604075691412,3.4991720524017476,42.0,2.0,Long Inactive,High Value,Low Frequency
CUST1459,50,Female,Pakistan,active,1,1,1137.99,1137.99,1137.99,4.7,2,16.0,16,16,2022-08-21,2022-08-21,2021-10-06,1205,319,0.08595988538681949,1.0,1,1,1,2.0,1137.99,1137.99,0.003125,2207.7006,107.02100313479625,0.09404388714733543,2.0,3179.0888640000003,1.0,1.1442006269592477,1302.0888714733544,1.1442006269592477,207.62074608150473,0.873972602739726,1.1442006269592477,107.02100313479625,19345.83,0.003125,6.899064375000001,34.0,2.0,Long Inactive,High Value,Low Frequency
CUST1460,66,Female,India,active,1,8,1658.24,1658.24,207.28,4.3,4,14.0,14,14,2024-05-03,2024-05-03,2022-11-26,584,524,0.05415162454873647,8.0,1,1,1,4.0,1658.24,207.28,0.0019047619047619048,3084.3264,94.93740458015269,0.45801526717557256,4.0,4194.6839039999995,1.0,0.6965648854961831,1155.0717557251908,5.572519083969465,176.583572519084,1.4356164383561645,0.6965648854961831,94.93740458015269,24873.6,0.0019047619047619048,5.8749074285714284,60.0,2.0,Long Inactive,Very High Value,Low Frequency
CUST1461,66,Female,India,cancelled,1,6,1947.2400000000002,1947.2400000000002,324.54,4.2,5,40.0,40,40,2024-05-16,2024-05-16,2021-09-25,571,964,0.030181086519114688,6.0,1,1,1,5.0,1947.2400000000002,324.54,0.0010362694300518134,3582.9216000000006,60.598755186722,0.18672199170124482,5.0,4801.114944000001,1.0,0.3786307053941909,737.2848547717844,2.2717842323651456,111.50170954356848,2.6410958904109587,0.3786307053941909,60.598755186722,79836.84000000001,0.0010362694300518134,3.712872124352332,205.0,2.0,Long Inactive,Very High Value,Low Frequency
CUST1462,24,Female,Canada,active,1,5,1030.75,1030.75,206.15,4.1,0,10.0,10,10,2021-02-22,2021-02-22,2020-11-24,1750,90,0.25,5.0,1,1,1,0.0,1030.75,206.15,0.01098901098901099,1875.965,343.5833333333333,1.6666666666666667,0.0,2476.2737999999995,1.0,4.055555555555555,4180.263888888889,20.27777777777778,625.3216666666666,0.2465753424657534,4.055555555555555,343.5833333333333,11338.25,0.01098901098901099,20.615000000000002,0.0,2.0,Long Inactive,Medium Value,Low Frequency
CUST1463,46,Male,Canada,paused,1,1,1493.98,1493.98,1493.98,3.3,1,21.0,21,21,2023-05-06,2023-05-06,2021-03-14,947,783,0.03690036900369004,1.0,1,1,1,1.0,1493.98,1493.98,0.0012755102040816326,2480.0068,57.24061302681992,0.038314176245210725,1.0,2876.807888,1.0,0.4661558109833972,696.4274584929758,0.4661558109833972,95.01941762452107,2.1452054794520548,0.4661558109833972,57.24061302681992,32867.56,0.0012755102040816326,3.1632739795918368,22.0,2.0,Long Inactive,High Value,Low Frequency
CUST1464,39,Male,India,paused,1,2,1106.72,1106.72,553.36,4.4,5,10.0,10,10,2025-07-05,2025-07-05,2022-01-16,156,1266,0.023148148148148147,2.0,1,1,1,5.0,1106.72,553.36,0.0007892659826361484,2080.6336,26.22559241706161,0.04739336492890995,5.0,2871.2743680000003,1.0,0.28830963665086884,319.0780410742496,0.5766192733017377,49.30411374407583,3.4684931506849317,0.28830963665086884,26.22559241706161,12173.92,0.0007892659826361484,1.642173322809787,55.0,2.0,At Risk,High Value,Low Frequency
CUST1465,26,Female,Pakistan,active,1,6,1069.68,1069.68,178.28,4.0,3,41.0,41,41,2022-07-02,2022-07-02,2021-10-13,1255,262,0.10273972602739727,6.0,1,1,1,3.0,1069.68,178.28,0.0038022813688212928,1925.4240000000002,122.48244274809163,0.6870229007633588,3.0,2503.0512000000003,1.0,1.3931297709923662,1490.2030534351145,8.358778625954198,220.46839694656492,0.7178082191780822,1.3931297709923662,122.48244274809163,44926.560000000005,0.0038022813688212928,7.3210038022813695,126.0,2.0,Long Inactive,High Value,Low Frequency
CUST1466,36,Female,India,cancelled,1,1,638.11,638.11,638.11,4.2,5,25.0,25,25,2024-01-16,2024-01-16,2023-11-03,692,74,0.28846153846153844,1.0,1,1,1,5.0,638.11,638.11,0.013333333333333334,1174.1224,258.6932432432432,0.4054054054054054,5.0,1573.324016,1.0,4.9324324324324325,3147.4344594594595,4.9324324324324325,475.99556756756755,0.20273972602739726,4.9324324324324325,258.6932432432432,16590.86,0.013333333333333334,15.654965333333333,130.0,2.0,Long Inactive,Medium Value,Low Frequency
CUST1467,37,Female,India,active,1,8,1802.56,1802.56,225.32,4.5,1,34.0,34,34,2021-12-14,2021-12-14,2021-08-18,1455,118,0.2027027027027027,8.0,1,1,1,1.0,1802.56,225.32,0.008403361344537815,3424.8639999999996,458.2779661016949,2.0338983050847457,1.0,4794.809599999999,1.0,3.0932203389830506,5575.715254237288,24.745762711864405,870.7281355932203,0.3232876712328767,3.0932203389830506,458.2779661016949,63089.6,0.008403361344537815,28.780369747899154,35.0,2.0,Long Inactive,Very High Value,Low Frequency
CUST1468,35,Female,Canada,active,1,9,1201.5,1201.5,133.5,4.6,2,49.0,49,49,2023-09-02,2023-09-02,2021-09-22,828,710,0.040540540540540536,9.0,1,1,1,2.0,1201.5,133.5,0.0014064697609001407,2306.88,50.767605633802816,0.38028169014084506,2.0,3275.7696,1.0,0.5140845070422535,617.6725352112676,4.626760563380282,97.47380281690141,1.9452054794520548,0.5140845070422535,50.767605633802816,60075.0,0.0014064697609001407,3.2445569620253165,100.0,2.0,Long Inactive,High Value,Low Frequency
CUST1469,44,Male,Germany,cancelled,1,6,1281.06,1281.06,213.51,4.2,2,19.0,19,19,2023-08-29,2023-08-29,2023-12-02,832,0,1.0,6.0,1,1,1,2.0,1281.06,213.51,1.0,2357.1504,12810.599999999999,60.0,2.0,3158.581536,1.0,365.0,467586.89999999997,2190.0,23571.503999999997,0.0,365.0,12810.599999999999,25621.199999999997,1.0,2357.1504,40.0,2.0,Long Inactive,High Value,Low Frequency
CUST1470,51,Female,Germany,active,1,8,1482.96,1482.96,185.37,4.0,0,36.0,36,36,2023-03-27,2023-03-27,2022-11-26,987,121,0.19867549668874174,8.0,1,1,1,0.0,1482.96,185.37,0.00819672131147541,2669.328,367.67603305785127,1.9834710743801653,0.0,3470.1264,1.0,3.0165289256198347,4473.39173553719,24.132231404958677,661.8168595041323,0.3315068493150685,3.0165289256198347,367.67603305785127,54869.520000000004,0.00819672131147541,21.879737704918035,0.0,2.0,Long Inactive,High Value,Low Frequency
CUST1471,35,Female,USA,cancelled,1,8,702.4,702.4,87.8,3.7,0,4.0,4,4,2025-06-22,2025-06-22,2023-04-20,169,794,0.03640776699029127,8.0,1,1,1,0.0,702.4,87.8,0.0012578616352201257,1222.176,26.53904282115869,0.3022670025188917,0.0,1515.49824,1.0,0.45969773299748107,322.8916876574307,3.6775818639798485,46.17793450881612,2.175342465753425,0.45969773299748107,26.53904282115869,3512.0,0.0012578616352201257,1.5373283018867923,0.0,2.0,At Risk,Medium Value,Low Frequency
CUST1472,51,Male,UK,cancelled,1,4,391.12,391.12,97.78,4.1,0,29.0,29,29,2025-01-14,2025-01-14,2023-04-21,328,634,0.045180722891566265,4.0,1,1,1,0.0,391.12,97.78,0.0015748031496062992,711.8384,18.50725552050473,0.18927444794952683,0.0,939.6266879999998,1.0,0.5757097791798107,225.17160883280758,2.302839116719243,33.68320504731861,1.736986301369863,0.5757097791798107,18.50725552050473,11733.6,0.0015748031496062992,1.1210053543307086,0.0,2.0,Long Inactive,Low Value,Low Frequency
CUST1473,56,Male,Pakistan,active,1,9,1778.3999999999999,1778.3999999999999,197.6,4.1,2,38.0,38,38,2023-02-06,2023-02-06,2023-05-20,1036,0,1.0,9.0,1,1,1,2.0,1778.3999999999999,197.6,1.0,3236.6879999999996,17783.999999999996,90.0,2.0,4272.428159999999,1.0,365.0,649116.0,3285.0,32366.879999999994,0.0,365.0,17783.999999999996,69357.59999999999,1.0,3236.6879999999996,78.0,2.0,Long Inactive,Very High Value,Low Frequency
CUST1474,37,Female,USA,active,1,2,1064.18,1064.18,532.09,4.2,0,46.0,46,46,2023-01-31,2023-01-31,2021-04-08,1042,663,0.04329004329004329,2.0,1,1,1,0.0,1064.18,532.09,0.0015060240963855422,1958.0912000000003,48.15294117647059,0.09049773755656108,0.0,2623.8422080000005,1.0,0.55052790346908,585.8607843137255,1.10105580693816,88.60141176470589,1.8164383561643835,0.55052790346908,48.15294117647059,50016.46000000001,0.0015060240963855422,2.9489325301204827,0.0,2.0,Long Inactive,High Value,Low Frequency
CUST1475,40,Female,Canada,cancelled,1,5,980.6,980.6,196.12,4.2,1,7.0,7,7,2023-03-30,2023-03-30,2020-09-12,984,929,0.03128258602711158,5.0,1,1,1,1.0,980.6,196.12,0.001075268817204301,1804.304,31.666307857911736,0.16146393972012918,1.0,2417.7673600000003,1.0,0.39289558665231433,385.2734122712595,1.9644779332615716,58.2660064585576,2.5452054794520547,0.39289558665231433,31.666307857911736,7844.8,0.001075268817204301,1.9401118279569893,8.0,2.0,Long Inactive,Medium Value,Low Frequency
CUST1476,40,Female,Pakistan,cancelled,1,6,1883.16,1883.16,313.86,4.5,5,12.0,12,12,2024-06-24,2024-06-24,2022-05-20,532,766,0.03768844221105527,6.0,1,1,1,5.0,1883.16,313.86,0.001303780964797914,3578.004,73.75300261096605,0.23498694516971277,5.0,5009.205599999999,1.0,0.4765013054830287,897.3281984334204,2.8590078328981723,140.1307049608355,2.0986301369863014,0.4765013054830287,73.75300261096605,24481.08,0.001303780964797914,4.664933507170795,65.0,2.0,Long Inactive,Very High Value,Low Frequency
CUST1477,31,Female,Germany,cancelled,1,2,835.04,835.04,417.52,3.8,1,34.0,34,34,2023-09-17,2023-09-17,2022-10-14,813,338,0.08152173913043478,2.0,1,1,1,1.0,835.04,417.52,0.0029498525073746312,1469.6704,74.11597633136094,0.17751479289940827,1.0,1851.784704,1.0,1.0798816568047338,901.7443786982249,2.1597633136094676,130.44411834319524,0.9260273972602739,1.0798816568047338,74.11597633136094,29226.399999999998,0.0029498525073746312,4.335310914454277,35.0,2.0,Long Inactive,Medium Value,Low Frequency
CUST1478,23,Female,India,active,1,8,998.08,998.08,124.76,4.0,3,27.0,27,27,2025-01-22,2025-01-22,2020-11-29,320,1515,0.019417475728155338,8.0,1,1,1,3.0,998.08,124.76,0.0006596306068601583,1796.544,19.763960396039604,0.15841584158415842,3.0,2335.5072,1.0,0.24092409240924093,240.46151815181517,1.9273927392739274,35.57512871287129,4.1506849315068495,0.24092409240924093,19.763960396039604,27946.24,0.0006596306068601583,1.1850554089709762,84.0,2.0,Long Inactive,Medium Value,Low Frequency
CUST1479,32,Female,India,cancelled,1,6,541.26,541.26,90.21,4.1,2,2.0,2,2,2025-05-03,2025-05-03,2022-10-16,219,930,0.03125,6.0,1,1,1,2.0,541.26,90.21,0.0010741138560687433,985.0931999999999,17.46,0.1935483870967742,2.0,1300.3230239999998,1.0,0.3924731182795699,212.43,2.3548387096774195,31.777199999999997,2.547945205479452,0.3924731182795699,17.46,1623.78,0.0010741138560687433,1.0581022556390975,6.0,2.0,Long Inactive,Low Value,Low Frequency
CUST1480,46,Other,Pakistan,paused,1,4,1109.88,1109.88,277.47,3.8,4,7.0,7,7,2025-07-23,2025-07-23,2021-12-10,138,1321,0.02220577350111029,4.0,1,1,1,4.0,1109.88,277.47,0.0007564296520423601,1953.3888000000002,25.20545041635125,0.09084027252081757,4.0,2461.2698880000003,1.0,0.2763058289174868,306.66631339894025,1.1052233156699471,44.361592732778206,3.6191780821917807,0.2763058289174868,25.20545041635125,8879.04,0.0007564296520423601,1.4776012102874434,32.0,2.0,At Risk,High Value,Low Frequency
CUST1481,65,Male,USA,cancelled,1,5,664.35,664.35,132.87,4.1,0,2.0,2,2,2023-05-31,2023-05-31,2023-04-21,922,40,0.4285714285714286,5.0,1,1,1,0.0,664.35,132.87,0.024390243902439025,1209.117,498.26250000000005,3.75,0.0,1596.0344399999997,1.0,9.125,6062.19375,45.625,906.83775,0.1095890410958904,9.125,498.26250000000005,1993.0500000000002,0.024390243902439025,29.490658536585364,0.0,2.0,Long Inactive,Medium Value,Low Frequency
CUST1482,19,Female,Pakistan,active,1,8,1062.56,1062.56,132.82,3.8,3,10.0,10,10,2023-03-07,2023-03-07,2021-07-26,1007,589,0.048465266558966075,8.0,1,1,1,3.0,1062.56,132.82,0.001694915254237288,1870.1055999999999,54.12020373514431,0.4074702886247878,3.0,2356.333056,1.0,0.6196943972835315,658.4624787775891,4.957555178268252,95.25155857385398,1.6136986301369862,0.6196943972835315,54.12020373514431,11688.16,0.001694915254237288,3.1696705084745758,33.0,2.0,Long Inactive,High Value,Low Frequency
CUST1483,21,Male,UK,cancelled,1,1,554.08,554.08,554.08,4.2,2,47.0,47,47,2024-12-21,2024-12-21,2022-04-12,352,984,0.02958579881656805,1.0,1,1,1,2.0,554.08,554.08,0.0010152284263959391,1019.5072000000001,16.89268292682927,0.030487804878048783,2.0,1366.1396480000003,1.0,0.3709349593495935,205.52764227642277,0.3709349593495935,31.08253658536586,2.695890410958904,0.3709349593495935,16.89268292682927,26595.840000000004,0.0010152284263959391,1.0350326903553302,96.0,2.0,Long Inactive,Medium Value,Low Frequency
CUST1484,23,Male,USA,active,1,5,952.1500000000001,952.1500000000001,190.43,4.2,1,2.0,2,2,2024-03-27,2024-03-27,2023-06-08,621,293,0.09287925696594426,5.0,1,1,1,1.0,952.1500000000001,190.43,0.003401360544217687,1751.9560000000001,97.48976109215018,0.5119453924914675,1.0,2347.6210400000004,1.0,1.2457337883959043,1186.1254266211604,6.228668941979522,179.38116040955632,0.8027397260273973,1.2457337883959043,97.48976109215018,2856.4500000000003,0.003401360544217687,5.959034013605442,3.0,2.0,Long Inactive,Medium Value,Low Frequency
CUST1485,59,Female,Canada,active,1,7,1598.38,1598.38,228.34,4.2,0,16.0,16,16,2023-05-21,2023-05-21,2022-04-19,932,397,0.07025761124121781,7.0,1,1,1,0.0,1598.38,228.34,0.002512562814070352,2941.0192,120.78438287153654,0.5289672544080605,0.0,3940.9657280000006,1.0,0.9193954659949621,1469.5433249370276,6.435768261964735,222.24326448362723,1.0876712328767124,0.9193954659949621,120.78438287153654,27172.460000000003,0.002512562814070352,7.3894954773869355,0.0,2.0,Long Inactive,Very High Value,Low Frequency
CUST1486,28,Male,Germany,active,1,1,975.01,975.01,975.01,4.0,3,4.0,4,4,2022-09-29,2022-09-29,2021-10-28,1166,336,0.0819672131147541,1.0,1,1,1,3.0,975.01,975.01,0.002967359050445104,1755.018,87.05446428571429,0.08928571428571429,3.0,2281.5234,1.0,1.0863095238095237,1059.1626488095237,1.0863095238095237,156.69803571428574,0.9205479452054794,1.0863095238095237,87.05446428571429,4875.05,0.002967359050445104,5.207768545994066,15.0,2.0,Long Inactive,Medium Value,Low Frequency
CUST1487,40,Male,India,active,1,3,186.45,186.45,62.15,3.5,3,31.0,31,31,2025-06-26,2025-06-26,2021-10-27,165,1338,0.021929824561403508,3.0,1,1,1,3.0,186.45,62.15,0.0007468259895444362,316.965,4.1804932735426,0.06726457399103139,3.0,380.35799999999995,1.0,0.2727952167414051,50.862668161434975,0.8183856502242153,7.106838565022421,3.665753424657534,0.2727952167414051,4.1804932735426,5966.4,0.0007468259895444362,0.2367176997759522,96.0,2.0,At Risk,Low Value,Low Frequency
CUST1488,49,Female,Canada,active,1,2,1075.12,1075.12,537.56,4.3,1,11.0,11,11,2024-01-25,2024-01-25,2022-11-27,683,424,0.06607929515418502,2.0,1,1,1,1.0,1075.12,537.56,0.002352941176470588,1999.7231999999997,76.06981132075471,0.14150943396226415,1.0,2719.623551999999,1.0,0.8608490566037736,925.5160377358491,1.7216981132075473,141.48984905660376,1.1616438356164382,0.8608490566037736,76.06981132075471,12901.439999999999,0.002352941176470588,4.705231058823529,12.0,2.0,Long Inactive,High Value,Low Frequency
CUST1489,46,Female,Germany,active,1,4,1890.6,1890.6,472.65,4.1,2,11.0,11,11,2025-04-16,2025-04-16,2023-07-04,236,652,0.0439882697947214,4.0,1,1,1,2.0,1890.6,472.65,0.0015313935681470138,3440.8919999999994,86.99079754601226,0.18404907975460122,2.0,4541.977439999999,1.0,0.5598159509202454,1058.388036809816,2.2392638036809815,158.3232515337423,1.7863013698630137,0.5598159509202454,86.99079754601226,22687.199999999997,0.0015313935681470138,5.2693598774885135,24.0,2.0,Long Inactive,Very High Value,Low Frequency
CUST1490,44,Female,Germany,cancelled,1,8,873.28,873.28,109.16,3.9,1,31.0,31,31,2024-01-28,2024-01-28,2023-06-13,680,229,0.11583011583011583,8.0,1,1,1,1.0,873.28,109.16,0.004347826086956522,1554.4384,114.40349344978165,1.0480349344978166,1.0,1989.681152,1.0,1.5938864628820961,1391.9091703056768,12.751091703056769,203.63821834061133,0.6273972602739726,1.5938864628820961,114.40349344978165,27944.96,0.004347826086956522,6.758427826086956,32.0,2.0,Long Inactive,Medium Value,Low Frequency
CUST1491,50,Male,USA,paused,1,5,1307.45,1307.45,261.49,3.9,3,25.0,25,25,2022-12-23,2022-12-23,2022-01-14,1081,343,0.08042895442359249,5.0,1,1,1,3.0,1307.45,261.49,0.0029069767441860465,2327.261,114.35422740524781,0.43731778425655976,3.0,2978.89408,1.0,1.064139941690962,1391.3097667638483,5.320699708454811,203.5505247813411,0.9397260273972603,1.064139941690962,114.35422740524781,33993.700000000004,0.0029069767441860465,6.765293604651163,78.0,2.0,Long Inactive,High Value,Low Frequency
CUST1492,49,Female,UK,active,1,7,486.36,486.36,69.48,3.3,5,41.0,41,41,2024-03-25,2024-03-25,2020-09-30,623,1272,0.02304147465437788,7.0,1,1,1,5.0,486.36,69.48,0.0007855459544383347,807.3575999999999,11.470754716981133,0.16509433962264153,5.0,936.5348159999999,1.0,0.2869496855345912,139.5608490566038,2.0086477987421385,19.04145283018868,3.484931506849315,0.2869496855345912,11.470754716981133,20427.12,0.0007855459544383347,0.6342164964650432,210.0,2.0,Long Inactive,Low Value,Low Frequency
CUST1493,38,Female,Canada,active,1,1,1481.71,1481.71,1481.71,4.0,2,37.0,37,37,2025-07-22,2025-07-22,2023-05-31,139,783,0.03690036900369004,1.0,1,1,1,2.0,1481.71,1481.71,0.0012755102040816326,2667.078,56.770498084291184,0.038314176245210725,2.0,3467.2014,1.0,0.4661558109833972,690.7077266922095,0.4661558109833972,102.18689655172413,2.1452054794520548,0.4661558109833972,56.770498084291184,56304.98,0.0012755102040816326,3.4018852040816325,76.0,2.0,At Risk,High Value,Low Frequency
CUST1494,25,Male,Canada,cancelled,1,9,1702.89,1702.89,189.21,4.0,0,30.0,30,30,2023-10-13,2023-10-13,2023-01-26,787,260,0.10344827586206898,9.0,1,1,1,0.0,1702.89,189.21,0.0038314176245210726,3065.202,196.48730769230772,1.0384615384615385,0.0,3984.7626000000005,1.0,1.403846153846154,2390.5955769230773,12.634615384615385,353.6771538461539,0.7123287671232876,1.403846153846154,196.48730769230772,52789.590000000004,0.0038314176245210726,11.744068965517242,0.0,2.0,Long Inactive,Very High Value,Low Frequency
CUST1495,62,Female,India,active,1,4,1084.56,1084.56,271.14,4.0,3,42.0,42,42,2021-11-12,2021-11-12,2021-07-09,1487,126,0.1923076923076923,4.0,1,1,1,3.0,1084.56,271.14,0.007874015748031496,1952.2079999999999,258.2285714285714,0.9523809523809523,3.0,2537.8704,1.0,2.8968253968253967,3141.780952380952,11.587301587301587,464.8114285714285,0.3452054794520548,2.8968253968253967,258.2285714285714,46636.079999999994,0.007874015748031496,15.37171653543307,129.0,2.0,Long Inactive,High Value,Low Frequency
CUST1496,33,Female,Canada,active,1,5,1984.05,1984.05,396.81,3.9,5,20.0,20,20,2023-11-01,2023-11-01,2022-09-19,768,408,0.0684931506849315,5.0,1,1,1,5.0,1984.05,396.81,0.0024449877750611247,3531.609,145.8860294117647,0.36764705882352944,5.0,4520.45952,1.0,0.8946078431372548,1774.9466911764705,4.473039215686274,259.67713235294116,1.1178082191780823,0.8946078431372548,145.8860294117647,41665.049999999996,0.0024449877750611247,8.634740831295844,105.0,2.0,Long Inactive,Very High Value,Low Frequency
CUST1497,20,Male,UK,cancelled,1,2,1673.52,1673.52,836.76,4.3,0,47.0,47,47,2025-01-30,2025-01-30,2021-07-14,312,1296,0.02262443438914027,2.0,1,1,1,0.0,1673.52,836.76,0.0007710100231303007,3112.7472,38.73888888888889,0.046296296296296294,0.0,4233.336192,1.0,0.2816358024691358,471.3231481481481,0.5632716049382716,72.05433333333332,3.5506849315068494,0.2816358024691358,38.73888888888889,80328.95999999999,0.0007710100231303007,2.3999592906707785,0.0,2.0,Long Inactive,Very High Value,Low Frequency
CUST1498,29,Male,Canada,active,1,2,143.92,143.92,71.96,4.1,1,7.0,7,7,2022-06-03,2022-06-03,2021-06-15,1284,353,0.07832898172323759,2.0,1,1,1,1.0,143.92,71.96,0.002824858757062147,261.9344,12.231161473087816,0.16997167138810196,1.0,345.7534079999999,1.0,1.0339943342776203,148.8124645892351,2.0679886685552407,22.26071388101983,0.9671232876712329,1.0339943342776203,12.231161473087816,1151.36,0.002824858757062147,0.7399276836158192,8.0,2.0,Long Inactive,Low Value,Low Frequency
CUST1499,45,Male,Pakistan,active,1,1,1601.28,1601.28,1601.28,4.1,3,33.0,33,33,2022-08-25,2022-08-25,2022-04-13,1201,134,0.18292682926829268,1.0,1,1,1,3.0,1601.28,1601.28,0.007407407407407408,2914.3295999999996,358.49552238805967,0.22388059701492538,3.0,3846.915071999999,1.0,2.7238805970149254,4361.6955223880595,2.7238805970149254,652.4618507462685,0.36712328767123287,2.7238805970149254,358.49552238805967,54443.52,0.007407407407407408,21.587626666666665,102.0,2.0,Long Inactive,Very High Value,Low Frequency
CUST1500,49,Female,Canada,paused,1,3,1748.97,1748.97,582.99,4.3,3,3.0,3,3,2022-02-24,2022-02-24,2021-02-05,1383,384,0.07246376811594203,3.0,1,1,1,3.0,1748.97,582.99,0.0025974025974025974,3253.0842,136.63828125,0.234375,3.0,4424.194511999999,1.0,0.9505208333333335,1662.4324218750003,2.8515625000000004,254.14720312499998,1.0520547945205478,0.9505208333333335,136.63828125,6995.88,0.0025974025974025974,8.44956935064935,12.0,2.0,Long Inactive,Very High Value,Low Frequency
CUST1501,51,Other,Pakistan,paused,1,2,614.28,614.28,307.14,4.1,3,34.0,34,34,2023-05-27,2023-05-27,2022-01-10,926,502,0.05639097744360902,2.0,1,1,1,3.0,614.28,307.14,0.0019880715705765406,1117.9895999999999,36.709960159362545,0.1195219123505976,3.0,1475.7462719999996,1.0,0.7270916334661355,446.6378486055777,1.454183266932271,66.81212749003983,1.3753424657534246,0.7270916334661355,36.709960159362545,21499.8,0.0019880715705765406,2.222643339960238,105.0,2.0,Long Inactive,Medium Value,Low Frequency
CUST1502,66,Male,USA,paused,1,8,1545.76,1545.76,193.22,4.1,4,32.0,32,32,2025-01-17,2025-01-17,2021-08-11,325,1255,0.023346303501945526,8.0,1,1,1,4.0,1545.76,193.22,0.0007961783439490446,2813.2832,36.95043824701195,0.19123505976095617,4.0,3713.533823999999,1.0,0.2908366533864542,449.5636653386454,2.3266932270916336,67.24979760956174,3.4383561643835616,0.2908366533864542,36.95043824701195,51010.08,0.0007961783439490446,2.2398751592356687,132.0,2.0,Long Inactive,Very High Value,Low Frequency
CUST1503,58,Male,USA,cancelled,1,2,1993.12,1993.12,996.56,4.3,1,32.0,32,32,2024-05-25,2024-05-25,2022-04-04,562,782,0.03694581280788178,2.0,1,1,1,1.0,1993.12,996.56,0.001277139208173691,3707.2031999999995,76.46240409207161,0.07672634271099744,1.0,5041.7963519999985,1.0,0.4667519181585678,930.2925831202047,0.9335038363171356,142.2200716112532,2.1424657534246574,0.4667519181585678,76.46240409207161,65772.95999999999,0.001277139208173691,4.734614559386973,33.0,2.0,Long Inactive,Very High Value,Low Frequency
CUST1504,31,Female,Pakistan,active,1,2,1931.34,1931.34,965.67,4.4,0,42.0,42,42,2025-03-29,2025-03-29,2023-06-04,254,664,0.043227665706051875,2.0,1,1,1,0.0,1931.34,965.67,0.0015037593984962407,3630.9192000000003,87.25933734939758,0.09036144578313253,0.0,5010.668496000001,1.0,0.5496987951807228,1061.6552710843373,1.0993975903614457,164.0475542168675,1.819178082191781,0.5496987951807228,87.25933734939758,83047.62,0.0015037593984962407,5.460028872180452,0.0,2.0,Long Inactive,Very High Value,Low Frequency
CUST1505,35,Male,Canada,active,1,9,1213.7400000000002,1213.7400000000002,134.86,4.2,4,7.0,7,7,2025-02-06,2025-02-06,2023-07-22,305,565,0.05042016806722689,9.0,1,1,1,4.0,1213.7400000000002,134.86,0.0017667844522968198,2233.2816000000007,64.44637168141594,0.4778761061946903,4.0,2992.597344000001,1.0,0.6460176991150443,784.097522123894,5.814159292035399,118.58132389380536,1.547945205479452,0.6460176991150443,64.44637168141594,9709.920000000002,0.0017667844522968198,3.9457272084805664,32.0,2.0,Long Inactive,High Value,Low Frequency
CUST1506,48,Female,Pakistan,active,1,8,472.48,472.48,59.06,3.3,2,27.0,27,27,2022-06-06,2022-06-06,2020-10-26,1281,588,0.04854368932038835,8.0,1,1,1,2.0,472.48,59.06,0.001697792869269949,784.3168,24.10612244897959,0.4081632653061224,2.0,909.8074879999999,1.0,0.6207482993197279,293.29115646258504,4.965986394557823,40.01616326530612,1.610958904109589,0.6207482993197279,24.10612244897959,13229.44,0.001697792869269949,1.3316074702886247,56.0,2.0,Long Inactive,Low Value,Low Frequency
CUST1507,34,Male,Pakistan,cancelled,1,5,818.9,818.9,163.78,4.4,0,14.0,14,14,2025-07-26,2025-07-26,2021-03-30,135,1579,0.018645121193287758,5.0,1,1,1,0.0,818.9,163.78,0.0006329113924050633,1539.5320000000002,15.558581380620646,0.09499683343888538,0.0,2124.5541600000006,1.0,0.23115896136795439,189.29607346421784,1.1557948068397719,29.25013299556682,4.326027397260274,0.23115896136795439,15.558581380620646,12283.5,0.0006329113924050633,0.974387341772152,0.0,2.0,At Risk,Medium Value,Low Frequency
CUST1508,57,Female,India,paused,1,9,1838.34,1838.34,204.26,4.3,3,38.0,38,38,2024-04-01,2024-04-01,2021-08-09,616,966,0.03012048192771084,9.0,1,1,1,3.0,1838.34,204.26,0.001034126163391934,3419.3124,57.09130434782608,0.2795031055900621,3.0,4650.264863999999,1.0,0.3778467908902691,694.6108695652174,3.400621118012422,106.1898260869565,2.6465753424657534,0.3778467908902691,57.09130434782608,71695.26,0.001034126163391934,3.5360004136504655,117.0,2.0,Long Inactive,Very High Value,Low Frequency
CUST1509,42,Male,Germany,active,1,9,1458.45,1458.45,162.05,4.1,3,32.0,32,32,2024-07-08,2024-07-08,2023-06-17,518,387,0.07194244604316546,9.0,1,1,1,3.0,1458.45,162.05,0.002577319587628866,2654.379,113.05813953488372,0.6976744186046512,3.0,3503.7802799999995,1.0,0.9431524547803618,1375.5406976744187,8.488372093023257,205.76581395348836,1.0602739726027397,0.9431524547803618,113.05813953488372,48128.85,0.002577319587628866,6.841182989690721,99.0,2.0,Long Inactive,High Value,Low Frequency
CUST1510,60,Female,Germany,cancelled,1,6,748.92,748.92,124.82,4.0,3,43.0,43,43,2025-07-19,2025-07-19,2022-10-25,142,998,0.029182879377431907,6.0,1,1,1,3.0,748.92,124.82,0.001001001001001001,1348.056,22.512625250501003,0.18036072144288579,3.0,1752.4728,1.0,0.3657314629258517,273.90360721442886,2.19438877755511,40.5227254509018,2.734246575342466,0.3657314629258517,22.512625250501003,32952.479999999996,0.001001001001001001,1.3494054054054054,132.0,2.0,At Risk,Medium Value,Low Frequency
CUST1511,28,Female,Canada,paused,1,7,570.43,570.43,81.49,4.1,1,32.0,32,32,2024-02-09,2024-02-09,2022-09-08,668,519,0.0546448087431694,7.0,1,1,1,1.0,570.43,81.49,0.0019230769230769232,1038.1825999999999,32.97283236994219,0.40462427745664736,1.0,1370.4010319999998,1.0,0.7032755298651252,401.16946050096334,4.922928709055877,60.01055491329479,1.4219178082191781,0.7032755298651252,32.97283236994219,18824.19,0.0019230769230769232,1.9965049999999998,33.0,2.0,Long Inactive,Medium Value,Low Frequency
CUST1512,34,Male,Canada,paused,1,3,108.12,108.12,36.04,4.3,0,23.0,23,23,2025-05-22,2025-05-22,2021-11-07,200,1292,0.0226928895612708,3.0,1,1,1,0.0,108.12,36.04,0.0007733952049497294,201.1032,2.5105263157894737,0.0696594427244582,0.0,273.50035199999996,1.0,0.2825077399380805,30.544736842105262,0.8475232198142415,4.669578947368421,3.5397260273972604,0.2825077399380805,2.5105263157894737,2594.88,0.0007733952049497294,0.1555322505800464,0.0,2.0,Long Inactive,Low Value,Low Frequency
CUST1513,44,Male,Germany,cancelled,1,7,1704.8500000000001,1704.8500000000001,243.55,3.8,4,26.0,26,26,2025-05-26,2025-05-26,2022-10-12,196,957,0.030395136778115502,7.0,1,1,1,4.0,1704.8500000000001,243.55,0.0010438413361169101,3000.536,53.443573667711604,0.219435736677116,4.0,3780.67536,1.0,0.38140020898641586,650.2301462904911,2.6698014629049114,94.06068965517242,2.621917808219178,0.38140020898641586,53.443573667711604,46030.950000000004,0.0010438413361169101,3.132083507306889,108.0,2.0,Long Inactive,Very High Value,Low Frequency
CUST1514,57,Male,India,active,1,3,1285.6200000000001,1285.6200000000001,428.54,3.9,1,33.0,33,33,2023-08-01,2023-08-01,2021-03-20,860,864,0.03355704697986577,3.0,1,1,1,1.0,1285.6200000000001,428.54,0.0011560693641618498,2288.4036,44.639583333333334,0.10416666666666666,1.0,2929.1566080000002,1.0,0.4224537037037037,543.1149305555556,1.2673611111111112,79.45845833333334,2.367123287671233,0.4224537037037037,44.639583333333334,43711.08,0.0011560693641618498,2.645553294797688,34.0,2.0,Long Inactive,High Value,Low Frequency
CUST1515,54,Male,India,active,1,3,704.01,704.01,234.67,3.7,5,8.0,8,8,2023-12-03,2023-12-03,2022-05-25,736,557,0.05110732538330494,3.0,1,1,1,5.0,704.01,234.67,0.0017921146953405018,1224.9774,37.91795332136445,0.1615798922800718,5.0,1518.971976,1.0,0.6552962298025135,461.3350987432675,1.9658886894075402,65.97723877917414,1.526027397260274,0.6552962298025135,37.91795332136445,6336.09,0.0017921146953405018,2.1953,45.0,2.0,Long Inactive,Medium Value,Low Frequency
CUST1516,51,Male,India,cancelled,1,9,1280.25,1280.25,142.25,4.0,1,40.0,40,40,2023-06-17,2023-06-17,2021-04-03,905,805,0.03592814371257485,9.0,1,1,1,1.0,1280.25,142.25,0.0012406947890818859,2304.4500000000003,47.7111801242236,0.33540372670807456,1.0,2995.7850000000003,1.0,0.453416149068323,580.4860248447205,4.080745341614907,85.8801242236025,2.2054794520547945,0.453416149068323,47.7111801242236,52490.25,0.0012406947890818859,2.8591191066997523,41.0,2.0,Long Inactive,High Value,Low Frequency
CUST1517,41,Male,USA,cancelled,1,6,697.08,697.08,116.18,4.2,3,20.0,20,20,2023-05-09,2023-05-09,2023-12-03,944,0,1.0,6.0,1,1,1,3.0,697.08,116.18,1.0,1282.6272000000001,6970.8,60.0,3.0,1718.7204480000003,1.0,365.0,254434.2,2190.0,12826.272,0.0,365.0,6970.8,14638.68,1.0,1282.6272000000001,63.0,2.0,Long Inactive,Medium Value,Low Frequency
CUST1518,47,Male,UK,active,1,6,1930.44,1930.44,321.74,4.4,5,15.0,15,15,2022-08-17,2022-08-17,2021-07-16,1209,397,0.07025761124121781,6.0,1,1,1,5.0,1930.44,321.74,0.002512562814070352,3629.2272000000003,145.87707808564232,0.45340050377833757,5.0,5008.333536000001,1.0,0.9193954659949621,1774.8377833753148,5.516372795969773,274.2489068010076,1.0876712328767124,0.9193954659949621,145.87707808564232,30887.04,0.002512562814070352,9.118661306532664,80.0,2.0,Long Inactive,Very High Value,Low Frequency
CUST1519,26,Female,USA,active,1,5,1334.8500000000001,1334.8500000000001,266.97,3.9,1,9.0,9,9,2022-05-22,2022-05-22,2020-01-09,1296,864,0.03355704697986577,5.0,1,1,1,1.0,1334.8500000000001,266.97,0.0011560693641618498,2376.0330000000004,46.348958333333336,0.1736111111111111,1.0,3041.3222400000004,1.0,0.4224537037037037,563.9123263888889,2.1122685185185186,82.50114583333334,2.367123287671233,0.4224537037037037,46.348958333333336,13348.500000000002,0.0011560693641618498,2.746858959537573,10.0,2.0,Long Inactive,High Value,Low Frequency
CUST1520,40,Female,Canada,active,1,5,1419.8,1419.8,283.96,4.5,1,36.0,36,36,2023-06-01,2023-06-01,2022-10-22,921,222,0.11904761904761904,5.0,1,1,1,1.0,1419.8,283.96,0.004484304932735426,2697.62,191.86486486486484,0.6756756756756757,1.0,3776.6679999999997,1.0,1.644144144144144,2334.3558558558557,8.22072072072072,364.54324324324324,0.6082191780821918,1.644144144144144,191.86486486486484,52532.6,0.004484304932735426,12.09695067264574,37.0,2.0,Long Inactive,High Value,Low Frequency
CUST1521,43,Male,India,active,1,4,1529.12,1529.12,382.28,4.2,2,47.0,47,47,2025-07-30,2025-07-30,2021-02-27,131,1614,0.018248175182481754,4.0,1,1,1,2.0,1529.12,382.28,0.0006191950464396285,2813.5807999999997,28.422304832713753,0.07434944237918216,2.0,3770.1982719999996,1.0,0.22614622057001238,345.8047087980173,0.9045848822800495,52.29704089219331,4.421917808219178,0.22614622057001238,28.422304832713753,73397.76,0.0006191950464396285,1.742155294117647,96.0,2.0,At Risk,Very High Value,Low Frequency
CUST1522,53,Male,USA,paused,1,4,869.68,869.68,217.42,3.9,2,43.0,43,43,2024-05-27,2024-05-27,2022-06-30,560,697,0.04126547455295736,4.0,1,1,1,2.0,869.68,217.42,0.0014326647564469914,1548.0303999999999,37.432424677187946,0.1721664275466284,2.0,1981.4789119999998,1.0,0.5236728837876614,455.4278335724533,2.0946915351506457,66.62971592539454,1.9095890410958904,0.5236728837876614,37.432424677187946,38265.92,0.0014326647564469914,2.2178085959885383,88.0,2.0,Long Inactive,Medium Value,Low Frequency
CUST1523,63,Male,Canada,active,1,8,462.0,462.0,57.75,4.2,3,5.0,5,5,2022-03-13,2022-03-13,2022-02-24,1366,17,0.6382978723404256,8.0,1,1,1,3.0,462.0,57.75,0.05555555555555555,850.08,815.2941176470589,14.117647058823529,3.0,1139.1072000000001,1.0,21.470588235294116,9919.411764705881,171.76470588235293,1500.1411764705883,0.04657534246575343,21.470588235294116,815.2941176470589,2772.0,0.05555555555555555,47.22666666666667,18.0,2.0,Long Inactive,Low Value,Low Frequency
CUST1524,43,Female,USA,active,1,4,1025.8,1025.8,256.45,4.1,5,29.0,29,29,2022-08-07,2022-08-07,2021-04-03,1219,491,0.05758157389635316,4.0,1,1,1,5.0,1025.8,256.45,0.0020325203252032522,1866.9559999999997,62.67617107942973,0.24439918533604887,5.0,2464.3819199999994,1.0,0.7433808553971487,762.5600814663951,2.973523421588595,114.07063136456209,1.3452054794520547,0.7433808553971487,62.67617107942973,30774.0,0.0020325203252032522,3.794626016260162,150.0,2.0,Long Inactive,Medium Value,Low Frequency
CUST1525,66,Male,UK,paused,1,6,1803.3000000000002,1803.3000000000002,300.55,4.1,5,18.0,18,18,2024-12-06,2024-12-06,2023-07-06,367,519,0.0546448087431694,6.0,1,1,1,5.0,1803.3000000000002,300.55,0.0019230769230769232,3282.006,104.23699421965318,0.3468208092485549,5.0,4332.247919999999,1.0,0.7032755298651252,1268.2167630057804,4.219653179190751,189.71132947976878,1.4219178082191781,0.7032755298651252,104.23699421965318,34262.700000000004,0.0019230769230769232,6.31155,95.0,2.0,Long Inactive,Very High Value,Low Frequency
CUST1526,54,Male,India,paused,1,8,604.8,604.8,75.6,4.3,3,26.0,26,26,2021-12-17,2021-12-17,2021-12-17,1452,0,1.0,8.0,1,1,1,3.0,604.8,75.6,1.0,1124.9279999999999,6047.999999999999,80.0,3.0,1529.9020799999996,1.0,365.0,220751.99999999997,2920.0,11249.279999999999,0.0,365.0,6047.999999999999,16329.599999999999,1.0,1124.9279999999999,81.0,2.0,Long Inactive,Medium Value,Low Frequency
CUST1527,30,Male,India,cancelled,1,1,1582.47,1582.47,1582.47,4.1,4,39.0,39,39,2024-05-07,2024-05-07,2020-11-30,580,1254,0.023364485981308414,1.0,1,1,1,4.0,1582.47,1582.47,0.0007968127490039841,2880.0953999999997,37.85813397129187,0.023923444976076555,4.0,3801.725927999999,1.0,0.29106858054226475,460.60729665071773,0.29106858054226475,68.9018038277512,3.4356164383561643,0.29106858054226475,37.85813397129187,63298.8,0.0007968127490039841,2.294896733067729,160.0,2.0,Long Inactive,Very High Value,Low Frequency
CUST1528,24,Female,USA,active,1,6,1197.66,1197.66,199.61,4.3,5,30.0,30,30,2023-08-03,2023-08-03,2022-08-29,858,339,0.08130081300813008,6.0,1,1,1,5.0,1197.66,199.61,0.0029411764705882353,2227.6476,105.98761061946902,0.5309734513274336,5.0,3029.6007359999994,1.0,1.0766961651917404,1289.51592920354,6.460176991150443,197.13695575221234,0.9287671232876712,1.0766961651917404,105.98761061946902,37127.46,0.0029411764705882353,6.551904705882352,155.0,2.0,Long Inactive,High Value,Low Frequency
CUST1529,50,Male,UK,active,1,9,681.84,681.84,75.76,3.6,3,7.0,7,7,2025-07-01,2025-07-01,2021-03-30,160,1554,0.01893939393939394,9.0,1,1,1,3.0,681.84,75.76,0.0006430868167202572,1172.7648000000002,13.162934362934365,0.17374517374517376,3.0,1430.7730560000002,1.0,0.2348777348777349,160.14903474903477,2.1138996138996142,22.64024710424711,4.257534246575342,0.2348777348777349,13.162934362934365,5454.72,0.0006430868167202572,0.7541895819935692,24.0,2.0,At Risk,Medium Value,Low Frequency
CUST1530,26,Male,Canada,active,1,3,507.99,507.99,169.33,4.1,1,19.0,19,19,2024-05-21,2024-05-21,2022-03-25,566,788,0.03667481662591687,3.0,1,1,1,1.0,507.99,169.33,0.0012674271229404308,924.5418,19.33972081218274,0.11421319796954316,1.0,1220.3951759999998,1.0,0.4631979695431472,235.29993654822334,1.3895939086294415,35.19829187817259,2.158904109589041,0.4631979695431472,19.33972081218274,10159.8,0.0012674271229404308,1.1717893536121673,20.0,2.0,Long Inactive,Low Value,Low Frequency
CUST1531,44,Female,Canada,active,1,5,1398.95,1398.95,279.79,4.0,5,32.0,32,32,2022-07-23,2022-07-23,2022-09-05,1234,0,1.0,5.0,1,1,1,5.0,1398.95,279.79,1.0,2518.11,13989.5,50.0,5.0,3273.543,1.0,365.0,510616.75,1825.0,25181.1,0.0,365.0,13989.5,46165.35,1.0,2518.11,165.0,2.0,Long Inactive,High Value,Low Frequency
CUST1532,40,Male,USA,active,1,4,75.72,75.72,18.93,4.1,3,45.0,45,45,2023-12-04,2023-12-04,2022-08-18,735,473,0.05964214711729623,4.0,1,1,1,3.0,75.72,18.93,0.002109704641350211,137.8104,4.802536997885835,0.2536997885835095,3.0,181.90972799999997,1.0,0.7716701902748415,58.430866807611,3.086680761099366,8.74061733615222,1.295890410958904,0.7716701902748415,4.802536997885835,3483.12,0.002109704641350211,0.29073924050632904,138.0,2.0,Long Inactive,Low Value,Low Frequency
CUST1533,41,Male,India,active,1,8,1180.4,1180.4,147.55,4.3,2,32.0,32,32,2024-06-06,2024-06-06,2020-11-28,550,1286,0.022796352583586626,8.0,1,1,1,2.0,1180.4,147.55,0.000777000777000777,2195.544,27.53654743390358,0.18662519440124417,2.0,2985.9398399999995,1.0,0.28382581648522553,335.0279937791602,2.2706065318818043,51.21797822706065,3.5232876712328767,0.28382581648522553,27.53654743390358,38953.200000000004,0.000777000777000777,1.7059393939393939,66.0,2.0,Long Inactive,High Value,Low Frequency
CUST1534,54,Male,UK,active,1,9,744.1200000000001,744.1200000000001,82.68,3.9,4,2.0,2,2,2023-11-14,2023-11-14,2023-01-21,755,297,0.09174311926605504,9.0,1,1,1,4.0,744.1200000000001,82.68,0.003355704697986577,1324.5336000000002,75.16363636363637,0.9090909090909091,4.0,1695.4030080000002,1.0,1.228956228956229,914.4909090909092,11.06060606060606,133.79127272727274,0.8136986301369863,1.228956228956229,75.16363636363637,2232.3600000000006,0.003355704697986577,4.444743624161075,12.0,2.0,Long Inactive,Medium Value,Low Frequency
CUST1535,29,Female,Pakistan,cancelled,1,9,1607.67,1607.67,178.63,4.1,4,15.0,15,15,2023-12-17,2023-12-17,2023-01-22,722,329,0.08356545961002786,9.0,1,1,1,4.0,1607.67,178.63,0.0030303030303030303,2925.9593999999997,146.59604863221884,0.8206686930091185,4.0,3862.266407999999,1.0,1.109422492401216,1783.5852583586627,9.984802431610943,266.8048085106383,0.9013698630136986,1.109422492401216,146.59604863221884,25722.72,0.0030303030303030303,8.866543636363636,64.0,2.0,Long Inactive,Very High Value,Low Frequency
CUST1536,20,Female,Pakistan,active,1,8,179.52,179.52,22.44,4.1,3,21.0,21,21,2023-02-14,2023-02-14,2023-01-15,1028,30,0.5,8.0,1,1,1,3.0,179.52,22.44,0.03225806451612903,326.7264,179.52,8.0,3.0,431.278848,1.0,12.166666666666668,2184.1600000000003,97.33333333333334,326.7264,0.0821917808219178,12.166666666666668,179.52,3949.44,0.03225806451612903,10.539561290322581,66.0,2.0,Long Inactive,Low Value,Low Frequency
CUST1537,59,Female,India,active,1,4,1773.52,1773.52,443.38,4.4,0,8.0,8,8,2024-09-10,2024-09-10,2022-05-30,454,834,0.034722222222222224,4.0,1,1,1,0.0,1773.52,443.38,0.0011976047904191617,3334.2176,63.79568345323741,0.14388489208633093,0.0,4601.220288,1.0,0.4376498800959232,776.1808153477217,1.7505995203836928,119.93588489208632,2.2849315068493152,0.4376498800959232,63.79568345323741,15961.68,0.0011976047904191617,3.99307497005988,0.0,2.0,Long Inactive,Very High Value,Low Frequency
CUST1538,37,Male,Canada,active,1,8,1515.28,1515.28,189.41,3.8,0,46.0,46,46,2024-06-30,2024-06-30,2022-10-07,526,632,0.045317220543806644,8.0,1,1,1,0.0,1515.28,189.41,0.001579778830963665,2666.8928,71.92784810126582,0.379746835443038,0.0,3360.284928,1.0,0.5775316455696202,875.1221518987342,4.620253164556962,126.59301265822785,1.7315068493150685,0.5775316455696202,71.92784810126582,71218.16,0.001579778830963665,4.213100789889416,0.0,2.0,Long Inactive,Very High Value,Low Frequency
CUST1539,61,Female,Canada,active,1,3,1322.73,1322.73,440.91,4.3,4,33.0,33,33,2025-02-13,2025-02-13,2022-07-11,298,948,0.03067484662576687,3.0,1,1,1,4.0,1322.73,440.91,0.001053740779768177,2460.2778,41.858544303797466,0.09493670886075949,4.0,3345.9778079999996,1.0,0.3850210970464135,509.27895569620256,1.1550632911392404,77.85689240506328,2.5972602739726027,0.3850210970464135,41.858544303797466,44972.82,0.001053740779768177,2.5924950474183346,136.0,2.0,Long Inactive,High Value,Low Frequency
CUST1540,50,Female,Canada,active,1,2,1889.64,1889.64,944.82,4.3,5,29.0,29,29,2022-07-15,2022-07-15,2020-02-11,1242,885,0.03278688524590164,2.0,1,1,1,5.0,1889.64,944.82,0.001128668171557562,3514.7304,64.05559322033899,0.06779661016949153,5.0,4780.0333439999995,1.0,0.4124293785310735,779.3430508474577,0.824858757062147,119.14340338983051,2.4246575342465753,0.4124293785310735,64.05559322033899,56689.200000000004,0.001128668171557562,3.9669643340857785,150.0,2.0,Long Inactive,Very High Value,Low Frequency
CUST1541,67,Male,Pakistan,paused,1,2,1785.48,1785.48,892.74,3.5,0,49.0,49,49,2025-01-22,2025-01-22,2022-12-24,320,760,0.0379746835443038,2.0,1,1,1,0.0,1785.48,892.74,0.001314060446780552,3035.316,70.47947368421053,0.07894736842105264,0.0,3642.3792,1.0,0.4802631578947369,857.5002631578948,0.9605263157894738,119.81510526315789,2.0821917808219177,0.4802631578947369,70.47947368421053,89274.0,0.001314060446780552,3.9885886990801573,0.0,2.0,Long Inactive,Very High Value,Low Frequency
CUST1542,39,Female,UK,cancelled,1,3,1767.84,1767.84,589.28,4.0,4,9.0,9,9,2023-06-11,2023-06-11,2022-07-18,911,328,0.08379888268156424,3.0,1,1,1,4.0,1767.84,589.28,0.00303951367781155,3182.112,161.69268292682926,0.27439024390243905,4.0,4136.7456,1.0,1.1128048780487805,1967.260975609756,3.3384146341463414,291.0468292682927,0.8986301369863013,1.1128048780487805,161.69268292682926,17678.399999999998,0.00303951367781155,9.672072948328267,40.0,2.0,Long Inactive,Very High Value,Low Frequency
CUST1543,64,Male,Pakistan,paused,1,3,699.99,699.99,233.33,3.9,5,38.0,38,38,2022-07-01,2022-07-01,2021-12-13,1256,200,0.13043478260869565,3.0,1,1,1,5.0,699.99,233.33,0.004975124378109453,1245.9822000000001,104.99849999999999,0.44999999999999996,5.0,1594.8572160000003,1.0,1.8250000000000002,1277.4817500000001,5.4750000000000005,186.89733,0.547945205479452,1.8250000000000002,104.99849999999999,27299.61,0.004975124378109453,6.198916417910448,195.0,2.0,Long Inactive,Medium Value,Low Frequency
CUST1544,59,Female,UK,active,1,9,1512.45,1512.45,168.05,4.3,2,3.0,3,3,2025-06-25,2025-06-25,2022-08-09,166,1051,0.02775208140610546,9.0,1,1,1,2.0,1512.45,168.05,0.0009505703422053232,2813.1569999999997,43.171741198858236,0.25689819219790677,2.0,3825.893519999999,1.0,0.3472882968601332,525.2561845861085,3.1255946717411986,80.2994386298763,2.8794520547945206,0.3472882968601332,43.171741198858236,6049.8,0.0009505703422053232,2.6741036121673,8.0,2.0,At Risk,Very High Value,Low Frequency
CUST1545,40,Female,USA,active,1,5,1136.7,1136.7,227.34,2.8,2,17.0,17,17,2024-11-02,2024-11-02,2023-02-24,401,617,0.04636785162287481,5.0,1,1,1,2.0,1136.7,227.34,0.0016181229773462784,1773.2520000000002,55.26904376012966,0.24311183144246354,2.0,1879.6471200000003,1.0,0.5915721231766613,672.4400324149109,2.9578606158833063,86.21970826580228,1.6904109589041096,0.5915721231766613,55.26904376012966,20460.600000000002,0.0016181229773462784,2.869339805825243,36.0,2.0,Long Inactive,High Value,Low Frequency
CUST1546,36,Male,UK,active,1,3,493.26,493.26,164.42,3.8,2,22.0,22,22,2022-12-26,2022-12-26,2021-04-07,1078,628,0.04559270516717325,3.0,1,1,1,2.0,493.26,164.42,0.001589825119236884,868.1376,23.56337579617834,0.14331210191082802,2.0,1093.853376,1.0,0.5812101910828026,286.68773885350316,1.7436305732484076,41.47154140127389,1.7205479452054795,0.5812101910828026,23.56337579617834,11344.98,0.001589825119236884,1.3801869634340225,46.0,2.0,Long Inactive,Low Value,Low Frequency
CUST1547,49,Female,Germany,active,1,1,577.99,577.99,577.99,4.5,2,12.0,12,12,2025-10-07,2025-10-07,2023-05-21,62,870,0.03333333333333333,1.0,1,1,1,2.0,577.99,577.99,0.001148105625717566,1098.181,19.930689655172415,0.034482758620689655,2.0,1537.4533999999999,1.0,0.41954022988505746,242.49005747126435,0.41954022988505746,37.868310344827584,2.3835616438356166,0.41954022988505746,19.930689655172415,7513.87,0.001148105625717566,1.2608277841561424,26.0,2.0,Moderate,Medium Value,Low Frequency
CUST1548,35,Female,UK,paused,1,4,1172.92,1172.92,293.23,4.3,4,6.0,6,6,2025-03-24,2025-03-24,2020-11-28,259,1577,0.018668326073428748,4.0,1,1,1,4.0,1172.92,293.23,0.0006337135614702154,2181.6312,22.31299936588459,0.07609384908053266,4.0,2967.0184319999994,1.0,0.23145212428662015,271.4748256182625,0.9258084971464806,41.50217882054533,4.32054794520548,0.23145212428662015,22.31299936588459,8210.44,0.0006337135614702154,1.3825292775665396,28.0,2.0,Long Inactive,High Value,Low Frequency
CUST1549,56,Male,UK,active,1,6,1133.94,1133.94,188.99,4.1,1,20.0,20,20,2022-04-16,2022-04-16,2021-03-05,1332,407,0.06864988558352403,6.0,1,1,1,1.0,1133.94,188.99,0.0024509803921568627,2063.7708,83.58280098280099,0.44226044226044225,1.0,2724.1774559999994,1.0,0.8968058968058968,1016.9240786240787,5.380835380835381,152.12069778869778,1.115068493150685,0.8968058968058968,83.58280098280099,23812.74,0.0024509803921568627,5.058261764705882,21.0,2.0,Long Inactive,High Value,Low Frequency
CUST1550,57,Male,Canada,active,1,2,1809.12,1809.12,904.56,3.0,5,44.0,44,44,2025-04-13,2025-04-13,2022-02-10,239,1158,0.025252525252525252,2.0,1,1,1,5.0,1809.12,904.56,0.0008628127696289905,2894.592,46.868393782383414,0.05181347150259067,5.0,3184.0512000000003,1.0,0.31519861830742657,570.2321243523315,0.6303972366148531,74.98943005181347,3.1726027397260275,0.31519861830742657,46.868393782383414,81410.4,0.0008628127696289905,2.497490940465919,225.0,2.0,Long Inactive,Very High Value,Low Frequency
CUST1551,63,Female,UK,active,1,1,1220.25,1220.25,1220.25,4.0,0,9.0,9,9,2023-08-25,2023-08-25,2021-11-07,836,656,0.043731778425655975,1.0,1,1,1,0.0,1220.25,1220.25,0.0015220700152207,2196.4500000000003,55.80411585365854,0.04573170731707317,0.0,2855.3850000000007,1.0,0.5564024390243902,678.9500762195122,0.5564024390243902,100.44740853658537,1.7972602739726027,0.5564024390243902,55.80411585365854,12202.5,0.0015220700152207,3.343150684931507,0.0,2.0,Long Inactive,High Value,Low Frequency
CUST1552,29,Female,India,active,1,6,205.02,205.02,34.17,3.9,2,35.0,35,35,2022-12-16,2022-12-16,2022-06-05,1088,194,0.13392857142857142,6.0,1,1,1,2.0,205.02,34.17,0.005128205128205128,364.9356,31.704123711340205,0.9278350515463918,2.0,467.11756800000006,1.0,1.8814432989690721,385.73350515463915,11.288659793814432,56.43334020618557,0.5315068493150685,1.8814432989690721,31.704123711340205,7380.72,0.005128205128205128,1.8714646153846155,72.0,2.0,Long Inactive,Low Value,Low Frequency
CUST1553,40,Female,USA,active,1,9,1376.19,1376.19,152.91,4.1,2,5.0,5,5,2025-06-19,2025-06-19,2021-08-30,172,1389,0.021141649048625793,9.0,1,1,1,2.0,1376.19,152.91,0.0007194244604316547,2504.6657999999998,29.72332613390929,0.19438444924406048,2.0,3306.158855999999,1.0,0.26277897768178543,361.6338012958963,2.365010799136069,54.0964535637149,3.8054794520547945,0.26277897768178543,29.72332613390929,8257.14,0.0007194244604316547,1.8019178417266186,12.0,2.0,At Risk,High Value,Low Frequency
CUST1554,54,Female,Germany,paused,1,8,231.68,231.68,28.96,4.1,0,22.0,22,22,2024-09-02,2024-09-02,2022-04-13,462,873,0.03322259136212624,8.0,1,1,1,0.0,231.68,28.96,0.0011441647597254005,421.6576,7.961512027491409,0.274914089347079,0.0,556.5880319999999,1.0,0.41809851088201605,96.86506300114547,3.3447880870561284,14.489951890034364,2.3917808219178083,0.41809851088201605,7.961512027491409,5328.64,0.0011441647597254005,0.482445766590389,0.0,2.0,Long Inactive,Low Value,Low Frequency
CUST1555,52,Male,India,active,1,7,1175.79,1175.79,167.97,4.3,3,6.0,6,6,2024-02-23,2024-02-23,2021-12-28,654,787,0.03671970624235006,7.0,1,1,1,3.0,1175.79,167.97,0.0012690355329949238,2186.9694,44.820457433290976,0.2668360864040661,3.0,2974.2783839999997,1.0,0.46378653113087676,545.3155654383736,3.246505717916137,83.36605082592122,2.1561643835616437,0.46378653113087676,44.820457433290976,8230.529999999999,0.0012690355329949238,2.7753418781725885,21.0,2.0,Long Inactive,High Value,Low Frequency
CUST1556,35,Female,India,active,1,3,988.29,988.29,329.43,4.0,5,35.0,35,35,2022-02-12,2022-02-12,2020-10-20,1395,480,0.058823529411764705,3.0,1,1,1,5.0,988.29,329.43,0.002079002079002079,1778.922,61.768125,0.1875,5.0,2312.5986000000003,1.0,0.7604166666666667,751.5121875,2.28125,111.182625,1.3150684931506849,0.7604166666666667,61.768125,35578.44,0.002079002079002079,3.6983825363825367,180.0,2.0,Long Inactive,Medium Value,Low Frequency
CUST1557,67,Male,USA,active,1,1,1543.19,1543.19,1543.19,4.4,4,42.0,42,42,2024-09-11,2024-09-11,2022-09-11,453,731,0.03942181340341656,1.0,1,1,1,4.0,1543.19,1543.19,0.001366120218579235,2901.1972,63.33201094391245,0.04103967168262654,4.0,4003.6521360000006,1.0,0.4993160054719562,770.5394664842681,0.4993160054719562,119.06418057455541,2.0027397260273974,0.4993160054719562,63.33201094391245,66357.17,0.001366120218579235,3.9633841530054648,172.0,2.0,Long Inactive,Very High Value,Low Frequency
CUST1558,27,Female,UK,paused,1,2,1049.02,1049.02,524.51,4.3,5,43.0,43,43,2023-04-05,2023-04-05,2021-08-12,978,601,0.04754358161648177,2.0,1,1,1,5.0,1049.02,524.51,0.0016611295681063123,1951.1771999999999,52.36372712146422,0.09983361064891846,5.0,2653.6009919999997,1.0,0.6073211314475874,637.0920133111481,1.2146422628951747,97.39653244592344,1.6465753424657534,0.6073211314475874,52.36372712146422,46156.88,0.0016611295681063123,3.2411581395348836,220.0,2.0,Long Inactive,Medium Value,Low Frequency
CUST1559,38,Female,Germany,active,1,4,1369.52,1369.52,342.38,4.2,4,41.0,41,41,2021-07-31,2021-07-31,2021-05-20,1591,72,0.29411764705882354,4.0,1,1,1,4.0,1369.52,342.38,0.0136986301369863,2519.9168,570.6333333333333,1.6666666666666667,4.0,3376.688512,1.0,5.069444444444445,6942.705555555555,20.27777777777778,1049.9653333333333,0.19726027397260273,5.069444444444445,570.6333333333333,57519.84,0.0136986301369863,34.51940821917808,168.0,2.0,Long Inactive,High Value,Low Frequency
CUST1560,41,Female,UK,cancelled,1,9,1483.02,1483.02,164.78,3.8,3,22.0,22,22,2025-02-02,2025-02-02,2023-11-05,309,455,0.06185567010309279,9.0,1,1,1,3.0,1483.02,164.78,0.0021929824561403508,2610.1152,97.78153846153846,0.5934065934065934,3.0,3288.7451520000004,1.0,0.8021978021978021,1189.6753846153845,7.219780219780219,172.0955076923077,1.2465753424657535,0.8021978021978021,97.78153846153846,34109.46,0.0021929824561403508,5.723936842105263,69.0,2.0,Long Inactive,High Value,Low Frequency
CUST1561,33,Male,India,active,1,9,1433.34,1433.34,159.26,4.3,3,30.0,30,30,2024-03-04,2024-03-04,2021-12-03,644,822,0.035211267605633804,9.0,1,1,1,3.0,1433.34,159.26,0.001215066828675577,2666.0123999999996,52.31167883211679,0.3284671532846716,3.0,3625.776863999999,1.0,0.4440389294403893,636.4587591240876,3.996350364963504,97.29972262773721,2.252054794520548,0.4440389294403893,52.31167883211679,44433.54,0.001215066828675577,3.2393832320777634,93.0,2.0,Long Inactive,High Value,Low Frequency
CUST1562,45,Female,USA,active,1,8,265.76,265.76,33.22,4.3,3,7.0,7,7,2024-08-10,2024-08-10,2022-09-11,485,699,0.0411522633744856,8.0,1,1,1,3.0,265.76,33.22,0.0014285714285714286,494.31359999999995,11.406008583690987,0.34334763948497854,3.0,672.2664959999998,1.0,0.5221745350500715,138.773104434907,4.177396280400572,21.21517596566523,1.915068493150685,0.5221745350500715,11.406008583690987,2126.08,0.0014285714285714286,0.7061622857142856,24.0,2.0,Long Inactive,Low Value,Low Frequency
CUST1563,28,Male,Germany,cancelled,1,1,1815.34,1815.34,1815.34,4.3,4,19.0,19,19,2024-03-28,2024-03-28,2021-12-22,620,827,0.03500583430571762,1.0,1,1,1,4.0,1815.34,1815.34,0.0012077294685990338,3376.5323999999996,65.85272067714631,0.036275695284159616,4.0,4592.084063999999,1.0,0.441354292623942,801.2081015719468,0.441354292623942,122.48606045949212,2.265753424657534,0.441354292623942,65.85272067714631,36306.799999999996,0.0012077294685990338,4.07793768115942,80.0,2.0,Long Inactive,Very High Value,Low Frequency
CUST1564,27,Male,Germany,active,1,4,68.0,68.0,17.0,4.0,5,2.0,2,2,2024-05-04,2024-05-04,2021-09-06,583,971,0.02997002997002997,4.0,1,1,1,5.0,68.0,17.0,0.00102880658436214,122.4,2.100926879505664,0.12358393408856848,5.0,159.12,1.0,0.37590113285272914,25.561277033985583,1.5036045314109165,3.781668383110196,2.66027397260274,0.37590113285272914,2.100926879505664,204.0,0.00102880658436214,0.12592592592592594,15.0,2.0,Long Inactive,Low Value,Low Frequency
CUST1565,33,Male,Pakistan,paused,1,6,648.48,648.48,108.08,3.9,0,5.0,5,5,2024-12-10,2024-12-10,2022-05-13,363,942,0.0308641975308642,6.0,1,1,1,0.0,648.48,108.08,0.0010604453870625664,1154.2944,20.652229299363057,0.1910828025477707,0.0,1477.496832,1.0,0.3874734607218684,251.26878980891723,2.3248407643312103,36.76096815286624,2.580821917808219,0.3874734607218684,20.652229299363057,3890.88,0.0010604453870625664,1.2240661717921528,0.0,2.0,Long Inactive,Medium Value,Low Frequency
CUST1566,28,Male,India,active,1,6,110.64000000000001,110.64000000000001,18.44,4.1,4,5.0,5,5,2022-06-15,2022-06-15,2021-02-23,1272,477,0.0591715976331361,6.0,1,1,1,4.0,110.64000000000001,18.44,0.0020920502092050207,201.3648,6.958490566037737,0.3773584905660377,4.0,265.801536,1.0,0.7651991614255764,84.66163522012579,4.5911949685534585,12.66445283018868,1.3068493150684932,0.7651991614255764,6.958490566037737,663.8400000000001,0.0020920502092050207,0.4212652719665272,24.0,2.0,Long Inactive,Low Value,Low Frequency
CUST1567,58,Female,UK,paused,1,4,1321.44,1321.44,330.36,3.7,1,49.0,49,49,2021-10-25,2021-10-25,2020-12-09,1505,320,0.08571428571428572,4.0,1,1,1,1.0,1321.44,330.36,0.003115264797507788,2299.3056,123.885,0.375,1.0,2851.1389440000003,1.0,1.140625,1507.2675000000002,4.5625,215.55990000000003,0.8767123287671232,1.140625,123.885,66072.0,0.003115264797507788,7.162945794392524,50.0,2.0,Long Inactive,High Value,Low Frequency
CUST1568,34,Female,Pakistan,active,1,7,972.9300000000001,972.9300000000001,138.99,4.2,2,36.0,36,36,2023-10-17,2023-10-17,2023-04-20,783,180,0.14285714285714285,7.0,1,1,1,2.0,972.9300000000001,138.99,0.0055248618784530384,1790.1912000000002,162.155,1.1666666666666667,2.0,2398.8562080000006,1.0,2.0277777777777777,1972.8858333333335,14.194444444444445,298.3652,0.4931506849315068,2.0277777777777777,162.155,35998.41,0.0055248618784530384,9.8905591160221,74.0,2.0,Long Inactive,Medium Value,Low Frequency
CUST1569,52,Female,Canada,active,1,5,225.75,225.75,45.15,4.1,4,33.0,33,33,2023-08-25,2023-08-25,2020-11-24,836,1004,0.029013539651837523,5.0,1,1,1,4.0,225.75,45.15,0.0009950248756218905,410.86499999999995,6.745517928286852,0.149402390438247,4.0,542.3417999999999,1.0,0.36354581673306774,82.07046812749005,1.8177290836653388,12.27684262948207,2.750684931506849,0.36354581673306774,6.745517928286852,7675.5,0.0009950248756218905,0.408820895522388,136.0,2.0,Long Inactive,Low Value,Low Frequency
CUST1570,51,Male,USA,active,1,4,1064.96,1064.96,266.24,4.0,0,21.0,21,21,2023-06-11,2023-06-11,2020-10-19,911,965,0.030150753768844223,4.0,1,1,1,0.0,1064.96,266.24,0.0010351966873706005,1916.928,33.10756476683938,0.12435233160621763,0.0,2492.0064,1.0,0.37823834196891193,402.80870466321244,1.5129533678756477,59.593616580310886,2.643835616438356,0.37823834196891193,33.10756476683938,23429.120000000003,0.0010351966873706005,1.9843975155279505,0.0,2.0,Long Inactive,High Value,Low Frequency
CUST1571,38,Male,Pakistan,active,1,9,1151.19,1151.19,127.91,4.6,5,29.0,29,29,2023-10-04,2023-10-04,2023-02-19,796,227,0.11673151750972763,9.0,1,1,1,5.0,1151.19,127.91000000000001,0.0043859649122807015,2210.2848,152.13964757709252,1.1894273127753305,5.0,3138.6044159999997,1.0,1.6079295154185023,1851.0323788546257,14.47136563876652,292.1081233480176,0.6219178082191781,1.6079295154185023,152.13964757709252,34535.700000000004,0.0043859649122807015,9.694231578947367,150.0,2.0,Long Inactive,High Value,Low Frequency
CUST1572,46,Female,UK,active,1,7,345.45,345.45,49.35,3.9,0,49.0,49,49,2025-04-14,2025-04-14,2023-05-20,238,695,0.041379310344827586,7.0,1,1,1,0.0,345.45,49.35,0.0014367816091954023,614.901,14.911510791366906,0.302158273381295,0.0,787.07328,1.0,0.5251798561151079,181.42338129496403,3.676258992805755,26.54248920863309,1.904109589041096,0.5251798561151079,14.911510791366906,17272.5,0.0014367816091954023,0.883478448275862,0.0,2.0,Long Inactive,Low Value,Low Frequency
CUST1573,35,Female,USA,active,1,9,114.21,114.21,12.69,4.0,4,14.0,14,14,2023-04-11,2023-04-11,2021-12-03,972,494,0.05725190839694657,9.0,1,1,1,4.0,114.21,12.69,0.00202020202020202,205.578,6.93582995951417,0.5465587044534413,4.0,267.2514,1.0,0.7388663967611336,84.38593117408907,6.649797570850202,12.484493927125508,1.3534246575342466,0.7388663967611336,6.93582995951417,1713.1499999999999,0.00202020202020202,0.4153090909090909,60.0,2.0,Long Inactive,Low Value,Low Frequency
CUST1574,34,Male,Pakistan,active,1,8,441.28,441.28,55.16,4.3,4,5.0,5,5,2025-05-27,2025-05-27,2021-12-15,195,1259,0.023273855702094646,8.0,1,1,1,4.0,441.28,55.16,0.0007936507936507937,820.7807999999999,10.515011914217633,0.19062748212867353,4.0,1116.2618879999998,1.0,0.28991262907069104,127.93264495631453,2.3193010325655283,19.557922160444793,3.4493150684931506,0.28991262907069104,10.515011914217633,2647.68,0.0007936507936507937,0.6514133333333333,24.0,2.0,Long Inactive,Low Value,Low Frequency
CUST1575,62,Other,Germany,active,1,8,1829.12,1829.12,228.64,4.4,4,18.0,18,18,2025-05-28,2025-05-28,2021-07-24,194,1404,0.020920502092050212,8.0,1,1,1,4.0,1829.12,228.64,0.0007117437722419929,3438.7456,39.08376068376069,0.17094017094017094,4.0,4745.468928,1.0,0.25997150997151,475.51908831908827,2.07977207977208,73.47747008547009,3.8465753424657536,0.25997150997151,39.08376068376069,34753.28,0.0007117437722419929,2.4475057651245553,76.0,2.0,Long Inactive,Very High Value,Low Frequency
CUST1576,56,Female,USA,active,1,3,1662.5099999999998,1662.5099999999998,554.17,4.1,4,46.0,46,46,2023-04-16,2023-04-16,2021-07-31,967,624,0.04587155963302752,3.0,1,1,1,4.0,1662.5099999999998,554.17,0.0016,3025.7681999999995,79.92836538461538,0.14423076923076922,4.0,3994.0140239999987,1.0,0.5849358974358974,972.4617788461536,1.7548076923076923,145.46962499999998,1.7095890410958905,0.5849358974358974,79.92836538461538,78137.96999999999,0.0016,4.8412291199999995,188.0,2.0,Long Inactive,Very High Value,Low Frequency
CUST1577,43,Female,UK,active,1,1,559.72,559.72,559.72,4.1,5,3.0,3,3,2021-02-06,2021-02-06,2021-04-03,1766,0,1.0,1.0,1,1,1,5.0,559.72,559.72,1.0,1018.6904,5597.2,10.0,5.0,1344.6713279999997,1.0,365.0,204297.80000000002,365.0,10186.903999999999,0.0,365.0,5597.2,2238.88,1.0,1018.6904,20.0,2.0,Long Inactive,Medium Value,Low Frequency
CUST1578,43,Male,USA,active,1,3,958.83,958.83,319.61,4.1,4,18.0,18,18,2023-08-13,2023-08-13,2023-07-01,848,43,0.410958904109589,3.0,1,1,1,4.0,958.83,319.61,0.022727272727272728,1745.0706,668.9511627906977,2.0930232558139537,4.0,2303.493192,1.0,8.488372093023255,8138.905813953488,25.46511627906977,1217.4911162790697,0.1178082191780822,8.488372093023255,668.9511627906977,18217.77,0.022727272727272728,39.660695454545454,76.0,2.0,Long Inactive,Medium Value,Low Frequency
CUST1579,30,Other,Germany,active,1,6,429.24,429.24,71.54,4.4,0,12.0,12,12,2023-11-26,2023-11-26,2022-12-21,743,340,0.08108108108108107,6.0,1,1,1,0.0,429.24,71.54,0.002932551319648094,806.9712000000001,37.874117647058824,0.5294117647058824,0.0,1113.6202560000002,1.0,1.0735294117647058,460.80176470588236,6.4411764705882355,71.20334117647059,0.9315068493150684,1.0735294117647058,37.874117647058824,5580.12,0.002932551319648094,2.366484457478006,0.0,2.0,Long Inactive,Low Value,Low Frequency
CUST1580,46,Male,Germany,active,1,8,294.32,294.32,36.79,4.5,4,17.0,17,17,2023-04-17,2023-04-17,2020-02-11,966,1161,0.025188916876574305,8.0,1,1,1,4.0,294.32,36.79,0.0008605851979345956,559.208,7.60516795865633,0.20671834625322996,4.0,782.8911999999999,1.0,0.31438415159345395,92.52954349698535,2.5150732127476316,14.449819121447026,3.180821917808219,0.31438415159345395,7.60516795865633,5297.76,0.0008605851979345956,0.48124612736660927,72.0,2.0,Long Inactive,Low Value,Low Frequency
CUST1581,65,Male,UK,active,1,1,1276.55,1276.55,1276.55,4.1,1,48.0,48,48,2023-03-21,2023-03-21,2022-05-23,993,302,0.09036144578313253,1.0,1,1,1,1.0,1276.55,1276.55,0.0033003300330033004,2323.321,126.80960264900662,0.09933774834437087,1.0,3066.7837199999994,1.0,1.2086092715231787,1542.8501655629138,1.2086092715231787,230.79347682119206,0.8273972602739726,1.2086092715231787,126.80960264900662,62550.95,0.0033003300330033004,7.667726072607261,49.0,2.0,Long Inactive,High Value,Low Frequency
CUST1582,23,Male,UK,active,1,2,1366.7,1366.7,683.35,4.2,0,10.0,10,10,2021-11-14,2021-11-14,2020-12-20,1485,329,0.08356545961002786,2.0,1,1,1,0.0,1366.7,683.35,0.0030303030303030303,2514.728,124.62310030395138,0.182370820668693,0.0,3369.73552,1.0,1.109422492401216,1516.2477203647418,2.218844984802432,229.3065045592705,0.9013698630136986,1.109422492401216,124.62310030395138,15033.7,0.0030303030303030303,7.620387878787879,0.0,2.0,Long Inactive,High Value,Low Frequency
CUST1583,56,Female,Canada,cancelled,1,5,688.9499999999999,688.9499999999999,137.79,4.5,5,12.0,12,12,2024-02-21,2024-02-21,2021-09-23,656,881,0.03293084522502744,5.0,1,1,1,5.0,688.9499999999999,137.79,0.0011337868480725624,1309.0049999999999,23.46027241770715,0.170261066969353,5.0,1832.6069999999997,1.0,0.41430192962542567,285.433314415437,2.0715096481271282,44.574517593643584,2.4136986301369863,0.41430192962542567,23.46027241770715,8956.349999999999,0.0011337868480725624,1.4841326530612244,65.0,2.0,Long Inactive,Medium Value,Low Frequency
CUST1584,62,Female,USA,active,1,4,1237.04,1237.04,309.26,4.1,5,17.0,17,17,2025-09-08,2025-09-08,2022-01-06,91,1341,0.02188183807439825,4.0,1,1,1,5.0,1237.04,309.26,0.0007451564828614009,2251.4127999999996,27.674272930648765,0.08948545861297538,5.0,2971.864895999999,1.0,0.2721849366144668,336.70365398956,1.0887397464578672,50.367176733780745,3.673972602739726,0.2721849366144668,27.674272930648765,22266.72,0.0007451564828614009,1.6776548435171383,90.0,2.0,At Risk,High Value,Low Frequency
CUST1585,31,Female,Pakistan,cancelled,1,5,215.39999999999998,215.39999999999998,43.08,3.9,2,22.0,22,22,2024-10-17,2024-10-17,2022-04-22,417,909,0.03194888178913738,5.0,1,1,1,2.0,215.39999999999998,43.08,0.001098901098901099,383.412,7.108910891089108,0.16501650165016502,2.0,490.76736,1.0,0.40154015401540155,86.49174917491747,2.0077007700770078,12.653861386138614,2.4904109589041097,0.40154015401540155,7.108910891089108,4954.2,0.001098901098901099,0.4213318681318681,46.0,2.0,Long Inactive,Low Value,Low Frequency
CUST1586,67,Female,Germany,active,1,3,1977.3600000000001,1977.3600000000001,659.12,4.3,4,32.0,32,32,2025-02-01,2025-02-01,2023-06-29,310,583,0.048939641109298535,3.0,1,1,1,4.0,1977.3600000000001,659.12,0.0017123287671232876,3677.8896,101.75094339622642,0.15437392795883362,4.0,5001.929856,1.0,0.6260720411663808,1237.9698113207548,1.8782161234991424,189.25675471698113,1.5972602739726027,0.6260720411663808,101.75094339622642,65252.880000000005,0.0017123287671232876,6.297756164383562,132.0,2.0,Long Inactive,Very High Value,Low Frequency
CUST1587,69,Female,Canada,active,1,7,1243.6899999999998,1243.6899999999998,177.67,3.8,5,28.0,28,28,2022-08-11,2022-08-11,2022-06-13,1215,59,0.33707865168539325,7.0,1,1,1,5.0,1243.6899999999998,177.67,0.016666666666666666,2188.8943999999997,632.3847457627118,3.5593220338983054,5.0,2758.0069439999997,1.0,6.186440677966101,7694.01440677966,43.30508474576271,1112.9971525423728,0.16164383561643836,6.186440677966101,632.3847457627118,36067.009999999995,0.016666666666666666,36.48157333333333,145.0,2.0,Long Inactive,High Value,Low Frequency
CUST1588,65,Male,USA,paused,1,7,1505.14,1505.14,215.02,4.3,4,19.0,19,19,2023-08-05,2023-08-05,2021-03-14,856,874,0.033185840707964605,7.0,1,1,1,4.0,1505.14,215.02,0.001142857142857143,2799.5604,51.66384439359268,0.2402745995423341,4.0,3807.402143999999,1.0,0.41762013729977115,628.5767734553775,2.923340961098398,96.09475057208238,2.3945205479452056,0.41762013729977115,51.66384439359268,30102.800000000003,0.001142857142857143,3.1994976,80.0,2.0,Long Inactive,Very High Value,Low Frequency
CUST1589,51,Male,Germany,paused,1,1,978.5,978.5,978.5,4.4,4,14.0,14,14,2025-09-07,2025-09-07,2021-07-06,92,1524,0.019305019305019305,1.0,1,1,1,4.0,978.5,978.5,0.0006557377049180328,1839.5800000000002,19.261811023622048,0.01968503937007874,4.0,2538.6204000000002,1.0,0.239501312335958,234.35203412073488,0.239501312335958,36.21220472440945,4.175342465753425,0.239501312335958,19.261811023622048,14677.5,0.0006557377049180328,1.2062819672131149,60.0,2.0,At Risk,Medium Value,Low Frequency
CUST1590,43,Male,USA,active,1,2,360.78,360.78,180.39,3.8,0,44.0,44,44,2024-11-10,2024-11-10,2020-01-10,393,1766,0.016703786191536747,2.0,1,1,1,0.0,360.78,180.39,0.0005659309564233164,634.9728,6.128765571913929,0.03397508493771234,0.0,800.065728,1.0,0.20668176670441674,74.56664779161947,0.4133635334088335,10.786627406568517,4.838356164383562,0.20668176670441674,6.128765571913929,16235.099999999999,0.0005659309564233164,0.35935076400679117,0.0,2.0,Long Inactive,Low Value,Low Frequency
CUST1591,56,Female,Canada,cancelled,1,4,1103.92,1103.92,275.98,3.8,5,21.0,21,21,2023-05-12,2023-05-12,2022-09-29,941,225,0.11764705882352941,4.0,1,1,1,5.0,1103.92,275.98,0.004424778761061947,1942.8992,147.18933333333334,0.5333333333333333,5.0,2448.052992,1.0,1.6222222222222222,1790.8035555555557,6.488888888888889,259.05322666666666,0.6164383561643836,1.6222222222222222,147.18933333333334,24286.24,0.004424778761061947,8.596899115044248,110.0,2.0,Long Inactive,High Value,Low Frequency
CUST1592,30,Female,USA,active,1,7,739.41,739.41,105.63,3.5,0,36.0,36,36,2024-09-20,2024-09-20,2022-08-11,444,771,0.03745318352059925,7.0,1,1,1,0.0,739.41,105.63,0.0012953367875647669,1256.9969999999998,28.770817120622567,0.27237354085603116,0.0,1508.3963999999999,1.0,0.47341115434500647,350.04494163424124,3.313878080415045,48.910389105058364,2.1123287671232878,0.47341115434500647,28.770817120622567,27358.17,0.0012953367875647669,1.628234455958549,0.0,2.0,Long Inactive,Medium Value,Low Frequency
CUST1593,35,Female,India,active,1,4,1708.08,1708.08,427.02,4.4,5,35.0,35,35,2024-01-23,2024-01-23,2023-05-07,685,261,0.10309278350515465,4.0,1,1,1,5.0,1708.08,427.02,0.003816793893129771,3211.1904,196.33103448275864,0.4597701149425288,5.0,4431.442752,1.0,1.3984674329501916,2388.694252873563,5.593869731800766,369.10234482758625,0.7150684931506849,1.3984674329501916,196.33103448275864,61490.88,0.003816793893129771,12.256451908396945,180.0,2.0,Long Inactive,Very High Value,Low Frequency
CUST1594,20,Female,Germany,active,1,9,838.26,838.26,93.14,4.1,1,2.0,2,2,2025-03-04,2025-03-04,2022-04-23,279,1046,0.027881040892193308,9.0,1,1,1,1.0,838.26,93.14,0.0009551098376313276,1525.6331999999998,24.041873804971317,0.25812619502868067,1.0,2013.8358239999995,1.0,0.3489483747609943,292.50946462715103,3.1405353728489485,43.756210325047796,2.8657534246575342,0.3489483747609943,24.041873804971317,2514.7799999999997,0.0009551098376313276,1.4571472779369625,3.0,2.0,Long Inactive,Medium Value,Low Frequency
CUST1595,59,Other,Pakistan,paused,1,3,175.82999999999998,175.82999999999998,58.61,4.1,4,47.0,47,47,2023-03-10,2023-03-10,2022-01-18,1004,416,0.06726457399103139,3.0,1,1,1,4.0,175.82999999999998,58.60999999999999,0.002398081534772182,320.01059999999995,12.680048076923075,0.21634615384615383,4.0,422.4139919999999,1.0,0.8774038461538461,154.27391826923076,2.6322115384615383,23.077687499999996,1.1397260273972603,0.8774038461538461,12.680048076923075,8439.84,0.002398081534772182,0.7674115107913667,192.0,2.0,Long Inactive,Low Value,Low Frequency
CUST1596,53,Female,Pakistan,cancelled,1,6,1568.22,1568.22,261.37,4.3,0,41.0,41,41,2024-02-14,2024-02-14,2023-02-01,663,378,0.07352941176470588,6.0,1,1,1,0.0,1568.22,261.37,0.002638522427440633,2916.8892,124.46190476190476,0.4761904761904762,0.0,3966.9693119999997,1.0,0.9656084656084657,1514.286507936508,5.7936507936507935,231.49914285714286,1.0356164383561643,0.9656084656084657,124.46190476190476,65865.24,0.002638522427440633,7.696277572559366,0.0,2.0,Long Inactive,Very High Value,Low Frequency
CUST1597,66,Male,Canada,active,1,2,1395.2,1395.2,697.6,3.5,1,8.0,8,8,2021-01-28,2021-01-28,2021-01-26,1775,2,0.9375,2.0,1,1,1,1.0,1395.2,697.6,0.3333333333333333,2371.84,13952.0,20.0,1.0,2846.208,1.0,182.5,254624.0,365.0,23718.4,0.005479452054794521,182.5,13952.0,12556.800000000001,0.3333333333333333,790.6133333333333,9.0,2.0,Long Inactive,High Value,Low Frequency
CUST1598,31,Female,Pakistan,cancelled,1,3,1837.6499999999999,1837.6499999999999,612.55,4.1,5,9.0,9,9,2023-04-07,2023-04-07,2021-07-01,976,645,0.044444444444444446,3.0,1,1,1,5.0,1837.6499999999999,612.55,0.0015479876160990713,3344.5229999999997,85.47209302325581,0.13953488372093023,5.0,4414.770359999999,1.0,0.5658914728682171,1039.910465116279,1.6976744186046513,155.55920930232557,1.7671232876712328,0.5658914728682171,85.47209302325581,18376.5,0.0015479876160990713,5.177280185758514,50.0,2.0,Long Inactive,Very High Value,Low Frequency
CUST1599,59,Female,Germany,active,1,2,300.88,300.88,150.44,4.1,0,47.0,47,47,2024-06-23,2024-06-23,2022-09-08,533,654,0.043859649122807015,2.0,1,1,1,0.0,300.88,150.44,0.0015267175572519084,547.6016,13.80183486238532,0.09174311926605504,0.0,722.8341119999999,1.0,0.5581039755351682,167.9223241590214,1.1162079510703364,25.119339449541283,1.7917808219178082,0.5581039755351682,13.80183486238532,14442.24,0.0015267175572519084,0.8360329770992366,0.0,2.0,Long Inactive,Low Value,Low Frequency
CUST1600,18,Other,Germany,active,1,9,1064.07,1064.07,118.23,3.9,5,40.0,40,40,2025-02-04,2025-02-04,2023-04-07,307,669,0.04291845493562232,9.0,1,1,1,5.0,1064.07,118.22999999999999,0.0014925373134328358,1894.0446,47.71614349775784,0.40358744394618834,5.0,2424.377088,1.0,0.5455904334828102,580.5464125560538,4.910313901345292,84.93473542600897,1.832876712328767,0.5455904334828102,47.71614349775784,43626.869999999995,0.0014925373134328358,2.82693223880597,205.0,2.0,Long Inactive,High Value,Low Frequency
CUST1601,57,Male,USA,active,1,1,1043.23,1043.23,1043.23,3.9,4,9.0,9,9,2024-11-04,2024-11-04,2022-07-24,399,834,0.034722222222222224,1.0,1,1,1,4.0,1043.23,1043.23,0.0011976047904191617,1856.9494,37.52625899280576,0.03597122302158273,4.0,2376.895232,1.0,0.4376498800959232,456.56948441247,0.4376498800959232,66.79674100719424,2.2849315068493152,0.4376498800959232,37.52625899280576,10432.3,0.0011976047904191617,2.223891497005988,40.0,2.0,Long Inactive,Medium Value,Low Frequency
CUST1602,61,Female,Germany,paused,1,3,1859.19,1859.19,619.73,4.1,0,11.0,11,11,2024-01-11,2024-01-11,2022-07-02,697,558,0.0510204081632653,3.0,1,1,1,0.0,1859.19,619.73,0.0017889087656529517,3383.7257999999997,99.95645161290322,0.16129032258064516,0.0,4466.518055999999,1.0,0.6541218637992832,1216.1368279569892,1.9623655913978495,181.92074193548385,1.5287671232876712,0.6541218637992832,99.95645161290322,22310.28,0.0017889087656529517,6.053176744186046,0.0,2.0,Long Inactive,Very High Value,Low Frequency
CUST1603,58,Female,UK,active,1,3,1347.84,1347.84,449.28,4.0,1,47.0,47,47,2025-06-08,2025-06-08,2022-12-30,183,891,0.03257328990228013,3.0,1,1,1,1.0,1347.84,449.28,0.0011210762331838565,2426.112,45.38181818181818,0.10101010101010101,1.0,3153.9456,1.0,0.40965207631874295,552.1454545454545,1.228956228956229,81.68727272727273,2.441095890410959,0.40965207631874295,45.38181818181818,64696.31999999999,0.0011210762331838565,2.7198565022421524,48.0,2.0,Long Inactive,High Value,Low Frequency
CUST1604,22,Female,Germany,active,1,1,1181.37,1181.37,1181.37,4.2,2,17.0,17,17,2025-06-06,2025-06-06,2022-04-28,185,1135,0.02575107296137339,1.0,1,1,1,2.0,1181.37,1181.37,0.0008802816901408451,2173.7208,31.22563876651982,0.026431718061674006,2.0,2912.7858720000004,1.0,0.32158590308370044,379.9119383259912,0.32158590308370044,57.45517533039647,3.1095890410958904,0.32158590308370044,31.22563876651982,21264.659999999996,0.0008802816901408451,1.91348661971831,36.0,2.0,Long Inactive,High Value,Low Frequency
CUST1605,53,Female,Germany,active,1,9,506.16,506.16,56.24,4.3,3,31.0,31,31,2024-11-26,2024-11-26,2023-05-06,377,570,0.05,9.0,1,1,1,3.0,506.16,56.24,0.0017513134851138354,941.4576,26.64,0.47368421052631576,3.0,1280.382336,1.0,0.6403508771929824,324.12,5.763157894736842,49.550399999999996,1.5616438356164384,0.6403508771929824,26.64,16197.12,0.0017513134851138354,1.6487873905429071,96.0,2.0,Long Inactive,Low Value,Low Frequency
CUST1606,42,Male,Pakistan,active,1,4,1835.04,1835.04,458.76,4.1,1,16.0,16,16,2023-04-15,2023-04-15,2022-11-01,968,165,0.15384615384615385,4.0,1,1,1,1.0,1835.04,458.76,0.006024096385542169,3339.7727999999997,333.64363636363635,0.7272727272727273,1.0,4408.500095999999,1.0,2.2121212121212124,4059.3309090909092,8.84848484848485,607.2314181818182,0.4520547945205479,2.2121212121212124,333.64363636363635,31195.68,0.006024096385542169,20.11911325301205,17.0,2.0,Long Inactive,Very High Value,Low Frequency
CUST1607,57,Male,UK,cancelled,1,8,39.36,39.36,4.92,4.0,0,40.0,40,40,2022-01-10,2022-01-10,2022-06-02,1428,0,1.0,8.0,1,1,1,0.0,39.36,4.92,1.0,70.848,393.59999999999997,80.0,0.0,92.1024,1.0,365.0,14366.4,2920.0,708.4799999999999,0.0,365.0,393.59999999999997,1613.76,1.0,70.848,0.0,2.0,Long Inactive,Low Value,Low Frequency
CUST1608,56,Female,UK,active,1,4,1259.2,1259.2,314.8,4.2,2,4.0,4,4,2024-01-17,2024-01-17,2023-06-26,691,205,0.12765957446808512,4.0,1,1,1,2.0,1259.2,314.8,0.0048543689320388345,2316.9280000000003,184.27317073170732,0.5853658536585367,2.0,3104.6835200000005,1.0,1.7804878048780488,2241.990243902439,7.121951219512195,339.0626341463415,0.5616438356164384,1.7804878048780488,184.27317073170732,6296.0,0.0048543689320388345,11.247223300970875,10.0,2.0,Long Inactive,High Value,Low Frequency
CUST1609,51,Female,Pakistan,paused,1,4,1901.8,1901.8,475.45,3.9,4,1.0,1,1,2023-05-20,2023-05-20,2022-08-18,933,275,0.09836065573770493,4.0,1,1,1,4.0,1901.8,475.45,0.0036231884057971015,3385.204,207.4690909090909,0.4363636363636364,4.0,4333.06112,1.0,1.3272727272727272,2524.2072727272725,5.309090909090909,369.29498181818184,0.7534246575342466,1.3272727272727272,207.4690909090909,3803.6,0.0036231884057971015,12.265231884057972,8.0,2.0,Long Inactive,Very High Value,Low Frequency
CUST1610,51,Male,Pakistan,active,1,2,449.64,449.64,224.82,4.3,2,28.0,28,28,2022-09-05,2022-09-05,2020-09-17,1190,718,0.040106951871657755,2.0,1,1,1,2.0,449.64,224.82,0.0013908205841446453,836.3303999999999,18.787186629526463,0.08356545961002786,2.0,1137.409344,1.0,0.5083565459610028,228.5774373259053,1.0167130919220055,34.94416713091922,1.9671232876712328,0.5083565459610028,18.787186629526463,13039.56,0.0013908205841446453,1.1631855354659248,58.0,2.0,Long Inactive,Low Value,Low Frequency
CUST1611,20,Female,USA,active,1,2,375.92,375.92,187.96,4.2,3,32.0,32,32,2021-12-25,2021-12-25,2021-08-17,1444,130,0.1875,2.0,1,1,1,3.0,375.92,187.96,0.007633587786259542,691.6928,86.75076923076924,0.46153846153846156,3.0,926.8683520000001,1.0,2.807692307692308,1055.4676923076925,5.615384615384616,159.6214153846154,0.3561643835616438,2.807692307692308,86.75076923076924,12405.36,0.007633587786259542,5.280097709923664,99.0,2.0,Long Inactive,Low Value,Low Frequency
CUST1612,26,Male,Germany,active,1,8,988.32,988.32,123.54,4.5,4,18.0,18,18,2023-03-11,2023-03-11,2022-01-17,1003,418,0.06696428571428571,8.0,1,1,1,4.0,988.32,123.54,0.002386634844868735,1877.808,70.93205741626795,0.5741626794258373,4.0,2628.9312,1.0,0.8732057416267943,863.0066985645934,6.9856459330143545,134.7709090909091,1.1452054794520548,0.8732057416267943,70.93205741626795,18778.08,0.002386634844868735,4.48164200477327,76.0,2.0,Long Inactive,Medium Value,Low Frequency
CUST1613,65,Male,India,cancelled,1,4,1537.28,1537.28,384.32,4.0,1,13.0,13,13,2023-04-25,2023-04-25,2022-11-07,958,169,0.1507537688442211,4.0,1,1,1,1.0,1537.28,384.32,0.0058823529411764705,2767.104,272.88994082840236,0.7100591715976331,1.0,3597.2352,1.0,2.1597633136094676,3320.1609467455623,8.63905325443787,491.20189349112417,0.46301369863013697,2.1597633136094676,272.88994082840236,21521.92,0.0058823529411764705,16.277082352941175,14.0,2.0,Long Inactive,Very High Value,Low Frequency
CUST1614,53,Male,USA,cancelled,1,4,633.08,633.08,158.27,4.2,5,40.0,40,40,2024-03-30,2024-03-30,2021-04-23,618,1072,0.02722323049001815,4.0,1,1,1,5.0,633.08,158.27,0.0009319664492078285,1164.8672000000001,17.71679104477612,0.11194029850746269,5.0,1560.9220480000004,1.0,0.34048507462686567,215.55429104477614,1.3619402985074627,32.59889552238806,2.936986301369863,0.34048507462686567,17.71679104477612,25956.280000000002,0.0009319664492078285,1.0856171481826655,205.0,2.0,Long Inactive,Medium Value,Low Frequency
CUST1615,61,Male,Pakistan,cancelled,1,7,1764.77,1764.77,252.11,4.5,4,25.0,25,25,2024-10-08,2024-10-08,2022-10-14,426,725,0.03973509933774834,7.0,1,1,1,4.0,1764.77,252.10999999999999,0.0013774104683195593,3353.0629999999996,73.02496551724137,0.28965517241379307,4.0,4694.288199999999,1.0,0.503448275862069,888.4704137931035,3.524137931034483,138.7474344827586,1.9863013698630136,0.503448275862069,73.02496551724137,45884.02,0.0013774104683195593,4.6185440771349855,104.0,2.0,Long Inactive,Very High Value,Low Frequency
CUST1616,26,Male,Germany,active,1,1,174.23,174.23,174.23,4.3,1,11.0,11,11,2024-09-18,2024-09-18,2022-12-27,446,631,0.0453857791225416,1.0,1,1,1,1.0,174.23,174.23,0.0015822784810126582,324.0678,8.283518225039618,0.04754358161648177,1.0,440.7322079999999,1.0,0.5784469096671949,100.78280507131537,0.5784469096671949,15.407343898573691,1.7287671232876711,0.5784469096671949,8.283518225039618,2090.7599999999998,0.0015822784810126582,0.5127655063291139,12.0,2.0,Long Inactive,Low Value,Low Frequency
CUST1617,36,Male,USA,active,1,6,905.3399999999999,905.3399999999999,150.89,3.9,1,28.0,28,28,2025-02-03,2025-02-03,2022-08-09,308,909,0.03194888178913738,6.0,1,1,1,1.0,905.3399999999999,150.89,0.001098901098901099,1611.5051999999998,29.879207920792076,0.198019801980198,1.0,2062.726656,1.0,0.40154015401540155,363.5303630363036,2.4092409240924093,53.184990099009894,2.4904109589041097,0.40154015401540155,29.879207920792076,26254.859999999997,0.001098901098901099,1.770884835164835,29.0,2.0,Long Inactive,Medium Value,Low Frequency
CUST1618,56,Male,USA,cancelled,1,8,1359.28,1359.28,169.91,4.1,2,24.0,24,24,2024-10-26,2024-10-26,2021-04-08,408,1297,0.02260738507912585,8.0,1,1,1,2.0,1359.28,169.91,0.0007704160246533128,2473.8895999999995,31.44055512721665,0.18504240555127216,2.0,3265.534271999999,1.0,0.28141865844255975,382.52675404780257,2.251349267540478,57.2218103315343,3.5534246575342467,0.28141865844255975,31.44055512721665,33982.0,0.0007704160246533128,1.905924191063174,50.0,2.0,Long Inactive,High Value,Low Frequency
CUST1619,57,Male,Pakistan,active,1,4,379.24,379.24,94.81,4.3,2,33.0,33,33,2021-08-27,2021-08-27,2021-06-16,1564,72,0.29411764705882354,4.0,1,1,1,2.0,379.24,94.81,0.0136986301369863,705.3864,158.01666666666668,1.6666666666666667,2.0,959.3255039999999,1.0,5.069444444444445,1922.5361111111113,20.27777777777778,293.911,0.19726027397260273,5.069444444444445,158.01666666666668,12894.16,0.0136986301369863,9.662827397260273,68.0,2.0,Long Inactive,Low Value,Low Frequency
CUST1620,21,Female,UK,active,1,3,506.43,506.43,168.81,4.2,4,37.0,37,37,2024-09-19,2024-09-19,2022-03-29,445,905,0.0320855614973262,3.0,1,1,1,4.0,506.43,168.81,0.0011037527593818985,931.8312000000001,16.787734806629835,0.09944751381215469,4.0,1248.6538080000003,1.0,0.4033149171270718,204.25077348066299,1.2099447513812154,30.889432044198898,2.4794520547945207,0.4033149171270718,16.787734806629835,19244.34,0.0011037527593818985,1.0285112582781457,152.0,2.0,Long Inactive,Low Value,Low Frequency
CUST1621,34,Female,India,active,1,1,415.64,415.64,415.64,4.2,5,13.0,13,13,2023-07-30,2023-07-30,2023-07-07,862,23,0.5660377358490566,1.0,1,1,1,5.0,415.64,415.64,0.041666666666666664,764.7776,542.1391304347826,1.3043478260869565,5.0,1024.8019840000002,1.0,15.869565217391303,6596.026086956521,15.869565217391303,997.536,0.06301369863013699,15.869565217391303,542.1391304347826,5818.96,0.041666666666666664,31.86573333333333,70.0,2.0,Long Inactive,Low Value,Low Frequency
CUST1622,23,Female,India,cancelled,1,5,121.05000000000001,121.05000000000001,24.21,4.0,5,19.0,19,19,2022-05-28,2022-05-28,2022-01-25,1290,123,0.19607843137254904,5.0,1,1,1,5.0,121.05000000000001,24.21,0.008064516129032258,217.89000000000001,29.524390243902445,1.2195121951219514,5.0,283.257,1.0,2.967479674796748,359.2134146341464,14.83739837398374,53.1439024390244,0.336986301369863,2.967479674796748,29.524390243902445,2421.0,0.008064516129032258,1.7571774193548388,100.0,2.0,Long Inactive,Low Value,Low Frequency
CUST1623,66,Male,USA,cancelled,1,8,1059.36,1059.36,132.42,3.9,2,14.0,14,14,2023-08-03,2023-08-03,2022-06-03,858,426,0.06578947368421052,8.0,1,1,1,2.0,1059.36,132.42,0.00234192037470726,1885.6607999999999,74.60281690140845,0.5633802816901409,2.0,2413.6458239999997,1.0,0.8568075117370891,907.6676056338026,6.854460093896713,132.79301408450704,1.167123287671233,0.8568075117370891,74.60281690140845,15890.399999999998,0.00234192037470726,4.416067447306792,30.0,2.0,Long Inactive,High Value,Low Frequency
CUST1624,50,Male,USA,cancelled,1,5,885.5,885.5,177.1,4.1,1,49.0,49,49,2023-04-28,2023-04-28,2021-07-01,955,666,0.04310344827586207,5.0,1,1,1,1.0,885.5,177.1,0.0014992503748125937,1611.61,39.88738738738739,0.22522522522522523,1.0,2127.3251999999998,1.0,0.5480480480480481,485.29654654654655,2.74024024024024,72.59504504504504,1.8246575342465754,0.5480480480480481,39.88738738738739,44275.0,0.0014992503748125937,2.416206896551724,50.0,2.0,Long Inactive,Medium Value,Low Frequency
CUST1625,64,Female,UK,active,1,7,1677.13,1677.13,239.59,4.5,2,35.0,35,35,2021-06-01,2021-06-01,2020-10-17,1651,227,0.11673151750972763,7.0,1,1,1,2.0,1677.13,239.59,0.0043859649122807015,3186.547,221.64713656387667,0.9251101321585904,2.0,4461.1658,1.0,1.6079295154185023,2696.7068281938327,11.255506607929515,421.12955947136567,0.6219178082191781,1.6079295154185023,221.64713656387667,60376.68000000001,0.0043859649122807015,13.976083333333333,72.0,2.0,Long Inactive,Very High Value,Low Frequency
CUST1626,36,Female,India,cancelled,1,5,826.9499999999999,826.9499999999999,165.39,3.7,3,28.0,28,28,2025-03-29,2025-03-29,2021-12-21,254,1194,0.02450980392156863,5.0,1,1,1,3.0,826.9499999999999,165.39,0.0008368200836820083,1438.8929999999998,20.777638190954775,0.1256281407035176,3.0,1784.2273199999997,1.0,0.30569514237855944,252.79459798994972,1.5284757118927972,36.1530904522613,3.271232876712329,0.30569514237855944,20.777638190954775,23981.55,0.0008368200836820083,1.2040945606694557,87.0,2.0,Long Inactive,Medium Value,Low Frequency
CUST1627,62,Female,Pakistan,paused,1,2,890.88,890.88,445.44,3.5,1,28.0,28,28,2023-07-10,2023-07-10,2021-08-23,882,686,0.04189944134078212,2.0,1,1,1,1.0,890.88,445.44,0.001455604075691412,1514.4959999999999,38.95976676384839,0.08746355685131195,1.0,1817.3951999999997,1.0,0.532069970845481,474.01049562682215,1.064139941690962,66.23160349854227,1.8794520547945206,0.532069970845481,38.95976676384839,25835.52,0.001455604075691412,2.2045065502183405,29.0,2.0,Long Inactive,Medium Value,Low Frequency
CUST1628,46,Female,Germany,cancelled,1,3,1686.87,1686.87,562.29,4.2,5,30.0,30,30,2024-04-23,2024-04-23,2021-09-22,594,944,0.030800821355236138,3.0,1,1,1,5.0,1686.87,562.29,0.0010582010582010583,3103.8408,53.608156779661016,0.09533898305084747,5.0,4159.146672,1.0,0.3866525423728813,652.2325741525423,1.159957627118644,98.63900847457627,2.5863013698630137,0.3866525423728813,53.608156779661016,52292.969999999994,0.0010582010582010583,3.2844876190476193,155.0,2.0,Long Inactive,Very High Value,Low Frequency
CUST1629,43,Female,India,cancelled,1,8,868.48,868.48,108.56,3.5,0,10.0,10,10,2024-10-17,2024-10-17,2022-08-01,417,808,0.03579952267303103,8.0,1,1,1,0.0,868.48,108.56,0.0012360939431396785,1476.416,32.24554455445545,0.297029702970297,0.0,1771.6991999999998,1.0,0.4517326732673268,392.320792079208,3.6138613861386144,54.81742574257426,2.213698630136986,0.4517326732673268,32.24554455445545,9553.28,0.0012360939431396785,1.8249888751545116,0.0,2.0,Long Inactive,Medium Value,Low Frequency
CUST1630,67,Male,Germany,paused,1,2,1816.8,1816.8,908.4,4.3,1,46.0,46,46,2024-06-05,2024-06-05,2021-03-02,551,1191,0.02457002457002457,2.0,1,1,1,1.0,1816.8,908.4,0.0008389261744966443,3379.2479999999996,45.763224181360194,0.05037783375314861,1.0,4595.777279999999,1.0,0.3064651553316541,556.7858942065492,0.6129303106633082,85.11959697732996,3.263013698630137,0.3064651553316541,45.763224181360194,85389.59999999999,0.0008389261744966443,2.8349395973154357,47.0,2.0,Long Inactive,Very High Value,Low Frequency
CUST1631,57,Female,Canada,active,1,1,1904.04,1904.04,1904.04,3.9,5,6.0,6,6,2024-06-29,2024-06-29,2022-07-01,527,729,0.039525691699604744,1.0,1,1,1,5.0,1904.04,1904.04,0.0013698630136986301,3389.1912,78.35555555555555,0.0411522633744856,5.0,4338.164736000001,1.0,0.5006858710562414,953.325925925926,0.5006858710562414,139.4728888888889,1.9972602739726026,0.5006858710562414,78.35555555555555,13328.279999999999,0.0013698630136986301,4.642727671232877,35.0,2.0,Long Inactive,Very High Value,Low Frequency
CUST1632,46,Male,Pakistan,active,1,6,1879.5,1879.5,313.25,4.2,1,42.0,42,42,2024-01-26,2024-01-26,2021-01-11,682,1110,0.02631578947368421,6.0,1,1,1,1.0,1879.5,313.25,0.0009000900090009,3458.28,50.7972972972973,0.16216216216216217,1.0,4634.095200000001,1.0,0.3288288288288288,618.0337837837837,1.9729729729729728,93.46702702702703,3.041095890410959,0.3288288288288288,50.7972972972973,80818.5,0.0009000900090009,3.112763276327633,43.0,2.0,Long Inactive,Very High Value,Low Frequency
CUST1633,65,Male,Canada,paused,1,8,1398.88,1398.88,174.86,4.3,0,37.0,37,37,2024-01-13,2024-01-13,2023-12-08,695,36,0.45454545454545453,8.0,1,1,1,0.0,1398.88,174.86,0.02702702702702703,2601.9168,1165.7333333333336,6.666666666666667,0.0,3538.6068479999994,1.0,10.13888888888889,14183.088888888891,81.11111111111111,2168.264,0.09863013698630137,10.13888888888889,1165.7333333333336,53157.44,0.02702702702702703,70.32207567567568,0.0,2.0,Long Inactive,High Value,Low Frequency
CUST1634,39,Male,Canada,active,1,8,1657.76,1657.76,207.22,4.2,5,18.0,18,18,2022-08-31,2022-08-31,2021-11-13,1195,291,0.09345794392523366,8.0,1,1,1,5.0,1657.76,207.22,0.003424657534246575,3050.2784,170.90309278350517,0.8247422680412372,5.0,4087.3730560000004,1.0,1.254295532646048,2079.320962199313,10.034364261168385,314.4616907216495,0.7972602739726027,1.254295532646048,170.90309278350517,31497.44,0.003424657534246575,10.44615890410959,95.0,2.0,Long Inactive,Very High Value,Low Frequency
CUST1635,57,Female,India,active,1,4,930.04,930.04,232.51,4.0,0,40.0,40,40,2025-07-27,2025-07-27,2021-06-16,134,1502,0.019582245430809397,4.0,1,1,1,0.0,930.04,232.51,0.0006653359946773121,1674.072,18.576031957390146,0.07989347536617843,0.0,2176.2936,1.0,0.2430093209054594,226.00838881491345,0.9720372836218376,33.43685752330226,4.115068493150685,0.2430093209054594,18.576031957390146,38131.64,0.0006653359946773121,1.113820359281437,0.0,2.0,At Risk,Medium Value,Low Frequency
CUST1636,55,Female,Germany,active,1,9,604.71,604.71,67.19,4.1,0,25.0,25,25,2023-07-19,2023-07-19,2022-02-01,873,533,0.05328596802841919,9.0,1,1,1,0.0,604.71,67.19,0.0018726591760299626,1100.5722,34.03621013133208,0.5065666041275798,0.0,1452.755304,1.0,0.6848030018761726,414.1072232645403,6.163227016885553,61.945902439024394,1.4602739726027398,0.6848030018761726,34.03621013133208,15722.460000000001,0.0018726591760299626,2.0609966292134834,0.0,2.0,Long Inactive,Medium Value,Low Frequency
CUST1637,37,Male,UK,active,1,6,671.28,671.28,111.88,4.5,0,39.0,39,39,2025-07-15,2025-07-15,2021-06-19,146,1487,0.019775873434410018,6.0,1,1,1,0.0,671.28,111.88,0.0006720430107526882,1275.4319999999998,13.542972427706792,0.121049092131809,0.0,1785.6047999999996,1.0,0.24546065904505715,164.77283120376597,1.472763954270343,25.7316476126429,4.073972602739726,0.24546065904505715,13.542972427706792,26851.199999999997,0.0006720430107526882,0.8571451612903225,0.0,2.0,At Risk,Medium Value,Low Frequency
CUST1638,58,Female,UK,paused,1,1,924.05,924.05,924.05,4.2,3,1.0,1,1,2025-07-08,2025-07-08,2021-07-27,153,1442,0.020380434782608696,1.0,1,1,1,3.0,924.05,924.05,0.000693000693000693,1700.252,19.224341192787794,0.020804438280166433,3.0,2278.33768,1.0,0.25312066574202496,233.89615117891816,0.25312066574202496,35.37278779472954,3.9506849315068493,0.25312066574202496,19.224341192787794,1848.1,0.000693000693000693,1.1782758142758143,6.0,2.0,At Risk,Medium Value,Low Frequency
CUST1639,40,Female,Pakistan,active,1,6,510.48,510.48,85.08,4.1,3,6.0,6,6,2021-09-30,2021-09-30,2021-01-23,1530,250,0.10714285714285714,6.0,1,1,1,3.0,510.48,85.08,0.00398406374501992,929.0735999999999,61.2576,0.72,3.0,1226.3771519999998,1.0,1.4600000000000002,745.3008000000001,8.76,111.48883199999999,0.684931506849315,1.4600000000000002,61.2576,3573.36,0.00398406374501992,3.701488446215139,21.0,2.0,Long Inactive,Low Value,Low Frequency
CUST1640,69,Female,India,cancelled,1,8,1436.0,1436.0,179.5,3.9,5,33.0,33,33,2025-06-22,2025-06-22,2021-01-21,169,1613,0.018259281801582473,8.0,1,1,1,5.0,1436.0,179.5,0.0006195786864931846,2556.08,26.70799752014879,0.14879107253564786,5.0,3271.7824,1.0,0.22628642281463113,324.9473031618103,1.810291382517049,47.54023558586485,4.419178082191781,0.22628642281463113,26.70799752014879,48824.0,0.0006195786864931846,1.5836926889714993,170.0,2.0,At Risk,High Value,Low Frequency
CUST1641,41,Male,Germany,paused,1,4,292.6,292.6,73.15,4.3,4,49.0,49,49,2022-09-23,2022-09-23,2021-04-07,1172,534,0.05319148936170213,4.0,1,1,1,4.0,292.6,73.15,0.001869158878504673,544.236,16.43820224719101,0.2247191011235955,4.0,740.1609599999999,1.0,0.6835205992509363,199.998127340824,2.7340823970037453,30.575056179775277,1.463013698630137,0.6835205992509363,16.43820224719101,14630.000000000002,0.001869158878504673,1.017263551401869,200.0,2.0,Long Inactive,Low Value,Low Frequency
CUST1642,64,Male,Pakistan,active,1,6,1083.84,1083.84,180.64,3.9,0,38.0,38,38,2025-10-07,2025-10-07,2022-11-09,62,1063,0.02744739249771272,6.0,1,1,1,0.0,1083.84,180.64,0.0009398496240601503,1929.2351999999998,30.588146754468486,0.16933207902163688,0.0,2469.4210559999997,1.0,0.3433678269049859,372.1557855126999,2.060206961429915,54.446901222953905,2.9123287671232876,0.3433678269049859,30.588146754468486,42269.759999999995,0.0009398496240601503,1.8131909774436088,0.0,2.0,Moderate,High Value,Low Frequency
CUST1643,46,Male,UK,active,1,8,1283.28,1283.28,160.41,4.0,0,10.0,10,10,2023-10-09,2023-10-09,2022-08-31,791,404,0.06912442396313365,8.0,1,1,1,0.0,1283.28,160.41,0.0024691358024691358,2309.904,95.29306930693069,0.594059405940594,0.0,3002.8752,1.0,0.9034653465346536,1159.3990099009902,7.227722772277229,171.52752475247524,1.106849315068493,0.9034653465346536,95.29306930693069,14116.08,0.0024691358024691358,5.7034666666666665,0.0,2.0,Long Inactive,High Value,Low Frequency
CUST1644,21,Female,Germany,active,1,9,993.51,993.51,110.39,4.0,0,28.0,28,28,2024-09-12,2024-09-12,2021-05-07,452,1224,0.023923444976076555,9.0,1,1,1,0.0,993.51,110.39,0.0008163265306122449,1788.318,24.350735294117648,0.22058823529411767,0.0,2324.8134,1.0,0.29820261437908496,296.2672794117647,2.6838235294117645,43.83132352941177,3.3534246575342466,0.29820261437908496,24.350735294117648,28811.79,0.0008163265306122449,1.4598514285714286,0.0,2.0,Long Inactive,Medium Value,Low Frequency
CUST1645,32,Female,Pakistan,active,1,6,1213.32,1213.32,202.22,3.5,2,46.0,46,46,2025-07-28,2025-07-28,2021-11-29,133,1337,0.021945866861741038,6.0,1,1,1,2.0,1213.32,202.22,0.0007473841554559044,2062.644,27.224831712789825,0.13462976813762154,2.0,2475.1728,1.0,0.27299925205684367,331.23545250560954,1.637995512341062,46.2822139117427,3.663013698630137,0.27299925205684367,27.224831712789825,57026.03999999999,0.0007473841554559044,1.5415874439461883,94.0,2.0,At Risk,High Value,Low Frequency
CUST1646,19,Male,Pakistan,active,1,8,1177.68,1177.68,147.21,4.3,4,13.0,13,13,2023-11-21,2023-11-21,2022-04-09,748,591,0.04830917874396135,8.0,1,1,1,4.0,1177.68,147.21,0.0016891891891891893,2190.4848,59.78071065989848,0.40609137055837563,4.0,2979.059328,1.0,0.6175972927241963,727.3319796954315,4.94077834179357,111.19212182741119,1.6191780821917807,0.6175972927241963,59.78071065989848,16487.52,0.0016891891891891893,3.700143243243244,56.0,2.0,Long Inactive,High Value,Low Frequency
CUST1647,52,Female,UK,paused,1,2,422.16,422.16,211.08,3.8,3,16.0,16,16,2025-09-07,2025-09-07,2021-06-24,92,1536,0.019157088122605363,2.0,1,1,1,3.0,422.16,211.08,0.0006506180871828237,743.0016,8.2453125,0.0390625,3.0,936.1820160000001,1.0,0.23763020833333337,100.31796875000002,0.47526041666666674,14.511750000000001,4.208219178082191,0.23763020833333337,8.2453125,7176.72,0.0006506180871828237,0.48341027976577755,51.0,2.0,At Risk,Low Value,Low Frequency
CUST1648,24,Male,USA,paused,1,8,461.84,461.84,57.73,4.4,0,25.0,25,25,2023-07-19,2023-07-19,2021-10-08,873,649,0.044182621502209134,8.0,1,1,1,0.0,461.84,57.73,0.0015384615384615385,868.2592,21.348536209553156,0.3697996918335901,0.0,1198.197696,1.0,0.5624036979969184,259.74052388289675,4.499229583975347,40.135248073959936,1.7780821917808218,0.5624036979969184,21.348536209553156,12007.84,0.0015384615384615385,1.3357833846153846,0.0,2.0,Long Inactive,Low Value,Low Frequency
CUST1649,66,Female,USA,cancelled,1,2,1572.16,1572.16,786.08,3.7,2,19.0,19,19,2023-09-30,2023-09-30,2020-12-27,800,1007,0.028929604628736737,2.0,1,1,1,2.0,1572.16,786.08,0.000992063492063492,2735.5584000000003,46.83694141012909,0.059582919563058584,2.0,3392.0924160000004,1.0,0.36246276067527305,569.8494538232374,0.7249255213505461,81.49627805362464,2.758904109589041,0.36246276067527305,46.83694141012909,31443.2,0.000992063492063492,2.7138476190476193,40.0,2.0,Long Inactive,Very High Value,Low Frequency
CUST1650,43,Female,USA,active,1,8,621.36,621.36,77.67,4.4,4,37.0,37,37,2023-10-29,2023-10-29,2021-06-26,771,855,0.03389830508474576,8.0,1,1,1,4.0,621.36,77.67,0.0011682242990654205,1168.1568000000002,21.802105263157895,0.2807017543859649,4.0,1612.0563840000004,1.0,0.4269005847953216,265.25894736842105,3.415204678362573,40.98795789473685,2.3424657534246576,0.4269005847953216,21.802105263157895,23611.68,0.0011682242990654205,1.3646691588785047,152.0,2.0,Long Inactive,Medium Value,Low Frequency
CUST1651,25,Male,UK,active,1,3,256.20000000000005,256.20000000000005,85.4,4.4,5,49.0,49,49,2022-09-13,2022-09-13,2022-04-15,1182,151,0.16574585635359115,3.0,1,1,1,5.0,256.20000000000005,85.40000000000002,0.006578947368421052,481.6560000000001,50.90066225165564,0.5960264900662252,5.0,664.6852800000003,1.0,2.4172185430463573,619.2913907284769,7.251655629139073,95.6932450331126,0.4136986301369863,2.4172185430463573,50.90066225165564,12810.000000000002,0.006578947368421052,3.1687894736842113,250.0,2.0,Long Inactive,Low Value,Low Frequency
CUST1652,59,Male,USA,active,1,1,1165.65,1165.65,1165.65,4.4,1,28.0,28,28,2024-11-07,2024-11-07,2023-02-24,396,622,0.046012269938650305,1.0,1,1,1,1.0,1165.65,1165.65,0.0016051364365971107,2191.4220000000005,56.22106109324759,0.04823151125401929,1.0,3024.1623600000007,1.0,0.5868167202572346,684.0229099678456,0.5868167202572346,105.69559485530549,1.704109589041096,0.5868167202572346,56.22106109324759,33803.850000000006,0.0016051364365971107,3.517531300160514,29.0,2.0,Long Inactive,High Value,Low Frequency
CUST1653,47,Male,UK,active,1,7,343.42,343.42,49.06,4.2,4,20.0,20,20,2021-12-14,2021-12-14,2021-08-28,1455,108,0.2173913043478261,7.0,1,1,1,4.0,343.42,49.06,0.009174311926605505,631.8928000000001,95.39444444444445,1.9444444444444444,4.0,846.7363520000001,1.0,3.3796296296296298,1160.6324074074075,23.65740740740741,175.5257777777778,0.2958904109589041,3.3796296296296298,95.39444444444445,7211.820000000001,0.009174311926605505,5.797181651376148,84.0,2.0,Long Inactive,Low Value,Low Frequency
CUST1654,46,Female,Canada,active,1,3,494.93999999999994,494.93999999999994,164.98,4.5,4,21.0,21,21,2024-07-14,2024-07-14,2023-01-27,512,534,0.05319148936170213,3.0,1,1,1,4.0,494.93999999999994,164.98,0.001869158878504673,940.3859999999999,27.805617977528087,0.16853932584269662,4.0,1316.5403999999996,1.0,0.6835205992509363,338.30168539325837,2.0505617977528092,52.83067415730336,1.463013698630137,0.6835205992509363,27.805617977528087,10888.679999999998,0.001869158878504673,1.7577308411214951,88.0,2.0,Long Inactive,Low Value,Low Frequency
CUST1655,56,Male,Canada,cancelled,1,3,859.29,859.29,286.43,3.8,3,16.0,16,16,2024-03-19,2024-03-19,2023-12-07,629,103,0.22556390977443608,3.0,1,1,1,3.0,859.29,286.43,0.009615384615384616,1512.3504,250.27864077669904,0.8737864077669903,3.0,1905.561504,1.0,3.5436893203883493,3045.0567961165048,10.631067961165048,440.4904077669903,0.2821917808219178,3.5436893203883493,250.27864077669904,14607.93,0.009615384615384616,14.54183076923077,51.0,2.0,Long Inactive,Medium Value,Low Frequency
CUST1656,36,Female,Pakistan,active,1,4,334.96,334.96,83.74,3.8,1,34.0,34,34,2023-05-25,2023-05-25,2020-10-29,928,938,0.030991735537190084,4.0,1,1,1,1.0,334.96,83.74,0.0010649627263045794,589.5296,10.713006396588487,0.1279317697228145,1.0,742.807296,1.0,0.3891257995735608,130.3415778251599,1.5565031982942432,18.854891257995735,2.56986301369863,0.3891257995735608,10.713006396588487,11723.599999999999,0.0010649627263045794,0.6278270500532481,35.0,2.0,Long Inactive,Low Value,Low Frequency
CUST1657,31,Female,Canada,active,1,5,980.8,980.8,196.16,4.1,0,47.0,47,47,2025-01-19,2025-01-19,2023-09-01,323,506,0.055970149253731345,5.0,1,1,1,0.0,980.8,196.16,0.0019723865877712033,1785.0559999999998,58.15019762845849,0.2964426877470356,0.0,2356.2739199999996,1.0,0.7213438735177865,707.494071146245,3.6067193675889326,105.83335968379446,1.3863013698630138,0.7213438735177865,58.15019762845849,47078.399999999994,0.0019723865877712033,3.520820512820513,0.0,2.0,Long Inactive,Medium Value,Low Frequency
CUST1658,39,Female,India,active,1,2,1389.86,1389.86,694.93,4.1,0,22.0,22,22,2023-08-16,2023-08-16,2023-03-24,845,145,0.17142857142857143,2.0,1,1,1,0.0,1389.86,694.93,0.00684931506849315,2529.5451999999996,287.55724137931037,0.4137931034482759,0.0,3338.999663999999,1.0,2.5172413793103448,3498.613103448276,5.0344827586206895,523.3541793103448,0.3972602739726027,2.5172413793103448,287.55724137931037,31966.78,0.00684931506849315,17.325652054794517,0.0,2.0,Long Inactive,High Value,Low Frequency
CUST1659,56,Female,Canada,active,1,2,934.56,934.56,467.28,4.4,4,34.0,34,34,2025-01-20,2025-01-20,2020-09-29,322,1574,0.018703241895261846,2.0,1,1,1,4.0,934.56,467.28,0.0006349206349206349,1756.9728,17.812452350698855,0.03811944091486658,4.0,2424.622464,1.0,0.23189326556543838,216.71817026683607,0.46378653113087676,33.487410419313846,4.3123287671232875,0.23189326556543838,17.812452350698855,32709.6,0.0006349206349206349,1.1155382857142857,140.0,2.0,Long Inactive,Medium Value,Low Frequency
CUST1660,60,Male,Pakistan,active,1,9,1315.53,1315.53,146.17,3.8,2,18.0,18,18,2024-11-15,2024-11-15,2023-08-01,388,472,0.0597609561752988,9.0,1,1,1,2.0,1315.53,146.17,0.0021141649048625794,2315.3328,83.61419491525425,0.5720338983050848,2.0,2917.319328,1.0,0.7733050847457626,1017.3060381355932,6.959745762711864,147.16098305084748,1.2931506849315069,0.7733050847457626,83.61419491525425,24995.07,0.0021141649048625794,4.8949953488372095,38.0,2.0,Long Inactive,High Value,Low Frequency
CUST1661,32,Female,UK,active,1,7,292.32,292.32,41.76,4.2,3,41.0,41,41,2022-08-06,2022-08-06,2021-05-27,1220,436,0.06437768240343347,7.0,1,1,1,3.0,292.32,41.76,0.002288329519450801,537.8688,20.11376146788991,0.481651376146789,3.0,720.744192,1.0,0.8371559633027523,244.71743119266054,5.860091743119266,37.00932110091743,1.1945205479452055,0.8371559633027523,20.11376146788991,12277.44,0.002288329519450801,1.2308210526315788,126.0,2.0,Long Inactive,Low Value,Low Frequency
CUST1662,57,Female,UK,paused,1,8,891.6,891.6,111.45,4.1,4,39.0,39,39,2025-02-16,2025-02-16,2020-10-17,295,1583,0.018598884066955982,8.0,1,1,1,4.0,891.6,111.45,0.0006313131313131314,1622.712,16.89703095388503,0.15161086544535693,4.0,2141.9798399999995,1.0,0.23057485786481366,205.58054327226785,1.8445988629185093,30.752596336070752,4.336986301369863,0.23057485786481366,16.89703095388503,35664.0,0.0006313131313131314,1.024439393939394,160.0,2.0,Long Inactive,Medium Value,Low Frequency
CUST1663,40,Female,Canada,active,1,2,1671.12,1671.12,835.56,4.4,1,10.0,10,10,2025-03-21,2025-03-21,2020-08-23,262,1671,0.01763668430335097,2.0,1,1,1,1.0,1671.12,835.56,0.0005980861244019139,3141.7056,30.002154398563732,0.03590664272890485,1.0,4335.553728,1.0,0.21843207660083783,365.0262118491921,0.43686415320167565,56.404050269299816,4.578082191780822,0.21843207660083783,30.002154398563732,18382.32,0.0005980861244019139,1.8790105263157892,11.0,2.0,Long Inactive,Very High Value,Low Frequency
CUST1664,21,Female,India,paused,1,3,1982.34,1982.34,660.78,4.1,2,8.0,8,8,2025-03-23,2025-03-23,2023-10-04,260,536,0.053003533568904596,3.0,1,1,1,2.0,1982.34,660.78,0.00186219739292365,3607.8587999999995,110.95186567164178,0.16791044776119401,2.0,4762.373615999999,1.0,0.6809701492537313,1349.9143656716417,2.042910447761194,201.93239552238802,1.4684931506849315,0.6809701492537313,110.95186567164178,17841.059999999998,0.00186219739292365,6.718545251396647,18.0,2.0,Long Inactive,Very High Value,Low Frequency
CUST1665,42,Female,Germany,active,1,6,900.6600000000001,900.6600000000001,150.11,4.1,1,49.0,49,49,2023-09-09,2023-09-09,2022-06-04,821,462,0.06097560975609757,6.0,1,1,1,1.0,900.6600000000001,150.11,0.0021598272138228943,1639.2012,58.484415584415586,0.38961038961038963,1.0,2163.745584,1.0,0.7900432900432901,711.5603896103897,4.740259740259741,106.44163636363636,1.2657534246575342,0.7900432900432901,58.484415584415586,45033.00000000001,0.0021598272138228943,3.540391360691145,50.0,2.0,Long Inactive,Medium Value,Low Frequency
CUST1666,20,Male,Germany,cancelled,1,2,566.52,566.52,283.26,3.5,0,49.0,49,49,2024-05-31,2024-05-31,2023-12-06,556,177,0.14492753623188406,2.0,1,1,1,0.0,566.52,283.26,0.0056179775280898875,963.084,96.02033898305083,0.3389830508474576,0.0,1155.7007999999998,1.0,2.062146892655367,1168.2474576271186,4.124293785310734,163.23457627118643,0.4849315068493151,2.062146892655367,96.02033898305083,28326.0,0.0056179775280898875,5.4105842696629205,0.0,2.0,Long Inactive,Medium Value,Low Frequency
CUST1667,32,Male,Canada,active,1,1,986.68,986.68,986.68,3.6,0,29.0,29,29,2023-06-24,2023-06-24,2023-06-01,898,23,0.5660377358490566,1.0,1,1,1,0.0,986.68,986.68,0.041666666666666664,1697.0895999999998,1286.9739130434782,1.3043478260869565,0.0,2070.4493119999997,1.0,15.869565217391303,15658.18260869565,15.869565217391303,2213.5951304347823,0.06301369863013699,15.869565217391303,1286.9739130434782,29600.399999999998,0.041666666666666664,70.71206666666666,0.0,2.0,Long Inactive,Medium Value,Low Frequency
CUST1668,32,Female,UK,cancelled,1,6,1015.44,1015.44,169.24,4.3,2,7.0,7,7,2024-05-24,2024-05-24,2022-04-18,563,767,0.037641154328732745,6.0,1,1,1,2.0,1015.44,169.24,0.0013020833333333333,1888.7184,39.71734028683181,0.23468057366362452,2.0,2568.6570239999996,1.0,0.4758800521512386,483.22764015645373,2.8552803129074316,73.87425293350717,2.1013698630136988,0.4758800521512386,39.71734028683181,8123.52,0.0013020833333333333,2.4592687499999997,16.0,2.0,Long Inactive,Medium Value,Low Frequency
CUST1669,50,Male,Germany,cancelled,1,9,1729.89,1729.89,192.21,3.8,4,10.0,10,10,2025-07-13,2025-07-13,2020-12-15,148,1671,0.01763668430335097,9.0,1,1,1,4.0,1729.89,192.21,0.0005980861244019139,3044.6064,31.057271095152604,0.1615798922800718,4.0,3836.204064,1.0,0.21843207660083783,377.86346499102336,1.9658886894075405,54.660797127468584,4.578082191780822,0.21843207660083783,31.057271095152604,19028.79,0.0005980861244019139,1.8209368421052632,44.0,2.0,At Risk,Very High Value,Low Frequency
CUST1670,30,Male,UK,active,1,9,251.73,251.73,27.97,4.0,3,14.0,14,14,2023-11-07,2023-11-07,2022-09-23,762,410,0.06818181818181819,9.0,1,1,1,3.0,251.73,27.97,0.0024330900243309003,453.114,18.419268292682926,0.6585365853658537,3.0,589.0482,1.0,0.8902439024390244,224.1010975609756,8.012195121951219,33.15468292682927,1.1232876712328768,0.8902439024390244,18.419268292682926,3775.95,0.0024330900243309003,1.1024671532846715,45.0,2.0,Long Inactive,Low Value,Low Frequency
CUST1671,53,Female,Pakistan,cancelled,1,6,1024.44,1024.44,170.74,3.9,4,39.0,39,39,2023-03-03,2023-03-03,2022-06-12,1011,264,0.1020408163265306,6.0,1,1,1,4.0,1024.44,170.74,0.0037735849056603774,1823.5032,116.41363636363636,0.6818181818181818,4.0,2334.084096,1.0,1.3825757575757576,1416.365909090909,8.295454545454545,207.21627272727272,0.7232876712328767,1.3825757575757576,116.41363636363636,40977.600000000006,0.0037735849056603774,6.881144150943396,160.0,2.0,Long Inactive,Medium Value,Low Frequency
CUST1672,56,Female,Pakistan,cancelled,1,5,624.85,624.85,124.97,4.1,1,21.0,21,21,2023-02-18,2023-02-18,2022-08-19,1024,183,0.14084507042253522,5.0,1,1,1,1.0,624.85,124.97,0.005434782608695652,1137.2269999999999,102.4344262295082,0.819672131147541,1.0,1501.1396399999996,1.0,1.9945355191256828,1246.285519125683,9.972677595628415,186.4306557377049,0.5013698630136987,1.9945355191256828,102.4344262295082,13746.7,0.005434782608695652,6.180581521739129,22.0,2.0,Long Inactive,Medium Value,Low Frequency
CUST1673,48,Female,Pakistan,paused,1,7,547.3299999999999,547.3299999999999,78.19,4.3,2,30.0,30,30,2022-06-07,2022-06-07,2021-03-12,1280,452,0.06224066390041494,7.0,1,1,1,2.0,547.3299999999999,78.18999999999998,0.002207505518763797,1018.0337999999998,36.32721238938053,0.4646017699115044,2.0,1384.5259679999997,1.0,0.8075221238938053,441.9810840707964,5.652654867256637,67.56861504424778,1.2383561643835617,0.8075221238938053,36.32721238938053,16967.229999999996,0.002207505518763797,2.247315231788079,62.0,2.0,Long Inactive,Low Value,Low Frequency
CUST1674,25,Male,USA,active,1,5,1505.35,1505.35,301.07,4.4,5,10.0,10,10,2025-01-31,2025-01-31,2023-02-21,311,710,0.040540540540540536,5.0,1,1,1,5.0,1505.35,301.07,0.0014064697609001407,2830.058,63.606338028169006,0.2112676056338028,5.0,3905.4800400000004,1.0,0.5140845070422535,773.8771126760563,2.5704225352112675,119.57991549295774,1.9452054794520548,0.5140845070422535,63.606338028169006,16558.85,0.0014064697609001407,3.9803909985935304,55.0,2.0,Long Inactive,Very High Value,Low Frequency
CUST1675,42,Male,USA,paused,1,5,259.05,259.05,51.81,4.3,4,31.0,31,31,2023-04-09,2023-04-09,2022-04-10,974,364,0.07614213197969544,5.0,1,1,1,4.0,259.05,51.81,0.0027397260273972603,481.83299999999997,21.350274725274726,0.4120879120879121,4.0,655.2928799999999,1.0,1.0027472527472527,259.7616758241758,5.013736263736264,39.71151098901099,0.9972602739726028,1.0027472527472527,21.350274725274726,8289.6,0.0027397260273972603,1.320090410958904,128.0,2.0,Long Inactive,Low Value,Low Frequency
CUST1676,28,Female,India,cancelled,1,2,1635.1,1635.1,817.55,4.3,0,1.0,1,1,2023-03-18,2023-03-18,2022-05-10,996,312,0.08771929824561403,2.0,1,1,1,0.0,1635.1,817.55,0.003194888178913738,3041.2859999999996,157.22115384615384,0.1923076923076923,0.0,4136.1489599999995,1.0,1.1698717948717947,1912.8573717948716,2.3397435897435894,292.4313461538461,0.8547945205479452,1.1698717948717947,157.22115384615384,3270.2,0.003194888178913738,9.716568690095844,0.0,2.0,Long Inactive,Very High Value,Low Frequency
CUST1677,20,Male,USA,cancelled,1,2,940.8,940.8,470.4,4.1,2,19.0,19,19,2025-11-04,2025-11-04,2023-07-23,34,835,0.034682080924855495,2.0,1,1,1,2.0,940.8,470.4,0.0011961722488038277,1712.2559999999999,33.80119760479042,0.0718562874251497,2.0,2260.1779199999996,1.0,0.43712574850299407,411.2479041916168,0.8742514970059881,61.51817964071856,2.287671232876712,0.43712574850299407,33.80119760479042,18816.0,0.0011961722488038277,2.0481531100478465,40.0,2.0,Recent,Medium Value,Low Frequency
CUST1678,52,Female,Canada,paused,1,6,1464.84,1464.84,244.14,4.4,2,10.0,10,10,2024-05-18,2024-05-18,2023-02-06,569,467,0.060362173038229376,6.0,1,1,1,2.0,1464.84,244.14,0.002136752136752137,2753.8992,94.10107066381156,0.3854389721627409,2.0,3800.380896,1.0,0.7815845824411135,1144.8963597430406,4.689507494646681,176.91001284796573,1.2794520547945205,0.7815845824411135,94.10107066381156,16113.24,0.002136752136752137,5.8844,22.0,2.0,Long Inactive,High Value,Low Frequency
CUST1679,66,Female,Pakistan,active,1,3,285.6,285.6,95.2,4.4,2,6.0,6,6,2021-09-17,2021-09-17,2021-06-26,1543,83,0.26548672566371684,3.0,1,1,1,2.0,285.6,95.2,0.011904761904761904,536.9280000000001,103.2289156626506,1.0843373493975903,2.0,740.9606400000002,1.0,4.397590361445783,1255.9518072289156,13.192771084337348,194.07036144578316,0.2273972602739726,4.397590361445783,103.2289156626506,1999.2000000000003,0.011904761904761904,6.392000000000001,14.0,2.0,Long Inactive,Low Value,Low Frequency
CUST1680,57,Male,Canada,active,1,2,1341.32,1341.32,670.66,3.8,2,24.0,24,24,2025-02-18,2025-02-18,2023-05-23,293,637,0.04497751124437781,2.0,1,1,1,2.0,1341.32,670.66,0.001567398119122257,2360.7232,63.170486656200936,0.09419152276295133,2.0,2974.511232,1.0,0.5729984301412873,768.5742543171114,1.1459968602825745,111.18005651491364,1.7452054794520548,0.5729984301412873,63.170486656200936,33533.0,0.001567398119122257,3.700193103448276,50.0,2.0,Long Inactive,High Value,Low Frequency
CUST1681,40,Male,India,active,1,1,213.06,213.06,213.06,3.8,3,13.0,13,13,2024-01-17,2024-01-17,2022-06-28,691,568,0.05016722408026756,1.0,1,1,1,3.0,213.06,213.06,0.0017574692442882249,374.98560000000003,11.253169014084508,0.0528169014084507,3.0,472.48185600000005,1.0,0.6426056338028169,136.91355633802817,0.6426056338028169,19.805577464788733,1.5561643835616439,0.6426056338028169,11.253169014084508,2982.84,0.0017574692442882249,0.6590256590509667,42.0,2.0,Long Inactive,Low Value,Low Frequency
CUST1682,39,Female,India,active,1,8,291.6,291.6,36.45,4.0,5,48.0,48,48,2022-10-17,2022-10-17,2021-03-03,1148,593,0.048154093097913325,8.0,1,1,1,5.0,291.6,36.45,0.0016835016835016834,524.8800000000001,14.752107925801013,0.40472175379426645,5.0,682.3440000000002,1.0,0.6155143338954469,179.48397976391232,4.924114671163575,26.553794266441827,1.6246575342465754,0.6155143338954469,14.752107925801013,14288.400000000001,0.0016835016835016834,0.8836363636363638,245.0,2.0,Long Inactive,Low Value,Low Frequency
CUST1683,63,Male,India,active,1,7,24.709999999999997,24.709999999999997,3.53,4.4,4,15.0,15,15,2024-07-15,2024-07-15,2020-11-10,511,1343,0.021849963583394028,7.0,1,1,1,4.0,24.709999999999997,3.53,0.000744047619047619,46.4548,0.5519731943410275,0.1563663440059568,4.0,64.107624,1.0,0.2717795979151154,6.715673864482501,1.9024571854058079,1.0377096053611319,3.6794520547945204,0.2717795979151154,0.5519731943410275,395.35999999999996,0.000744047619047619,0.03456458333333333,64.0,2.0,Long Inactive,Low Value,Low Frequency
CUST1684,40,Male,India,active,1,1,1951.85,1951.85,1951.85,4.4,1,24.0,24,24,2025-04-03,2025-04-03,2022-04-13,249,1086,0.026881720430107524,1.0,1,1,1,1.0,1951.85,1951.85,0.0009199632014719411,3669.478,53.91850828729281,0.027624309392265192,1.0,5063.87964,1.0,0.3360957642725598,656.008517495396,0.3360957642725598,101.36679558011049,2.9753424657534246,0.3360957642725598,53.91850828729281,48796.25,0.0009199632014719411,3.3757847286108555,25.0,2.0,Long Inactive,Very High Value,Low Frequency
CUST1685,64,Female,USA,active,1,6,74.34,74.34,12.39,4.5,3,1.0,1,1,2023-01-25,2023-01-25,2022-09-03,1048,144,0.1724137931034483,6.0,1,1,1,3.0,74.34,12.39,0.006896551724137931,141.246,15.4875,1.25,3.0,197.7444,1.0,2.5347222222222223,188.43125,15.208333333333334,29.426250000000003,0.39452054794520547,2.5347222222222223,15.4875,148.68,0.006896551724137931,0.9741103448275863,6.0,2.0,Long Inactive,Low Value,Low Frequency
CUST1686,39,Female,Pakistan,paused,1,3,85.44,85.44,28.48,4.0,1,15.0,15,15,2021-03-26,2021-03-26,2021-06-01,1718,0,1.0,3.0,1,1,1,1.0,85.44,28.48,1.0,153.792,854.4,30.0,1.0,199.92960000000002,1.0,365.0,31185.6,1095.0,1537.9199999999998,0.0,365.0,854.4,1367.04,1.0,153.792,16.0,2.0,Long Inactive,Low Value,Low Frequency
CUST1687,48,Male,Canada,active,1,2,1707.94,1707.94,853.97,4.0,0,14.0,14,14,2024-08-25,2024-08-25,2022-03-15,470,894,0.032467532467532464,2.0,1,1,1,0.0,1707.94,853.97,0.0011173184357541898,3074.2920000000004,57.31342281879195,0.06711409395973154,0.0,3996.5796000000005,1.0,0.4082774049217002,697.3133109619687,0.8165548098434005,103.16416107382551,2.4493150684931506,0.4082774049217002,57.31342281879195,25619.100000000002,0.0011173184357541898,3.43496312849162,0.0,2.0,Long Inactive,Very High Value,Low Frequency
CUST1688,34,Male,USA,active,1,4,597.96,597.96,149.49,4.3,4,33.0,33,33,2024-11-23,2024-11-23,2020-10-24,380,1491,0.01972386587771203,4.0,1,1,1,4.0,597.96,149.49,0.0006702412868632708,1112.2056,12.03138832997988,0.08048289738430583,4.0,1512.599616,1.0,0.2448021462105969,146.38189134808852,0.9792085848423876,22.378382293762574,4.0849315068493155,0.2448021462105969,12.03138832997988,20330.64,0.0006702412868632708,0.7454461126005362,136.0,2.0,Long Inactive,Medium Value,Low Frequency
CUST1689,42,Male,USA,cancelled,1,3,139.98,139.98,46.66,4.2,3,24.0,24,24,2021-12-30,2021-12-30,2021-05-07,1439,237,0.11235955056179775,3.0,1,1,1,3.0,139.98,46.66,0.004201680672268907,257.5632,17.71898734177215,0.37974683544303794,3.0,345.13468800000004,1.0,1.540084388185654,215.58101265822782,4.620253164556962,32.60293670886076,0.6493150684931507,1.540084388185654,17.71898734177215,3499.4999999999995,0.004201680672268907,1.082198319327731,75.0,2.0,Long Inactive,Low Value,Low Frequency
CUST1690,43,Male,UK,paused,1,9,1171.71,1171.71,130.19,3.8,4,44.0,44,44,2023-09-11,2023-09-11,2023-05-18,819,116,0.2054794520547945,9.0,1,1,1,4.0,1171.71,130.19,0.008547008547008548,2062.2096,303.0284482758621,2.3275862068965516,4.0,2598.384096,1.0,3.1465517241379306,3686.846120689655,28.318965517241377,533.3300689655173,0.3178082191780822,3.1465517241379306,303.0284482758621,52726.950000000004,0.008547008547008548,17.62572307692308,180.0,2.0,Long Inactive,High Value,Low Frequency
CUST1691,24,Female,USA,active,1,3,1584.6000000000001,1584.6000000000001,528.2,4.3,1,11.0,11,11,2024-02-07,2024-02-07,2021-04-16,670,1027,0.028382213812677387,3.0,1,1,1,1.0,1584.6000000000001,528.2,0.0009727626459143969,2947.356,46.28821811100293,0.08763388510223953,1.0,4008.40416,1.0,0.35540408958130476,563.1733203505356,1.0662122687439144,86.09608568646544,2.813698630136986,0.35540408958130476,46.28821811100293,19015.2,0.0009727626459143969,2.8670778210116734,12.0,2.0,Long Inactive,Very High Value,Low Frequency
CUST1692,35,Male,USA,active,1,7,1324.26,1324.26,189.18,4.1,0,19.0,19,19,2023-03-30,2023-03-30,2021-05-25,984,674,0.04261363636363637,7.0,1,1,1,0.0,1324.26,189.18,0.0014814814814814814,2410.1531999999997,58.9433234421365,0.31157270029673595,0.0,3181.4022239999995,1.0,0.5415430267062314,717.143768545994,3.7908011869436202,107.27684866468843,1.8465753424657534,0.5415430267062314,58.9433234421365,26485.2,0.0014814814814814814,3.5705973333333327,0.0,2.0,Long Inactive,High Value,Low Frequency
CUST1693,51,Female,India,active,1,6,273.71999999999997,273.71999999999997,45.62,4.3,4,38.0,38,38,2024-01-17,2024-01-17,2022-10-02,691,472,0.0597609561752988,6.0,1,1,1,4.0,273.71999999999997,45.62,0.0021141649048625794,509.1191999999999,17.397457627118644,0.38135593220338987,4.0,692.4021119999999,1.0,0.7733050847457626,211.66906779661014,4.639830508474576,32.35927118644067,1.2931506849315069,0.7733050847457626,17.397457627118644,10675.079999999998,0.0021141649048625794,1.0763619450317123,156.0,2.0,Long Inactive,Low Value,Low Frequency
CUST1694,65,Male,Canada,cancelled,1,5,432.65,432.65,86.53,4.0,4,30.0,30,30,2024-04-19,2024-04-19,2021-05-13,598,1072,0.02722323049001815,5.0,1,1,1,4.0,432.65,86.53,0.0009319664492078285,778.77,12.107742537313431,0.13992537313432835,4.0,1012.4010000000001,1.0,0.34048507462686567,147.31086753731344,1.7024253731343284,21.793936567164177,2.936986301369863,0.34048507462686567,12.107742537313431,13412.15,0.0009319664492078285,0.7257875116495806,124.0,2.0,Long Inactive,Low Value,Low Frequency
CUST1695,39,Female,Pakistan,cancelled,1,9,174.33,174.33,19.37,4.3,4,22.0,22,22,2024-05-09,2024-05-09,2023-02-16,578,448,0.06276150627615062,9.0,1,1,1,4.0,174.33,19.37,0.0022271714922048997,324.2538,11.67388392857143,0.6026785714285714,4.0,440.985168,1.0,0.8147321428571428,142.03225446428573,7.332589285714286,21.713424107142856,1.2273972602739727,0.8147321428571428,11.67388392857143,4009.59,0.0022271714922048997,0.7221688195991092,92.0,2.0,Long Inactive,Low Value,Low Frequency
CUST1696,65,Male,Canada,cancelled,1,3,1070.67,1070.67,356.89,4.2,5,11.0,11,11,2022-11-27,2022-11-27,2021-09-29,1107,424,0.06607929515418502,3.0,1,1,1,5.0,1070.67,356.89000000000004,0.002352941176470588,1970.0328000000002,75.75495283018869,0.21226415094339623,5.0,2639.843952,1.0,0.8608490566037736,921.6852594339624,2.582547169811321,139.38911320754718,1.1616438356164382,0.8608490566037736,75.75495283018869,12848.04,0.002352941176470588,4.635371294117647,60.0,2.0,Long Inactive,High Value,Low Frequency
CUST1697,47,Female,UK,active,1,9,1976.22,1976.22,219.58,4.0,4,14.0,14,14,2021-11-08,2021-11-08,2020-04-09,1491,578,0.049342105263157895,9.0,1,1,1,4.0,1976.22,219.58,0.0017271157167530224,3557.196,102.5719723183391,0.4671280276816609,4.0,4624.3548,1.0,0.6314878892733564,1247.9589965397925,5.6833910034602075,184.6295501730104,1.5835616438356164,0.6314878892733564,102.5719723183391,29643.3,0.0017271157167530224,6.143689119170984,60.0,2.0,Long Inactive,Very High Value,Low Frequency
CUST1698,31,Male,UK,active,1,1,1371.02,1371.02,1371.02,4.4,4,3.0,3,3,2025-07-19,2025-07-19,2021-12-26,142,1301,0.022539444027047332,1.0,1,1,1,4.0,1371.02,1371.02,0.0007680491551459293,2577.5176,31.614604150653342,0.023059185242121444,4.0,3556.9742880000003,1.0,0.2805534204458109,384.64435049961565,0.2805534204458109,59.43545580322829,3.5643835616438357,0.2805534204458109,31.614604150653342,5484.08,0.0007680491551459293,1.9796602150537634,16.0,2.0,At Risk,High Value,Low Frequency
CUST1699,18,Male,Canada,paused,1,7,206.78,206.78,29.54,4.4,4,4.0,4,4,2022-08-29,2022-08-29,2021-09-25,1197,338,0.08152173913043478,7.0,1,1,1,4.0,206.78,29.54,0.0029498525073746312,388.74640000000005,18.353254437869822,0.621301775147929,4.0,536.4700320000001,1.0,1.0798816568047338,223.29792899408284,7.559171597633136,34.504118343195266,0.9260273972602739,1.0798816568047338,18.353254437869822,1033.9,0.0029498525073746312,1.1467445427728615,20.0,2.0,Long Inactive,Low Value,Low Frequency
CUST1700,55,Male,Canada,paused,1,4,621.8,621.8,155.45,4.5,4,15.0,15,15,2024-07-15,2024-07-15,2022-05-01,511,806,0.03588516746411483,4.0,1,1,1,4.0,621.8,155.45,0.0012391573729863693,1181.4199999999998,23.143920595533498,0.1488833746898263,4.0,1653.9879999999996,1.0,0.45285359801488834,281.5843672456575,1.8114143920595533,43.97344913151364,2.208219178082192,0.45285359801488834,23.143920595533498,9948.8,0.0012391573729863693,1.4639653035935563,64.0,2.0,Long Inactive,Medium Value,Low Frequency
CUST1701,29,Female,Canada,paused,1,5,127.44999999999999,127.44999999999999,25.49,4.2,5,21.0,21,21,2023-04-09,2023-04-09,2023-01-29,974,70,0.3,5.0,1,1,1,5.0,127.44999999999999,25.49,0.014084507042253521,234.50799999999998,54.62142857142857,2.142857142857143,5.0,314.24072,1.0,5.214285714285714,664.5607142857143,26.071428571428573,100.50342857142856,0.1917808219178082,5.214285714285714,54.62142857142857,2803.8999999999996,0.014084507042253521,3.3029295774647887,110.0,2.0,Long Inactive,Low Value,Low Frequency
CUST1702,69,Female,Pakistan,active,1,7,130.76,130.76,18.68,4.1,5,24.0,24,24,2025-07-08,2025-07-08,2023-07-20,153,719,0.04005340453938585,7.0,1,1,1,5.0,130.76,18.68,0.001388888888888889,237.98319999999995,5.455910987482615,0.29207232267037553,5.0,314.1378239999999,1.0,0.5076495132127955,66.38025034770514,3.553546592489569,9.929757997218358,1.9698630136986301,0.5076495132127955,5.455910987482615,3269.0,0.001388888888888889,0.33053222222222217,125.0,2.0,At Risk,Low Value,Low Frequency
CUST1703,65,Female,Canada,active,1,1,1143.02,1143.02,1143.02,4.5,5,32.0,32,32,2024-03-16,2024-03-16,2021-11-20,632,847,0.03420752565564424,1.0,1,1,1,5.0,1143.02,1143.02,0.0011792452830188679,2171.738,40.48476977567886,0.03541912632821723,5.0,3040.4331999999995,1.0,0.4309327036599764,492.56469893742616,0.4309327036599764,76.92106257378984,2.3205479452054796,0.4309327036599764,40.48476977567886,37719.659999999996,0.0011792452830188679,2.5610117924528297,165.0,2.0,Long Inactive,High Value,Low Frequency
CUST1704,56,Female,UK,paused,1,9,158.58,158.58,17.62,4.2,3,5.0,5,5,2024-12-03,2024-12-03,2023-01-07,370,696,0.04132231404958678,9.0,1,1,1,3.0,158.58,17.62,0.0014347202295552368,291.78720000000004,6.835344827586208,0.3879310344827586,3.0,390.9948480000001,1.0,0.5244252873563219,83.16336206896553,4.719827586206897,12.577034482758624,1.906849315068493,0.5244252873563219,6.835344827586208,951.48,0.0014347202295552368,0.41863299856527986,18.0,2.0,Long Inactive,Low Value,Low Frequency
CUST1705,31,Female,USA,active,1,7,1172.01,1172.01,167.43,4.3,2,15.0,15,15,2024-12-16,2024-12-16,2023-03-23,357,634,0.045180722891566265,7.0,1,1,1,2.0,1172.01,167.43,0.0015748031496062992,2179.9386,55.45788643533123,0.3312302839116719,2.0,2964.7164959999996,1.0,0.5757097791798107,674.73761829653,4.029968454258675,103.15166876971608,1.736986301369863,0.5757097791798107,55.45788643533123,18752.16,0.0015748031496062992,3.4329741732283465,32.0,2.0,Long Inactive,High Value,Low Frequency
CUST1706,40,Female,UK,active,1,5,1224.25,1224.25,244.85,3.9,1,34.0,34,34,2023-06-25,2023-06-25,2023-02-05,897,140,0.1764705882352941,5.0,1,1,1,1.0,1224.25,244.85,0.0070921985815602835,2179.165,262.3392857142857,1.0714285714285714,1.0,2789.3312,1.0,2.607142857142857,3191.794642857143,13.035714285714286,466.96392857142854,0.3835616438356164,2.607142857142857,262.3392857142857,42848.75,0.0070921985815602835,15.455070921985815,35.0,2.0,Long Inactive,High Value,Low Frequency
CUST1707,44,Female,USA,cancelled,1,7,517.79,517.79,73.97,4.5,1,46.0,46,46,2023-10-10,2023-10-10,2022-06-05,790,492,0.0574712643678161,7.0,1,1,1,1.0,517.79,73.97,0.002028397565922921,983.8009999999999,31.572560975609758,0.426829268292683,1.0,1377.3213999999998,1.0,0.741869918699187,384.132825203252,5.193089430894309,59.98786585365854,1.347945205479452,0.741869918699187,31.572560975609758,24336.129999999997,0.002028397565922921,1.9955395537525353,47.0,2.0,Long Inactive,Low Value,Low Frequency
CUST1708,47,Female,Canada,active,1,2,1797.52,1797.52,898.76,4.1,1,26.0,26,26,2024-06-15,2024-06-15,2023-01-25,541,507,0.0558659217877095,2.0,1,1,1,1.0,1797.52,898.76,0.001968503937007874,3271.4864,106.3621301775148,0.1183431952662722,1.0,4318.362047999999,1.0,0.7199211045364892,1294.07258382643,1.4398422090729783,193.57907692307694,1.389041095890411,0.7199211045364892,106.3621301775148,48533.04,0.001968503937007874,6.439933858267716,27.0,2.0,Long Inactive,Very High Value,Low Frequency
CUST1709,51,Male,Germany,cancelled,1,4,837.44,837.44,209.36,4.2,3,36.0,36,36,2022-08-26,2022-08-26,2021-08-01,1200,390,0.07142857142857142,4.0,1,1,1,3.0,837.44,209.36,0.0025575447570332483,1540.8896000000002,64.41846153846154,0.3076923076923077,3.0,2064.792064,1.0,0.9358974358974359,783.7579487179487,3.7435897435897436,118.52996923076924,1.0684931506849316,0.9358974358974359,64.41846153846154,30985.280000000002,0.0025575447570332483,3.9408941176470598,111.0,2.0,Long Inactive,Medium Value,Low Frequency
CUST1710,22,Female,UK,active,1,9,1287.36,1287.36,143.04,3.8,5,45.0,45,45,2022-03-20,2022-03-20,2022-02-16,1359,32,0.48387096774193555,9.0,1,1,1,5.0,1287.36,143.04,0.030303030303030304,2265.7536,1206.8999999999999,8.4375,5.0,2854.849536,1.0,11.40625,14683.949999999999,102.65625,2124.1440000000002,0.08767123287671233,11.40625,1206.8999999999999,59218.56,0.030303030303030304,68.6592,230.0,2.0,Long Inactive,High Value,Low Frequency
CUST1711,19,Male,Canada,active,1,4,657.36,657.36,164.34,4.3,4,47.0,47,47,2025-02-27,2025-02-27,2023-08-16,284,561,0.050761421319796954,4.0,1,1,1,4.0,657.36,164.34,0.0017793594306049821,1222.6896,35.15294117647059,0.21390374331550802,4.0,1662.8578559999999,1.0,0.6506238859180036,427.6941176470588,2.6024955436720143,65.38447058823529,1.536986301369863,0.6506238859180036,35.15294117647059,31553.28,0.0017793594306049821,2.175604270462633,192.0,2.0,Long Inactive,Medium Value,Low Frequency
CUST1712,67,Female,Germany,active,1,7,1316.77,1316.77,188.11,3.9,2,16.0,16,16,2023-01-25,2023-01-25,2022-01-29,1048,361,0.07672634271099744,7.0,1,1,1,2.0,1316.77,188.10999999999999,0.0027624309392265192,2343.8506,109.42686980609419,0.5817174515235457,2.0,3000.1287680000005,1.0,1.0110803324099722,1331.360249307479,7.077562326869805,194.77982825484767,0.989041095890411,1.0110803324099722,109.42686980609419,22385.09,0.0027624309392265192,6.4747254143646416,34.0,2.0,Long Inactive,High Value,Low Frequency
CUST1713,33,Male,Canada,cancelled,1,5,1719.4499999999998,1719.4499999999998,343.89,4.3,1,32.0,32,32,2025-01-13,2025-01-13,2022-12-08,329,767,0.037641154328732745,5.0,1,1,1,1.0,1719.4499999999998,343.89,0.0013020833333333333,3198.176999999999,67.25358539765318,0.19556714471968709,1.0,4349.520719999999,1.0,0.4758800521512386,818.251955671447,2.3794002607561926,125.0916688396349,2.1013698630136988,0.4758800521512386,67.25358539765318,56741.84999999999,0.0013020833333333333,4.164292968749999,33.0,2.0,Long Inactive,Very High Value,Low Frequency
CUST1714,67,Male,Canada,cancelled,1,4,1167.08,1167.08,291.77,4.3,1,41.0,41,41,2021-10-09,2021-10-09,2021-05-13,1521,149,0.16759776536312848,4.0,1,1,1,1.0,1167.08,291.77,0.006666666666666667,2170.7688,234.98255033557044,0.8053691275167785,1.0,2952.2455679999994,1.0,2.4496644295302015,2858.9543624161074,9.798657718120806,437.06754362416103,0.40821917808219177,2.4496644295302015,234.98255033557044,49017.36,0.006666666666666667,14.471792,42.0,2.0,Long Inactive,High Value,Low Frequency
CUST1715,67,Male,UK,active,1,5,1446.9,1446.9,289.38,3.9,5,46.0,46,46,2025-06-14,2025-06-14,2023-08-14,177,670,0.04285714285714286,5.0,1,1,1,5.0,1446.9,289.38,0.0014903129657228018,2575.4820000000004,64.78656716417912,0.22388059701492538,5.0,3296.6169600000007,1.0,0.5447761194029851,788.2365671641792,2.7238805970149254,115.32008955223883,1.8356164383561644,0.5447761194029851,64.78656716417912,68004.3,0.0014903129657228018,3.8382742175856936,235.0,2.0,At Risk,High Value,Low Frequency
CUST1716,59,Male,USA,active,1,8,1479.36,1479.36,184.92,3.7,2,12.0,12,12,2024-07-15,2024-07-15,2022-05-04,511,803,0.03601440576230492,8.0,1,1,1,2.0,1479.36,184.92,0.0012437810945273632,2574.0863999999997,55.26874221668742,0.29887920298879206,2.0,3191.8671359999994,1.0,0.45454545454545453,672.4363636363636,3.6363636363636362,96.1676114570361,2.2,0.45454545454545453,55.26874221668742,19231.68,0.0012437810945273632,3.2015999999999996,26.0,2.0,Long Inactive,High Value,Low Frequency
CUST1717,68,Female,Pakistan,paused,1,8,764.8,764.8,95.6,4.2,1,38.0,38,38,2023-10-26,2023-10-26,2021-02-09,774,989,0.02944062806673209,8.0,1,1,1,1.0,764.8,95.6,0.00101010101010101,1407.232,23.199191102123354,0.24266936299292213,1.0,1885.69088,1.0,0.3690596562184024,282.2568250758342,2.9524772497472194,42.686511627906974,2.7095890410958905,0.3690596562184024,23.199191102123354,29827.199999999997,0.00101010101010101,1.4214464646464646,39.0,2.0,Long Inactive,Medium Value,Low Frequency
CUST1718,46,Male,UK,active,1,7,84.35000000000001,84.35000000000001,12.05,4.3,4,12.0,12,12,2022-01-16,2022-01-16,2020-10-26,1422,447,0.06289308176100629,7.0,1,1,1,4.0,84.35000000000001,12.05,0.002232142857142857,156.89100000000002,5.661073825503356,0.4697986577181208,4.0,213.37176,1.0,0.8165548098434005,68.87639821029083,5.715883668903803,10.529597315436243,1.2246575342465753,0.8165548098434005,5.661073825503356,1096.5500000000002,0.002232142857142857,0.350203125,52.0,2.0,Long Inactive,Low Value,Low Frequency
CUST1719,34,Female,UK,cancelled,1,2,1754.96,1754.96,877.48,4.2,3,45.0,45,45,2023-05-18,2023-05-18,2022-12-25,935,144,0.1724137931034483,2.0,1,1,1,3.0,1754.96,877.48,0.006896551724137931,3229.1264,365.6166666666667,0.4166666666666667,3.0,4327.029376,1.0,2.5347222222222223,4448.336111111112,5.069444444444445,672.7346666666667,0.39452054794520547,2.5347222222222223,365.6166666666667,80728.16,0.006896551724137931,22.26983724137931,138.0,2.0,Long Inactive,Very High Value,Low Frequency
CUST1720,36,Female,USA,paused,1,7,903.7700000000001,903.7700000000001,129.11,3.9,3,49.0,49,49,2024-08-20,2024-08-20,2021-07-02,475,1145,0.025531914893617023,7.0,1,1,1,3.0,903.7700000000001,129.11,0.0008726003490401396,1608.7106,23.679563318777298,0.18340611353711792,3.0,2059.1495680000003,1.0,0.3187772925764192,288.1013537117904,2.2314410480349345,42.14962270742359,3.136986301369863,0.3187772925764192,23.679563318777298,45188.50000000001,0.0008726003490401396,1.4037614310645725,150.0,2.0,Long Inactive,Medium Value,Low Frequency
CUST1721,18,Female,UK,active,1,1,699.1,699.1,699.1,4.3,1,29.0,29,29,2022-05-15,2022-05-15,2021-07-22,1303,297,0.09174311926605504,1.0,1,1,1,1.0,699.1,699.1,0.003355704697986577,1300.326,70.61616161616162,0.10101010101010101,1.0,1768.4433599999998,1.0,1.228956228956229,859.1632996632997,1.228956228956229,131.3460606060606,0.8136986301369863,1.228956228956229,70.61616161616162,20973.0,0.003355704697986577,4.363510067114094,30.0,2.0,Long Inactive,Medium Value,Low Frequency
CUST1722,19,Female,UK,active,1,6,61.92,61.92,10.32,3.7,3,4.0,4,4,2024-05-05,2024-05-05,2021-01-17,582,1204,0.024311183144246355,6.0,1,1,1,3.0,61.92,10.32,0.0008298755186721991,107.74080000000001,1.542857142857143,0.14950166112956811,3.0,133.598592,1.0,0.30315614617940195,18.771428571428572,1.8189368770764118,2.6845714285714286,3.2986301369863016,0.30315614617940195,1.542857142857143,309.6,0.0008298755186721991,0.08941145228215767,15.0,2.0,Long Inactive,Low Value,Low Frequency
CUST1723,28,Female,Pakistan,active,1,9,1764.8999999999999,1764.8999999999999,196.1,4.3,1,15.0,15,15,2025-02-08,2025-02-08,2022-09-16,303,876,0.033112582781456956,9.0,1,1,1,1.0,1764.8999999999999,196.1,0.0011402508551881414,3282.7139999999995,60.4417808219178,0.3082191780821918,1.0,4464.491039999999,1.0,0.4166666666666667,735.375,3.75,112.42171232876711,2.4,0.4166666666666667,60.4417808219178,28238.399999999998,0.0011402508551881414,3.743117445838084,16.0,2.0,Long Inactive,Very High Value,Low Frequency
CUST1724,49,Male,UK,active,1,9,1562.7599999999998,1562.7599999999998,173.64,4.3,1,16.0,16,16,2025-01-28,2025-01-28,2023-07-02,314,576,0.04950495049504951,9.0,1,1,1,1.0,1562.7599999999998,173.64,0.0017331022530329288,2906.7335999999996,81.39375,0.46875,1.0,3953.157695999999,1.0,0.6336805555555556,990.2906249999999,5.703125,151.392375,1.5780821917808219,0.6336805555555556,81.39375,26566.919999999995,0.0017331022530329288,5.037666551126516,17.0,2.0,Long Inactive,Very High Value,Low Frequency
CUST1725,39,Female,India,cancelled,1,5,1033.25,1033.25,206.65,3.9,5,43.0,43,43,2024-12-26,2024-12-26,2022-07-19,347,891,0.03257328990228013,5.0,1,1,1,5.0,1033.25,206.65,0.0011210762331838565,1839.185,34.78956228956229,0.16835016835016836,5.0,2354.1568,1.0,0.40965207631874295,423.27300785634117,2.048260381593715,61.925420875420876,2.441095890410959,0.40965207631874295,34.78956228956229,45463.0,0.0011210762331838565,2.061866591928251,220.0,2.0,Long Inactive,Medium Value,Low Frequency
CUST1726,18,Male,Canada,active,1,1,477.57,477.57,477.57,4.4,1,41.0,41,41,2023-03-21,2023-03-21,2023-04-01,993,0,1.0,1.0,1,1,1,1.0,477.57,477.57,1.0,897.8316000000001,4775.7,10.0,1.0,1239.0076080000003,1.0,365.0,174313.05,365.0,8978.316,0.0,365.0,4775.7,20057.94,1.0,897.8316000000001,42.0,2.0,Long Inactive,Low Value,Low Frequency
CUST1727,53,Female,Pakistan,active,1,6,413.40000000000003,413.40000000000003,68.9,4.0,0,17.0,17,17,2022-11-22,2022-11-22,2021-02-04,1112,656,0.043731778425655975,6.0,1,1,1,0.0,413.40000000000003,68.9,0.0015220700152207,744.1200000000001,18.90548780487805,0.27439024390243905,0.0,967.3560000000002,1.0,0.5564024390243902,230.01676829268294,3.3384146341463414,34.02987804878049,1.7972602739726027,0.5564024390243902,18.90548780487805,7441.200000000001,0.0015220700152207,1.1326027397260274,0.0,2.0,Long Inactive,Low Value,Low Frequency
CUST1728,65,Female,Germany,active,1,7,1671.8100000000002,1671.8100000000002,238.83,4.5,3,22.0,22,22,2024-12-16,2024-12-16,2023-11-03,357,409,0.0683371298405467,7.0,1,1,1,3.0,1671.8100000000002,238.83,0.0024390243902439024,3176.4390000000003,122.62665036674818,0.5134474327628362,3.0,4447.0146,1.0,0.8924205378973106,1491.957579462103,6.2469437652811735,232.99063569682156,1.1205479452054794,0.8924205378973106,122.62665036674818,38451.630000000005,0.0024390243902439024,7.747412195121952,69.0,2.0,Long Inactive,Very High Value,Low Frequency
CUST1729,62,Male,India,paused,1,5,601.4,601.4,120.28,3.9,0,46.0,46,46,2025-05-23,2025-05-23,2021-09-28,199,1333,0.022010271460014674,5.0,1,1,1,0.0,601.4,120.28,0.0007496251874062968,1070.492,13.534883720930234,0.11252813203300827,0.0,1370.22976,1.0,0.2738184546136534,164.67441860465115,1.369092273068267,24.092093023255813,3.652054794520548,0.2738184546136534,13.534883720930234,28265.8,0.0007496251874062968,0.8024677661169415,0.0,2.0,Long Inactive,Medium Value,Low Frequency
CUST1730,51,Male,Germany,active,1,1,880.32,880.32,880.32,4.3,0,30.0,30,30,2024-04-04,2024-04-04,2021-12-03,613,853,0.03397508493771234,1.0,1,1,1,0.0,880.32,880.32,0.00117096018735363,1637.3952,30.96084407971864,0.035169988276670575,0.0,2226.8574719999997,1.0,0.42790152403282533,376.69026963657683,0.42790152403282533,57.58716998827667,2.336986301369863,0.42790152403282533,30.96084407971864,27289.920000000002,0.00117096018735363,1.9173245901639344,0.0,2.0,Long Inactive,Medium Value,Low Frequency
CUST1731,63,Female,Germany,active,1,1,425.19,425.19,425.19,4.2,1,8.0,8,8,2024-07-30,2024-07-30,2023-02-04,496,542,0.05244755244755245,1.0,1,1,1,1.0,425.19,425.19,0.001841620626151013,782.3496,23.53450184501845,0.055350553505535055,1.0,1048.3484640000001,1.0,0.6734317343173433,286.33643911439117,0.6734317343173433,43.30348339483395,1.484931506849315,0.6734317343173433,23.53450184501845,3826.71,0.001841620626151013,1.4407911602209946,9.0,2.0,Long Inactive,Low Value,Low Frequency
CUST1732,27,Male,Pakistan,active,1,3,1310.43,1310.43,436.81,4.1,5,42.0,42,42,2023-12-26,2023-12-26,2023-03-31,713,270,0.1,3.0,1,1,1,5.0,1310.43,436.81,0.0036900369003690036,2384.9826,145.60333333333335,0.3333333333333333,5.0,3148.1770319999996,1.0,1.3518518518518519,1771.5072222222225,4.055555555555555,264.99806666666666,0.7397260273972602,1.3518518518518519,145.60333333333335,56348.490000000005,0.0036900369003690036,8.800673800738007,215.0,2.0,Long Inactive,High Value,Low Frequency
CUST1733,50,Female,Pakistan,active,1,3,163.95,163.95,54.65,4.2,0,21.0,21,21,2023-04-24,2023-04-24,2021-06-19,959,674,0.04261363636363637,3.0,1,1,1,0.0,163.95,54.65,0.0014814814814814814,301.668,7.2974777448071215,0.13353115727002968,0.0,404.23512000000005,1.0,0.5415430267062314,88.78597922848664,1.6246290801186944,13.427359050445105,1.8465753424657534,0.5415430267062314,7.2974777448071215,3606.8999999999996,0.0014814814814814814,0.44691555555555557,0.0,2.0,Long Inactive,Low Value,Low Frequency
CUST1734,51,Male,UK,active,1,6,1071.42,1071.42,178.57,4.5,3,33.0,33,33,2024-07-04,2024-07-04,2021-12-24,522,923,0.031479538300104935,6.0,1,1,1,3.0,1071.42,178.57000000000002,0.0010822510822510823,2035.698,34.8240520043337,0.19501625135427952,3.0,2849.9772,1.0,0.39544962080173346,423.69263271939326,2.3726977248104006,66.16569880823403,2.5287671232876714,0.39544962080173346,34.8240520043337,36428.28,0.0010822510822510823,2.203136363636364,102.0,2.0,Long Inactive,High Value,Low Frequency
CUST1735,67,Female,Canada,active,1,9,165.87,165.87,18.43,4.2,2,33.0,33,33,2025-12-04,2025-12-04,2021-06-30,4,1618,0.018203883495145633,9.0,1,1,1,2.0,165.87,18.43,0.0006176652254478073,305.2008,3.0754635352286774,0.16687268232385663,2.0,408.96907200000004,1.0,0.22558714462299137,37.418139678615574,2.030284301606922,5.658852904820767,4.432876712328767,0.22558714462299137,3.0754635352286774,5639.58,0.0006176652254478073,0.18851192093885116,68.0,2.0,Very Recent,Low Value,Low Frequency
CUST1736,41,Female,India,cancelled,1,8,1297.04,1297.04,162.13,4.2,1,24.0,24,24,2021-07-25,2021-07-25,2020-09-27,1597,301,0.09063444108761329,8.0,1,1,1,1.0,1297.04,162.13,0.0033112582781456954,2386.5536,129.27308970099668,0.7973421926910299,1.0,3197.9818240000004,1.0,1.2126245847176078,1572.822591362126,9.700996677740862,237.8624850498339,0.8246575342465754,1.2126245847176078,129.27308970099668,32426.0,0.0033112582781456954,7.902495364238411,25.0,2.0,Long Inactive,High Value,Low Frequency
CUST1737,19,Female,Pakistan,active,1,4,863.44,863.44,215.86,4.3,2,5.0,5,5,2023-09-23,2023-09-23,2021-09-11,807,742,0.038860103626943004,4.0,1,1,1,2.0,863.44,215.86,0.0013458950201884253,1605.9984,34.909973045822106,0.16172506738544473,2.0,2184.157824,1.0,0.4919137466307278,424.7380053908356,1.9676549865229112,64.9325498652291,2.032876712328767,0.4919137466307278,34.909973045822106,5180.64,0.0013458950201884253,2.161505248990579,12.0,2.0,Long Inactive,Medium Value,Low Frequency
CUST1738,68,Male,Canada,active,1,4,1792.08,1792.08,448.02,4.0,2,4.0,4,4,2023-10-08,2023-10-08,2021-04-14,792,907,0.032017075773746,4.0,1,1,1,2.0,1792.08,448.02,0.0011013215859030838,3225.744,59.27497243660419,0.1323042998897464,2.0,4193.4672,1.0,0.402425578831312,721.1788313120177,1.609702315325248,106.69495038588754,2.484931506849315,0.402425578831312,59.27497243660419,8960.4,0.0011013215859030838,3.552581497797357,10.0,2.0,Long Inactive,Very High Value,Low Frequency
CUST1739,24,Female,UK,active,1,4,808.92,808.92,202.23,4.5,1,29.0,29,29,2024-07-23,2024-07-23,2022-03-16,503,860,0.033707865168539325,4.0,1,1,1,1.0,808.92,202.23,0.0011614401858304297,1536.9479999999999,28.21813953488372,0.13953488372093023,1.0,2151.7272,1.0,0.42441860465116277,343.32069767441857,1.697674418604651,53.614465116279064,2.356164383561644,0.42441860465116277,28.21813953488372,24267.6,0.0011614401858304297,1.7850731707317071,30.0,2.0,Long Inactive,Medium Value,Low Frequency
CUST1740,67,Male,Germany,active,1,1,412.98,412.98,412.98,3.8,1,22.0,22,22,2024-08-11,2024-08-11,2022-06-11,484,792,0.03649635036496351,1.0,1,1,1,1.0,412.98,412.98,0.0012610340479192938,726.8448000000001,15.64318181818182,0.03787878787878788,1.0,915.8244480000001,1.0,0.46085858585858586,190.3253787878788,0.46085858585858586,27.532000000000004,2.16986301369863,0.46085858585858586,15.64318181818182,9498.54,0.0012610340479192938,0.9165760403530896,23.0,2.0,Long Inactive,Low Value,Low Frequency
CUST1741,45,Male,Canada,cancelled,1,4,750.12,750.12,187.53,3.9,4,22.0,22,22,2021-03-27,2021-03-27,2021-02-16,1717,39,0.4347826086956522,4.0,1,1,1,4.0,750.12,187.53,0.025,1335.2136,577.0153846153846,3.0769230769230766,4.0,1709.0734080000002,1.0,9.358974358974358,7020.353846153846,37.43589743589743,1027.0873846153845,0.10684931506849316,9.358974358974358,577.0153846153846,17252.76,0.025,33.380340000000004,92.0,2.0,Long Inactive,Medium Value,Low Frequency
CUST1742,52,Male,UK,active,1,8,1126.48,1126.48,140.81,4.0,1,5.0,5,5,2022-12-29,2022-12-29,2022-07-13,1075,169,0.1507537688442211,8.0,1,1,1,1.0,1126.48,140.81,0.0058823529411764705,2027.664,199.96686390532543,1.4201183431952662,1.0,2635.9632,1.0,2.1597633136094676,2432.930177514793,17.27810650887574,359.94035502958576,0.46301369863013697,2.1597633136094676,199.96686390532543,6758.88,0.0058823529411764705,11.927435294117647,6.0,2.0,Long Inactive,High Value,Low Frequency
CUST1743,52,Other,India,active,1,7,468.78999999999996,468.78999999999996,66.97,4.1,1,1.0,1,1,2024-10-17,2024-10-17,2021-09-14,417,1129,0.025884383088869714,7.0,1,1,1,1.0,468.78999999999996,66.97,0.0008849557522123894,853.1977999999999,12.456775907883081,0.18600531443755536,1.0,1126.2210959999998,1.0,0.32329495128432245,151.5574402125775,2.263064658990257,22.671332152347208,3.0931506849315067,0.32329495128432245,12.456775907883081,937.5799999999999,0.0008849557522123894,0.7550423008849557,2.0,2.0,Long Inactive,Low Value,Low Frequency
CUST1744,60,Female,UK,active,1,5,365.45000000000005,365.45000000000005,73.09,3.4,5,12.0,12,12,2024-12-27,2024-12-27,2021-10-15,346,1169,0.0250208507089241,5.0,1,1,1,5.0,365.45000000000005,73.09,0.0008547008547008547,613.956,9.378528656971772,0.1283147989734816,5.0,724.46808,1.0,0.3122326775021386,114.10543199315656,1.561163387510693,15.755928143712575,3.202739726027397,0.3122326775021386,9.378528656971772,4750.85,0.0008547008547008547,0.5247487179487179,65.0,2.0,Long Inactive,Low Value,Low Frequency
CUST1745,49,Male,Pakistan,active,1,1,1326.91,1326.91,1326.91,4.0,5,3.0,3,3,2023-06-13,2023-06-13,2021-11-25,909,565,0.05042016806722689,1.0,1,1,1,5.0,1326.91,1326.91,0.0017667844522968198,2388.438,70.4553982300885,0.05309734513274337,5.0,3104.9694000000004,1.0,0.6460176991150443,857.2073451327434,0.6460176991150443,126.8197168141593,1.547945205479452,0.6460176991150443,70.4553982300885,5307.64,0.0017667844522968198,4.219855123674912,20.0,2.0,Long Inactive,High Value,Low Frequency
CUST1746,59,Female,Canada,active,1,2,374.7,374.7,187.35,3.4,1,23.0,23,23,2022-07-11,2022-07-11,2021-04-21,1246,446,0.06302521008403361,2.0,1,1,1,1.0,374.7,187.35,0.0022371364653243847,629.496,25.20403587443946,0.13452914798206278,1.0,742.8052799999999,1.0,0.8183856502242152,306.64910313901345,1.6367713004484303,42.342780269058295,1.2219178082191782,0.8183856502242152,25.20403587443946,8992.8,0.0022371364653243847,1.4082684563758388,24.0,2.0,Long Inactive,Low Value,Low Frequency
CUST1747,45,Female,UK,active,1,2,842.28,842.28,421.14,4.3,0,23.0,23,23,2024-08-10,2024-08-10,2021-06-13,485,1154,0.025337837837837836,2.0,1,1,1,0.0,842.28,421.14,0.0008658008658008658,1566.6408,21.89636048526863,0.05199306759098787,0.0,2130.6314879999995,1.0,0.31629116117850953,266.405719237435,0.6325823223570191,40.727230502599646,3.1616438356164385,0.31629116117850953,21.89636048526863,20214.72,0.0008658008658008658,1.3563989610389608,0.0,2.0,Long Inactive,Medium Value,Low Frequency
CUST1748,37,Female,India,active,1,9,970.83,970.83,107.87,3.9,2,31.0,31,31,2025-03-28,2025-03-28,2022-10-04,255,906,0.032051282051282055,9.0,1,1,1,2.0,970.83,107.87,0.0011025358324145535,1728.0774000000001,32.14668874172185,0.2980132450331126,2.0,2211.939072,1.0,0.402869757174393,391.1180463576159,3.625827814569537,57.22110596026491,2.4821917808219176,0.402869757174393,32.14668874172185,31066.56,0.0011025358324145535,1.9052672546857774,64.0,2.0,Long Inactive,Medium Value,Low Frequency
CUST1749,38,Female,India,active,1,9,1673.64,1673.64,185.96,4.1,4,6.0,6,6,2023-11-06,2023-11-06,2020-03-12,763,1334,0.0219941348973607,9.0,1,1,1,4.0,1673.64,185.96,0.000749063670411985,3046.0248,37.63808095952024,0.20239880059970014,4.0,4020.752736,1.0,0.27361319340329837,457.92998500749627,2.4625187406296853,68.50130734632684,3.654794520547945,0.27361319340329837,37.63808095952024,11715.480000000001,0.000749063670411985,2.281666516853933,28.0,2.0,Long Inactive,Very High Value,Low Frequency
CUST1750,44,Female,USA,cancelled,1,7,1266.58,1266.58,180.94,4.3,3,34.0,34,34,2025-08-03,2025-08-03,2023-09-06,127,697,0.04126547455295736,7.0,1,1,1,3.0,1266.58,180.94,0.0014326647564469914,2355.8387999999995,54.515638450502145,0.3012912482065997,3.0,3203.940767999999,1.0,0.5236728837876614,663.2736011477762,3.6657101865136297,101.39908751793398,1.9095890410958904,0.5236728837876614,54.515638450502145,44330.299999999996,0.0014326647564469914,3.3751272206303717,105.0,2.0,At Risk,High Value,Low Frequency
CUST1751,26,Female,UK,paused,1,3,416.40000000000003,416.40000000000003,138.8,4.5,2,1.0,1,1,2023-03-26,2023-03-26,2022-11-05,988,141,0.17543859649122806,3.0,1,1,1,2.0,416.40000000000003,138.8,0.007042253521126761,791.1600000000001,88.59574468085107,0.6382978723404255,2.0,1107.624,1.0,2.588652482269503,1077.9148936170213,7.76595744680851,168.33191489361704,0.3863013698630137,2.588652482269503,88.59574468085107,832.8000000000001,0.007042253521126761,5.571549295774648,4.0,2.0,Long Inactive,Low Value,Low Frequency
CUST1752,38,Male,Pakistan,cancelled,1,1,856.16,856.16,856.16,4.2,2,26.0,26,26,2024-08-31,2024-08-31,2023-05-15,464,474,0.05952380952380952,1.0,1,1,1,2.0,856.16,856.16,0.002105263157894737,1575.3344,54.187341772151896,0.06329113924050632,2.0,2110.948096,1.0,0.770042194092827,659.2793248945147,0.770042194092827,99.70470886075948,1.2986301369863014,0.770042194092827,54.187341772151896,23116.32,0.002105263157894737,3.3164934736842104,54.0,2.0,Long Inactive,Medium Value,Low Frequency
CUST1753,24,Male,USA,active,1,9,1860.03,1860.03,206.67,4.1,5,8.0,8,8,2025-08-02,2025-08-02,2023-07-14,128,750,0.038461538461538464,9.0,1,1,1,5.0,1860.03,206.67,0.0013315579227696406,3385.2545999999998,74.4012,0.36,5.0,4468.536071999999,1.0,0.48666666666666664,905.2145999999999,4.38,135.410184,2.0547945205479454,0.48666666666666664,74.4012,16740.27,0.0013315579227696406,4.50766258322237,45.0,2.0,At Risk,Very High Value,Low Frequency
CUST1754,33,Male,India,active,1,3,525.3,525.3,175.1,4.4,2,19.0,19,19,2025-02-14,2025-02-14,2021-10-20,297,1213,0.024135156878519713,3.0,1,1,1,2.0,525.3,175.1,0.0008237232289950577,987.564,12.991755976916735,0.07419620774938171,2.0,1362.83832,1.0,0.3009068425391591,158.06636438582026,0.9027205276174773,24.424501236603465,3.3232876712328765,0.3009068425391591,12.991755976916735,10506.0,0.0008237232289950577,0.8134794069192751,40.0,2.0,Long Inactive,Low Value,Low Frequency
CUST1755,58,Female,Canada,active,1,5,874.5999999999999,874.5999999999999,174.92,4.3,5,15.0,15,15,2023-03-26,2023-03-26,2021-03-30,988,726,0.03968253968253968,5.0,1,1,1,5.0,874.5999999999999,174.92,0.001375515818431912,1626.7559999999996,36.14049586776859,0.2066115702479339,5.0,2212.3881599999995,1.0,0.5027548209366391,439.7093663911845,2.5137741046831956,67.22132231404957,1.989041095890411,0.5027548209366391,36.14049586776859,13993.599999999999,0.001375515818431912,2.237628610729023,80.0,2.0,Long Inactive,Medium Value,Low Frequency
CUST1756,64,Other,USA,cancelled,1,3,1219.17,1219.17,406.39,4.3,0,46.0,46,46,2023-11-30,2023-11-30,2021-05-04,739,940,0.030927835051546396,3.0,1,1,1,0.0,1219.17,406.39000000000004,0.0010626992561105207,2267.6562,38.90968085106383,0.09574468085106383,0.0,3084.0124319999995,1.0,0.3882978723404255,473.4011170212766,1.1648936170212765,72.37200638297873,2.5753424657534247,0.3882978723404255,38.90968085106383,57300.990000000005,0.0010626992561105207,2.40983655685441,0.0,2.0,Long Inactive,High Value,Low Frequency
CUST1757,53,Male,Germany,active,1,9,1718.46,1718.46,190.94,4.3,3,43.0,43,43,2024-11-27,2024-11-27,2022-09-17,376,802,0.036057692307692304,9.0,1,1,1,3.0,1718.46,190.94,0.0012453300124533001,3196.3356,64.28154613466334,0.33665835411471323,3.0,4347.0164159999995,1.0,0.45511221945137154,782.092144638404,4.096009975062344,119.56367581047381,2.197260273972603,0.45511221945137154,64.28154613466334,75612.24,0.0012453300124533001,3.9804926525529263,132.0,2.0,Long Inactive,Very High Value,Low Frequency
CUST1758,35,Male,UK,active,1,4,1815.84,1815.84,453.96,4.2,3,17.0,17,17,2021-04-01,2021-04-01,2020-10-11,1712,172,0.1485148514851485,4.0,1,1,1,3.0,1815.84,453.96,0.005780346820809248,3341.1456,316.71627906976744,0.6976744186046512,3.0,4477.135104,1.0,2.1220930232558137,3853.381395348837,8.488372093023255,582.7579534883721,0.4712328767123288,2.1220930232558137,316.71627906976744,32685.12,0.005780346820809248,19.312980346820808,54.0,2.0,Long Inactive,Very High Value,Low Frequency
CUST1759,45,Female,India,active,1,4,747.4,747.4,186.85,4.1,3,8.0,8,8,2022-06-14,2022-06-14,2021-06-27,1273,352,0.07853403141361257,4.0,1,1,1,3.0,747.4,186.85,0.0028328611898017,1360.2679999999998,63.69886363636364,0.34090909090909094,3.0,1795.5537599999996,1.0,1.0369318181818181,775.0028409090909,4.1477272727272725,115.93193181818181,0.9643835616438357,1.0369318181818181,63.69886363636364,6726.599999999999,0.0028328611898017,3.853450424929178,27.0,2.0,Long Inactive,Medium Value,Low Frequency
CUST1760,41,Male,Germany,paused,1,9,1226.52,1226.52,136.28,4.1,3,24.0,24,24,2022-12-18,2022-12-18,2021-12-07,1086,376,0.07389162561576355,9.0,1,1,1,3.0,1226.52,136.28,0.002652519893899204,2232.2664,97.86063829787234,0.7180851063829787,3.0,2946.5916479999996,1.0,0.9707446808510638,1190.6377659574468,8.736702127659575,178.10636170212766,1.0301369863013699,0.9707446808510638,97.86063829787234,30663.0,0.002652519893899204,5.921131034482758,75.0,2.0,Long Inactive,High Value,Low Frequency
CUST1761,46,Female,USA,cancelled,1,5,939.5999999999999,939.5999999999999,187.92,4.5,2,30.0,30,30,2023-10-11,2023-10-11,2021-05-15,789,879,0.033003300330033,5.0,1,1,1,2.0,939.5999999999999,187.92,0.0011363636363636363,1785.2399999999998,32.06825938566553,0.1706484641638225,2.0,2499.3359999999993,1.0,0.4152445961319681,390.1638225255972,2.0762229806598405,60.929692832764495,2.408219178082192,0.4152445961319681,32.06825938566553,29127.6,0.0011363636363636363,2.028681818181818,62.0,2.0,Long Inactive,Medium Value,Low Frequency
CUST1762,33,Male,Pakistan,active,1,1,1779.7,1779.7,1779.7,4.4,5,12.0,12,12,2023-01-11,2023-01-11,2021-08-20,1062,509,0.05565862708719852,1.0,1,1,1,5.0,1779.7,1779.7,0.00196078431372549,3345.8360000000002,104.89390962671906,0.05893909626719058,5.0,4617.253680000001,1.0,0.7170923379174853,1276.2092337917486,0.7170923379174853,197.20055009823187,1.3945205479452054,0.7170923379174853,104.89390962671906,23136.100000000002,0.00196078431372549,6.5604627450980395,65.0,2.0,Long Inactive,Very High Value,Low Frequency
CUST1763,38,Female,UK,active,1,5,538.15,538.15,107.63,4.3,2,5.0,5,5,2023-10-04,2023-10-04,2022-05-20,796,502,0.05639097744360902,5.0,1,1,1,2.0,538.15,107.63,0.0019880715705765406,1000.959,32.16035856573705,0.298804780876494,2.0,1361.3042399999997,1.0,0.7270916334661355,391.2843625498008,3.6354581673306776,59.81826693227091,1.3753424657534246,0.7270916334661355,32.16035856573705,3228.8999999999996,0.0019880715705765406,1.9899781312127234,12.0,2.0,Long Inactive,Low Value,Low Frequency
CUST1764,29,Female,India,cancelled,1,2,625.24,625.24,312.62,4.3,0,21.0,21,21,2024-07-28,2024-07-28,2023-10-04,498,298,0.09146341463414634,2.0,1,1,1,0.0,625.24,312.62,0.0033444816053511705,1162.9464,62.94362416107383,0.20134228187919462,0.0,1581.607104,1.0,1.2248322147651007,765.8140939597316,2.4496644295302015,117.07514093959732,0.8164383561643835,1.2248322147651007,62.94362416107383,13755.28,0.0033444816053511705,3.8894528428093644,0.0,2.0,Long Inactive,Medium Value,Low Frequency
CUST1765,38,Female,UK,paused,1,5,1484.7,1484.7,296.94,4.3,4,36.0,36,36,2024-04-12,2024-04-12,2020-05-10,605,1433,0.02050580997949419,5.0,1,1,1,4.0,1484.7,296.94,0.000697350069735007,2761.542,31.08234473133287,0.10467550593161201,4.0,3755.6971199999994,1.0,0.25471039776692256,378.1685275645499,1.2735519888346127,57.81316120027913,3.926027397260274,0.25471039776692256,31.08234473133287,54933.9,0.000697350069735007,1.9257615062761506,148.0,2.0,Long Inactive,High Value,Low Frequency
CUST1766,38,Male,UK,cancelled,1,3,1814.97,1814.97,604.99,4.0,4,5.0,5,5,2025-04-28,2025-04-28,2023-04-03,224,756,0.03816793893129771,3.0,1,1,1,4.0,1814.97,604.99,0.001321003963011889,3266.946,72.02261904761905,0.11904761904761905,4.0,4247.0298,1.0,0.48280423280423285,876.2751984126985,1.4484126984126984,129.6407142857143,2.0712328767123287,0.48280423280423285,72.02261904761905,10889.82,0.001321003963011889,4.3156486129458385,24.0,2.0,Long Inactive,Very High Value,Low Frequency
CUST1767,67,Female,UK,active,1,5,1339.65,1339.65,267.93,4.3,2,19.0,19,19,2025-10-03,2025-10-03,2023-04-13,66,904,0.032119914346895075,5.0,1,1,1,2.0,1339.65,267.93,0.0011049723756906078,2491.749,44.45741150442478,0.16592920353982302,2.0,3388.7786399999995,1.0,0.40376106194690264,540.8985066371682,2.018805309734513,82.69078539823008,2.4767123287671233,0.40376106194690264,44.45741150442478,26793.0,0.0011049723756906078,2.7533138121546963,40.0,2.0,Moderate,High Value,Low Frequency
CUST1768,38,Male,India,cancelled,1,4,1809.44,1809.44,452.36,4.0,0,48.0,48,48,2025-07-21,2025-07-21,2023-08-05,140,716,0.040214477211796246,4.0,1,1,1,0.0,1809.44,452.36,0.001394700139470014,3256.992,75.81452513966481,0.16759776536312848,0.0,4234.0896,1.0,0.5097765363128491,922.4100558659219,2.0391061452513966,136.46614525139665,1.9616438356164383,0.5097765363128491,75.81452513966481,88662.56,0.001394700139470014,4.54252719665272,0.0,2.0,At Risk,Very High Value,Low Frequency
CUST1769,46,Male,Canada,active,1,2,1781.1,1781.1,890.55,4.4,1,24.0,24,24,2022-05-17,2022-05-17,2021-05-12,1301,370,0.075,2.0,1,1,1,1.0,1781.1,890.55,0.0026954177897574125,3348.468,144.4135135135135,0.16216216216216214,1.0,4620.88584,1.0,0.9864864864864864,1757.0310810810809,1.9729729729729728,271.4974054054054,1.0136986301369864,0.9864864864864864,144.4135135135135,44527.5,0.0026954177897574125,9.025520215633422,25.0,2.0,Long Inactive,Very High Value,Low Frequency
CUST1770,27,Female,USA,active,1,2,691.76,691.76,345.88,4.0,4,41.0,41,41,2025-09-07,2025-09-07,2021-09-22,92,1446,0.02032520325203252,2.0,1,1,1,4.0,691.76,345.88,0.000691085003455425,1245.1680000000001,14.351867219917011,0.04149377593360996,4.0,1618.7184000000002,1.0,0.2524204702627939,174.61438450899033,0.5048409405255878,25.833360995850622,3.9616438356164383,0.2524204702627939,14.351867219917011,29053.92,0.000691085003455425,0.8605169315825847,168.0,2.0,At Risk,Medium Value,Low Frequency
CUST1771,23,Male,Germany,active,1,9,944.1,944.1,104.9,4.3,0,26.0,26,26,2023-04-10,2023-04-10,2021-01-30,973,800,0.03614457831325301,9.0,1,1,1,0.0,944.1,104.9,0.0012484394506866417,1756.0259999999998,35.40375,0.33749999999999997,0.0,2388.1953599999997,1.0,0.45625000000000004,430.745625,4.10625,65.85097499999999,2.191780821917808,0.45625000000000004,35.40375,25490.7,0.0012484394506866417,2.1922921348314603,0.0,2.0,Long Inactive,Medium Value,Low Frequency
CUST1772,67,Male,USA,active,1,4,1877.52,1877.52,469.38,3.3,1,19.0,19,19,2024-01-25,2024-01-25,2023-05-15,683,255,0.10526315789473684,4.0,1,1,1,1.0,1877.52,469.38,0.00390625,3116.6832,220.88470588235293,0.47058823529411764,1.0,3615.3525119999995,1.0,1.4313725490196079,2687.430588235294,5.7254901960784315,366.6686117647059,0.6986301369863014,1.4313725490196079,220.88470588235293,37550.4,0.00390625,12.17454375,20.0,2.0,Long Inactive,Very High Value,Low Frequency
CUST1773,30,Female,UK,active,1,1,1603.98,1603.98,1603.98,3.7,2,11.0,11,11,2023-01-25,2023-01-25,2022-03-31,1048,300,0.09090909090909091,1.0,1,1,1,2.0,1603.98,1603.98,0.0033222591362126247,2790.9252,160.398,0.1,2.0,3460.747248,1.0,1.2166666666666668,1951.5090000000002,1.2166666666666668,279.09252000000004,0.821917808219178,1.2166666666666668,160.398,19247.760000000002,0.0033222591362126247,9.272176744186048,24.0,2.0,Long Inactive,Very High Value,Low Frequency
CUST1774,50,Other,USA,active,1,9,852.39,852.39,94.71,4.1,4,35.0,35,35,2021-08-06,2021-08-06,2021-03-14,1585,145,0.17142857142857143,9.0,1,1,1,4.0,852.39,94.71,0.00684931506849315,1551.3497999999997,176.35655172413794,1.8620689655172415,4.0,2047.7817359999995,1.0,2.5172413793103448,2145.671379310345,22.655172413793103,320.968924137931,0.3972602739726027,2.5172413793103448,176.35655172413794,30686.04,0.00684931506849315,10.625683561643832,144.0,2.0,Long Inactive,Medium Value,Low Frequency
CUST1775,47,Male,India,active,1,3,1069.92,1069.92,356.64,5.0,2,10.0,10,10,2024-10-21,2024-10-21,2020-12-27,413,1394,0.021067415730337078,3.0,1,1,1,2.0,1069.92,356.64000000000004,0.0007168458781362007,2139.84,23.025538020086085,0.06456241032998565,2.0,3209.76,1.0,0.2618364418938307,280.1440459110474,0.7855093256814921,46.05107604017217,3.819178082191781,0.2618364418938307,23.025538020086085,11769.12,0.0007168458781362007,1.5339354838709678,22.0,2.0,Long Inactive,High Value,Low Frequency
CUST1776,46,Female,Pakistan,cancelled,1,1,1866.7,1866.7,1866.7,4.5,2,22.0,22,22,2024-10-01,2024-10-01,2022-07-07,433,817,0.03541912632821723,1.0,1,1,1,2.0,1866.7,1866.7,0.0012224938875305623,3546.73,68.54467564259485,0.03671970624235006,2.0,4965.422,1.0,0.44675642594859244,833.9602203182376,0.44675642594859244,130.23488372093024,2.2383561643835614,0.44675642594859244,68.54467564259485,42934.1,0.0012224938875305623,4.335855745721271,46.0,2.0,Long Inactive,Very High Value,Low Frequency
CUST1777,34,Female,USA,active,1,9,1473.3,1473.3,163.7,3.9,0,14.0,14,14,2023-06-19,2023-06-19,2023-03-18,903,93,0.24390243902439027,9.0,1,1,1,0.0,1473.3,163.7,0.010638297872340425,2622.474,475.258064516129,2.903225806451613,0.0,3356.76672,1.0,3.924731182795699,5782.3064516129025,35.32258064516129,845.9593548387097,0.2547945205479452,3.924731182795699,475.258064516129,22099.5,0.010638297872340425,27.898659574468088,0.0,2.0,Long Inactive,High Value,Low Frequency
CUST1778,45,Female,Pakistan,cancelled,1,4,623.28,623.28,155.82,4.4,4,12.0,12,12,2022-10-18,2022-10-18,2020-11-11,1147,706,0.04076086956521739,4.0,1,1,1,4.0,623.28,155.82,0.0014144271570014145,1171.7664,26.484985835694047,0.16997167138810196,4.0,1617.037632,1.0,0.5169971671388102,322.2339943342776,2.0679886685552407,49.79177337110481,1.9342465753424658,0.5169971671388102,26.484985835694047,8102.639999999999,0.0014144271570014145,1.6573782178217822,52.0,2.0,Long Inactive,Medium Value,Low Frequency
CUST1779,48,Male,UK,paused,1,8,848.8,848.8,106.1,4.1,0,4.0,4,4,2025-06-23,2025-06-23,2022-07-22,168,1067,0.027347310847766634,8.0,1,1,1,0.0,848.8,106.1,0.0009363295880149813,1544.8159999999998,23.86504217432052,0.2249297094657919,0.0,2039.1571199999994,1.0,0.3420805998125586,290.3580131208997,2.736644798500469,43.434376757263344,2.9232876712328766,0.3420805998125586,23.86504217432052,4244.0,0.0009363295880149813,1.446456928838951,0.0,2.0,At Risk,Medium Value,Low Frequency
CUST1780,22,Female,India,active,1,1,1612.53,1612.53,1612.53,3.6,4,17.0,17,17,2023-11-04,2023-11-04,2021-12-26,765,678,0.0423728813559322,1.0,1,1,1,4.0,1612.53,1612.53,0.0014727540500736377,2773.5516,71.3508849557522,0.04424778761061947,4.0,3383.732952,1.0,0.5383480825958702,868.1024336283186,0.5383480825958702,122.72352212389379,1.8575342465753424,0.5383480825958702,71.3508849557522,29025.54,0.0014727540500736377,4.084759351988217,72.0,2.0,Long Inactive,Very High Value,Low Frequency
CUST1781,25,Female,USA,active,1,9,563.6700000000001,563.6700000000001,62.63,3.8,1,25.0,25,25,2022-04-25,2022-04-25,2022-11-02,1323,0,1.0,9.0,1,1,1,1.0,563.6700000000001,62.63000000000001,1.0,992.0592000000001,5636.700000000001,90.0,1.0,1249.9945920000002,1.0,365.0,205739.55000000002,3285.0,9920.592,0.0,365.0,5636.700000000001,14655.420000000002,1.0,992.0592000000001,26.0,2.0,Long Inactive,Medium Value,Low Frequency
CUST1782,57,Female,India,active,1,8,957.36,957.36,119.67,3.6,2,27.0,27,27,2024-06-20,2024-06-20,2023-06-07,536,379,0.07334963325183375,8.0,1,1,1,2.0,957.36,119.67,0.002631578947368421,1646.6592,75.78047493403695,0.633245382585752,2.0,2008.924224,1.0,0.9630606860158311,921.9957783641161,7.7044854881266485,130.34241688654353,1.0383561643835617,0.9630606860158311,75.78047493403695,26806.08,0.002631578947368421,4.333313684210526,56.0,2.0,Long Inactive,Medium Value,Low Frequency
CUST1783,47,Male,Pakistan,active,1,2,1042.78,1042.78,521.39,4.2,1,45.0,45,45,2023-01-08,2023-01-08,2022-07-24,1065,168,0.15151515151515152,2.0,1,1,1,1.0,1042.78,521.39,0.005917159763313609,1918.7152,186.2107142857143,0.35714285714285715,1.0,2571.0783680000004,1.0,2.1726190476190474,2265.5636904761905,4.345238095238095,342.6277142857143,0.4602739726027397,2.1726190476190474,186.2107142857143,47967.88,0.005917159763313609,11.353344378698225,46.0,2.0,Long Inactive,Medium Value,Low Frequency
CUST1784,50,Female,UK,paused,1,9,1857.33,1857.33,206.37,4.4,5,8.0,8,8,2024-02-11,2024-02-11,2023-09-03,666,161,0.15706806282722513,9.0,1,1,1,5.0,1857.33,206.37,0.006172839506172839,3491.7804,346.0863354037267,1.6770186335403727,5.0,4818.656952,1.0,2.2670807453416146,4210.717080745341,20.403726708074533,650.6423105590063,0.4410958904109589,2.2670807453416146,346.0863354037267,16715.97,0.006172839506172839,21.554199999999998,45.0,2.0,Long Inactive,Very High Value,Low Frequency
CUST1785,43,Male,India,active,1,4,1661.28,1661.28,415.32,3.8,1,17.0,17,17,2024-07-13,2024-07-13,2023-11-04,513,252,0.10638297872340426,4.0,1,1,1,1.0,1661.28,415.32,0.003952569169960474,2923.8528,197.77142857142857,0.47619047619047616,1.0,3684.054528,1.0,1.4484126984126984,2406.2190476190476,5.7936507936507935,348.0777142857143,0.6904109589041096,1.4484126984126984,197.77142857142857,29903.04,0.003952569169960474,11.556730434782608,18.0,2.0,Long Inactive,Very High Value,Low Frequency
CUST1786,31,Male,Germany,active,1,2,1183.48,1183.48,591.74,4.2,5,27.0,27,27,2025-08-07,2025-08-07,2021-08-16,123,1452,0.020242914979757085,2.0,1,1,1,5.0,1183.48,591.74,0.0006882312456985547,2177.6032,24.45206611570248,0.04132231404958678,5.0,2917.988288,1.0,0.2513774104683196,297.50013774104684,0.5027548209366391,44.99180165289256,3.978082191780822,0.2513774104683196,24.45206611570248,33137.44,0.0006882312456985547,1.498694562973159,140.0,2.0,At Risk,High Value,Low Frequency
CUST1787,47,Female,Canada,cancelled,1,8,645.92,645.92,80.74,4.3,3,33.0,33,33,2024-07-20,2024-07-20,2022-05-19,506,793,0.03645200486026731,8.0,1,1,1,3.0,645.92,80.74,0.0012594458438287153,1201.4111999999998,24.435813366960907,0.3026481715006305,3.0,1633.9192319999995,1.0,0.46027742749054223,297.302395964691,3.682219419924338,45.45061286254728,2.1726027397260275,0.46027742749054223,24.435813366960907,21961.28,0.0012594458438287153,1.5131123425692692,102.0,2.0,Long Inactive,Medium Value,Low Frequency
CUST1788,24,Female,Canada,active,1,6,1839.3600000000001,1839.3600000000001,306.56,4.4,2,3.0,3,3,2023-01-28,2023-01-28,2021-01-20,1045,738,0.0390625,6.0,1,1,1,2.0,1839.3600000000001,306.56,0.0013531799729364006,3457.9968000000003,74.77073170731707,0.24390243902439024,2.0,4772.035584000001,1.0,0.494579945799458,909.7105691056912,2.9674796747967482,140.5689756097561,2.021917808219178,0.494579945799458,74.77073170731707,7357.4400000000005,0.0013531799729364006,4.67929201623816,8.0,2.0,Long Inactive,Very High Value,Low Frequency
CUST1789,21,Female,Canada,cancelled,1,5,1779.1999999999998,1779.1999999999998,355.84,4.1,4,34.0,34,34,2025-06-03,2025-06-03,2022-08-15,188,1023,0.02849002849002849,5.0,1,1,1,4.0,1779.1999999999998,355.84,0.0009765625,3238.1439999999993,52.175953079178875,0.14662756598240467,4.0,4274.350079999998,1.0,0.3567937438905181,634.8074291300097,1.7839687194525904,94.96023460410555,2.802739726027397,0.3567937438905181,52.175953079178875,62271.99999999999,0.0009765625,3.1622499999999993,140.0,2.0,Long Inactive,Very High Value,Low Frequency
CUST1790,61,Female,Pakistan,paused,1,1,1830.76,1830.76,1830.76,4.4,4,38.0,38,38,2023-04-24,2023-04-24,2021-02-08,959,805,0.03592814371257485,1.0,1,1,1,4.0,1830.76,1830.76,0.0012406947890818859,3441.8288000000002,68.22708074534162,0.037267080745341616,4.0,4749.723744000001,1.0,0.453416149068323,830.096149068323,0.453416149068323,128.26691180124226,2.2054794520547945,0.453416149068323,68.22708074534162,71399.64,0.0012406947890818859,4.270259057071961,156.0,2.0,Long Inactive,Very High Value,Low Frequency
CUST1791,30,Male,Pakistan,active,1,7,1121.26,1121.26,160.18,4.4,2,5.0,5,5,2023-11-12,2023-11-12,2021-03-29,757,958,0.030364372469635623,7.0,1,1,1,2.0,1121.26,160.18,0.0010427528675703858,2107.9688,35.1125260960334,0.21920668058455114,2.0,2908.9969440000004,1.0,0.38100208768267224,427.20240083507304,2.6670146137787056,66.0115490605428,2.6246575342465754,0.38100208768267224,35.1125260960334,6727.5599999999995,0.0010427528675703858,2.198090510948905,12.0,2.0,Long Inactive,High Value,Low Frequency
CUST1792,40,Female,India,active,1,3,1852.8899999999999,1852.8899999999999,617.63,4.4,0,24.0,24,24,2024-02-16,2024-02-16,2023-03-16,661,337,0.08174386920980926,3.0,1,1,1,0.0,1852.8899999999999,617.63,0.0029585798816568047,3483.4332,164.94569732937686,0.26706231454005935,0.0,4807.137816,1.0,1.083086053412463,2006.8393175074184,3.249258160237389,310.0979109792285,0.9232876712328767,1.083086053412463,164.94569732937686,46322.25,0.0029585798816568047,10.306015384615383,0.0,2.0,Long Inactive,Very High Value,Low Frequency
CUST1793,50,Female,India,cancelled,1,3,1606.56,1606.56,535.52,4.4,2,1.0,1,1,2022-03-15,2022-03-15,2021-09-21,1364,175,0.14634146341463417,3.0,1,1,1,2.0,1606.56,535.52,0.005681818181818182,3020.3328,275.4102857142857,0.5142857142857143,2.0,4168.059264,1.0,2.085714285714286,3350.825142857143,6.257142857142857,517.7713371428572,0.4794520547945205,2.085714285714286,275.4102857142857,3213.12,0.005681818181818182,17.16098181818182,4.0,2.0,Long Inactive,Very High Value,Low Frequency
CUST1794,67,Male,India,cancelled,1,5,910.95,910.95,182.19,4.3,2,19.0,19,19,2025-10-08,2025-10-08,2020-10-15,61,1819,0.016224986479177934,5.0,1,1,1,2.0,910.95,182.19,0.0005494505494505495,1694.367,15.023914238592635,0.08246289169873557,2.0,2304.3391199999996,1.0,0.20065970313358988,182.7909565695437,1.0032985156679495,27.944480483782296,4.983561643835617,0.20065970313358988,15.023914238592635,18219.0,0.0005494505494505495,0.9309708791208791,40.0,2.0,Moderate,Medium Value,Low Frequency
CUST1795,46,Female,UK,active,1,4,372.08,372.08,93.02,4.3,2,41.0,41,41,2024-03-05,2024-03-05,2023-04-03,643,337,0.08174386920980926,4.0,1,1,1,2.0,372.08,93.02,0.0029585798816568047,692.0687999999999,33.122848664688426,0.3560830860534125,2.0,941.2135679999998,1.0,1.083086053412463,402.9946587537092,4.332344213649852,61.60849851632047,0.9232876712328767,1.083086053412463,33.122848664688426,15627.359999999999,0.0029585798816568047,2.0475408284023664,84.0,2.0,Long Inactive,Low Value,Low Frequency
CUST1796,20,Male,Canada,active,1,8,1328.0,1328.0,166.0,4.3,1,39.0,39,39,2023-05-06,2023-05-06,2022-01-22,947,469,0.06012024048096193,8.0,1,1,1,1.0,1328.0,166.0,0.002127659574468085,2470.08,84.94669509594883,0.511727078891258,1.0,3359.3088,1.0,0.7782515991471216,1033.5181236673775,6.226012793176973,158.00085287846483,1.284931506849315,0.7782515991471216,84.94669509594883,53120.0,0.002127659574468085,5.255489361702128,40.0,2.0,Long Inactive,High Value,Low Frequency
CUST1797,54,Female,India,active,1,6,424.14,424.14,70.69,4.2,0,38.0,38,38,2022-09-09,2022-09-09,2021-02-15,1186,571,0.04991680532445923,6.0,1,1,1,0.0,424.14,70.69,0.0017482517482517483,780.4176,22.28406304728546,0.31523642732049034,0.0,1045.7595840000001,1.0,0.63922942206655,271.1227670753065,3.8353765323993,41.00267600700525,1.5643835616438355,0.63922942206655,22.28406304728546,16541.46,0.0017482517482517483,1.3643664335664336,0.0,2.0,Long Inactive,Low Value,Low Frequency
CUST1798,42,Female,UK,cancelled,1,4,1556.52,1556.52,389.13,4.3,1,38.0,38,38,2025-01-17,2025-01-17,2021-08-02,325,1264,0.023183925811437404,4.0,1,1,1,1.0,1556.52,389.13,0.0007905138339920949,2895.1272,36.94272151898734,0.0949367088607595,1.0,3937.3729919999996,1.0,0.2887658227848101,449.46977848101267,1.1550632911392404,68.71346202531646,3.463013698630137,0.2887658227848101,36.94272151898734,60704.28,0.0007905138339920949,2.2886381027667984,39.0,2.0,Long Inactive,Very High Value,Low Frequency
CUST1799,49,Male,Germany,active,1,1,775.47,775.47,775.47,4.2,3,36.0,36,36,2023-06-04,2023-06-04,2022-07-26,918,313,0.08746355685131195,1.0,1,1,1,3.0,775.47,775.47,0.0031847133757961785,1426.8648,74.3261980830671,0.09584664536741214,3.0,1911.9988320000002,1.0,1.1661341853035143,904.3020766773163,1.1661341853035143,136.76020447284344,0.8575342465753425,1.1661341853035143,74.3261980830671,28692.39,0.0031847133757961785,4.54415541401274,111.0,2.0,Long Inactive,Medium Value,Low Frequency
CUST1800,46,Female,UK,active,1,6,1652.22,1652.22,275.37,3.8,2,30.0,30,30,2024-09-05,2024-09-05,2022-04-30,459,859,0.03374578177727784,6.0,1,1,1,2.0,1652.22,275.37,0.0011627906976744186,2907.9072,57.70267753201397,0.20954598370197905,2.0,3663.963072,1.0,0.42491268917345754,702.04924330617,2.549476135040745,101.5567124563446,2.3534246575342466,0.42491268917345754,57.70267753201397,51218.82,0.0011627906976744186,3.381287441860465,62.0,2.0,Long Inactive,Very High Value,Low Frequency
CUST1801,24,Female,UK,active,1,8,562.88,562.88,70.36,4.3,2,45.0,45,45,2024-10-15,2024-10-15,2021-04-20,419,1274,0.023006134969325152,8.0,1,1,1,2.0,562.88,70.36,0.000784313725490196,1046.9568,13.254631083202511,0.18838304552590265,2.0,1423.8612479999997,1.0,0.28649921507064363,161.2646781789639,2.291993720565149,24.653613814756667,3.4904109589041097,0.28649921507064363,13.254631083202511,25892.48,0.000784313725490196,0.8211425882352941,92.0,2.0,Long Inactive,Medium Value,Low Frequency
CUST1802,19,Male,UK,active,1,2,1168.24,1168.24,584.12,4.5,1,38.0,38,38,2025-07-15,2025-07-15,2022-11-15,146,973,0.029910269192422734,2.0,1,1,1,1.0,1168.24,584.12,0.001026694045174538,2219.656,36.01973278520042,0.061664953751284696,1.0,3107.5184,1.0,0.3751284686536485,438.24008221993836,0.750256937307297,68.43749229188079,2.665753424657534,0.3751284686536485,36.01973278520042,45561.36,0.001026694045174538,2.2789075975359343,39.0,2.0,At Risk,High Value,Low Frequency
CUST1803,65,Male,Canada,cancelled,1,7,1925.49,1925.49,275.07,4.1,1,25.0,25,25,2024-12-08,2024-12-08,2021-03-04,365,1375,0.021352313167259787,7.0,1,1,1,1.0,1925.49,275.07,0.0007267441860465116,3504.3918,42.010690909090904,0.1527272727272727,1.0,4625.797175999999,1.0,0.26545454545454544,511.13007272727276,1.8581818181818182,76.45945745454544,3.767123287671233,0.26545454545454544,42.010690909090904,50062.74,0.0007267441860465116,2.54679636627907,26.0,2.0,Long Inactive,Very High Value,Low Frequency
CUST1804,19,Male,USA,active,1,6,1371.24,1371.24,228.54,4.2,3,18.0,18,18,2023-05-13,2023-05-13,2021-11-20,940,539,0.05272407732864675,6.0,1,1,1,3.0,1371.24,228.54,0.001851851851851852,2523.0816,76.3213358070501,0.33395176252319114,3.0,3380.929344,1.0,0.6771799628942486,928.5762523191095,4.063079777365491,140.43125788497218,1.4767123287671233,0.6771799628942486,76.3213358070501,26053.56,0.001851851851851852,4.672373333333334,57.0,2.0,Long Inactive,High Value,Low Frequency
CUST1805,42,Female,Germany,cancelled,1,6,1240.98,1240.98,206.83,4.0,2,3.0,3,3,2024-02-13,2024-02-13,2023-12-01,664,74,0.28846153846153844,6.0,1,1,1,2.0,1240.98,206.83,0.013333333333333334,2233.764,503.09999999999997,2.4324324324324325,2.0,2903.8932000000004,1.0,4.9324324324324325,6121.05,29.594594594594593,905.58,0.20273972602739726,4.9324324324324325,503.09999999999997,4963.92,0.013333333333333334,29.783520000000003,8.0,2.0,Long Inactive,High Value,Low Frequency
CUST1806,30,Male,Pakistan,active,1,3,492.75,492.75,164.25,4.1,1,8.0,8,8,2022-10-26,2022-10-26,2022-09-15,1139,41,0.4225352112676056,3.0,1,1,1,1.0,492.75,164.25,0.023809523809523808,896.805,360.5487804878049,2.1951219512195124,1.0,1183.7825999999998,1.0,8.902439024390244,4386.676829268293,26.70731707317073,656.1987804878048,0.11232876712328767,8.902439024390244,360.5487804878049,4434.75,0.023809523809523808,21.3525,9.0,2.0,Long Inactive,Low Value,Low Frequency
CUST1807,54,Female,India,paused,1,9,536.04,536.04,59.56,4.1,5,15.0,15,15,2024-05-15,2024-05-15,2023-04-24,572,387,0.07194244604316546,9.0,1,1,1,5.0,536.04,59.559999999999995,0.002577319587628866,975.5927999999999,41.55348837209302,0.6976744186046512,5.0,1287.7824959999998,1.0,0.9431524547803618,505.56744186046507,8.488372093023257,75.6273488372093,1.0602739726027397,0.9431524547803618,41.55348837209302,8576.64,0.002577319587628866,2.5144144329896903,80.0,2.0,Long Inactive,Low Value,Low Frequency
CUST1808,68,Male,Germany,active,1,6,1926.42,1926.42,321.07,4.3,0,37.0,37,37,2023-04-28,2023-04-28,2021-06-18,955,679,0.042313117066290554,6.0,1,1,1,0.0,1926.42,321.07,0.0014705882352941176,3583.1412,85.11428571428571,0.2650957290132548,0.0,4873.072032,1.0,0.5375552282768777,1035.557142857143,3.2253313696612667,158.31257142857143,1.8602739726027397,0.5375552282768777,85.11428571428571,73203.96,0.0014705882352941176,5.269325294117647,0.0,2.0,Long Inactive,Very High Value,Low Frequency
CUST1809,39,Male,India,cancelled,1,1,1727.6,1727.6,1727.6,4.5,5,38.0,38,38,2023-07-15,2023-07-15,2021-08-07,877,707,0.0407055630936228,1.0,1,1,1,5.0,1727.6,1727.6,0.0014124293785310734,3282.4399999999996,73.3069306930693,0.042432814710042434,5.0,4595.415999999999,1.0,0.5162659123055163,891.9009900990098,0.5162659123055163,139.28316831683168,1.936986301369863,0.5162659123055163,73.3069306930693,67376.4,0.0014124293785310734,4.636214689265536,195.0,2.0,Long Inactive,Very High Value,Low Frequency
CUST1810,39,Male,UK,active,1,1,636.4,636.4,636.4,4.5,5,38.0,38,38,2024-04-23,2024-04-23,2021-09-24,594,942,0.0308641975308642,1.0,1,1,1,5.0,636.4,636.4,0.0010604453870625664,1209.1599999999999,20.26751592356688,0.03184713375796178,5.0,1692.8239999999996,1.0,0.3874734607218684,246.58811040339702,0.3874734607218684,38.50828025477707,2.580821917808219,0.3874734607218684,20.26751592356688,24819.6,0.0010604453870625664,1.2822481442205726,195.0,2.0,Long Inactive,Medium Value,Low Frequency
CUST1811,19,Male,USA,active,1,8,25.76,25.76,3.22,4.1,1,29.0,29,29,2023-04-04,2023-04-04,2022-11-18,979,137,0.17964071856287425,8.0,1,1,1,1.0,25.76,3.22,0.007246376811594203,46.8832,5.6408759124087595,1.7518248175182483,1.0,61.88582399999999,1.0,2.6642335766423355,68.63065693430657,21.313868613138684,10.266394160583943,0.37534246575342467,2.6642335766423355,5.6408759124087595,772.8000000000001,0.007246376811594203,0.33973333333333333,30.0,2.0,Long Inactive,Low Value,Low Frequency
CUST1812,31,Male,India,paused,1,3,1237.59,1237.59,412.53,4.3,3,15.0,15,15,2022-04-08,2022-04-08,2021-09-06,1340,214,0.12295081967213116,3.0,1,1,1,3.0,1237.59,412.53,0.004651162790697674,2301.9174,173.49392523364483,0.4205607476635514,3.0,3130.6076639999997,1.0,1.7056074766355138,2110.8427570093454,5.1168224299065415,322.6987009345794,0.5863013698630137,1.7056074766355138,173.49392523364483,19801.44,0.004651162790697674,10.706592558139533,48.0,2.0,Long Inactive,High Value,Low Frequency
CUST1813,36,Female,Germany,active,1,6,37.68,37.68,6.28,3.6,0,23.0,23,23,2023-02-15,2023-02-15,2023-06-02,1027,0,1.0,6.0,1,1,1,0.0,37.68,6.28,1.0,64.8096,376.79999999999995,60.0,0.0,79.067712,1.0,365.0,13753.199999999999,2190.0,648.096,0.0,365.0,376.79999999999995,904.3199999999999,1.0,64.8096,0.0,2.0,Long Inactive,Low Value,Low Frequency
CUST1814,48,Female,USA,active,1,4,880.6,880.6,220.15,4.4,4,11.0,11,11,2023-11-07,2023-11-07,2020-09-13,762,1150,0.02542372881355932,4.0,1,1,1,4.0,880.6,220.15,0.0008688097306689834,1655.5280000000002,22.972173913043477,0.10434782608695652,4.0,2284.6286400000004,1.0,0.3173913043478261,279.49478260869563,1.2695652173913043,43.187686956521745,3.1506849315068495,0.3173913043478261,22.972173913043477,10567.2,0.0008688097306689834,1.4383388357949611,48.0,2.0,Long Inactive,Medium Value,Low Frequency
CUST1815,32,Male,India,active,1,3,1159.83,1159.83,386.61,4.5,1,13.0,13,13,2022-12-19,2022-12-19,2022-04-20,1085,243,0.10989010989010989,3.0,1,1,1,1.0,1159.83,386.60999999999996,0.004098360655737705,2203.6769999999997,143.1888888888889,0.3703703703703704,1.0,3085.1477999999993,1.0,1.5020576131687242,1742.1314814814812,4.506172839506172,272.0588888888889,0.6657534246575343,1.5020576131687242,143.1888888888889,16237.619999999999,0.004098360655737705,9.031463114754098,14.0,2.0,Long Inactive,High Value,Low Frequency
CUST1816,66,Male,UK,active,1,8,1066.96,1066.96,133.37,3.9,1,33.0,33,33,2024-07-16,2024-07-16,2022-04-12,510,826,0.035046728971962614,8.0,1,1,1,1.0,1066.96,133.37,0.0012091898428053204,1899.1888000000001,38.75157384987893,0.29055690072639223,1.0,2430.9616640000004,1.0,0.4418886198547216,471.4774818401938,3.535108958837773,68.9778014527845,2.263013698630137,0.4418886198547216,38.75157384987893,36276.64,0.0012091898428053204,2.296479806529625,34.0,2.0,Long Inactive,High Value,Low Frequency
CUST1817,46,Female,Germany,paused,1,8,1277.28,1277.28,159.66,4.0,4,27.0,27,27,2024-02-21,2024-02-21,2022-11-06,656,472,0.0597609561752988,8.0,1,1,1,4.0,1277.28,159.66,0.0021141649048625794,2299.104,81.18305084745764,0.5084745762711864,4.0,2988.8352,1.0,0.7733050847457626,987.7271186440678,6.186440677966101,146.12949152542373,1.2931506849315069,0.7733050847457626,81.18305084745764,35763.84,0.0021141649048625794,4.860684989429175,112.0,2.0,Long Inactive,High Value,Low Frequency
CUST1818,47,Male,Germany,paused,1,2,1555.26,1555.26,777.63,4.0,1,5.0,5,5,2024-11-23,2024-11-23,2021-03-26,380,1338,0.021929824561403508,2.0,1,1,1,1.0,1555.26,777.63,0.0007468259895444362,2799.468,34.87130044843049,0.04484304932735426,1.0,3639.3084,1.0,0.2727952167414051,424.2674887892377,0.5455904334828102,62.76834080717488,3.665753424657534,0.2727952167414051,34.87130044843049,9331.56,0.0007468259895444362,2.0907154592979835,6.0,2.0,Long Inactive,Very High Value,Low Frequency
CUST1819,65,Female,Canada,active,1,8,1282.64,1282.64,160.33,4.4,0,49.0,49,49,2025-05-14,2025-05-14,2023-05-20,208,725,0.03973509933774834,8.0,1,1,1,0.0,1282.64,160.33,0.0013774104683195593,2411.3632000000002,53.07475862068966,0.3310344827586207,0.0,3327.6812160000004,1.0,0.503448275862069,645.7428965517242,4.027586206896552,99.78054620689656,1.9863013698630136,0.503448275862069,53.07475862068966,64132.00000000001,0.0013774104683195593,3.3214369146005516,0.0,2.0,Long Inactive,High Value,Low Frequency
CUST1820,36,Female,USA,cancelled,1,6,1690.92,1690.92,281.82,4.6,3,38.0,38,38,2023-04-21,2023-04-21,2021-02-22,962,788,0.03667481662591687,6.0,1,1,1,3.0,1690.92,281.82,0.0012674271229404308,3246.5664,64.37512690355331,0.2284263959390863,3.0,4610.124288,1.0,0.4631979695431472,783.2307106598985,2.779187817258883,123.60024365482235,2.158904109589041,0.4631979695431472,64.37512690355331,65945.88,0.0012674271229404308,4.114786311787072,117.0,2.0,Long Inactive,Very High Value,Low Frequency
CUST1821,54,Male,Canada,active,1,5,163.95,163.95,32.79,4.4,2,8.0,8,8,2023-11-07,2023-11-07,2021-05-10,762,911,0.031880977683315624,5.0,1,1,1,2.0,163.95,32.79,0.0010964912280701754,308.226,5.399012074643249,0.16465422612513722,2.0,425.35188000000005,1.0,0.40065861690450055,65.68798024149287,2.003293084522503,10.150142700329308,2.495890410958904,0.40065861690450055,5.399012074643249,1475.55,0.0010964912280701754,0.3379671052631579,18.0,2.0,Long Inactive,Low Value,Low Frequency
CUST1822,67,Male,USA,active,1,9,576.18,576.18,64.02,4.4,0,49.0,49,49,2023-11-09,2023-11-09,2022-12-17,760,327,0.08403361344537814,9.0,1,1,1,0.0,576.18,64.02,0.003048780487804878,1083.2184,52.86055045871559,0.8256880733944953,0.0,1494.841392,1.0,1.1162079510703364,643.1366972477064,10.045871559633028,99.37783486238531,0.8958904109589041,1.1162079510703364,52.86055045871559,28808.999999999996,0.003048780487804878,3.3024951219512197,0.0,2.0,Long Inactive,Medium Value,Low Frequency
CUST1823,65,Female,Canada,active,1,6,1315.5,1315.5,219.25,4.3,5,7.0,7,7,2025-02-16,2025-02-16,2021-04-11,295,1407,0.020876826722338204,6.0,1,1,1,5.0,1315.5,219.25,0.0007102272727272727,2446.83,28.04904051172708,0.1279317697228145,5.0,3327.6887999999994,1.0,0.2594171997157072,341.2633262260128,1.556503198294243,52.171215351812364,3.8547945205479452,0.2594171997157072,28.04904051172708,10524.0,0.0007102272727272727,1.7378053977272727,40.0,2.0,Long Inactive,High Value,Low Frequency
CUST1824,36,Female,Germany,cancelled,1,3,722.91,722.91,240.97,4.3,3,12.0,12,12,2025-07-29,2025-07-29,2022-03-10,132,1237,0.02367797947908445,3.0,1,1,1,3.0,722.91,240.97,0.0008077544426494346,1344.6126,17.532174616006465,0.07275666936135812,3.0,1828.6731359999997,1.0,0.2950687146321746,213.30812449474536,0.8852061438965239,32.609844785772026,3.389041095890411,0.2950687146321746,17.532174616006465,9397.83,0.0008077544426494346,1.0861168012924072,39.0,2.0,At Risk,Medium Value,Low Frequency
CUST1825,59,Other,Germany,cancelled,1,8,877.2,877.2,109.65,4.4,0,33.0,33,33,2023-10-04,2023-10-04,2022-11-17,796,321,0.08547008547008547,8.0,1,1,1,0.0,877.2,109.65,0.003105590062111801,1649.1360000000002,81.98130841121497,0.7476635514018692,0.0,2275.8076800000003,1.0,1.1370716510903427,997.4392523364486,9.096573208722742,154.12485981308413,0.8794520547945206,1.1370716510903427,81.98130841121497,29824.800000000003,0.003105590062111801,5.1215403726708075,0.0,2.0,Long Inactive,Medium Value,Low Frequency
CUST1826,63,Female,UK,paused,1,4,589.92,589.92,147.48,4.0,5,33.0,33,33,2023-11-01,2023-11-01,2022-05-08,768,542,0.05244755244755245,4.0,1,1,1,5.0,589.92,147.48,0.001841620626151013,1061.856,32.65239852398524,0.22140221402214022,5.0,1380.4128,1.0,0.6734317343173433,397.2708487084871,2.693726937269373,58.77431734317343,1.484931506849315,0.6734317343173433,32.65239852398524,20057.28,0.001841620626151013,1.95553591160221,170.0,2.0,Long Inactive,Medium Value,Low Frequency
CUST1827,29,Female,Germany,cancelled,1,4,1143.24,1143.24,285.81,4.2,0,22.0,22,22,2023-02-19,2023-02-19,2022-05-26,1023,269,0.10033444816053512,4.0,1,1,1,0.0,1143.24,285.81,0.003703703703703704,2103.5616,127.49888475836431,0.44609665427509293,0.0,2818.7725440000004,1.0,1.3568773234200744,1551.236431226766,5.4275092936802976,234.59794795539034,0.736986301369863,1.3568773234200744,127.49888475836431,26294.52,0.003703703703703704,7.790968888888889,0.0,2.0,Long Inactive,High Value,Low Frequency
CUST1828,46,Male,UK,paused,1,2,494.88,494.88,247.44,3.8,4,4.0,4,4,2022-01-29,2022-01-29,2021-08-08,1409,174,0.14705882352941177,2.0,1,1,1,4.0,494.88,247.44,0.005714285714285714,870.9888,85.32413793103449,0.3448275862068966,4.0,1097.445888,1.0,2.0977011494252875,1038.1103448275862,4.195402298850575,150.1704827586207,0.4767123287671233,2.0977011494252875,85.32413793103449,2474.4,0.005714285714285714,4.977078857142857,20.0,2.0,Long Inactive,Low Value,Low Frequency
CUST1829,61,Male,Pakistan,active,1,5,1963.4,1963.4,392.68,4.1,4,24.0,24,24,2024-05-30,2024-05-30,2020-04-11,557,1510,0.01948051948051948,5.0,1,1,1,4.0,1963.4,392.68,0.0006618133686300463,3573.388,39.00794701986755,0.09933774834437085,4.0,4716.872159999999,1.0,0.24172185430463577,474.5966887417219,1.2086092715231789,70.99446357615894,4.136986301369863,0.24172185430463577,39.00794701986755,49085.0,0.0006618133686300463,2.364915949702184,100.0,2.0,Long Inactive,Very High Value,Low Frequency
CUST1830,21,Female,USA,paused,1,2,1142.04,1142.04,571.02,4.2,1,47.0,47,47,2023-10-25,2023-10-25,2021-09-12,775,773,0.03735990037359901,2.0,1,1,1,1.0,1142.04,571.02,0.0012919896640826874,2101.3536,44.32238033635188,0.0776196636481242,1.0,2815.813824,1.0,0.4721862871927555,539.2556274256145,0.944372574385511,81.55317981888746,2.117808219178082,0.4721862871927555,44.32238033635188,54817.92,0.0012919896640826874,2.7149271317829458,48.0,2.0,Long Inactive,High Value,Low Frequency
CUST1831,67,Female,Germany,active,1,9,1741.14,1741.14,193.46,4.2,0,1.0,1,1,2023-12-22,2023-12-22,2022-04-21,717,610,0.046875,9.0,1,1,1,0.0,1741.14,193.46,0.0016366612111292963,3203.6976000000004,85.62983606557378,0.4426229508196722,0.0,4292.9547840000005,1.0,0.5983606557377049,1041.8296721311476,5.385245901639344,157.55889836065577,1.6712328767123288,0.5983606557377049,85.62983606557378,3482.28,0.0016366612111292963,5.243367594108021,0.0,2.0,Long Inactive,Very High Value,Low Frequency
CUST1832,60,Female,Canada,cancelled,1,9,1914.1200000000001,1914.1200000000001,212.68,4.4,0,10.0,10,10,2025-09-03,2025-09-03,2022-01-26,96,1316,0.022288261515601784,9.0,1,1,1,0.0,1914.1200000000001,212.68,0.0007593014426727411,3598.5456000000004,43.634954407294835,0.20516717325227962,0.0,4965.992928000001,1.0,0.277355623100304,530.8919452887538,2.4962006079027357,82.0337142857143,3.6054794520547944,0.277355623100304,43.634954407294835,21055.32,0.0007593014426727411,2.7323808656036452,0.0,2.0,At Risk,Very High Value,Low Frequency
CUST1833,26,Male,India,active,1,3,1892.8200000000002,1892.8200000000002,630.94,4.3,5,26.0,26,26,2024-04-26,2024-04-26,2022-04-18,591,739,0.03901170351105332,3.0,1,1,1,5.0,1892.8200000000002,630.94,0.0013513513513513514,3520.6452,76.83978349120434,0.12178619756427606,5.0,4788.077471999999,1.0,0.4939106901217862,934.8840324763195,1.4817320703653585,142.92199729364006,2.0246575342465754,0.4939106901217862,76.83978349120434,51106.14000000001,0.0013513513513513514,4.757628648648649,135.0,2.0,Long Inactive,Very High Value,Low Frequency
CUST1834,47,Male,Pakistan,paused,1,1,1649.05,1649.05,1649.05,4.1,1,18.0,18,18,2024-06-14,2024-06-14,2020-07-10,542,1435,0.020477815699658702,1.0,1,1,1,1.0,1649.05,1649.05,0.0006963788300835655,3001.2709999999997,34.47491289198606,0.020905923344947733,1.0,3961.677719999999,1.0,0.2543554006968641,419.44477351916373,0.2543554006968641,62.74434146341463,3.9315068493150687,0.2543554006968641,34.47491289198606,31331.95,0.0006963788300835655,2.0900215877437325,19.0,2.0,Long Inactive,Very High Value,Low Frequency
CUST1835,67,Female,UK,active,1,7,1650.18,1650.18,235.74,4.4,5,4.0,4,4,2023-02-23,2023-02-23,2022-09-15,1019,161,0.15706806282722513,7.0,1,1,1,5.0,1650.18,235.74,0.006172839506172839,3102.3384,307.48695652173916,1.3043478260869565,5.0,4281.226992000001,1.0,2.2670807453416146,3741.0913043478263,15.869565217391303,578.0754782608697,0.4410958904109589,2.2670807453416146,307.48695652173916,8250.9,0.006172839506172839,19.150237037037037,25.0,2.0,Long Inactive,Very High Value,Low Frequency
CUST1836,57,Other,India,cancelled,1,2,560.12,560.12,280.06,3.9,0,36.0,36,36,2023-06-26,2023-06-26,2022-03-29,896,454,0.06198347107438017,2.0,1,1,1,0.0,560.12,280.06,0.002197802197802198,997.0136,37.012334801762115,0.13215859030837004,0.0,1276.177408,1.0,0.8039647577092511,450.31674008810575,1.6079295154185023,65.88195594713656,1.2438356164383562,0.8039647577092511,37.012334801762115,20724.44,0.002197802197802198,2.1912386813186813,0.0,2.0,Long Inactive,Medium Value,Low Frequency
CUST1837,61,Other,Canada,paused,1,2,814.72,814.72,407.36,3.9,3,7.0,7,7,2024-08-22,2024-08-22,2021-03-10,473,1261,0.023237800154918668,2.0,1,1,1,3.0,814.72,407.36,0.000792393026941363,1450.2016,19.3827121332276,0.04758128469468676,3.0,1856.2580480000001,1.0,0.2894528152260111,235.82299762093575,0.5789056304520221,34.501227597145125,3.4547945205479453,0.2894528152260111,19.3827121332276,6517.76,0.000792393026941363,1.1491296354992078,24.0,2.0,Long Inactive,Medium Value,Low Frequency
CUST1838,49,Male,India,cancelled,1,6,94.44,94.44,15.74,3.6,0,38.0,38,38,2022-07-24,2022-07-24,2021-01-05,1233,565,0.05042016806722689,6.0,1,1,1,0.0,94.44,15.74,0.0017667844522968198,162.4368,5.0145132743362835,0.3185840707964602,0.0,198.172896,1.0,0.6460176991150443,61.00991150442478,3.8761061946902657,8.624962831858408,1.547945205479452,0.6460176991150443,5.0145132743362835,3683.16,0.0017667844522968198,0.2869908127208481,0.0,2.0,Long Inactive,Low Value,Low Frequency
CUST1839,36,Female,Pakistan,cancelled,1,6,1156.1999999999998,1156.1999999999998,192.7,4.4,5,6.0,6,6,2024-08-07,2024-08-07,2021-08-30,488,1073,0.027198549410698096,6.0,1,1,1,5.0,1156.1999999999998,192.69999999999996,0.000931098696461825,2173.656,32.32618825722274,0.16775396085740915,5.0,2999.64528,1.0,0.3401677539608574,393.30195712954327,2.0410065237651445,60.77323392357875,2.9397260273972603,0.3401677539608574,32.32618825722274,8093.399999999999,0.000931098696461825,2.0238882681564245,35.0,2.0,Long Inactive,High Value,Low Frequency
CUST1840,27,Female,Germany,active,1,5,345.90000000000003,345.90000000000003,69.18,4.0,3,36.0,36,36,2021-12-28,2021-12-28,2021-04-20,1441,252,0.10638297872340426,5.0,1,1,1,3.0,345.90000000000003,69.18,0.003952569169960474,622.6200000000001,41.17857142857143,0.5952380952380952,3.0,809.4060000000002,1.0,1.4484126984126984,501.0059523809524,7.242063492063491,74.12142857142858,0.6904109589041096,1.4484126984126984,41.17857142857143,12798.300000000001,0.003952569169960474,2.460948616600791,111.0,2.0,Long Inactive,Low Value,Low Frequency
CUST1841,42,Male,Germany,cancelled,1,3,1738.1100000000001,1738.1100000000001,579.37,3.5,5,40.0,40,40,2023-07-22,2023-07-22,2023-01-17,870,186,0.1388888888888889,3.0,1,1,1,5.0,1738.1100000000001,579.37,0.0053475935828877,2954.7870000000003,280.3403225806452,0.48387096774193544,5.0,3545.7444,1.0,1.9623655913978495,3410.807258064516,5.887096774193548,476.5785483870968,0.5095890410958904,1.9623655913978495,280.3403225806452,71262.51000000001,0.0053475935828877,15.801,205.0,2.0,Long Inactive,Very High Value,Low Frequency
CUST1842,32,Female,India,paused,1,3,1183.74,1183.74,394.58,4.1,1,39.0,39,39,2022-10-03,2022-10-03,2021-09-28,1162,370,0.075,3.0,1,1,1,1.0,1183.74,394.58,0.0026954177897574125,2154.4067999999997,95.97891891891892,0.24324324324324323,1.0,2843.816975999999,1.0,0.9864864864864864,1167.7435135135136,2.959459459459459,174.6816324324324,1.0136986301369864,0.9864864864864864,95.97891891891892,47349.6,0.0026954177897574125,5.807026415094339,40.0,2.0,Long Inactive,High Value,Low Frequency
CUST1843,62,Female,Canada,active,1,5,1126.85,1126.85,225.37,4.1,0,38.0,38,38,2025-09-06,2025-09-06,2020-08-31,93,1832,0.016111707841031147,5.0,1,1,1,0.0,1126.85,225.36999999999998,0.0005455537370430987,2050.8669999999997,18.45278384279476,0.08187772925764192,0.0,2707.144439999999,1.0,0.19923580786026202,224.50887008733625,0.9961790393013101,33.584066593886455,5.019178082191781,0.19923580786026202,18.45278384279476,43947.149999999994,0.0005455537370430987,1.1188581560283686,0.0,2.0,At Risk,High Value,Low Frequency
CUST1844,29,Other,UK,cancelled,1,3,402.29999999999995,402.29999999999995,134.1,4.0,2,34.0,34,34,2025-05-05,2025-05-05,2023-06-06,217,699,0.0411522633744856,3.0,1,1,1,2.0,402.29999999999995,134.1,0.0014285714285714286,724.14,17.266094420600854,0.12875536480686695,2.0,941.3820000000001,1.0,0.5221745350500715,210.07081545064375,1.5665236051502145,31.078969957081544,1.915068493150685,0.5221745350500715,17.266094420600854,14080.499999999998,0.0014285714285714286,1.0344857142857142,70.0,2.0,Long Inactive,Low Value,Low Frequency
CUST1845,60,Female,Canada,cancelled,1,5,1357.6499999999999,1357.6499999999999,271.53,4.1,2,45.0,45,45,2024-04-18,2024-04-18,2023-01-18,599,456,0.0617283950617284,5.0,1,1,1,2.0,1357.6499999999999,271.53,0.002188183807439825,2470.9229999999993,89.31907894736841,0.32894736842105265,2.0,3261.6183599999986,1.0,0.8004385964912281,1086.7154605263156,4.00219298245614,162.5607236842105,1.2493150684931507,0.8004385964912281,89.31907894736841,62451.899999999994,0.002188183807439825,5.406833698030633,92.0,2.0,Long Inactive,High Value,Low Frequency
CUST1846,53,Female,India,cancelled,1,4,740.92,740.92,185.23,4.0,3,5.0,5,5,2025-05-02,2025-05-02,2023-01-18,220,835,0.034682080924855495,4.0,1,1,1,3.0,740.92,185.23,0.0011961722488038277,1333.656,26.619880239520956,0.1437125748502994,3.0,1733.7528,1.0,0.43712574850299407,323.8752095808383,1.7485029940119763,47.91578443113772,2.287671232876712,0.43712574850299407,26.619880239520956,4445.5199999999995,0.0011961722488038277,1.5952822966507176,18.0,2.0,Long Inactive,Medium Value,Low Frequency
CUST1847,28,Male,Germany,active,1,3,1978.02,1978.02,659.34,3.8,1,1.0,1,1,2021-11-09,2021-11-09,2021-07-24,1490,108,0.2173913043478261,3.0,1,1,1,1.0,1978.02,659.34,0.009174311926605505,3481.3152,549.4499999999999,0.8333333333333333,1.0,4386.457152,1.0,3.3796296296296298,6684.974999999999,10.13888888888889,967.0319999999999,0.2958904109589041,3.3796296296296298,549.4499999999999,3956.04,0.009174311926605505,31.93867155963303,2.0,2.0,Long Inactive,Very High Value,Low Frequency
CUST1848,69,Female,Germany,cancelled,1,2,230.96,230.96,115.48,4.3,4,35.0,35,35,2023-08-22,2023-08-22,2021-12-26,839,604,0.04731861198738171,2.0,1,1,1,4.0,230.96,115.48,0.001652892561983471,429.5856,11.471523178807947,0.09933774834437087,4.0,584.236416,1.0,0.6043046357615893,139.5701986754967,1.2086092715231787,21.33703311258278,1.6547945205479453,0.6043046357615893,11.471523178807947,8314.56,0.001652892561983471,0.7100588429752066,144.0,2.0,Long Inactive,Low Value,Low Frequency
CUST1849,23,Male,Germany,active,1,4,867.64,867.64,216.91,4.2,0,41.0,41,41,2024-11-23,2024-11-23,2021-01-04,380,1419,0.020703933747412008,4.0,1,1,1,0.0,867.64,216.91,0.0007042253521126761,1596.4576,18.343340380549684,0.08456659619450317,0.0,2139.253184,1.0,0.2572233967582805,223.17730796335448,1.028893587033122,33.751746300211416,3.8876712328767122,0.2572233967582805,18.343340380549684,36440.88,0.0007042253521126761,1.1242659154929577,0.0,2.0,Long Inactive,Medium Value,Low Frequency
CUST1850,55,Male,Germany,active,1,2,1131.08,1131.08,565.54,4.1,1,15.0,15,15,2024-03-28,2024-03-28,2021-03-26,620,1098,0.026595744680851064,2.0,1,1,1,1.0,1131.08,565.54,0.0009099181073703367,2058.5656,30.903825136612017,0.0546448087431694,1.0,2717.3065919999995,1.0,0.3324225865209472,375.9965391621129,0.6648451730418944,56.24496174863388,3.0082191780821916,0.3324225865209472,30.903825136612017,18097.28,0.0009099181073703367,1.8731261146496816,16.0,2.0,Long Inactive,High Value,Low Frequency
CUST1851,38,Female,Germany,cancelled,1,1,1146.75,1146.75,1146.75,4.2,2,31.0,31,31,2025-06-02,2025-06-02,2023-04-21,189,773,0.03735990037359901,1.0,1,1,1,2.0,1146.75,1146.75,0.0012919896640826874,2110.02,44.50517464424321,0.0388098318240621,2.0,2827.4268,1.0,0.4721862871927555,541.4796248382924,0.4721862871927555,81.8895213454075,2.117808219178082,0.4721862871927555,44.50517464424321,36696.0,0.0012919896640826874,2.726124031007752,64.0,2.0,Long Inactive,High Value,Low Frequency
CUST1852,21,Male,India,paused,1,6,1849.62,1849.62,308.27,4.5,4,29.0,29,29,2024-07-22,2024-07-22,2021-02-06,504,1262,0.023219814241486066,6.0,1,1,1,4.0,1849.62,308.27,0.000791765637371338,3514.278,43.9687797147385,0.14263074484944532,4.0,4919.989199999999,1.0,0.28922345483359746,534.9534865293185,1.735340729001585,83.54068145800316,3.4575342465753423,0.28922345483359746,43.9687797147385,55488.6,0.000791765637371338,2.782484560570071,120.0,2.0,Long Inactive,Very High Value,Low Frequency
CUST1853,57,Male,USA,active,1,6,215.64,215.64,35.94,4.6,0,47.0,47,47,2025-07-30,2025-07-30,2021-04-12,131,1570,0.01875,6.0,1,1,1,0.0,215.64,35.94,0.0006365372374283895,414.02879999999993,4.120509554140127,0.11464968152866241,0.0,587.9208959999999,1.0,0.232484076433121,50.13286624203821,1.394904458598726,7.911378343949043,4.301369863013699,0.232484076433121,4.120509554140127,10350.72,0.0006365372374283895,0.26354474856779114,0.0,2.0,At Risk,Low Value,Low Frequency
CUST1854,42,Female,Canada,active,1,7,418.81,418.81,59.83,4.3,4,40.0,40,40,2024-05-29,2024-05-29,2022-01-30,558,850,0.034090909090909095,7.0,1,1,1,4.0,418.81,59.83,0.0011750881316098707,778.9866,14.781529411764707,0.24705882352941178,4.0,1059.421776,1.0,0.4294117647058824,179.84194117647058,3.0058823529411764,27.493644705882353,2.328767123287671,0.4294117647058824,14.781529411764707,17171.21,0.0011750881316098707,0.9153779083431256,164.0,2.0,Long Inactive,Low Value,Low Frequency
CUST1855,49,Female,USA,active,1,5,356.15000000000003,356.15000000000003,71.23,4.0,0,28.0,28,28,2025-06-04,2025-06-04,2023-03-06,187,821,0.03525264394829612,5.0,1,1,1,0.0,356.15000000000003,71.23,0.0012165450121654502,641.07,13.01400730816078,0.18270401948842874,0.0,833.3910000000001,1.0,0.44457978075517657,158.33708891595614,2.222898903775883,23.425213154689406,2.249315068493151,0.44457978075517657,13.01400730816078,10328.35,0.0012165450121654502,0.7798905109489052,0.0,2.0,Long Inactive,Low Value,Low Frequency
CUST1856,57,Female,Germany,active,1,9,520.1999999999999,520.1999999999999,57.8,4.2,3,37.0,37,37,2023-01-07,2023-01-07,2023-12-06,1066,0,1.0,9.0,1,1,1,3.0,520.1999999999999,57.79999999999999,1.0,957.1679999999999,5201.999999999999,90.0,3.0,1282.60512,1.0,365.0,189872.99999999997,3285.0,9571.679999999998,0.0,365.0,5201.999999999999,19767.6,1.0,957.1679999999999,114.0,2.0,Long Inactive,Low Value,Low Frequency
CUST1857,66,Female,USA,active,1,8,1347.36,1347.36,168.42,3.3,3,36.0,36,36,2023-08-05,2023-08-05,2023-03-30,856,128,0.189873417721519,8.0,1,1,1,3.0,1347.36,168.42,0.007751937984496124,2236.6175999999996,315.78749999999997,1.875,3.0,2594.4764159999995,1.0,2.8515625,3842.0812499999997,22.8125,524.2072499999999,0.3506849315068493,2.8515625,315.78749999999997,49852.32,0.007751937984496124,17.338120930232556,111.0,2.0,Long Inactive,High Value,Low Frequency
CUST1858,59,Male,USA,active,1,4,1839.64,1839.64,459.91,4.3,3,20.0,20,20,2024-12-15,2024-12-15,2023-08-05,358,498,0.056818181818181816,4.0,1,1,1,3.0,1839.64,459.91,0.002004008016032064,3421.7304,110.82168674698795,0.24096385542168672,3.0,4653.553343999999,1.0,0.7329317269076305,1348.3305220883535,2.931726907630522,206.12833734939755,1.3643835616438356,0.7329317269076305,110.82168674698795,38632.44,0.002004008016032064,6.8571751503006,63.0,2.0,Long Inactive,Very High Value,Low Frequency
CUST1859,19,Male,India,active,1,3,1661.1000000000001,1661.1000000000001,553.7,3.7,3,34.0,34,34,2022-04-18,2022-04-18,2021-08-17,1330,244,0.10948905109489052,3.0,1,1,1,3.0,1661.1000000000001,553.7,0.004081632653061225,2890.3140000000003,204.23360655737707,0.36885245901639346,3.0,3583.9893600000005,1.0,1.4959016393442621,2484.842213114754,4.487704918032787,355.36647540983614,0.6684931506849315,1.4959016393442621,204.23360655737707,58138.50000000001,0.004081632653061225,11.797200000000002,105.0,2.0,Long Inactive,Very High Value,Low Frequency
CUST1860,35,Female,Germany,paused,1,9,987.48,987.48,109.72,3.9,1,46.0,46,46,2023-11-06,2023-11-06,2022-03-02,763,614,0.04658385093167702,9.0,1,1,1,1.0,987.48,109.72,0.0016260162601626016,1757.7144,48.24820846905538,0.4397394136807818,1.0,2249.874432,1.0,0.5944625407166124,587.0198697068404,5.350162866449511,85.88181107491857,1.6821917808219178,0.5944625407166124,48.24820846905538,46411.56,0.0016260162601626016,2.8580721951219514,47.0,2.0,Long Inactive,Medium Value,Low Frequency
CUST1861,30,Female,Canada,active,1,8,1483.92,1483.92,185.49,4.3,4,5.0,5,5,2024-12-26,2024-12-26,2021-03-05,347,1392,0.02109704641350211,8.0,1,1,1,4.0,1483.92,185.49,0.0007178750897343862,2760.0912,31.981034482758623,0.1724137931034483,4.0,3753.7240319999996,1.0,0.26221264367816094,389.1025862068966,2.0977011494252875,59.48472413793103,3.813698630136986,0.26221264367816094,31.981034482758623,8903.52,0.0007178750897343862,1.9814007178750896,24.0,2.0,Long Inactive,High Value,Low Frequency
CUST1862,65,Female,Germany,cancelled,1,7,844.34,844.34,120.62,4.1,3,43.0,43,43,2021-07-13,2021-07-13,2021-02-05,1609,158,0.1595744680851064,7.0,1,1,1,3.0,844.34,120.62,0.006289308176100629,1536.6988,160.31772151898736,1.3291139240506329,3.0,2028.4424159999996,1.0,2.310126582278481,1950.5322784810128,16.17088607594937,291.77825316455693,0.4328767123287671,2.310126582278481,160.31772151898736,37150.96,0.006289308176100629,9.664772327044025,132.0,2.0,Long Inactive,Medium Value,Low Frequency
CUST1863,31,Male,USA,active,1,8,97.04,97.04,12.13,4.2,4,49.0,49,49,2024-05-29,2024-05-29,2023-08-19,558,284,0.09554140127388534,8.0,1,1,1,4.0,97.04,12.13,0.0035087719298245615,178.55360000000002,10.250704225352113,0.8450704225352113,4.0,239.26182400000005,1.0,1.2852112676056338,124.71690140845071,10.28169014084507,18.86129577464789,0.7780821917808219,1.2852112676056338,10.250704225352113,4852.0,0.0035087719298245615,0.6265038596491229,200.0,2.0,Long Inactive,Low Value,Low Frequency
CUST1864,62,Male,Pakistan,active,1,8,1005.36,1005.36,125.67,4.5,0,4.0,4,4,2024-09-05,2024-09-05,2022-06-16,459,812,0.035629453681710214,8.0,1,1,1,0.0,1005.36,125.67,0.0012300123001230013,1910.184,37.14384236453202,0.2955665024630542,0.0,2674.2576,1.0,0.44950738916256155,451.91674876847287,3.5960591133004924,70.57330049261084,2.2246575342465755,0.44950738916256155,37.14384236453202,5026.8,0.0012300123001230013,2.349549815498155,0.0,2.0,Long Inactive,Medium Value,Low Frequency
CUST1865,61,Male,Germany,active,1,5,1288.1999999999998,1288.1999999999998,257.64,4.0,1,11.0,11,11,2023-11-29,2023-11-29,2021-04-08,740,965,0.030150753768844223,5.0,1,1,1,1.0,1288.1999999999998,257.64,0.0010351966873706005,2318.7599999999998,40.04766839378238,0.15544041450777205,1.0,3014.388,1.0,0.37823834196891193,487.2466321243523,1.8911917098445596,72.08580310880829,2.643835616438356,0.37823834196891193,40.04766839378238,15458.399999999998,0.0010351966873706005,2.4003726708074535,12.0,2.0,Long Inactive,High Value,Low Frequency
CUST1866,47,Female,Pakistan,cancelled,1,3,813.33,813.33,271.11,4.5,4,30.0,30,30,2025-04-03,2025-04-03,2020-02-10,249,1879,0.01571503404924044,3.0,1,1,1,4.0,813.33,271.11,0.0005319148936170213,1545.327,12.985577434805748,0.047897817988291645,4.0,2163.4577999999997,1.0,0.194252261841405,157.99119212346994,0.582756785524215,24.67259712613092,5.147945205479452,0.194252261841405,12.985577434805748,25213.23,0.0005319148936170213,0.8219824468085106,124.0,2.0,Long Inactive,Medium Value,Low Frequency
CUST1867,48,Female,USA,cancelled,1,9,1469.8799999999999,1469.8799999999999,163.32,3.5,4,45.0,45,45,2021-09-24,2021-09-24,2021-06-17,1536,99,0.23255813953488372,9.0,1,1,1,4.0,1469.8799999999999,163.32,0.01,2498.796,445.4181818181818,2.7272727272727275,4.0,2998.5552,1.0,3.686868686868687,5419.254545454545,33.18181818181818,757.2109090909091,0.27123287671232876,3.686868686868687,445.4181818181818,67614.48,0.01,24.987959999999998,184.0,2.0,Long Inactive,High Value,Low Frequency
CUST1868,53,Female,USA,active,1,5,1961.3,1961.3,392.26,4.5,4,1.0,1,1,2023-09-28,2023-09-28,2022-10-19,802,344,0.08021390374331551,5.0,1,1,1,4.0,1961.3,392.26,0.002898550724637681,3726.47,171.04360465116278,0.436046511627907,4.0,5217.057999999999,1.0,1.0610465116279069,2081.030523255814,5.305232558139535,324.9828488372093,0.9424657534246575,1.0610465116279069,171.04360465116278,3922.6,0.002898550724637681,10.80136231884058,8.0,2.0,Long Inactive,Very High Value,Low Frequency
CUST1869,55,Female,Germany,active,1,6,81.66,81.66,13.61,4.3,3,4.0,4,4,2023-07-29,2023-07-29,2022-09-20,863,312,0.08771929824561403,6.0,1,1,1,3.0,81.66,13.61,0.003194888178913738,151.8876,7.851923076923076,0.5769230769230769,3.0,206.56713599999998,1.0,1.1698717948717947,95.53173076923076,7.019230769230769,14.604576923076921,0.8547945205479452,1.1698717948717947,7.851923076923076,408.29999999999995,0.003194888178913738,0.48526389776357826,15.0,2.0,Long Inactive,Low Value,Low Frequency
CUST1870,68,Female,Pakistan,active,1,3,649.95,649.95,216.65,3.3,5,7.0,7,7,2022-09-03,2022-09-03,2021-08-28,1192,371,0.07481296758104738,3.0,1,1,1,5.0,649.95,216.65,0.002688172043010753,1078.917,52.55660377358491,0.2425876010781671,5.0,1251.54372,1.0,0.9838274932614556,639.4386792452831,2.951482479784367,87.24396226415094,1.0164383561643835,0.9838274932614556,52.55660377358491,5199.6,0.002688172043010753,2.9003145161290322,40.0,2.0,Long Inactive,Medium Value,Low Frequency
CUST1871,67,Female,Pakistan,cancelled,1,2,33.42,33.42,16.71,4.1,3,40.0,40,40,2022-11-11,2022-11-11,2021-01-24,1123,656,0.043731778425655975,2.0,1,1,1,3.0,33.42,16.71,0.0015220700152207,60.8244,1.5283536585365853,0.09146341463414634,3.0,80.28820799999998,1.0,0.5564024390243902,18.594969512195124,1.1128048780487805,2.7816036585365853,1.7972602739726027,0.5564024390243902,1.5283536585365853,1370.22,0.0015220700152207,0.09257899543378995,123.0,2.0,Long Inactive,Low Value,Low Frequency
CUST1872,18,Male,Canada,paused,1,9,1575.72,1575.72,175.08,3.8,0,22.0,22,22,2022-03-02,2022-03-02,2021-11-30,1377,92,0.24590163934426232,9.0,1,1,1,0.0,1575.72,175.08,0.010752688172043012,2773.2672000000002,513.8217391304347,2.934782608695652,0.0,3494.3166720000004,1.0,3.9673913043478257,6251.497826086957,35.70652173913043,904.3262608695652,0.25205479452054796,3.9673913043478257,513.8217391304347,36241.56,0.010752688172043012,29.820077419354842,0.0,2.0,Long Inactive,Very High Value,Low Frequency
CUST1873,32,Male,Germany,active,1,3,43.44,43.44,14.48,3.5,1,43.0,43,43,2025-03-30,2025-03-30,2020-08-30,253,1673,0.017615971814445096,3.0,1,1,1,1.0,43.44,14.479999999999999,0.0005973715651135006,73.848,0.7789599521817094,0.05379557680812911,1.0,88.6176,1.0,0.2181709503885236,9.477346084877466,0.6545128511655708,1.3242319187089062,4.583561643835616,0.2181709503885236,0.7789599521817094,1911.36,0.0005973715651135006,0.04411469534050179,44.0,2.0,Long Inactive,Low Value,Low Frequency
CUST1874,46,Male,Germany,active,1,7,1949.8500000000001,1949.8500000000001,278.55,4.1,2,46.0,46,46,2025-01-01,2025-01-01,2020-09-18,341,1566,0.018796992481203006,7.0,1,1,1,2.0,1949.8500000000001,278.55,0.0006381620931716656,3548.727,37.35344827586207,0.13409961685823754,2.0,4684.319639999999,1.0,0.2330779054916986,454.46695402298855,1.63154533844189,67.98327586206896,4.2904109589041095,0.2330779054916986,37.35344827586207,91642.95000000001,0.0006381620931716656,2.2646630504148053,94.0,2.0,Long Inactive,Very High Value,Low Frequency
CUST1875,62,Female,India,active,1,9,1927.6200000000001,1927.6200000000001,214.18,4.5,1,2.0,2,2,2023-09-02,2023-09-02,2021-04-22,828,863,0.0335946248600224,9.0,1,1,1,1.0,1927.6200000000001,214.18,0.0011574074074074073,3662.478,67.0088064889919,0.3128621089223639,1.0,5127.4692,1.0,0.42294322132097334,815.2738122827348,3.8064889918887603,127.3167323290846,2.3643835616438356,0.42294322132097334,67.0088064889919,5782.860000000001,0.0011574074074074073,4.238979166666667,3.0,2.0,Long Inactive,Very High Value,Low Frequency
CUST1876,23,Female,Germany,cancelled,1,3,691.62,691.62,230.54,4.4,5,49.0,49,49,2025-04-22,2025-04-22,2022-07-04,230,1023,0.02849002849002849,3.0,1,1,1,5.0,691.62,230.54,0.0009765625,1300.2456000000002,20.282111436950146,0.0879765395894428,5.0,1794.3389280000004,1.0,0.3567937438905181,246.76568914956013,1.0703812316715542,38.13036950146628,2.802739726027397,0.3567937438905181,20.282111436950146,34581.0,0.0009765625,1.2697710937500002,250.0,2.0,Long Inactive,Medium Value,Low Frequency
CUST1877,20,Female,India,paused,1,3,1168.56,1168.56,389.52,4.1,5,32.0,32,32,2024-06-26,2024-06-26,2021-06-19,530,1103,0.0264783759929391,3.0,1,1,1,5.0,1168.56,389.52,0.0009057971014492754,2126.7791999999995,31.783136899365367,0.0815956482320943,5.0,2807.348543999999,1.0,0.33091568449682685,386.694832275612,0.9927470534904805,57.845309156844955,3.021917808219178,0.33091568449682685,31.783136899365367,38562.479999999996,0.0009057971014492754,1.9264304347826082,165.0,2.0,Long Inactive,High Value,Low Frequency
CUST1878,66,Male,Germany,paused,1,7,359.59,359.59,51.37,4.3,2,38.0,38,38,2023-07-31,2023-07-31,2022-04-29,861,458,0.06147540983606558,7.0,1,1,1,2.0,359.59,51.37,0.002178649237472767,668.8373999999999,23.553930131004364,0.4585152838427947,2.0,909.6188639999998,1.0,0.7969432314410481,286.57281659388644,5.578602620087336,43.81031004366811,1.2547945205479452,0.7969432314410481,23.553930131004364,14024.009999999998,0.002178649237472767,1.457162091503268,78.0,2.0,Long Inactive,Low Value,Low Frequency
CUST1879,57,Female,Canada,cancelled,1,3,368.07,368.07,122.69,3.6,1,2.0,2,2,2021-01-25,2021-01-25,2020-12-27,1778,29,0.5084745762711864,3.0,1,1,1,1.0,368.07,122.69,0.03333333333333333,633.0803999999999,380.76206896551724,3.103448275862069,1.0,772.358088,1.0,12.586206896551722,4632.605172413792,37.75862068965517,654.9107586206895,0.07945205479452055,12.586206896551722,380.76206896551724,1104.21,0.03333333333333333,21.10268,3.0,2.0,Long Inactive,Low Value,Low Frequency
CUST1880,69,Other,USA,active,1,6,1983.72,1983.72,330.62,4.0,2,14.0,14,14,2025-05-24,2025-05-24,2022-11-14,198,922,0.031512605042016806,6.0,1,1,1,2.0,1983.72,330.62,0.0010834236186348862,3570.696,64.54620390455531,0.19522776572668113,2.0,4641.9048,1.0,0.3958785249457701,785.312147505423,2.3752711496746204,116.18316702819956,2.526027397260274,0.3958785249457701,64.54620390455531,29755.8,0.0010834236186348862,3.8685763813651133,30.0,2.0,Long Inactive,Very High Value,Low Frequency
CUST1881,18,Male,USA,active,1,9,1422.36,1422.36,158.04,4.1,3,19.0,19,19,2023-03-02,2023-03-02,2022-08-07,1012,207,0.12658227848101264,9.0,1,1,1,3.0,1422.36,158.04,0.004807692307692308,2588.6951999999997,206.13913043478257,1.3043478260869565,3.0,3417.077663999999,1.0,1.7632850241545894,2508.0260869565213,15.869565217391305,375.17321739130426,0.5671232876712329,1.7632850241545894,206.13913043478257,28447.199999999997,0.004807692307692308,12.445649999999999,60.0,2.0,Long Inactive,High Value,Low Frequency
CUST1882,33,Male,Germany,active,1,3,619.14,619.14,206.38,4.5,4,10.0,10,10,2025-10-07,2025-10-07,2021-01-28,62,1713,0.01721170395869191,3.0,1,1,1,4.0,619.14,206.38,0.0005834305717619603,1176.366,10.8430823117338,0.05253940455341506,4.0,1646.9124,1.0,0.2130764740221833,131.92416812609457,0.6392294220665499,20.60185639229422,4.693150684931507,0.2130764740221833,10.8430823117338,6810.54,0.0005834305717619603,0.6863278879813302,44.0,2.0,Moderate,Medium Value,Low Frequency
CUST1883,24,Female,UK,paused,1,8,633.44,633.44,79.18,4.2,3,35.0,35,35,2022-01-17,2022-01-17,2020-12-31,1421,382,0.07281553398058253,8.0,1,1,1,3.0,633.44,79.18,0.0026109660574412533,1165.5296,49.74659685863875,0.6282722513089005,3.0,1561.809664,1.0,0.955497382198953,605.2502617801048,7.643979057591624,91.5337382198953,1.0465753424657533,0.955497382198953,49.74659685863875,22803.840000000004,0.0026109660574412533,3.043158224543081,108.0,2.0,Long Inactive,Medium Value,Low Frequency
CUST1884,45,Female,Germany,cancelled,1,6,1530.84,1530.84,255.14,4.3,2,39.0,39,39,2023-07-31,2023-07-31,2023-01-30,861,182,0.14150943396226415,6.0,1,1,1,2.0,1530.84,255.14,0.00546448087431694,2847.3623999999995,252.33626373626373,0.989010989010989,2.0,3872.412863999999,1.0,2.0054945054945055,3070.0912087912084,12.032967032967033,469.3454505494505,0.4986301369863014,2.0054945054945055,252.33626373626373,61233.6,0.00546448087431694,15.559357377049178,80.0,2.0,Long Inactive,Very High Value,Low Frequency
CUST1885,57,Female,India,active,1,8,298.4,298.4,37.3,4.2,1,35.0,35,35,2022-05-23,2022-05-23,2021-09-18,1295,247,0.10830324909747294,8.0,1,1,1,1.0,298.4,37.3,0.004032258064516129,549.0559999999999,36.24291497975709,0.9716599190283401,1.0,735.7350399999999,1.0,1.4777327935222673,440.9554655870445,11.821862348178138,66.68696356275304,0.6767123287671233,1.4777327935222673,36.24291497975709,10742.4,0.004032258064516129,2.2139354838709675,36.0,2.0,Long Inactive,Low Value,Low Frequency
CUST1886,61,Female,Pakistan,active,1,8,1635.76,1635.76,204.47,4.6,5,19.0,19,19,2024-08-21,2024-08-21,2023-06-16,474,432,0.06493506493506493,8.0,1,1,1,5.0,1635.76,204.47,0.0023094688221709007,3140.6592,113.59444444444443,0.5555555555555556,5.0,4459.736064,1.0,0.8449074074074074,1382.0657407407407,6.7592592592592595,218.10133333333334,1.1835616438356165,0.8449074074074074,113.59444444444443,32715.2,0.0023094688221709007,7.253254503464203,100.0,2.0,Long Inactive,Very High Value,Low Frequency
CUST1887,46,Female,Germany,cancelled,1,2,135.16,135.16,67.58,4.5,5,34.0,34,34,2023-10-10,2023-10-10,2021-01-06,790,1007,0.028929604628736737,2.0,1,1,1,5.0,135.16,67.58,0.000992063492063492,256.804,4.026613704071499,0.059582919563058584,5.0,359.52559999999994,1.0,0.36246276067527305,48.990466732869905,0.7249255213505461,7.650566037735848,2.758904109589041,0.36246276067527305,4.026613704071499,4730.599999999999,0.000992063492063492,0.254765873015873,175.0,2.0,Long Inactive,Low Value,Low Frequency
CUST1888,61,Male,India,active,1,8,966.24,966.24,120.78,4.3,0,36.0,36,36,2022-08-24,2022-08-24,2021-10-04,1202,324,0.0847457627118644,8.0,1,1,1,0.0,966.24,120.78,0.003076923076923077,1797.2063999999998,89.46666666666667,0.7407407407407407,0.0,2444.2007039999994,1.0,1.126543209876543,1088.5111111111112,9.012345679012345,166.40799999999996,0.8876712328767123,1.126543209876543,89.46666666666667,35750.88,0.003076923076923077,5.529865846153846,0.0,2.0,Long Inactive,Medium Value,Low Frequency
CUST1889,51,Male,UK,active,1,5,55.7,55.7,11.14,4.1,4,1.0,1,1,2024-12-27,2024-12-27,2022-11-16,346,772,0.03740648379052369,5.0,1,1,1,4.0,55.7,11.14,0.00129366106080207,101.374,2.1645077720207255,0.19430051813471502,4.0,133.81367999999998,1.0,0.47279792746113986,26.33484455958549,2.3639896373056994,3.9394041450777197,2.115068493150685,0.47279792746113986,2.1645077720207255,111.4,0.00129366106080207,0.13114359637774903,8.0,2.0,Long Inactive,Low Value,Low Frequency
CUST1890,48,Female,USA,active,1,1,1928.31,1928.31,1928.31,4.5,0,21.0,21,21,2022-12-16,2022-12-16,2021-02-11,1088,673,0.04267425320056899,1.0,1,1,1,0.0,1928.31,1928.31,0.001483679525222552,3663.7889999999998,85.95735512630014,0.04457652303120357,0.0,5129.3045999999995,1.0,0.5423476968796433,1045.814487369985,0.5423476968796433,163.31897473997026,1.8438356164383563,0.5423476968796433,85.95735512630014,42422.82,0.001483679525222552,5.435888724035608,0.0,2.0,Long Inactive,Very High Value,Low Frequency
CUST1891,50,Female,Germany,active,1,9,811.98,811.98,90.22,3.5,0,5.0,5,5,2025-05-25,2025-05-25,2022-05-14,197,1107,0.026385224274406333,9.0,1,1,1,0.0,811.98,90.22,0.0009025270758122744,1380.366,22.00487804878049,0.24390243902439027,0.0,1656.4392,1.0,0.32971996386630537,267.7260162601626,2.9674796747967482,37.40829268292683,3.032876712328767,0.32971996386630537,22.00487804878049,4871.88,0.0009025270758122744,1.245817689530686,0.0,2.0,Long Inactive,Medium Value,Low Frequency
CUST1892,55,Female,UK,paused,1,3,1715.8200000000002,1715.8200000000002,571.94,4.4,1,24.0,24,24,2024-11-18,2024-11-18,2021-02-16,385,1371,0.021413276231263382,3.0,1,1,1,1.0,1715.8200000000002,571.94,0.0007288629737609329,3225.7416000000003,37.545295404814006,0.06564551422319474,1.0,4451.523408000001,1.0,0.2662290299051787,456.80109409190374,0.7986870897155361,70.58515536105033,3.756164383561644,0.2662290299051787,37.545295404814006,42895.50000000001,0.0007288629737609329,2.35112361516035,25.0,2.0,Long Inactive,Very High Value,Low Frequency
CUST1893,35,Female,India,cancelled,1,5,1472.0500000000002,1472.0500000000002,294.41,4.2,0,32.0,32,32,2025-07-18,2025-07-18,2021-11-12,143,1344,0.02183406113537118,5.0,1,1,1,0.0,1472.0500000000002,294.41,0.0007434944237918215,2708.5720000000006,32.85825892857144,0.11160714285714286,0.0,3629.486480000001,1.0,0.27157738095238093,399.7754836309524,1.3578869047619049,60.459196428571445,3.682191780821918,0.27157738095238093,32.85825892857144,48577.65000000001,0.0007434944237918215,2.013808178438662,0.0,2.0,At Risk,High Value,Low Frequency
CUST1894,21,Other,Pakistan,paused,1,7,477.46999999999997,477.46999999999997,68.21,4.4,0,22.0,22,22,2024-07-09,2024-07-09,2021-05-15,517,1151,0.02540220152413209,7.0,1,1,1,0.0,477.46999999999997,68.21,0.0008680555555555555,897.6436,12.444917463075585,0.18245004344048654,0.0,1238.748168,1.0,0.317115551694179,151.41316246741962,2.219808861859253,23.3964448305821,3.1534246575342464,0.317115551694179,12.444917463075585,10981.81,0.0008680555555555555,0.7792045138888888,0.0,2.0,Long Inactive,Low Value,Low Frequency
CUST1895,51,Female,Germany,active,1,3,404.04,404.04,134.68,4.4,2,31.0,31,31,2023-03-18,2023-03-18,2022-09-13,996,186,0.1388888888888889,3.0,1,1,1,2.0,404.04,134.68,0.0053475935828877,759.5952000000001,65.16774193548387,0.48387096774193544,2.0,1048.2413760000002,1.0,1.9623655913978495,792.8741935483871,5.887096774193548,122.51535483870968,0.5095890410958904,1.9623655913978495,65.16774193548387,12929.28,0.0053475935828877,4.0620064171123,64.0,2.0,Long Inactive,Low Value,Low Frequency
CUST1896,50,Other,Pakistan,active,1,5,1475.35,1475.35,295.07,4.2,5,42.0,42,42,2024-11-15,2024-11-15,2022-03-12,388,979,0.02973240832507433,5.0,1,1,1,5.0,1475.35,295.07,0.0010204081632653062,2714.644,45.20990806945863,0.15321756894790603,5.0,3637.6229599999997,1.0,0.372829417773238,550.0538815117467,1.86414708886619,83.18623084780387,2.682191780821918,0.372829417773238,45.20990806945863,63440.049999999996,0.0010204081632653062,2.770044897959184,215.0,2.0,Long Inactive,High Value,Low Frequency
CUST1897,44,Female,Pakistan,active,1,9,1514.7,1514.7,168.3,4.5,5,17.0,17,17,2024-11-02,2024-11-02,2021-10-03,401,1126,0.025951557093425608,9.0,1,1,1,5.0,1514.7,168.3,0.0008873114463176575,2877.93,40.35612788632327,0.23978685612788633,5.0,4029.1019999999994,1.0,0.3241563055062167,490.9995559502664,2.9174067495559504,76.67664298401421,3.084931506849315,0.3241563055062167,40.35612788632327,27264.600000000002,0.0008873114463176575,2.553620230700976,90.0,2.0,Long Inactive,Very High Value,Low Frequency
CUST1898,39,Male,India,paused,1,9,1210.59,1210.59,134.51,4.3,3,32.0,32,32,2023-10-24,2023-10-24,2020-08-28,776,1152,0.025380710659898477,9.0,1,1,1,3.0,1210.59,134.51,0.0008673026886383347,2251.6973999999996,31.525781249999998,0.234375,3.0,3062.3084639999993,1.0,0.3168402777777778,383.563671875,2.8515625,58.63795312499999,3.1561643835616437,0.3168402777777778,31.525781249999998,39949.469999999994,0.0008673026886383347,1.9529032090199474,99.0,2.0,Long Inactive,High Value,Low Frequency
CUST1899,50,Male,USA,cancelled,1,7,1421.3500000000001,1421.3500000000001,203.05,3.8,1,43.0,43,43,2022-04-03,2022-04-03,2020-11-27,1345,492,0.0574712643678161,7.0,1,1,1,1.0,1421.3500000000001,203.05,0.002028397565922921,2501.5760000000005,86.66768292682929,0.426829268292683,1.0,3151.9857600000005,1.0,0.741869918699187,1054.4568089430895,5.193089430894309,152.53512195121957,1.347945205479452,0.741869918699187,86.66768292682929,62539.40000000001,0.002028397565922921,5.074190669371197,44.0,2.0,Long Inactive,High Value,Low Frequency
CUST1900,32,Male,USA,active,1,3,1936.1399999999999,1936.1399999999999,645.38,3.9,2,9.0,9,9,2024-08-01,2024-08-01,2023-11-03,494,272,0.09933774834437087,3.0,1,1,1,2.0,1936.1399999999999,645.38,0.003663003663003663,3446.3291999999997,213.54485294117646,0.33088235294117646,2.0,4411.301375999999,1.0,1.3419117647058822,2598.1290441176466,4.025735294117647,380.1098382352941,0.7452054794520548,1.3419117647058822,213.54485294117646,19361.399999999998,0.003663003663003663,12.623916483516481,20.0,2.0,Long Inactive,Very High Value,Low Frequency
CUST1901,64,Male,Germany,active,1,4,1583.24,1583.24,395.81,4.0,1,44.0,44,44,2024-12-14,2024-12-14,2020-09-12,359,1554,0.01893939393939394,4.0,1,1,1,1.0,1583.24,395.81,0.0006430868167202572,2849.832,30.564478764478768,0.07722007722007722,1.0,3704.7816,1.0,0.2348777348777349,371.867824967825,0.9395109395109396,55.016061776061775,4.257534246575342,0.2348777348777349,30.564478764478768,71245.8,0.0006430868167202572,1.832689389067524,45.0,2.0,Long Inactive,Very High Value,Low Frequency
CUST1902,32,Male,UK,active,1,4,1305.48,1305.48,326.37,4.1,5,2.0,2,2,2023-11-15,2023-11-15,2023-02-03,754,285,0.09523809523809523,4.0,1,1,1,5.0,1305.48,326.37,0.0034965034965034965,2375.9736,137.41894736842104,0.42105263157894735,5.0,3136.2851519999995,1.0,1.280701754385965,1671.9305263157894,5.12280701754386,250.10248421052628,0.7808219178082192,1.280701754385965,137.41894736842104,3916.44,0.0034965034965034965,8.307599999999999,15.0,2.0,Long Inactive,High Value,Low Frequency
CUST1903,20,Female,India,active,1,1,1200.43,1200.43,1200.43,4.4,1,31.0,31,31,2024-10-08,2024-10-08,2022-05-14,426,878,0.03303964757709251,1.0,1,1,1,1.0,1200.43,1200.43,0.0011376564277588168,2256.8084000000003,41.01697038724374,0.03416856492027335,1.0,3114.3955920000008,1.0,0.4157175398633257,499.03980637813214,0.4157175398633257,77.11190432801824,2.4054794520547946,0.4157175398633257,41.01697038724374,38413.76,0.0011376564277588168,2.5674725824800912,32.0,2.0,Long Inactive,High Value,Low Frequency
CUST1904,44,Female,USA,active,1,2,1545.42,1545.42,772.71,4.4,2,4.0,4,4,2025-11-02,2025-11-02,2022-12-27,36,1041,0.028011204481792715,2.0,1,1,1,2.0,1545.42,772.71,0.0009596928982725527,2905.3896000000004,44.536599423631124,0.05763688760806916,2.0,4009.437648000001,1.0,0.3506243996157541,541.8619596541787,0.7012487992315082,83.72880691642652,2.852054794520548,0.3506243996157541,44.536599423631124,7727.1,0.0009596928982725527,2.7882817658349333,10.0,2.0,Recent,Very High Value,Low Frequency
CUST1905,40,Female,USA,active,1,7,165.62,165.62,23.66,4.4,4,46.0,46,46,2025-12-07,2025-12-07,2020-07-09,1,1977,0.014947683109118086,7.0,1,1,1,4.0,165.62,23.66,0.0005055611729019212,311.36560000000003,2.5132018209408193,0.1062215477996965,4.0,429.68452800000006,1.0,0.18462316641375823,30.577288821446636,1.2923621648963075,4.72481942336874,5.416438356164384,0.18462316641375823,2.5132018209408193,7784.14,0.0005055611729019212,0.15741435793731043,188.0,2.0,Very Recent,Low Value,Low Frequency
CUST1906,24,Male,Germany,active,1,6,1715.6399999999999,1715.6399999999999,285.94,3.5,4,31.0,31,31,2025-11-01,2025-11-01,2021-06-29,37,1586,0.018564356435643563,6.0,1,1,1,4.0,1715.6399999999999,285.94,0.000630119722747322,2916.5879999999997,32.452206809583856,0.11349306431273644,4.0,3499.9055999999996,1.0,0.23013871374527112,394.8351828499369,1.3808322824716266,55.16875157629256,4.345205479452055,0.23013871374527112,32.452206809583856,54900.479999999996,0.000630119722747322,1.8377996219281663,128.0,2.0,Recent,Very High Value,Low Frequency
CUST1907,21,Female,UK,active,1,4,1649.04,1649.04,412.26,4.5,1,9.0,9,9,2025-01-21,2025-01-21,2021-11-13,321,1165,0.02510460251046025,4.0,1,1,1,1.0,1649.04,412.26,0.0008576329331046312,3133.176,42.46454935622317,0.10300429184549356,1.0,4386.4464,1.0,0.3133047210300429,516.6520171673819,1.2532188841201717,80.68264377682402,3.191780821917808,0.3133047210300429,42.46454935622317,16490.4,0.0008576329331046312,2.687114922813036,10.0,2.0,Long Inactive,Very High Value,Low Frequency
CUST1908,54,Male,Germany,active,1,7,781.13,781.13,111.59,4.1,3,42.0,42,42,2023-05-28,2023-05-28,2021-03-07,925,812,0.035629453681710214,7.0,1,1,1,3.0,781.13,111.59,0.0012300123001230013,1421.6565999999998,28.85948275862069,0.25862068965517243,3.0,1876.5867119999996,1.0,0.44950738916256155,351.1237068965517,3.1465517241379306,52.52425862068965,2.2246575342465755,0.44950738916256155,28.85948275862069,33588.59,0.0012300123001230013,1.7486551045510452,129.0,2.0,Long Inactive,Medium Value,Low Frequency
CUST1909,23,Male,USA,active,1,7,951.0200000000001,951.0200000000001,135.86,4.4,5,29.0,29,29,2024-06-13,2024-06-13,2022-06-18,543,726,0.03968253968253968,7.0,1,1,1,5.0,951.0200000000001,135.86,0.001375515818431912,1787.9176000000002,39.29834710743802,0.2892561983471075,5.0,2467.3262880000007,1.0,0.5027548209366391,478.12988980716256,3.5192837465564737,73.88089256198349,1.989041095890411,0.5027548209366391,39.29834710743802,28530.600000000002,0.001375515818431912,2.45930894085282,150.0,2.0,Long Inactive,Medium Value,Low Frequency
CUST1910,64,Female,UK,paused,1,3,1957.23,1957.23,652.41,4.1,3,26.0,26,26,2022-07-05,2022-07-05,2021-08-12,1252,327,0.08403361344537814,3.0,1,1,1,3.0,1957.23,652.41,0.003048780487804878,3562.1585999999998,179.56238532110092,0.27522935779816515,3.0,4702.049351999999,1.0,1.1162079510703364,2184.6756880733947,3.3486238532110093,326.80354128440365,0.8958904109589041,1.1162079510703364,179.56238532110092,52845.21,0.003048780487804878,10.86023963414634,81.0,2.0,Long Inactive,Very High Value,Low Frequency
CUST1911,62,Female,Canada,active,1,7,191.03,191.03,27.29,4.2,3,34.0,34,34,2024-04-04,2024-04-04,2020-12-26,613,1195,0.024489795918367346,7.0,1,1,1,3.0,191.03,27.29,0.0008361204013377926,351.4952,4.795732217573222,0.17573221757322174,3.0,471.00356800000003,1.0,0.305439330543933,58.34807531380753,2.1380753138075312,8.824147280334728,3.2739726027397262,0.305439330543933,4.795732217573222,6686.05,0.0008361204013377926,0.2938923076923077,105.0,2.0,Long Inactive,Low Value,Low Frequency
CUST1912,23,Female,USA,cancelled,1,8,908.16,908.16,113.52,4.2,1,43.0,43,43,2025-01-17,2025-01-17,2023-04-04,325,654,0.043859649122807015,8.0,1,1,1,1.0,908.16,113.52,0.0015267175572519084,1671.0144,41.658715596330275,0.36697247706422015,1.0,2239.1592960000003,1.0,0.5581039755351682,506.84770642201835,4.464831804281346,76.65203669724771,1.7917808219178082,0.5581039755351682,41.658715596330275,39959.04,0.0015267175572519084,2.5511670229007635,44.0,2.0,Long Inactive,Medium Value,Low Frequency
CUST1913,28,Male,India,cancelled,1,4,651.28,651.28,162.82,4.3,3,11.0,11,11,2025-01-02,2025-01-02,2023-08-07,340,514,0.05514705882352941,4.0,1,1,1,3.0,651.28,162.82,0.001941747572815534,1211.3808,38.012451361867704,0.23346303501945526,3.0,1647.4778879999997,1.0,0.7101167315175098,462.48482490272374,2.840466926070039,70.70315953307393,1.4082191780821918,0.7101167315175098,38.012451361867704,7815.36,0.001941747572815534,2.3521957281553396,36.0,2.0,Long Inactive,Medium Value,Low Frequency
CUST1914,63,Female,Germany,cancelled,1,8,99.6,99.6,12.45,4.3,5,8.0,8,8,2024-09-11,2024-09-11,2021-02-22,453,1297,0.02260738507912585,8.0,1,1,1,5.0,99.6,12.45,0.0007704160246533128,185.25599999999997,2.3037779491133383,0.18504240555127216,5.0,251.94815999999994,1.0,0.28141865844255975,28.02929838087895,2.251349267540478,4.285026985350809,3.5534246575342467,0.28141865844255975,2.3037779491133383,896.4,0.0007704160246533128,0.1427241910631741,45.0,2.0,Long Inactive,Low Value,Low Frequency
CUST1915,38,Female,USA,cancelled,1,2,211.06,211.06,105.53,3.7,0,26.0,26,26,2023-10-14,2023-10-14,2022-07-02,786,469,0.06012024048096193,2.0,1,1,1,0.0,211.06,105.53,0.002127659574468085,367.2444,13.500639658848614,0.1279317697228145,0.0,455.38305599999995,1.0,0.7782515991471216,164.2577825159915,1.5565031982942432,23.49111300639659,1.284931506849315,0.7782515991471216,13.500639658848614,5698.62,0.002127659574468085,0.7813710638297872,0.0,2.0,Long Inactive,Low Value,Low Frequency
CUST1916,51,Female,USA,cancelled,1,9,1596.33,1596.33,177.37,3.9,5,37.0,37,37,2022-08-23,2022-08-23,2022-11-07,1203,0,1.0,9.0,1,1,1,5.0,1596.33,177.37,1.0,2841.4674,15963.3,90.0,5.0,3637.078272,1.0,365.0,582660.45,3285.0,28414.674,0.0,365.0,15963.3,60660.53999999999,1.0,2841.4674,190.0,2.0,Long Inactive,Very High Value,Low Frequency
CUST1917,67,Male,Canada,active,1,1,236.75,236.75,236.75,4.5,5,24.0,24,24,2022-10-25,2022-10-25,2022-06-26,1140,121,0.19867549668874174,1.0,1,1,1,5.0,236.75,236.75,0.00819672131147541,449.825,58.69834710743802,0.24793388429752067,5.0,629.755,1.0,3.0165289256198347,714.1632231404958,3.0165289256198347,111.52685950413223,0.3315068493150685,3.0165289256198347,58.69834710743802,5918.75,0.00819672131147541,3.6870901639344265,125.0,2.0,Long Inactive,Low Value,Low Frequency
CUST1918,51,Female,Pakistan,active,1,6,539.04,539.04,89.84,4.1,0,43.0,43,43,2023-04-13,2023-04-13,2022-11-11,970,153,0.1639344262295082,6.0,1,1,1,0.0,539.04,89.83999999999999,0.006493506493506494,981.0527999999998,105.69411764705882,1.1764705882352942,0.0,1294.9896959999996,1.0,2.3856209150326797,1285.9450980392155,14.313725490196079,192.36329411764703,0.4191780821917808,2.3856209150326797,105.69411764705882,23717.76,0.006493506493506494,6.370472727272727,0.0,2.0,Long Inactive,Low Value,Low Frequency
CUST1919,31,Female,Pakistan,active,1,8,1894.96,1894.96,236.87,4.0,5,40.0,40,40,2021-12-18,2021-12-18,2020-09-28,1451,446,0.06302521008403361,8.0,1,1,1,5.0,1894.96,236.87,0.0022371364653243847,3410.9280000000003,127.46367713004484,0.5381165919282511,5.0,4434.206400000001,1.0,0.8183856502242152,1550.8080717488788,6.547085201793721,229.43461883408074,1.2219178082191782,0.8183856502242152,127.46367713004484,77693.36,0.0022371364653243847,7.630711409395974,205.0,2.0,Long Inactive,Very High Value,Low Frequency
CUST1920,48,Male,Pakistan,cancelled,1,4,1943.08,1943.08,485.77,3.8,2,49.0,49,49,2023-09-12,2023-09-12,2022-10-05,818,342,0.08064516129032258,4.0,1,1,1,2.0,1943.08,485.77,0.0029154518950437317,3419.8208,170.44561403508771,0.3508771929824561,2.0,4308.974208,1.0,1.067251461988304,2073.754970760234,4.269005847953216,299.98428070175436,0.936986301369863,1.067251461988304,170.44561403508771,97154.0,0.0029154518950437317,9.97032303206997,100.0,2.0,Long Inactive,Very High Value,Low Frequency
CUST1921,36,Male,India,active,1,6,1339.8000000000002,1339.8000000000002,223.3,3.4,5,22.0,22,22,2024-11-25,2024-11-25,2022-11-29,378,727,0.03963011889035667,6.0,1,1,1,5.0,1339.8000000000002,223.30000000000004,0.0013736263736263737,2250.864,55.287482806052274,0.24759284731774414,5.0,2656.01952,1.0,0.5020632737276479,672.6643741403027,3.0123796423658873,92.88297111416782,1.9917808219178081,0.5020632737276479,55.287482806052274,30815.400000000005,0.0013736263736263737,3.091846153846154,115.0,2.0,Long Inactive,High Value,Low Frequency
CUST1922,68,Female,Canada,cancelled,1,8,1134.32,1134.32,141.79,4.3,2,17.0,17,17,2021-04-23,2021-04-23,2020-01-12,1690,467,0.060362173038229376,8.0,1,1,1,2.0,1134.32,141.79,0.002136752136752137,2109.8351999999995,72.86852248394004,0.5139186295503212,2.0,2869.375871999999,1.0,0.7815845824411135,886.5670235546038,6.252676659528908,135.53545182012846,1.2794520547945205,0.7815845824411135,72.86852248394004,20417.76,0.002136752136752137,4.508194871794871,36.0,2.0,Long Inactive,High Value,Low Frequency
CUST1923,44,Male,USA,active,1,6,1897.2599999999998,1897.2599999999998,316.21,4.3,4,22.0,22,22,2022-02-03,2022-02-03,2021-05-04,1404,275,0.09836065573770493,6.0,1,1,1,4.0,1897.2599999999998,316.21,0.0036231884057971015,3528.903599999999,206.97381818181816,0.6545454545454545,4.0,4799.308895999999,1.0,1.3272727272727272,2518.181454545454,7.963636363636364,384.97130181818176,0.7534246575342466,1.3272727272727272,206.97381818181816,43636.979999999996,0.0036231884057971015,12.78588260869565,92.0,2.0,Long Inactive,Very High Value,Low Frequency
CUST1924,66,Female,UK,active,1,1,253.96,253.96,253.96,4.3,1,37.0,37,37,2025-08-05,2025-08-05,2021-05-27,125,1531,0.019218449711723255,1.0,1,1,1,1.0,253.96,253.96,0.0006527415143603133,472.3656,4.976355323318093,0.019595035924232528,1.0,642.4172159999999,1.0,0.23840627041149576,60.54565643370346,0.23840627041149576,9.256020901371652,4.1945205479452055,0.23840627041149576,4.976355323318093,9650.48,0.0006527415143603133,0.308332637075718,38.0,2.0,At Risk,Low Value,Low Frequency
CUST1925,33,Female,India,paused,1,1,314.54,314.54,314.54,4.2,0,39.0,39,39,2024-01-30,2024-01-30,2023-01-18,678,377,0.07371007371007371,1.0,1,1,1,0.0,314.54,314.54,0.0026455026455026454,578.7536000000001,25.029708222811674,0.07957559681697612,0.0,775.5298240000002,1.0,0.9681697612732094,304.52811671087534,0.9681697612732094,46.054663129973484,1.0328767123287672,0.9681697612732094,25.029708222811674,12581.6,0.0026455026455026454,1.5310941798941802,0.0,2.0,Long Inactive,Low Value,Low Frequency
CUST1926,44,Other,UK,active,1,7,1285.2,1285.2,183.6,4.1,4,30.0,30,30,2023-03-24,2023-03-24,2021-08-04,990,597,0.04784688995215311,7.0,1,1,1,4.0,1285.2,183.6,0.0016722408026755853,2339.064,64.58291457286433,0.35175879396984927,4.0,3087.5644799999995,1.0,0.6113902847571189,785.7587939698492,4.279731993299833,117.54090452261306,1.6356164383561644,0.6113902847571189,64.58291457286433,39841.200000000004,0.0016722408026755853,3.911478260869565,124.0,2.0,Long Inactive,High Value,Low Frequency
CUST1927,54,Female,Germany,paused,1,5,1631.0,1631.0,326.2,4.0,3,16.0,16,16,2023-10-09,2023-10-09,2020-09-28,791,1106,0.02640845070422535,5.0,1,1,1,3.0,1631.0,326.2,0.0009033423667570009,2935.8,44.24050632911392,0.13562386980108498,3.0,3816.5400000000004,1.0,0.33001808318264014,538.2594936708861,1.6500904159132006,79.63291139240506,3.03013698630137,0.33001808318264014,44.24050632911392,27727.0,0.0009033423667570009,2.652032520325203,51.0,2.0,Long Inactive,Very High Value,Low Frequency
CUST1928,19,Male,India,paused,1,9,1829.61,1829.61,203.29,4.3,1,8.0,8,8,2023-06-13,2023-06-13,2020-10-31,909,955,0.030456852791878177,9.0,1,1,1,1.0,1829.61,203.29,0.0010460251046025104,3403.0745999999995,57.47465968586388,0.28272251308900526,1.0,4628.181455999998,1.0,0.38219895287958117,699.2750261780105,3.4397905759162306,106.90286701570679,2.6164383561643834,0.38219895287958117,57.47465968586388,16466.489999999998,0.0010460251046025104,3.5597014644351455,9.0,2.0,Long Inactive,Very High Value,Low Frequency
CUST1929,21,Other,UK,active,1,4,1151.92,1151.92,287.98,4.0,0,38.0,38,38,2022-01-05,2022-01-05,2021-10-15,1433,82,0.26785714285714285,4.0,1,1,1,0.0,1151.92,287.98,0.012048192771084338,2073.456,421.4341463414634,1.4634146341463414,0.0,2695.4928000000004,1.0,4.451219512195122,5127.448780487805,17.804878048780488,758.5814634146342,0.22465753424657534,4.451219512195122,421.4341463414634,44924.880000000005,0.012048192771084338,24.98139759036145,0.0,2.0,Long Inactive,High Value,Low Frequency
CUST1930,42,Female,Pakistan,active,1,1,1187.15,1187.15,1187.15,4.1,3,37.0,37,37,2023-10-14,2023-10-14,2023-04-22,786,175,0.14634146341463417,1.0,1,1,1,3.0,1187.15,1187.15,0.005681818181818182,2160.613,203.5114285714286,0.17142857142857143,3.0,2852.0091599999996,1.0,2.085714285714286,2476.0557142857147,2.085714285714286,370.3908,0.4794520547945205,2.085714285714286,203.5114285714286,45111.700000000004,0.005681818181818182,12.276210227272726,114.0,2.0,Long Inactive,High Value,Low Frequency
CUST1931,31,Female,USA,active,1,2,82.52,82.52,41.26,4.0,1,43.0,43,43,2024-09-15,2024-09-15,2021-06-18,449,1185,0.024691358024691357,2.0,1,1,1,1.0,82.52,41.26,0.0008431703204047217,148.536,2.0891139240506327,0.05063291139240506,1.0,193.0968,1.0,0.3080168776371308,25.41755274261603,0.6160337552742616,3.7604050632911394,3.2465753424657535,0.3080168776371308,2.0891139240506327,3630.8799999999997,0.0008431703204047217,0.12524114671163575,44.0,2.0,Long Inactive,Low Value,Low Frequency
CUST1932,25,Male,UK,active,1,4,1768.44,1768.44,442.11,3.8,5,32.0,32,32,2025-05-14,2025-05-14,2020-07-09,208,1770,0.016666666666666666,4.0,1,1,1,5.0,1768.44,442.11,0.000564652738565782,3112.4544,29.9735593220339,0.06779661016949153,5.0,3921.692544,1.0,0.20621468926553674,364.6783050847458,0.824858757062147,52.75346440677966,4.8493150684931505,0.20621468926553674,29.9735593220339,58358.520000000004,0.000564652738565782,1.757455900621118,165.0,2.0,Long Inactive,Very High Value,Low Frequency
CUST1933,21,Male,Canada,active,1,7,1101.8,1101.8,157.4,4.2,0,45.0,45,45,2025-01-27,2025-01-27,2021-08-09,315,1267,0.02313030069390902,7.0,1,1,1,0.0,1101.8,157.4,0.0007886435331230284,2027.312,26.088397790055247,0.16574585635359115,0.0,2716.59808,1.0,0.2880820836621942,317.4088397790055,2.016574585635359,48.00265193370166,3.4712328767123286,0.2880820836621942,26.088397790055247,50682.799999999996,0.0007886435331230284,1.5988264984227127,0.0,2.0,Long Inactive,High Value,Low Frequency
CUST1934,30,Female,USA,active,1,2,1681.72,1681.72,840.86,4.3,0,21.0,21,21,2025-08-04,2025-08-04,2022-05-03,126,1189,0.02461033634126333,2.0,1,1,1,0.0,1681.72,840.86,0.0008403361344537816,3127.9991999999997,42.431959629941126,0.050462573591253154,0.0,4254.078911999999,1.0,0.3069806560134567,516.2555088309504,0.6139613120269134,78.9234449116905,3.2575342465753425,0.3069806560134567,42.431959629941126,36997.840000000004,0.0008403361344537816,2.628570756302521,0.0,2.0,At Risk,Very High Value,Low Frequency
CUST1935,43,Female,Canada,paused,1,6,1607.6399999999999,1607.6399999999999,267.94,4.4,3,40.0,40,40,2024-05-05,2024-05-05,2022-10-23,582,560,0.05084745762711864,6.0,1,1,1,3.0,1607.6399999999999,267.94,0.0017825311942959,3022.3632,86.12357142857141,0.3214285714285714,3.0,4170.861216,1.0,0.6517857142857143,1047.8367857142857,3.910714285714286,161.91231428571427,1.5342465753424657,0.6517857142857143,86.12357142857141,65913.23999999999,0.0017825311942959,5.387456684491978,123.0,2.0,Long Inactive,Very High Value,Low Frequency
CUST1936,40,Male,UK,active,1,8,1768.56,1768.56,221.07,4.1,5,27.0,27,27,2023-09-16,2023-09-16,2022-01-24,814,600,0.047619047619047616,8.0,1,1,1,5.0,1768.56,221.07,0.0016638935108153079,3218.7791999999995,88.428,0.4,5.0,4248.788543999999,1.0,0.6083333333333334,1075.874,4.866666666666667,160.93895999999998,1.643835616438356,0.6083333333333334,88.428,49519.68,0.0016638935108153079,5.355705823627287,140.0,2.0,Long Inactive,Very High Value,Low Frequency
CUST1937,52,Male,Germany,cancelled,1,4,794.4,794.4,198.6,4.5,0,47.0,47,47,2024-06-22,2024-06-22,2021-04-15,534,1164,0.02512562814070352,4.0,1,1,1,0.0,794.4,198.6,0.0008583690987124463,1509.36,20.474226804123713,0.10309278350515465,0.0,2113.104,1.0,0.313573883161512,249.10309278350516,1.254295532646048,38.90103092783505,3.1890410958904107,0.313573883161512,20.474226804123713,38131.2,0.0008583690987124463,1.2955879828326178,0.0,2.0,Long Inactive,Medium Value,Low Frequency
CUST1938,69,Female,Canada,active,1,1,1782.82,1782.82,1782.82,4.0,1,47.0,47,47,2022-04-30,2022-04-30,2020-05-12,1318,718,0.040106951871657755,1.0,1,1,1,1.0,1782.82,1782.82,0.0013908205841446453,3209.076,74.49108635097492,0.04178272980501393,1.0,4171.7988000000005,1.0,0.5083565459610028,906.308217270195,0.5083565459610028,134.08395543175487,1.9671232876712328,0.5083565459610028,74.49108635097492,85575.36,0.0013908205841446453,4.463248956884562,48.0,2.0,Long Inactive,Very High Value,Low Frequency
CUST1939,45,Male,Pakistan,cancelled,1,7,1728.37,1728.37,246.91,4.2,3,25.0,25,25,2022-07-21,2022-07-21,2022-03-18,1236,125,0.1935483870967742,7.0,1,1,1,3.0,1728.37,246.91,0.007936507936507936,3180.2008,414.80879999999996,1.68,3.0,4261.469072000001,1.0,2.9200000000000004,5046.8404,20.44,763.248192,0.3424657534246575,2.9200000000000004,414.80879999999996,44937.619999999995,0.007936507936507936,25.23968888888889,78.0,2.0,Long Inactive,Very High Value,Low Frequency
CUST1940,26,Male,Pakistan,paused,1,7,290.5,290.5,41.5,3.9,0,7.0,7,7,2023-02-26,2023-02-26,2021-08-07,1016,568,0.05016722408026756,7.0,1,1,1,0.0,290.5,41.5,0.0017574692442882249,517.09,15.34330985915493,0.36971830985915494,0.0,661.8752000000001,1.0,0.6426056338028169,186.6769366197183,4.498239436619718,27.311091549295774,1.5561643835616439,0.6426056338028169,15.34330985915493,2324.0,0.0017574692442882249,0.9087697715289983,0.0,2.0,Long Inactive,Low Value,Low Frequency
CUST1941,27,Male,USA,active,1,5,247.7,247.7,49.54,4.3,3,2.0,2,2,2024-06-29,2024-06-29,2022-06-11,527,749,0.038510911424903725,5.0,1,1,1,3.0,247.7,49.54,0.0013333333333333333,460.7219999999999,9.921228304405874,0.20026702269692925,3.0,626.5819199999999,1.0,0.4873164218958611,120.7082777036048,2.4365821094793056,18.453484646194926,2.052054794520548,0.4873164218958611,9.921228304405874,743.0999999999999,0.0013333333333333333,0.6142959999999998,9.0,2.0,Long Inactive,Low Value,Low Frequency
CUST1942,56,Female,UK,active,1,5,1974.95,1974.95,394.99,4.0,1,35.0,35,35,2024-01-21,2024-01-21,2022-06-05,687,595,0.048,5.0,1,1,1,1.0,1974.95,394.99,0.0016778523489932886,3554.9100000000003,99.57731092436975,0.25210084033613445,1.0,4621.383000000001,1.0,0.6134453781512604,1211.5239495798319,3.0672268907563023,179.23915966386556,1.63013698630137,0.6134453781512604,99.57731092436975,71098.2,0.0016778523489932886,5.964614093959732,36.0,2.0,Long Inactive,Very High Value,Low Frequency
CUST1943,38,Female,Germany,active,1,6,704.88,704.88,117.48,4.2,0,47.0,47,47,2023-04-04,2023-04-04,2023-03-13,979,22,0.5769230769230769,6.0,1,1,1,0.0,704.88,117.48,0.043478260869565216,1296.9792,961.2,8.181818181818182,0.0,1737.9521280000001,1.0,16.59090909090909,11694.6,99.54545454545455,1768.6080000000002,0.06027397260273973,16.59090909090909,961.2,33834.24,0.043478260869565216,56.3904,0.0,2.0,Long Inactive,Medium Value,Low Frequency
CUST1944,33,Male,India,cancelled,1,4,1051.56,1051.56,262.89,4.3,5,14.0,14,14,2024-03-16,2024-03-16,2021-02-21,632,1119,0.026109660574412535,4.0,1,1,1,5.0,1051.56,262.89,0.0008928571428571428,1955.9015999999997,28.19195710455764,0.10723860589812333,5.0,2660.0261759999994,1.0,0.32618409294012507,343.0021447721179,1.3047363717605003,52.43704021447721,3.0657534246575344,0.32618409294012507,28.19195710455764,15773.4,0.0008928571428571428,1.746340714285714,75.0,2.0,Long Inactive,Medium Value,Low Frequency
CUST1945,19,Male,Canada,paused,1,9,1022.76,1022.76,113.64,4.2,0,17.0,17,17,2022-07-12,2022-07-12,2022-05-04,1245,69,0.30303030303030304,9.0,1,1,1,0.0,1022.76,113.64,0.014285714285714285,1881.8784,444.67826086956524,3.91304347826087,0.0,2521.7170560000004,1.0,5.2898550724637685,5410.252173913043,47.608695652173914,818.2080000000001,0.18904109589041096,5.2898550724637685,444.67826086956524,18409.68,0.014285714285714285,26.883977142857145,0.0,2.0,Long Inactive,Medium Value,Low Frequency
CUST1946,44,Female,Germany,paused,1,2,1743.7,1743.7,871.85,4.2,1,23.0,23,23,2024-01-18,2024-01-18,2023-07-18,690,184,0.14018691588785046,2.0,1,1,1,1.0,1743.7,871.85,0.005405405405405406,3208.4080000000004,284.29891304347825,0.32608695652173914,1.0,4299.2667200000005,1.0,1.9836956521739129,3458.970108695652,3.9673913043478257,523.11,0.5041095890410959,1.9836956521739129,284.29891304347825,41848.8,0.005405405405405406,17.34274594594595,24.0,2.0,Long Inactive,Very High Value,Low Frequency
CUST1947,69,Male,USA,active,1,3,1411.1100000000001,1411.1100000000001,470.37,4.1,5,37.0,37,37,2022-06-22,2022-06-22,2022-05-31,1265,22,0.5769230769230769,3.0,1,1,1,5.0,1411.1100000000001,470.37000000000006,0.043478260869565216,2568.2202,1924.2409090909093,4.090909090909091,5.0,3390.050664,1.0,16.59090909090909,23411.59772727273,49.77272727272727,3502.1184545454553,0.06027397260273973,16.59090909090909,1924.2409090909093,53622.18000000001,0.043478260869565216,111.66174782608697,190.0,2.0,Long Inactive,High Value,Low Frequency
CUST1948,39,Male,USA,active,1,5,1747.25,1747.25,349.45,4.3,5,22.0,22,22,2021-07-06,2021-07-06,2020-11-12,1616,236,0.11278195488721804,5.0,1,1,1,5.0,1747.25,349.45,0.004219409282700422,3249.8849999999998,222.10805084745763,0.6355932203389831,5.0,4419.843599999999,1.0,1.5466101694915253,2702.3146186440677,7.733050847457627,413.1209745762712,0.6465753424657534,1.5466101694915253,222.10805084745763,40186.75,0.004219409282700422,13.712594936708859,115.0,2.0,Long Inactive,Very High Value,Low Frequency
CUST1949,67,Female,India,paused,1,6,1480.26,1480.26,246.71,4.3,0,12.0,12,12,2022-07-25,2022-07-25,2021-10-20,1232,278,0.0974025974025974,6.0,1,1,1,0.0,1480.26,246.71,0.0035842293906810036,2753.2835999999998,159.74028776978415,0.6474820143884892,0.0,3744.4656959999993,1.0,1.3129496402877698,1943.5068345323741,7.877697841726619,297.1169352517985,0.7616438356164383,1.3129496402877698,159.74028776978415,19243.38,0.0035842293906810036,9.8684,0.0,2.0,Long Inactive,High Value,Low Frequency
CUST1950,22,Male,Germany,active,1,4,879.52,879.52,219.88,4.2,2,48.0,48,48,2024-04-22,2024-04-22,2023-09-04,595,231,0.1149425287356322,4.0,1,1,1,2.0,879.52,219.88,0.004310344827586207,1618.3168,114.22337662337662,0.5194805194805194,2.0,2168.5445120000004,1.0,1.5800865800865802,1389.717748917749,6.320346320346321,210.171012987013,0.6328767123287671,1.5800865800865802,114.22337662337662,43096.479999999996,0.004310344827586207,6.975503448275862,98.0,2.0,Long Inactive,Medium Value,Low Frequency
CUST1951,57,Female,Canada,active,1,7,272.3,272.3,38.9,4.5,5,48.0,48,48,2023-02-09,2023-02-09,2022-09-09,1033,153,0.1639344262295082,7.0,1,1,1,5.0,272.3,38.9,0.006493506493506494,517.37,53.392156862745104,1.3725490196078431,5.0,724.318,1.0,2.3856209150326797,649.6045751633987,16.69934640522876,101.4450980392157,0.4191780821917808,2.3856209150326797,53.392156862745104,13342.7,0.006493506493506494,3.359545454545455,245.0,2.0,Long Inactive,Low Value,Low Frequency
CUST1952,18,Male,Pakistan,active,1,6,1413.96,1413.96,235.66,4.4,5,9.0,9,9,2023-08-14,2023-08-14,2022-08-27,847,352,0.07853403141361257,6.0,1,1,1,5.0,1413.96,235.66,0.0028328611898017,2658.2448000000004,120.50795454545455,0.5113636363636364,5.0,3668.377824000001,1.0,1.0369318181818181,1466.1801136363636,6.221590909090909,226.5549545454546,0.9643835616438357,1.0369318181818181,120.50795454545455,14139.6,0.0028328611898017,7.5304385269121825,50.0,2.0,Long Inactive,High Value,Low Frequency
CUST1953,30,Female,Canada,active,1,1,1880.02,1880.02,1880.02,4.2,1,48.0,48,48,2025-04-13,2025-04-13,2021-04-13,239,1461,0.02012072434607646,1.0,1,1,1,1.0,1880.02,1880.02,0.0006839945280437756,3459.2368,38.60410677618069,0.02053388090349076,1.0,4635.3773120000005,1.0,0.24982888432580425,469.6832991101985,0.24982888432580425,71.03155646817248,4.002739726027397,0.24982888432580425,38.60410677618069,92120.98,0.0006839945280437756,2.3660990424076607,49.0,2.0,Long Inactive,Very High Value,Low Frequency
CUST1954,64,Male,Pakistan,cancelled,1,9,499.68,499.68,55.52,4.1,4,42.0,42,42,2024-12-21,2024-12-21,2023-06-15,352,555,0.05128205128205128,9.0,1,1,1,4.0,499.68,55.52,0.0017985611510791368,909.4175999999999,27.00972972972973,0.4864864864864865,4.0,1200.4312319999997,1.0,0.6576576576576576,328.61837837837834,5.918918918918918,49.1577081081081,1.5205479452054795,0.6576576576576576,27.00972972972973,21486.24,0.0017985611510791368,1.6356431654676258,172.0,2.0,Long Inactive,Low Value,Low Frequency
CUST1955,45,Female,USA,active,1,6,438.12,438.12,73.02,4.3,1,21.0,21,21,2025-09-02,2025-09-02,2023-11-04,97,668,0.042979942693409746,6.0,1,1,1,1.0,438.12,73.02,0.0014947683109118087,814.9032,19.676047904191616,0.2694610778443114,1.0,1108.2683519999998,1.0,0.5464071856287425,239.39191616766468,3.2784431137724552,36.59744910179641,1.83013698630137,0.5464071856287425,19.676047904191616,9638.64,0.0014947683109118087,1.2180914798206277,22.0,2.0,At Risk,Low Value,Low Frequency
CUST1956,58,Male,Pakistan,active,1,1,1802.85,1802.85,1802.85,4.4,3,37.0,37,37,2025-03-27,2025-03-27,2021-11-28,256,1215,0.024096385542168676,1.0,1,1,1,3.0,1802.85,1802.85,0.0008223684210526315,3389.358,44.51481481481481,0.024691358024691357,3.0,4677.31404,1.0,0.3004115226337449,541.5969135802469,0.3004115226337449,83.68785185185186,3.328767123287671,0.3004115226337449,44.51481481481481,68508.3,0.0008223684210526315,2.787300986842105,114.0,2.0,Long Inactive,Very High Value,Low Frequency
CUST1957,21,Male,Pakistan,cancelled,1,2,1556.76,1556.76,778.38,4.1,5,28.0,28,28,2021-10-27,2021-10-27,2021-12-10,1503,0,1.0,2.0,1,1,1,5.0,1556.76,778.38,1.0,2833.3032,15567.599999999999,20.0,5.0,3739.9602239999995,1.0,365.0,568217.4,730.0,28333.031999999996,0.0,365.0,15567.599999999999,45146.04,1.0,2833.3032,145.0,2.0,Long Inactive,Very High Value,Low Frequency
CUST1958,22,Female,Pakistan,cancelled,1,9,1153.2599999999998,1153.2599999999998,128.14,3.6,3,9.0,9,9,2024-09-29,2024-09-29,2022-01-27,435,976,0.029821073558648114,9.0,1,1,1,3.0,1153.2599999999998,128.14,0.0010235414534288639,1983.6071999999995,35.44856557377049,0.2766393442622951,3.0,2420.0007839999994,1.0,0.37397540983606553,431.29088114754086,3.36577868852459,60.971532786885234,2.673972602739726,0.37397540983606553,35.44856557377049,11532.599999999999,0.0010235414534288639,2.0303041965199586,30.0,2.0,Long Inactive,High Value,Low Frequency
CUST1959,36,Female,Germany,active,1,7,1226.47,1226.47,175.21,4.0,3,5.0,5,5,2022-08-07,2022-08-07,2021-02-08,1219,545,0.05217391304347826,7.0,1,1,1,3.0,1226.47,175.21,0.0018315018315018315,2207.646,67.51211009174311,0.38532110091743116,3.0,2869.9398000000006,1.0,0.6697247706422018,821.3973394495413,4.6880733944954125,121.52179816513761,1.4931506849315068,0.6697247706422018,67.51211009174311,7358.82,0.0018315018315018315,4.0433076923076925,18.0,2.0,Long Inactive,High Value,Low Frequency
CUST1960,24,Male,India,cancelled,1,3,536.52,536.52,178.84,4.0,4,34.0,34,34,2025-03-15,2025-03-15,2020-03-10,268,1831,0.016120365394948953,3.0,1,1,1,4.0,536.52,178.84,0.0005458515283842794,965.736,8.790606226105954,0.04915346805024577,4.0,1255.4568,1.0,0.19934462042599674,106.95237575095577,0.5980338612779902,15.823091206990716,5.016438356164383,0.19934462042599674,8.790606226105954,18778.2,0.0005458515283842794,0.5271484716157205,140.0,2.0,Long Inactive,Low Value,Low Frequency
CUST1961,65,Female,Canada,active,1,6,604.8,604.8,100.8,4.4,1,38.0,38,38,2022-08-13,2022-08-13,2022-01-21,1213,204,0.12820512820512822,6.0,1,1,1,1.0,604.8,100.8,0.004878048780487805,1137.024,88.94117647058823,0.8823529411764706,1.0,1569.09312,1.0,1.7892156862745097,1082.1176470588234,10.735294117647058,167.20941176470586,0.5589041095890411,1.7892156862745097,88.94117647058823,23587.199999999997,0.004878048780487805,5.546458536585365,39.0,2.0,Long Inactive,Medium Value,Low Frequency
CUST1962,56,Male,USA,active,1,3,1407.54,1407.54,469.18,3.9,0,12.0,12,12,2025-07-25,2025-07-25,2021-10-31,136,1363,0.021536252692031587,3.0,1,1,1,0.0,1407.54,469.18,0.0007331378299120235,2505.4211999999998,30.980337490829054,0.06603081438004403,0.0,3206.939136,1.0,0.2677916360968452,376.9274394717535,0.8033749082905356,55.145000733675715,3.734246575342466,0.2677916360968452,30.980337490829054,18298.02,0.0007331378299120235,1.8368190615835776,0.0,2.0,At Risk,High Value,Low Frequency
CUST1963,21,Male,India,cancelled,1,5,1975.9,1975.9,395.18,4.3,1,7.0,7,7,2023-05-19,2023-05-19,2022-09-26,934,235,0.11320754716981134,5.0,1,1,1,1.0,1975.9,395.18,0.00423728813559322,3675.174,252.24255319148938,0.6382978723404256,1.0,4998.236639999999,1.0,1.553191489361702,3068.9510638297875,7.76595744680851,469.17114893617025,0.6438356164383562,1.553191489361702,252.24255319148938,15807.2,0.00423728813559322,15.572771186440677,8.0,2.0,Long Inactive,Very High Value,Low Frequency
CUST1964,39,Female,Canada,active,1,7,468.30000000000007,468.30000000000007,66.9,4.6,3,5.0,5,5,2025-01-05,2025-01-05,2022-11-14,337,783,0.03690036900369004,7.0,1,1,1,3.0,468.30000000000007,66.9,0.0012755102040816326,899.1360000000001,17.942528735632184,0.2681992337164751,3.0,1276.77312,1.0,0.4661558109833972,218.30076628352495,3.26309067688378,34.44965517241379,2.1452054794520548,0.4661558109833972,17.942528735632184,2809.8,0.0012755102040816326,1.1468571428571428,18.0,2.0,Long Inactive,Low Value,Low Frequency
CUST1965,39,Female,Pakistan,cancelled,1,7,1602.72,1602.72,228.96,4.4,3,11.0,11,11,2023-12-21,2023-12-21,2021-04-11,718,984,0.02958579881656805,7.0,1,1,1,3.0,1602.72,228.96,0.0010152284263959391,3013.1136,48.863414634146345,0.2134146341463415,3.0,4158.096768,1.0,0.3709349593495935,594.5048780487805,2.5965447154471546,91.86321951219513,2.695890410958904,0.3709349593495935,48.863414634146345,19232.64,0.0010152284263959391,3.058998578680203,36.0,2.0,Long Inactive,Very High Value,Low Frequency
CUST1966,29,Male,USA,paused,1,5,751.5,751.5,150.3,4.5,2,44.0,44,44,2024-02-19,2024-02-19,2021-05-13,658,1012,0.02879078694817658,5.0,1,1,1,2.0,751.5,150.3,0.0009871668311944718,1427.85,22.277667984189723,0.1482213438735178,2.0,1998.9899999999998,1.0,0.36067193675889325,271.0449604743083,1.8033596837944663,42.32756916996047,2.7726027397260276,0.36067193675889325,22.277667984189723,33817.5,0.0009871668311944718,1.4095261599210265,90.0,2.0,Long Inactive,Medium Value,Low Frequency
CUST1967,32,Male,Germany,cancelled,1,3,231.36,231.36,77.12,3.9,2,31.0,31,31,2022-05-20,2022-05-20,2021-07-31,1298,293,0.09287925696594426,3.0,1,1,1,2.0,231.36,77.12,0.003401360544217687,411.8208,23.688737201365186,0.3071672354948805,2.0,527.130624,1.0,1.2457337883959043,288.21296928327644,3.737201365187713,42.165952218430036,0.8027397260273973,1.2457337883959043,23.688737201365186,7403.52,0.003401360544217687,1.4007510204081632,64.0,2.0,Long Inactive,Low Value,Low Frequency
CUST1968,54,Female,Pakistan,active,1,6,433.26,433.26,72.21,4.1,1,29.0,29,29,2024-12-06,2024-12-06,2021-10-03,367,1160,0.025210084033613446,6.0,1,1,1,1.0,433.26,72.21,0.0008613264427217916,788.5332,11.205,0.15517241379310345,1.0,1040.8638239999998,1.0,0.3146551724137931,136.32750000000001,1.8879310344827587,20.3931,3.1780821917808217,0.3146551724137931,11.205,12997.8,0.0008613264427217916,0.679184496124031,30.0,2.0,Long Inactive,Low Value,Low Frequency
CUST1969,36,Male,India,cancelled,1,3,588.99,588.99,196.33,4.3,1,22.0,22,22,2024-11-12,2024-11-12,2023-06-20,391,511,0.055452865064695,3.0,1,1,1,1.0,588.99,196.33,0.001953125,1095.5213999999999,34.57866927592955,0.1761252446183953,1.0,1489.9091039999996,1.0,0.7142857142857143,420.7071428571429,2.142857142857143,64.31632485322895,1.4,0.7142857142857143,34.57866927592955,13546.77,0.001953125,2.1396902343749997,23.0,2.0,Long Inactive,Medium Value,Low Frequency
CUST1970,47,Male,Germany,active,1,6,22.740000000000002,22.740000000000002,3.79,4.5,4,47.0,47,47,2025-03-19,2025-03-19,2022-03-17,264,1098,0.026595744680851064,6.0,1,1,1,4.0,22.740000000000002,3.7900000000000005,0.0009099181073703367,43.206,0.6213114754098361,0.16393442622950818,4.0,60.4884,1.0,0.3324225865209472,7.55928961748634,1.994535519125683,1.1804918032786886,3.0082191780821916,0.3324225865209472,0.6213114754098361,1091.52,0.0009099181073703367,0.03931392174704277,192.0,2.0,Long Inactive,Low Value,Low Frequency
CUST1971,29,Female,India,active,1,3,318.65999999999997,318.65999999999997,106.22,4.5,5,36.0,36,36,2024-11-14,2024-11-14,2022-04-18,389,941,0.03089598352214212,3.0,1,1,1,5.0,318.65999999999997,106.21999999999998,0.0010615711252653928,605.454,10.159192348565355,0.09564293304994687,5.0,847.6355999999998,1.0,0.38788522848034,123.60350690754514,1.16365568544102,19.302465462274174,2.578082191780822,0.38788522848034,10.159192348565355,11790.419999999998,0.0010615711252653928,0.642732484076433,185.0,2.0,Long Inactive,Low Value,Low Frequency
CUST1972,62,Female,India,cancelled,1,3,542.25,542.25,180.75,3.6,2,37.0,37,37,2025-07-24,2025-07-24,2023-05-01,137,815,0.03550295857988166,3.0,1,1,1,2.0,542.25,180.75,0.0012254901960784314,932.67,19.960122699386503,0.11042944785276074,2.0,1137.8573999999999,1.0,0.4478527607361963,242.84815950920245,1.343558282208589,34.33141104294478,2.232876712328767,0.4478527607361963,19.960122699386503,20605.5,0.0012254901960784314,1.1429779411764704,76.0,2.0,At Risk,Low Value,Low Frequency
CUST1973,61,Female,Pakistan,active,1,4,1187.68,1187.68,296.92,4.1,3,28.0,28,28,2025-01-18,2025-01-18,2021-09-25,324,1211,0.024174053182917002,4.0,1,1,1,3.0,1187.68,296.92,0.0008250825082508251,2161.5776,29.422295623451696,0.0990916597853014,3.0,2853.282432,1.0,0.3014037985136251,357.97126341866226,1.2056151940545003,53.54857803468208,3.317808219178082,0.3014037985136251,29.422295623451696,34442.72,0.0008250825082508251,1.7834798679867987,87.0,2.0,Long Inactive,High Value,Low Frequency
CUST1974,63,Male,Canada,active,1,8,236.0,236.0,29.5,4.3,5,14.0,14,14,2023-01-23,2023-01-23,2022-02-03,1050,354,0.078125,8.0,1,1,1,5.0,236.0,29.5,0.0028169014084507044,438.96,20.0,0.6779661016949152,5.0,596.9855999999999,1.0,1.0310734463276836,243.33333333333334,8.248587570621469,37.199999999999996,0.9698630136986301,1.0310734463276836,20.0,3540.0,0.0028169014084507044,1.2365070422535211,75.0,2.0,Long Inactive,Low Value,Low Frequency
CUST1975,53,Female,India,active,1,9,286.74,286.74,31.86,3.8,2,14.0,14,14,2025-05-24,2025-05-24,2022-06-05,198,1084,0.026929982046678635,9.0,1,1,1,2.0,286.74,31.86,0.0009216589861751152,504.6624,7.935608856088561,0.24907749077490776,2.0,635.874624,1.0,0.33671586715867163,96.5499077490775,3.0304428044280445,13.966671586715867,2.96986301369863,0.33671586715867163,7.935608856088561,4301.1,0.0009216589861751152,0.46512663594470044,30.0,2.0,Long Inactive,Low Value,Low Frequency
CUST1976,43,Female,USA,active,1,7,1021.16,1021.16,145.88,4.6,0,9.0,9,9,2023-07-11,2023-07-11,2023-12-06,881,0,1.0,7.0,1,1,1,0.0,1021.16,145.88,1.0,1960.6272,10211.599999999999,70.0,0.0,2784.090624,1.0,365.0,372723.39999999997,2555.0,19606.271999999997,0.0,365.0,10211.599999999999,10211.6,1.0,1960.6272,0.0,2.0,Long Inactive,Medium Value,Low Frequency
CUST1977,63,Male,Canada,active,1,4,1185.4,1185.4,296.35,4.1,5,8.0,8,8,2022-03-12,2022-03-12,2021-05-26,1367,290,0.09375,4.0,1,1,1,5.0,1185.4,296.35,0.003436426116838488,2157.428,122.62758620689657,0.4137931034482759,5.0,2847.8049599999995,1.0,1.2586206896551724,1491.9689655172415,5.0344827586206895,223.18220689655172,0.7945205479452054,1.2586206896551724,122.62758620689657,10668.6,0.003436426116838488,7.413841924398625,45.0,2.0,Long Inactive,High Value,Low Frequency
CUST1978,61,Male,Pakistan,active,1,4,1954.64,1954.64,488.66,4.0,0,20.0,20,20,2023-09-18,2023-09-18,2022-12-14,812,278,0.0974025974025974,4.0,1,1,1,0.0,1954.64,488.66,0.0035842293906810036,3518.3520000000003,210.93237410071941,0.4316546762589928,0.0,4573.8576,1.0,1.3129496402877698,2566.3438848920864,5.251798561151079,379.67827338129496,0.7616438356164383,1.3129496402877698,210.93237410071941,41047.44,0.0035842293906810036,12.610580645161292,0.0,2.0,Long Inactive,Very High Value,Low Frequency
CUST1979,29,Female,Canada,paused,1,4,528.84,528.84,132.21,4.5,1,6.0,6,6,2025-06-25,2025-06-25,2022-03-07,166,1206,0.024271844660194174,4.0,1,1,1,1.0,528.84,132.21,0.0008285004142502071,1004.796,13.155223880597015,0.09950248756218905,1.0,1406.7144,1.0,0.30265339966832505,160.05522388059703,1.2106135986733002,24.99492537313433,3.304109589041096,0.30265339966832505,13.155223880597015,3701.88,0.0008285004142502071,0.8324739022369512,7.0,2.0,At Risk,Low Value,Low Frequency
CUST1980,64,Female,Pakistan,paused,1,7,1494.5,1494.5,213.5,4.3,3,39.0,39,39,2025-02-26,2025-02-26,2022-04-18,285,1045,0.027906976744186046,7.0,1,1,1,3.0,1494.5,213.5,0.0009560229445506692,2779.77,42.90430622009569,0.20095693779904306,3.0,3780.4871999999996,1.0,0.3492822966507177,522.0023923444976,2.444976076555024,79.80200956937799,2.863013698630137,0.3492822966507177,42.90430622009569,59780.0,0.0009560229445506692,2.6575239005736138,120.0,2.0,Long Inactive,High Value,Low Frequency
CUST1981,46,Male,UK,cancelled,1,7,1126.3,1126.3,160.9,4.0,3,41.0,41,41,2025-04-18,2025-04-18,2023-06-27,234,661,0.04341534008683068,7.0,1,1,1,3.0,1126.3,160.9,0.0015105740181268882,2027.34,51.1180030257186,0.3177004538577912,3.0,2635.542,1.0,0.5521936459909228,621.9357034795763,3.86535552193646,92.01240544629349,1.810958904109589,0.5521936459909228,51.1180030257186,47304.6,0.0015105740181268882,3.0624471299093656,126.0,2.0,Long Inactive,High Value,Low Frequency
CUST1982,67,Male,Pakistan,cancelled,1,7,411.67,411.67,58.81,4.5,1,46.0,46,46,2022-11-09,2022-11-09,2020-09-28,1125,772,0.03740648379052369,7.0,1,1,1,1.0,411.67,58.81,0.00129366106080207,782.173,15.997538860103626,0.272020725388601,1.0,1095.0421999999999,1.0,0.47279792746113986,194.63672279792746,3.309585492227979,30.39532383419689,2.115068493150685,0.47279792746113986,15.997538860103626,19348.49,0.00129366106080207,1.0118667529107375,47.0,2.0,Long Inactive,Low Value,Low Frequency
CUST1983,37,Male,UK,active,1,6,1271.04,1271.04,211.84,4.0,0,30.0,30,30,2022-05-15,2022-05-15,2022-10-04,1303,0,1.0,6.0,1,1,1,0.0,1271.04,211.84,1.0,2287.872,12710.4,60.0,0.0,2974.2336,1.0,365.0,463929.6,2190.0,22878.719999999998,0.0,365.0,12710.4,39402.24,1.0,2287.872,0.0,2.0,Long Inactive,High Value,Low Frequency
CUST1984,25,Male,India,active,1,1,1982.82,1982.82,1982.82,4.5,1,7.0,7,7,2022-10-06,2022-10-06,2021-03-14,1159,571,0.04991680532445923,1.0,1,1,1,1.0,1982.82,1982.82,0.0017482517482517483,3767.3579999999997,104.17618213660243,0.052539404553415055,1.0,5274.301199999999,1.0,0.63922942206655,1267.4768826619966,0.63922942206655,197.93474605954464,1.5643835616438355,0.63922942206655,104.17618213660243,15862.56,0.0017482517482517483,6.586290209790209,8.0,2.0,Long Inactive,Very High Value,Low Frequency
CUST1985,22,Male,Pakistan,paused,1,8,79.44,79.44,9.93,4.1,3,28.0,28,28,2024-07-03,2024-07-03,2023-06-02,523,397,0.07025761124121781,8.0,1,1,1,3.0,79.44,9.93,0.002512562814070352,144.58079999999998,6.003022670025189,0.6045340050377834,3.0,190.84665599999997,1.0,0.9193954659949621,73.0367758186398,7.355163727959697,10.925501259445843,1.0876712328767124,0.9193954659949621,6.003022670025189,2303.7599999999998,0.002512562814070352,0.36326834170854266,87.0,2.0,Long Inactive,Low Value,Low Frequency
CUST1986,54,Male,Germany,active,1,8,58.0,58.0,7.25,4.3,3,29.0,29,29,2024-04-02,2024-04-02,2021-01-04,615,1184,0.024711696869851727,8.0,1,1,1,3.0,58.0,7.25,0.0008438818565400844,107.88,1.4695945945945945,0.2027027027027027,3.0,146.71679999999998,1.0,0.30827702702702703,17.88006756756757,2.4662162162162162,2.7334459459459457,3.243835616438356,0.30827702702702703,1.4695945945945945,1740.0,0.0008438818565400844,0.0910379746835443,90.0,2.0,Long Inactive,Low Value,Low Frequency
CUST1987,18,Female,UK,active,1,9,193.32,193.32,21.48,4.1,4,17.0,17,17,2023-04-24,2023-04-24,2023-02-19,959,64,0.3191489361702128,9.0,1,1,1,4.0,193.32,21.48,0.015384615384615385,351.84239999999994,90.61874999999999,4.21875,4.0,464.43196799999987,1.0,5.703125,1102.528125,51.328125,164.92612499999998,0.17534246575342466,5.703125,90.61874999999999,3479.7599999999998,0.015384615384615385,5.412959999999999,72.0,2.0,Long Inactive,Low Value,Low Frequency
CUST1988,44,Male,Germany,active,1,1,211.96,211.96,211.96,4.0,4,3.0,3,3,2023-07-31,2023-07-31,2023-08-01,861,0,1.0,1.0,1,1,1,4.0,211.96,211.96,1.0,381.528,2119.6,10.0,4.0,495.98640000000006,1.0,365.0,77365.40000000001,365.0,3815.28,0.0,365.0,2119.6,847.84,1.0,381.528,16.0,2.0,Long Inactive,Low Value,Low Frequency
CUST1989,62,Female,India,active,1,4,926.84,926.84,231.71,4.1,0,2.0,2,2,2024-07-06,2024-07-06,2022-12-25,520,559,0.050933786078098474,4.0,1,1,1,0.0,926.84,231.71,0.0017857142857142857,1686.8488,49.74096601073346,0.21466905187835422,0.0,2226.6404159999997,1.0,0.6529516994633273,605.1817531305903,2.6118067978533093,90.52855813953488,1.5315068493150685,0.6529516994633273,49.74096601073346,2780.52,0.0017857142857142857,3.0122299999999997,0.0,2.0,Long Inactive,Medium Value,Low Frequency
CUST1990,42,Female,UK,active,1,6,1116.1200000000001,1116.1200000000001,186.02,4.1,1,11.0,11,11,2022-10-29,2022-10-29,2022-02-24,1136,247,0.10830324909747294,6.0,1,1,1,1.0,1116.1200000000001,186.02,0.004032258064516129,2031.3384,135.5611336032389,0.7287449392712552,1.0,2681.3666879999996,1.0,1.4777327935222673,1649.3271255060731,8.866396761133604,246.72126315789478,0.6767123287671233,1.4777327935222673,135.5611336032389,13393.440000000002,0.004032258064516129,8.19088064516129,12.0,2.0,Long Inactive,High Value,Low Frequency
CUST1991,53,Female,Pakistan,paused,1,1,437.26,437.26,437.26,4.4,1,8.0,8,8,2024-09-19,2024-09-19,2021-11-02,445,1052,0.0277264325323475,1.0,1,1,1,1.0,437.26,437.26,0.000949667616334283,822.0488,12.469391634980987,0.028517110266159693,1.0,1134.4273440000002,1.0,0.34695817490494296,151.71093155893536,0.34695817490494296,23.442456273764257,2.882191780821918,0.34695817490494296,12.469391634980987,3935.34,0.000949667616334283,0.7806731244064578,9.0,2.0,Long Inactive,Low Value,Low Frequency
CUST1992,26,Other,Pakistan,cancelled,1,3,419.82,419.82,139.94,4.0,1,33.0,33,33,2024-02-15,2024-02-15,2022-02-13,662,732,0.03937007874015748,3.0,1,1,1,1.0,419.82,139.94,0.001364256480218281,755.676,17.205737704918032,0.12295081967213116,1.0,982.3788000000001,1.0,0.4986338797814207,209.33647540983605,1.4959016393442621,30.97032786885246,2.0054794520547947,0.4986338797814207,17.205737704918032,14273.88,0.001364256480218281,1.0309358799454298,34.0,2.0,Long Inactive,Low Value,Low Frequency
CUST1993,40,Female,UK,active,1,4,500.96,500.96,125.24,4.1,2,3.0,3,3,2023-11-21,2023-11-21,2022-12-20,748,336,0.0819672131147541,4.0,1,1,1,2.0,500.96,125.24,0.002967359050445104,911.7471999999999,44.72857142857143,0.35714285714285715,2.0,1203.5063039999998,1.0,1.0863095238095237,544.197619047619,4.345238095238095,81.40599999999999,0.9205479452054794,1.0863095238095237,44.72857142857143,2003.84,0.002967359050445104,2.705481305637982,8.0,2.0,Long Inactive,Low Value,Low Frequency
CUST1994,49,Female,Pakistan,active,1,1,404.7,404.7,404.7,4.4,5,19.0,19,19,2021-03-22,2021-03-22,2020-09-12,1722,191,0.13574660633484165,1.0,1,1,1,5.0,404.7,404.7,0.005208333333333333,760.836,63.56544502617801,0.15706806282722513,5.0,1049.95368,1.0,1.910994764397906,773.3795811518326,1.910994764397906,119.50303664921466,0.5232876712328767,1.910994764397906,63.56544502617801,8094.0,0.005208333333333333,3.9626875,100.0,2.0,Long Inactive,Low Value,Low Frequency
CUST1995,32,Female,Pakistan,active,1,8,1133.44,1133.44,141.68,4.3,5,21.0,21,21,2023-07-05,2023-07-05,2020-09-13,887,1025,0.028436018957345974,8.0,1,1,1,5.0,1133.44,141.68,0.0009746588693957114,2108.1983999999998,33.173853658536586,0.23414634146341465,5.0,2867.1498239999996,1.0,0.35609756097560974,403.6152195121951,2.848780487804878,61.70336780487805,2.808219178082192,0.35609756097560974,33.173853658536586,24935.68,0.0009746588693957114,2.0547742690058475,110.0,2.0,Long Inactive,High Value,Low Frequency
CUST1996,39,Male,Canada,active,1,5,1488.3000000000002,1488.3000000000002,297.66,4.2,1,27.0,27,27,2025-05-06,2025-05-06,2021-11-20,216,1263,0.02320185614849188,5.0,1,1,1,1.0,1488.3000000000002,297.66,0.0007911392405063291,2738.4720000000007,35.351543942992876,0.1187648456057007,1.0,3669.552480000001,1.0,0.2889944576405384,430.1104513064134,1.444972288202692,65.04684085510691,3.4602739726027396,0.2889944576405384,35.351543942992876,41672.40000000001,0.0007911392405063291,2.1665126582278487,28.0,2.0,Long Inactive,High Value,Low Frequency
CUST1997,53,Female,UK,active,1,5,184.60000000000002,184.60000000000002,36.92,3.6,2,24.0,24,24,2023-10-15,2023-10-15,2022-10-13,785,367,0.07556675062972293,5.0,1,1,1,2.0,184.60000000000002,36.92,0.002717391304347826,317.51200000000006,15.089918256130794,0.40871934604904636,2.0,387.36464000000007,1.0,0.9945504087193461,183.5940054495913,4.9727520435967305,25.954659400544966,1.0054794520547945,0.9945504087193461,15.089918256130794,4615.000000000001,0.002717391304347826,0.8628043478260871,50.0,2.0,Long Inactive,Low Value,Low Frequency
CUST1998,68,Female,Canada,active,1,2,22.56,22.56,11.28,4.2,1,32.0,32,32,2023-02-05,2023-02-05,2023-05-02,1037,0,1.0,2.0,1,1,1,1.0,22.56,11.28,1.0,41.5104,225.59999999999997,20.0,1.0,55.623936,1.0,365.0,8234.4,730.0,415.1039999999999,0.0,365.0,225.59999999999997,744.4799999999999,1.0,41.5104,33.0,2.0,Long Inactive,Low Value,Low Frequency
CUST1999,63,Male,Germany,cancelled,1,3,186.75,186.75,62.25,4.2,4,40.0,40,40,2023-11-01,2023-11-01,2022-03-11,768,600,0.047619047619047616,3.0,1,1,1,4.0,186.75,62.25,0.0016638935108153079,343.62,9.3375,0.15,4.0,460.4508,1.0,0.6083333333333334,113.60625,1.8250000000000002,17.181,1.643835616438356,0.6083333333333334,9.3375,7656.75,0.0016638935108153079,0.5717470881863561,164.0,2.0,Long Inactive,Low Value,Low Frequency
CUST2000,40,Male,USA,paused,1,4,1271.68,1271.68,317.92,3.9,2,48.0,48,48,2025-11-01,2025-11-01,2023-03-30,37,947,0.030706243602865918,4.0,1,1,1,2.0,1271.68,317.92,0.0010548523206751054,2263.5904,40.28553326293559,0.12671594508975711,2.0,2897.395712,1.0,0.38542766631467795,490.14065469904966,1.5417106652587118,71.70824920802535,2.5945205479452054,0.38542766631467795,40.28553326293559,62312.32,0.0010548523206751054,2.3877535864978903,98.0,2.0,Recent,High Value,Low Frequency
CUST2001,50,Male,Canada,active,1,6,1643.22,1643.22,273.87,4.2,5,22.0,22,22,2023-05-10,2023-05-10,2023-01-06,943,124,0.1948051948051948,6.0,1,1,1,5.0,1643.22,273.87,0.008,3023.5248,397.55322580645156,1.4516129032258063,5.0,4051.5232320000005,1.0,2.9435483870967745,4836.897580645162,17.661290322580644,731.497935483871,0.33972602739726027,2.9435483870967745,397.55322580645156,37794.06,0.008,24.1881984,115.0,2.0,Long Inactive,Very High Value,Low Frequency
CUST2002,55,Male,Germany,cancelled,1,2,816.58,816.58,408.29,4.5,5,37.0,37,37,2024-01-14,2024-01-14,2021-01-09,694,1100,0.026548672566371685,2.0,1,1,1,5.0,816.58,408.29,0.0009082652134423251,1551.502,22.27036363636364,0.05454545454545455,5.0,2172.1027999999997,1.0,0.3318181818181818,270.9560909090909,0.6636363636363636,42.31369090909091,3.0136986301369864,0.3318181818181818,22.27036363636364,31030.04,0.0009082652134423251,1.4091752951861942,190.0,2.0,Long Inactive,Medium Value,Low Frequency
CUST2003,66,Female,UK,active,1,7,1177.96,1177.96,168.28,4.3,0,48.0,48,48,2024-05-01,2024-05-01,2021-04-19,586,1108,0.026362038664323375,7.0,1,1,1,0.0,1177.96,168.28,0.0009017132551848512,2191.0056,31.894223826714807,0.18953068592057765,0.0,2979.7676159999996,1.0,0.32942238267148016,388.0463898916968,2.305956678700361,59.323256317689534,3.0356164383561643,0.32942238267148016,31.894223826714807,57720.04,0.0009017132551848512,1.9756587917042379,0.0,2.0,Long Inactive,High Value,Low Frequency
CUST2004,55,Male,UK,active,1,3,1097.73,1097.73,365.91,4.2,0,34.0,34,34,2025-02-08,2025-02-08,2021-07-20,303,1299,0.022573363431151242,3.0,1,1,1,0.0,1097.73,365.91,0.0007692307692307692,2019.8232,25.35173210161663,0.06928406466512703,0.0,2706.5630880000003,1.0,0.28098537336412627,308.44607390300234,0.8429561200923787,46.6471870669746,3.558904109589041,0.28098537336412627,25.35173210161663,38420.55,0.0007692307692307692,1.553710153846154,0.0,2.0,Long Inactive,High Value,Low Frequency
CUST2005,26,Female,India,paused,1,9,492.66,492.66,54.74,4.1,2,20.0,20,20,2024-07-02,2024-07-02,2022-05-17,524,777,0.03717472118959108,9.0,1,1,1,2.0,492.66,54.74,0.0012853470437017994,896.6411999999999,19.021621621621623,0.3474903474903475,2.0,1183.5663839999997,1.0,0.4697554697554698,231.42972972972976,4.2277992277992285,34.61935135135135,2.128767123287671,0.4697554697554698,19.021621621621623,10345.86,0.0012853470437017994,1.1524951156812338,42.0,2.0,Long Inactive,Low Value,Low Frequency
CUST2006,36,Male,India,active,1,5,1718.0500000000002,1718.0500000000002,343.61,4.1,5,5.0,5,5,2023-05-09,2023-05-09,2021-07-28,944,650,0.044117647058823525,5.0,1,1,1,5.0,1718.0500000000002,343.61,0.0015360983102918587,3126.851,79.29461538461538,0.23076923076923075,5.0,4127.443319999999,1.0,0.5615384615384615,964.7511538461539,2.8076923076923075,144.3162,1.7808219178082192,0.5615384615384615,79.29461538461538,10308.300000000001,0.0015360983102918587,4.803150537634409,30.0,2.0,Long Inactive,Very High Value,Low Frequency
CUST2007,36,Male,Germany,paused,1,8,1156.88,1156.88,144.61,4.6,3,16.0,16,16,2023-12-07,2023-12-07,2021-05-29,732,922,0.031512605042016806,8.0,1,1,1,3.0,1156.88,144.61,0.0010834236186348862,2221.2096,37.64251626898048,0.2603036876355748,3.0,3154.117632,1.0,0.3958785249457701,457.9839479392625,3.1670281995661607,72.27363123644251,2.526027397260274,0.3958785249457701,37.64251626898048,19666.960000000003,0.0010834236186348862,2.406510942578548,51.0,2.0,Long Inactive,High Value,Low Frequency
CUST2008,46,Male,Pakistan,cancelled,1,5,1162.2,1162.2,232.44,3.8,5,38.0,38,38,2023-12-19,2023-12-19,2021-10-18,720,792,0.03649635036496351,5.0,1,1,1,5.0,1162.2,232.44,0.0012610340479192938,2045.472,44.02272727272727,0.1893939393939394,5.0,2577.29472,1.0,0.46085858585858586,535.6098484848485,2.3042929292929295,77.48,2.16986301369863,0.46085858585858586,44.02272727272727,45325.8,0.0012610340479192938,2.5794098360655737,195.0,2.0,Long Inactive,High Value,Low Frequency
CUST2009,68,Female,Germany,active,1,3,1138.74,1138.74,379.58,4.3,2,20.0,20,20,2021-11-29,2021-11-29,2021-08-02,1470,119,0.20134228187919462,3.0,1,1,1,2.0,1138.74,379.58,0.008333333333333333,2118.0564,287.0773109243697,0.7563025210084033,2.0,2880.5567039999996,1.0,3.0672268907563027,3492.773949579832,9.201680672268909,533.9637983193277,0.32602739726027397,3.0672268907563027,287.0773109243697,23913.54,0.008333333333333333,17.65047,42.0,2.0,Long Inactive,High Value,Low Frequency
CUST2010,40,Other,UK,active,1,9,861.21,861.21,95.69,4.2,1,2.0,2,2,2023-08-17,2023-08-17,2021-01-02,844,957,0.030395136778115502,9.0,1,1,1,1.0,861.21,95.69,0.0010438413361169101,1584.6264,26.99717868338558,0.2821316614420063,1.0,2123.3993760000003,1.0,0.38140020898641586,328.46567398119123,3.4326018808777428,49.674808777429476,2.621917808219178,0.38140020898641586,26.99717868338558,2583.63,0.0010438413361169101,1.6540985386221294,3.0,2.0,Long Inactive,Medium Value,Low Frequency
CUST2011,57,Male,UK,active,1,5,1748.8,1748.8,349.76,4.2,4,21.0,21,21,2023-11-30,2023-11-30,2021-10-10,739,781,0.03699136868064118,5.0,1,1,1,4.0,1748.8,349.76,0.0012787723785166241,3217.792,67.1754161331626,0.19206145966709345,4.0,4311.841280000001,1.0,0.46734955185659405,817.3008962868117,2.33674775928297,123.6027656850192,2.1397260273972605,0.46734955185659405,67.1754161331626,38473.6,0.0012787723785166241,4.1148235294117645,88.0,2.0,Long Inactive,Very High Value,Low Frequency
CUST2012,60,Female,Germany,active,1,5,46.75,46.75,9.35,4.4,2,21.0,21,21,2025-10-02,2025-10-02,2022-03-17,67,1295,0.022641509433962266,5.0,1,1,1,2.0,46.75,9.35,0.0007716049382716049,87.89,1.0830115830115832,0.11583011583011583,2.0,121.28820000000002,1.0,0.28185328185328185,13.176640926640927,1.4092664092664093,2.0360617760617763,3.547945205479452,0.28185328185328185,1.0830115830115832,1028.5,0.0007716049382716049,0.06781635802469135,44.0,2.0,Moderate,Low Value,Low Frequency
CUST2013,55,Male,India,paused,1,1,869.42,869.42,869.42,3.9,2,7.0,7,7,2022-08-17,2022-08-17,2021-03-04,1209,531,0.053475935828877004,1.0,1,1,1,2.0,869.42,869.42,0.0018796992481203006,1547.5675999999999,49.119774011299434,0.05649717514124294,2.0,1980.8865279999998,1.0,0.6873822975517891,597.6239171374765,0.6873822975517891,87.43319774011299,1.4547945205479451,0.6873822975517891,49.119774011299434,6955.36,0.0018796992481203006,2.908961654135338,16.0,2.0,Long Inactive,Medium Value,Low Frequency
CUST2014,50,Male,Canada,active,1,2,657.9,657.9,328.95,4.0,0,48.0,48,48,2024-10-04,2024-10-04,2023-07-14,430,448,0.06276150627615062,2.0,1,1,1,0.0,657.9,328.95,0.0022271714922048997,1184.22,44.05580357142857,0.13392857142857142,0.0,1539.486,1.0,0.8147321428571428,536.0122767857142,1.6294642857142856,79.30044642857143,1.2273972602739727,0.8147321428571428,44.05580357142857,32237.1,0.0022271714922048997,2.6374610244988865,0.0,2.0,Long Inactive,Medium Value,Low Frequency
CUST2015,40,Female,Canada,cancelled,1,4,816.04,816.04,204.01,4.2,3,12.0,12,12,2024-03-17,2024-03-17,2021-11-14,631,854,0.03393665158371041,4.0,1,1,1,3.0,816.04,204.01,0.0011695906432748538,1501.5136,28.66651053864169,0.14051522248243561,3.0,2012.0282240000001,1.0,0.42740046838407497,348.7758782201405,1.7096018735362999,52.7463793911007,2.33972602739726,0.42740046838407497,28.66651053864169,10608.52,0.0011695906432748538,1.7561562573099416,39.0,2.0,Long Inactive,Medium Value,Low Frequency
CUST2016,27,Female,Pakistan,paused,1,3,740.9399999999999,740.9399999999999,246.98,3.7,1,16.0,16,16,2023-09-19,2023-09-19,2020-04-11,811,1256,0.02332814930015552,3.0,1,1,1,1.0,740.9399999999999,246.98,0.0007955449482895784,1289.2356,17.69761146496815,0.07165605095541401,1.0,1598.652144,1.0,0.2906050955414013,215.32093949044585,0.8718152866242038,30.793843949044586,3.441095890410959,0.2906050955414013,17.69761146496815,12595.98,0.0007955449482895784,1.0256448687350836,17.0,2.0,Long Inactive,Medium Value,Low Frequency
CUST2017,48,Female,India,paused,1,4,1299.12,1299.12,324.78,4.5,4,39.0,39,39,2022-10-30,2022-10-30,2022-10-22,1135,8,0.7894736842105263,4.0,1,1,1,4.0,1299.12,324.78,0.1111111111111111,2468.3279999999995,4871.7,15.0,4.0,3455.659199999999,1.0,45.625,59272.34999999999,182.5,9256.229999999998,0.021917808219178082,45.625,4871.7,51964.799999999996,0.1111111111111111,274.2586666666666,160.0,2.0,Long Inactive,High Value,Low Frequency
CUST2018,39,Female,UK,paused,1,4,1154.96,1154.96,288.74,4.5,2,20.0,20,20,2023-09-02,2023-09-02,2022-10-20,828,317,0.08645533141210375,4.0,1,1,1,2.0,1154.96,288.74,0.0031446540880503146,2194.424,109.30220820189275,0.37854889589905366,2.0,3072.1935999999996,1.0,1.1514195583596214,1329.8435331230285,4.605678233438486,207.67419558359623,0.8684931506849315,1.1514195583596214,109.30220820189275,24254.16,0.0031446540880503146,6.900704402515723,42.0,2.0,Long Inactive,High Value,Low Frequency
CUST2019,67,Female,UK,cancelled,1,6,1557.96,1557.96,259.66,3.6,4,42.0,42,42,2021-08-11,2021-08-11,2021-10-21,1580,0,1.0,6.0,1,1,1,4.0,1557.96,259.66,1.0,2679.6912,15579.6,60.0,4.0,3269.223264,1.0,365.0,568655.4,2190.0,26796.912,0.0,365.0,15579.6,66992.28,1.0,2679.6912,172.0,2.0,Long Inactive,Very High Value,Low Frequency
CUST2020,36,Male,USA,active,1,8,751.84,751.84,93.98,4.3,5,49.0,49,49,2025-03-25,2025-03-25,2022-03-20,258,1101,0.02652519893899204,8.0,1,1,1,5.0,751.84,93.98,0.0009074410163339383,1398.4224,20.486103542234332,0.217983651226158,5.0,1901.8544639999998,1.0,0.3315168029064487,249.24759309718436,2.6521344232515895,38.104152588555856,3.0164383561643837,0.3315168029064487,20.486103542234332,37592.0,0.0009074410163339383,1.2689858439201451,250.0,2.0,Long Inactive,Medium Value,Low Frequency
CUST2021,32,Male,UK,active,1,2,1235.34,1235.34,617.67,4.1,2,46.0,46,46,2025-04-03,2025-04-03,2023-03-01,249,764,0.037783375314861464,2.0,1,1,1,2.0,1235.34,617.67,0.00130718954248366,2248.3187999999996,48.508115183246076,0.07853403141361257,2.0,2967.780815999999,1.0,0.4777486910994765,590.1820680628273,0.955497382198953,88.28476963350784,2.0931506849315067,0.4777486910994765,48.508115183246076,58060.979999999996,0.00130718954248366,2.938978823529411,94.0,2.0,Long Inactive,High Value,Low Frequency
CUST2022,32,Male,Germany,active,1,7,1456.5600000000002,1456.5600000000002,208.08,3.9,4,39.0,39,39,2023-07-09,2023-07-09,2021-07-31,883,708,0.04065040650406504,7.0,1,1,1,4.0,1456.5600000000002,208.08,0.0014104372355430183,2592.6768,61.71864406779661,0.2966101694915254,4.0,3318.6263040000003,1.0,0.5155367231638418,750.9101694915255,3.6087570621468927,109.85918644067797,1.9397260273972603,0.5155367231638418,61.71864406779661,58262.40000000001,0.0014104372355430183,3.6568078984485193,160.0,2.0,Long Inactive,High Value,Low Frequency
CUST2023,27,Female,USA,cancelled,1,4,1409.2,1409.2,352.3,3.6,2,18.0,18,18,2021-12-25,2021-12-25,2020-08-28,1444,484,0.058365758754863814,4.0,1,1,1,2.0,1409.2,352.3,0.002061855670103093,2423.824,87.34710743801654,0.24793388429752067,2.0,2957.06528,1.0,0.7541322314049587,1062.7231404958677,3.0165289256198347,150.23702479338843,1.326027397260274,0.7541322314049587,87.34710743801654,26774.8,0.002061855670103093,4.997575257731959,38.0,2.0,Long Inactive,High Value,Low Frequency
CUST2024,57,Female,USA,active,1,1,1129.55,1129.55,1129.55,4.0,1,4.0,4,4,2022-09-13,2022-09-13,2022-06-21,1182,84,0.2631578947368421,1.0,1,1,1,1.0,1129.55,1129.55,0.011764705882352941,2033.19,403.4107142857143,0.35714285714285715,1.0,2643.147,1.0,4.345238095238095,4908.16369047619,4.345238095238095,726.1392857142857,0.23013698630136986,4.345238095238095,403.4107142857143,5647.75,0.011764705882352941,23.919882352941176,5.0,2.0,Long Inactive,High Value,Low Frequency
CUST2025,42,Male,Canada,active,1,1,578.42,578.42,578.42,4.1,3,41.0,41,41,2024-03-18,2024-03-18,2021-08-16,630,945,0.03076923076923077,1.0,1,1,1,3.0,578.42,578.42,0.0010570824524312897,1052.7243999999998,18.36253968253968,0.031746031746031744,3.0,1389.5962079999997,1.0,0.3862433862433862,223.41089947089944,0.3862433862433862,33.419822222222216,2.589041095890411,0.3862433862433862,18.36253968253968,24293.64,0.0010570824524312897,1.1128164904862579,126.0,2.0,Long Inactive,Medium Value,Low Frequency
CUST2026,27,Male,Canada,active,1,4,717.92,717.92,179.48,3.7,1,37.0,37,37,2025-03-15,2025-03-15,2022-08-17,268,941,0.03089598352214212,4.0,1,1,1,1.0,717.92,179.48,0.0010615711252653928,1249.1807999999999,22.88799149840595,0.1275239107332625,1.0,1548.984192,1.0,0.38788522848034,278.4705632306057,1.55154091392136,39.82510520722635,2.578082191780822,0.38788522848034,22.88799149840595,27280.96,0.0010615711252653928,1.3260942675159233,38.0,2.0,Long Inactive,Medium Value,Low Frequency
CUST2027,19,Female,India,active,1,7,1099.9099999999999,1099.9099999999999,157.13,3.9,4,5.0,5,5,2025-05-04,2025-05-04,2023-05-17,218,718,0.040106951871657755,7.0,1,1,1,4.0,1099.9099999999999,157.12999999999997,0.0013908205841446453,1957.8397999999997,45.95724233983286,0.2924791086350975,4.0,2506.0349439999995,1.0,0.5083565459610028,559.1464484679665,3.5584958217270195,81.8038913649025,1.9671232876712328,0.5083565459610028,45.95724233983286,6599.459999999999,0.0013908205841446453,2.723003894297635,24.0,2.0,Long Inactive,High Value,Low Frequency
CUST2028,24,Female,USA,active,1,6,126.12,126.12,21.02,4.1,0,2.0,2,2,2024-07-24,2024-07-24,2022-11-21,502,611,0.046801872074883,6.0,1,1,1,0.0,126.12,21.02,0.0016339869281045752,229.5384,6.192471358428805,0.2945990180032733,0.0,302.990688,1.0,0.5973813420621932,75.3417348608838,3.584288052373159,11.270297872340425,1.673972602739726,0.5973813420621932,6.192471358428805,378.36,0.0016339869281045752,0.3750627450980392,0.0,2.0,Long Inactive,Low Value,Low Frequency
CUST2029,53,Female,Canada,cancelled,1,2,503.64,503.64,251.82,3.9,1,25.0,25,25,2025-03-27,2025-03-27,2023-10-07,256,537,0.052910052910052914,2.0,1,1,1,1.0,503.64,251.82,0.0018587360594795538,896.4792,28.136312849162014,0.111731843575419,1.0,1147.4933760000001,1.0,0.6797020484171322,342.32513966480445,1.3594040968342644,50.082636871508385,1.4712328767123288,0.6797020484171322,28.136312849162014,13094.64,0.0018587360594795538,1.666318215613383,26.0,2.0,Long Inactive,Low Value,Low Frequency
CUST2030,54,Male,India,paused,1,6,952.56,952.56,158.76,3.9,4,25.0,25,25,2024-07-08,2024-07-08,2022-10-21,518,626,0.04573170731707317,6.0,1,1,1,4.0,952.56,158.76,0.001594896331738437,1695.5567999999998,45.64984025559105,0.28753993610223644,4.0,2170.312704,1.0,0.5830670926517572,555.4063897763577,3.498402555910543,81.25671565495206,1.715068493150685,0.5830670926517572,45.64984025559105,24766.559999999998,0.001594896331738437,2.7042373205741623,104.0,2.0,Long Inactive,Medium Value,Low Frequency
CUST2031,37,Female,Germany,cancelled,1,4,1536.84,1536.84,384.21,3.9,1,14.0,14,14,2021-02-02,2021-02-02,2020-12-16,1770,48,0.3846153846153846,4.0,1,1,1,1.0,1536.84,384.21,0.02040816326530612,2735.5751999999998,960.5249999999999,2.5,1.0,3501.536256,1.0,7.604166666666668,11686.3875,30.41666666666667,1709.7344999999998,0.13150684931506848,7.604166666666668,960.5249999999999,23052.6,0.02040816326530612,55.82806530612244,15.0,2.0,Long Inactive,Very High Value,Low Frequency
CUST2032,49,Female,Germany,active,1,1,456.94,456.94,456.94,3.8,3,20.0,20,20,2021-07-16,2021-07-16,2020-11-30,1606,228,0.11627906976744186,1.0,1,1,1,3.0,456.94,456.94,0.004366812227074236,804.2144,60.12368421052632,0.13157894736842105,3.0,1013.3101439999999,1.0,1.6008771929824561,731.5048245614036,1.6008771929824561,105.81768421052631,0.6246575342465753,1.6008771929824561,60.12368421052632,9595.74,0.004366812227074236,3.51185327510917,63.0,2.0,Long Inactive,Low Value,Low Frequency
CUST2033,68,Female,Canada,cancelled,1,8,482.96,482.96,60.37,3.8,2,7.0,7,7,2024-03-13,2024-03-13,2021-02-22,635,1115,0.026200873362445417,8.0,1,1,1,2.0,482.96,60.37,0.0008960573476702509,850.0096,12.994439461883408,0.21524663677130046,2.0,1071.012096,1.0,0.3273542600896861,158.0990134529148,2.618834080717489,22.8702134529148,3.0547945205479454,0.3273542600896861,12.994439461883408,3863.68,0.0008960573476702509,0.7616573476702508,16.0,2.0,Long Inactive,Low Value,Low Frequency
CUST2034,56,Female,India,cancelled,1,8,711.76,711.76,88.97,4.1,3,22.0,22,22,2023-09-25,2023-09-25,2022-05-16,805,497,0.05692599620493359,8.0,1,1,1,3.0,711.76,88.97,0.002008032128514056,1295.4032,42.96338028169014,0.482897384305835,3.0,1709.9322239999997,1.0,0.7344064386317907,522.7211267605634,5.875251509054325,78.19335211267605,1.3616438356164384,0.7344064386317907,42.96338028169014,16370.48,0.002008032128514056,2.601211244979919,69.0,2.0,Long Inactive,Medium Value,Low Frequency
CUST2035,26,Female,Pakistan,active,1,7,774.69,774.69,110.67,4.1,1,36.0,36,36,2023-01-19,2023-01-19,2022-11-26,1054,54,0.35714285714285715,7.0,1,1,1,1.0,774.69,110.67,0.01818181818181818,1409.9358,430.3833333333333,3.888888888888889,1.0,1861.1152559999998,1.0,6.7592592592592595,5236.330555555556,47.31481481481482,783.2976666666666,0.14794520547945206,6.7592592592592595,430.3833333333333,28663.530000000002,0.01818181818181818,25.63519636363636,37.0,2.0,Long Inactive,Medium Value,Low Frequency
CUST2036,32,Male,UK,cancelled,1,2,1583.4,1583.4,791.7,3.3,2,23.0,23,23,2022-03-02,2022-03-02,2021-03-07,1377,360,0.07692307692307693,2.0,1,1,1,2.0,1583.4,791.7,0.002770083102493075,2628.444,131.95000000000002,0.16666666666666666,2.0,3048.99504,1.0,1.0138888888888888,1605.3916666666669,2.0277777777777777,219.037,0.9863013698630136,1.0138888888888888,131.95000000000002,38001.600000000006,0.002770083102493075,7.281008310249307,48.0,2.0,Long Inactive,Very High Value,Low Frequency
CUST2037,54,Female,USA,paused,1,2,1623.6,1623.6,811.8,4.2,2,29.0,29,29,2025-02-24,2025-02-24,2022-05-01,287,1030,0.028301886792452827,2.0,1,1,1,2.0,1623.6,811.8,0.0009699321047526673,2987.424,47.28932038834951,0.058252427184466014,2.0,4003.14816,1.0,0.3543689320388349,575.3533980582523,0.7087378640776698,87.0123495145631,2.8219178082191783,0.3543689320388349,47.28932038834951,48708.0,0.0009699321047526673,2.8975984481086323,60.0,2.0,Long Inactive,Very High Value,Low Frequency
CUST2038,63,Female,Canada,cancelled,1,9,642.6,642.6,71.4,4.0,0,27.0,27,27,2025-03-04,2025-03-04,2022-01-06,279,1153,0.0253592561284869,9.0,1,1,1,0.0,642.6,71.4,0.0008665511265164644,1156.68,16.71986123156982,0.23417172593235042,0.0,1503.6840000000002,1.0,0.3165654813529922,203.4249783174328,2.8490893321769297,30.095750216825678,3.158904109589041,0.3165654813529922,16.71986123156982,17992.8,0.0008665511265164644,1.002322357019064,0.0,2.0,Long Inactive,Medium Value,Low Frequency
CUST2039,19,Male,Pakistan,paused,1,6,985.02,985.02,164.17,4.3,0,41.0,41,41,2023-02-11,2023-02-11,2022-12-05,1031,68,0.30612244897959184,6.0,1,1,1,0.0,985.02,164.17,0.014492753623188406,1832.1372,434.5676470588235,2.6470588235294117,0.0,2491.7065919999995,1.0,5.367647058823529,5287.239705882353,32.205882352941174,808.2958235294118,0.1863013698630137,5.367647058823529,434.5676470588235,41370.84,0.014492753623188406,26.55271304347826,0.0,2.0,Long Inactive,Medium Value,Low Frequency
CUST2040,61,Female,India,active,1,4,1759.76,1759.76,439.94,4.0,2,46.0,46,46,2023-12-31,2023-12-31,2021-03-19,708,1017,0.02865329512893983,4.0,1,1,1,2.0,1759.76,439.94,0.0009823182711198428,3167.568,51.91032448377581,0.11799410029498525,2.0,4117.838400000001,1.0,0.35889872173058013,631.5756145526057,1.4355948869223205,93.43858407079647,2.786301369863014,0.35889872173058013,51.91032448377581,82708.72,0.0009823182711198428,3.111559921414538,94.0,2.0,Long Inactive,Very High Value,Low Frequency
CUST2041,22,Male,USA,cancelled,1,2,313.64,313.64,156.82,4.5,1,47.0,47,47,2021-10-16,2021-10-16,2021-07-23,1514,85,0.2608695652173913,2.0,1,1,1,1.0,313.64,156.82,0.011627906976744186,595.9159999999999,110.69647058823529,0.7058823529411764,1.0,834.2823999999998,1.0,4.294117647058823,1346.8070588235294,8.588235294117647,210.32329411764704,0.2328767123287671,4.294117647058823,110.69647058823529,15054.72,0.011627906976744186,6.929255813953487,48.0,2.0,Long Inactive,Low Value,Low Frequency
CUST2042,51,Male,Pakistan,cancelled,1,5,310.7,310.7,62.14,4.1,2,33.0,33,33,2024-07-16,2024-07-16,2021-07-05,510,1107,0.026385224274406333,5.0,1,1,1,2.0,310.7,62.14,0.0009025270758122744,565.4739999999999,8.420054200542005,0.13550135501355015,2.0,746.4256799999998,1.0,0.32971996386630537,102.44399277326107,1.6485998193315268,15.324498644986448,3.032876712328767,0.32971996386630537,8.420054200542005,10563.8,0.0009025270758122744,0.51035559566787,68.0,2.0,Long Inactive,Low Value,Low Frequency
CUST2043,53,Male,UK,cancelled,1,7,242.69,242.69,34.67,4.0,1,37.0,37,37,2024-02-27,2024-02-27,2022-04-21,650,677,0.042432814710042434,7.0,1,1,1,1.0,242.69,34.67,0.0014749262536873156,436.842,10.754357459379616,0.310192023633678,1.0,567.8946,1.0,0.5391432791728212,130.844682422452,3.774002954209749,19.35784342688331,1.8547945205479452,0.5391432791728212,10.754357459379616,9222.22,0.0014749262536873156,0.6443097345132743,38.0,2.0,Long Inactive,Low Value,Low Frequency
CUST2044,52,Female,USA,active,1,1,1707.78,1707.78,1707.78,4.2,2,1.0,1,1,2024-03-08,2024-03-08,2023-03-14,640,360,0.07692307692307693,1.0,1,1,1,2.0,1707.78,1707.78,0.002770083102493075,3142.3152,142.315,0.08333333333333333,2.0,4210.702368,1.0,1.0138888888888888,1731.4991666666667,1.0138888888888888,261.8596,0.9863013698630136,1.0138888888888888,142.315,3415.56,0.002770083102493075,8.704474238227148,4.0,2.0,Long Inactive,Very High Value,Low Frequency
CUST2045,39,Male,India,active,1,6,1584.06,1584.06,264.01,3.8,2,27.0,27,27,2023-11-20,2023-11-20,2022-09-25,749,421,0.06651884700665188,6.0,1,1,1,2.0,1584.06,264.01,0.002369668246445498,2787.9456,112.87838479809976,0.42755344418052255,2.0,3512.811456,1.0,0.8669833729216152,1373.3536817102138,5.201900237529691,198.66595724465557,1.1534246575342466,0.8669833729216152,112.87838479809976,44353.68,0.002369668246445498,6.606506161137442,56.0,2.0,Long Inactive,Very High Value,Low Frequency
CUST2046,31,Female,India,active,1,5,437.55,437.55,87.51,4.2,2,13.0,13,13,2024-03-16,2024-03-16,2021-12-11,632,826,0.035046728971962614,5.0,1,1,1,2.0,437.55,87.51,0.0012091898428053204,805.0920000000001,15.891646489104115,0.18159806295399514,2.0,1078.8232800000003,1.0,0.4418886198547216,193.34836561743344,2.209443099273608,29.240629539951577,2.263013698630137,0.4418886198547216,15.891646489104115,6125.7,0.0012091898428053204,0.9735090689238212,28.0,2.0,Long Inactive,Low Value,Low Frequency
CUST2047,22,Male,USA,active,1,5,1215.65,1215.65,243.13,4.2,0,35.0,35,35,2024-07-25,2024-07-25,2021-09-22,501,1037,0.02811621368322399,5.0,1,1,1,0.0,1215.65,243.13000000000002,0.0009633911368015414,2236.7960000000003,35.16827386692382,0.1446480231436837,0.0,2997.3066400000007,1.0,0.351976856316297,427.8806653809065,1.759884281581485,64.70962391513983,2.841095890410959,0.351976856316297,35.16827386692382,43763.4,0.0009633911368015414,2.154909441233141,0.0,2.0,Long Inactive,High Value,Low Frequency
CUST2048,61,Female,Germany,cancelled,1,2,1760.72,1760.72,880.36,3.6,1,27.0,27,27,2024-07-15,2024-07-15,2022-01-17,511,910,0.03191489361702128,2.0,1,1,1,1.0,1760.72,880.36,0.0010976948408342481,3028.4384,58.04571428571429,0.06593406593406594,1.0,3694.694848,1.0,0.40109890109890106,706.2228571428572,0.8021978021978021,99.83862857142857,2.493150684931507,0.40109890109890106,58.04571428571429,49300.16,0.0010976948408342481,3.324301207464325,28.0,2.0,Long Inactive,Very High Value,Low Frequency
CUST2049,47,Female,Canada,cancelled,1,1,793.56,793.56,793.56,3.8,4,31.0,31,31,2022-12-23,2022-12-23,2021-02-07,1081,684,0.04201680672268907,1.0,1,1,1,4.0,793.56,793.56,0.00145985401459854,1396.6655999999998,34.805263157894736,0.043859649122807015,4.0,1759.7986559999997,1.0,0.533625730994152,423.46403508771925,0.533625730994152,61.25726315789473,1.873972602739726,0.533625730994152,34.805263157894736,25393.92,0.00145985401459854,2.0389278832116786,128.0,2.0,Long Inactive,Medium Value,Low Frequency
CUST2050,29,Female,Canada,paused,1,9,900.36,900.36,100.04,4.1,1,11.0,11,11,2024-06-11,2024-06-11,2023-07-26,545,321,0.08547008547008547,9.0,1,1,1,1.0,900.36,100.04,0.003105590062111801,1638.6552,84.14579439252337,0.8411214953271029,1.0,2163.0248639999995,1.0,1.1370716510903427,1023.7738317757008,10.233644859813083,153.14534579439254,0.8794520547945206,1.1370716510903427,84.14579439252337,10804.32,0.003105590062111801,5.088991304347825,12.0,2.0,Long Inactive,Medium Value,Low Frequency
CUST2051,38,Female,USA,active,1,7,1453.48,1453.48,207.64,4.1,0,14.0,14,14,2025-07-02,2025-07-02,2022-08-12,159,1055,0.027649769585253458,7.0,1,1,1,0.0,1453.48,207.64000000000001,0.000946969696969697,2645.3336,41.33118483412323,0.1990521327014218,0.0,3491.8403519999997,1.0,0.3459715639810427,502.8627488151659,2.4218009478672986,75.22275639810427,2.8904109589041096,0.3459715639810427,41.33118483412323,21802.2,0.000946969696969697,2.5050507575757575,0.0,2.0,At Risk,High Value,Low Frequency
CUST2052,56,Female,Canada,cancelled,1,8,775.84,775.84,96.98,4.1,3,38.0,38,38,2025-05-16,2025-05-16,2022-03-10,206,1163,0.02514668901927913,8.0,1,1,1,3.0,775.84,96.98,0.000859106529209622,1412.0288,20.013069647463457,0.2063628546861565,3.0,1863.878016,1.0,0.31384350816852963,243.49234737747204,2.510748065348237,36.42378675838349,3.186301369863014,0.31384350816852963,20.013069647463457,30257.760000000002,0.000859106529209622,1.2130831615120274,117.0,2.0,Long Inactive,Medium Value,Low Frequency
CUST2053,23,Female,Pakistan,paused,1,4,596.0,596.0,149.0,4.1,3,1.0,1,1,2024-12-18,2024-12-18,2022-02-24,355,1028,0.02835538752362949,4.0,1,1,1,3.0,596.0,149.0,0.0009718172983479105,1084.7199999999998,17.39299610894942,0.11673151750972763,3.0,1431.8303999999996,1.0,0.3550583657587549,211.6147859922179,1.4202334630350195,31.655252918287932,2.8164383561643835,0.3550583657587549,17.39299610894942,1192.0,0.0009718172983479105,1.0541496598639453,6.0,2.0,Long Inactive,Medium Value,Low Frequency
CUST2054,50,Female,India,active,1,2,903.14,903.14,451.57,4.2,1,21.0,21,21,2024-04-22,2024-04-22,2023-04-24,595,364,0.07614213197969544,2.0,1,1,1,1.0,903.14,451.57,0.0027397260273972603,1661.7776000000001,74.43461538461538,0.16483516483516483,1.0,2226.781984,1.0,1.0027472527472527,905.6211538461538,2.0054945054945055,136.95969230769234,0.9972602739726028,1.0027472527472527,74.43461538461538,19869.079999999998,0.0027397260273972603,4.552815342465753,22.0,2.0,Long Inactive,Medium Value,Low Frequency
CUST2055,38,Male,Pakistan,paused,1,4,1171.84,1171.84,292.96,4.0,0,36.0,36,36,2023-08-10,2023-08-10,2023-07-20,851,21,0.5882352941176471,4.0,1,1,1,0.0,1171.84,292.96,0.045454545454545456,2109.312,1674.057142857143,5.714285714285714,0.0,2742.1056,1.0,17.38095238095238,20367.695238095235,69.52380952380952,3013.302857142857,0.057534246575342465,17.38095238095238,1674.057142857143,43358.079999999994,0.045454545454545456,95.87781818181818,0.0,2.0,Long Inactive,High Value,Low Frequency
CUST2056,40,Male,India,active,1,1,1825.62,1825.62,1825.62,4.3,2,9.0,9,9,2024-08-20,2024-08-20,2023-07-25,475,392,0.07109004739336493,1.0,1,1,1,2.0,1825.62,1825.62,0.002544529262086514,3395.6531999999997,139.71581632653061,0.07653061224489796,2.0,4618.088351999999,1.0,0.9311224489795918,1699.8757653061223,0.9311224489795918,259.8714183673469,1.073972602739726,0.9311224489795918,139.71581632653061,18256.199999999997,0.002544529262086514,8.64033893129771,20.0,2.0,Long Inactive,Very High Value,Low Frequency
CUST2057,50,Male,UK,active,1,6,915.96,915.96,152.66,4.2,3,28.0,28,28,2025-07-01,2025-07-01,2021-02-16,160,1596,0.01845018450184502,6.0,1,1,1,3.0,915.96,152.66,0.0006261740763932373,1685.3664,17.217293233082707,0.11278195488721804,3.0,2258.390976,1.0,0.22869674185463656,209.47706766917292,1.3721804511278195,31.67981954887218,4.372602739726028,0.22869674185463656,17.217293233082707,26562.84,0.0006261740763932373,1.0553327489041955,87.0,2.0,At Risk,Medium Value,Low Frequency
CUST2058,61,Male,UK,cancelled,1,2,381.44,381.44,190.72,4.2,0,14.0,14,14,2023-02-24,2023-02-24,2021-12-21,1018,430,0.06521739130434782,2.0,1,1,1,0.0,381.44,190.72,0.002320185614849188,701.8496,26.612093023255813,0.13953488372093023,0.0,940.478464,1.0,0.8488372093023255,323.78046511627906,1.697674418604651,48.9662511627907,1.178082191780822,0.8488372093023255,26.612093023255813,5721.6,0.002320185614849188,1.6284213457076566,0.0,2.0,Long Inactive,Low Value,Low Frequency
CUST2059,22,Female,UK,cancelled,1,2,1265.9,1265.9,632.95,3.7,5,21.0,21,21,2024-05-11,2024-05-11,2022-02-15,576,816,0.03546099290780142,2.0,1,1,1,5.0,1265.9,632.95,0.0012239902080783353,2202.666,46.540441176470594,0.07352941176470588,5.0,2731.30584,1.0,0.4473039215686274,566.2420343137255,0.8946078431372548,80.98036764705883,2.2356164383561645,0.4473039215686274,46.540441176470594,27849.800000000003,0.0012239902080783353,2.696041615667075,110.0,2.0,Long Inactive,High Value,Low Frequency
CUST2060,49,Male,Canada,active,1,5,908.25,908.25,181.65,4.1,3,38.0,38,38,2025-03-19,2025-03-19,2021-03-16,264,1464,0.020080321285140562,5.0,1,1,1,3.0,908.25,181.65,0.0006825938566552901,1653.0149999999999,18.611680327868854,0.10245901639344263,3.0,2181.9797999999996,1.0,0.24931693989071035,226.44211065573768,1.2465846994535519,33.87325819672131,4.010958904109589,0.24931693989071035,18.611680327868854,35421.75,0.0006825938566552901,1.1283378839590443,117.0,2.0,Long Inactive,Medium Value,Low Frequency
CUST2061,47,Female,Germany,active,1,9,984.42,984.42,109.38,4.4,3,34.0,34,34,2023-11-01,2023-11-01,2022-08-11,768,447,0.06289308176100629,9.0,1,1,1,3.0,984.42,109.38,0.002232142857142857,1850.7096000000001,66.06845637583892,0.6040268456375839,3.0,2553.9792480000006,1.0,0.8165548098434005,803.8328859060402,7.348993288590604,124.20869798657719,1.2246575342465753,0.8165548098434005,66.06845637583892,34454.7,0.002232142857142857,4.131048214285714,105.0,2.0,Long Inactive,Medium Value,Low Frequency
CUST2062,67,Male,Germany,paused,1,6,957.3000000000001,957.3000000000001,159.55,3.8,4,31.0,31,31,2024-12-01,2024-12-01,2021-07-31,372,1219,0.02401921537229784,6.0,1,1,1,4.0,957.3000000000001,159.55,0.000819672131147541,1684.8480000000002,23.559474979491387,0.14766201804757997,4.0,2122.90848,1.0,0.29942575881870387,286.6402789171452,1.796554552912223,41.464675963904845,3.33972602739726,0.29942575881870387,23.559474979491387,30633.600000000002,0.000819672131147541,1.3810229508196723,128.0,2.0,Long Inactive,Medium Value,Low Frequency
CUST2063,20,Female,Canada,cancelled,1,1,688.6,688.6,688.6,4.0,5,21.0,21,21,2024-10-15,2024-10-15,2023-01-24,419,630,0.045454545454545456,1.0,1,1,1,5.0,688.6,688.6,0.001584786053882726,1239.48,32.79047619047619,0.047619047619047616,5.0,1611.324,1.0,0.5793650793650793,398.9507936507937,0.5793650793650793,59.02285714285714,1.726027397260274,0.5793650793650793,32.79047619047619,15149.2,0.001584786053882726,1.964310618066561,110.0,2.0,Long Inactive,Medium Value,Low Frequency
CUST2064,62,Female,UK,cancelled,1,7,1628.97,1628.97,232.71,4.2,3,37.0,37,37,2023-12-28,2023-12-28,2022-11-26,711,397,0.07025761124121781,7.0,1,1,1,3.0,1628.97,232.71,0.002512562814070352,2997.3048000000003,123.09596977329976,0.5289672544080605,3.0,4016.3884320000006,1.0,0.9193954659949621,1497.6676322418134,6.435768261964735,226.4965843828716,1.0876712328767124,0.9193954659949621,123.09596977329976,61900.86,0.002512562814070352,7.530916582914574,114.0,2.0,Long Inactive,Very High Value,Low Frequency
CUST2065,26,Male,UK,active,1,3,800.9100000000001,800.9100000000001,266.97,3.8,5,31.0,31,31,2024-03-20,2024-03-20,2020-01-12,628,1529,0.01924310455420141,3.0,1,1,1,5.0,800.9100000000001,266.97,0.00065359477124183,1409.6016000000002,15.714388489208634,0.05886200130804447,5.0,1776.0980160000001,1.0,0.23871811641595816,191.19172661870508,0.7161543492478745,27.657323741007197,4.189041095890411,0.23871811641595816,15.714388489208634,25629.120000000003,0.00065359477124183,0.9213082352941178,160.0,2.0,Long Inactive,Medium Value,Low Frequency
CUST2066,40,Male,UK,active,1,9,195.84,195.84,21.76,4.2,0,20.0,20,20,2022-01-10,2022-01-10,2022-01-06,1428,4,0.8823529411764706,9.0,1,1,1,0.0,195.84,21.76,0.2,360.34560000000005,1468.8,67.5,0.0,482.8631040000001,1.0,91.25,17870.4,821.25,2702.5920000000006,0.010958904109589041,91.25,1468.8,4112.64,0.2,72.06912000000001,0.0,2.0,Long Inactive,Low Value,Low Frequency
CUST2067,63,Female,Pakistan,cancelled,1,2,1690.2,1690.2,845.1,4.0,5,3.0,3,3,2025-07-07,2025-07-07,2022-03-25,154,1200,0.024390243902439025,2.0,1,1,1,5.0,1690.2,845.1,0.0008326394671107411,3042.36,42.255,0.05,5.0,3955.068,1.0,0.3041666666666667,514.1025000000001,0.6083333333333334,76.059,3.287671232876712,0.3041666666666667,42.255,6760.8,0.0008326394671107411,2.533189009159034,20.0,2.0,At Risk,Very High Value,Low Frequency
CUST2068,30,Female,UK,active,1,7,1136.8,1136.8,162.4,3.9,2,33.0,33,33,2025-04-13,2025-04-13,2021-03-09,239,1496,0.019659239842726082,7.0,1,1,1,2.0,1136.8,162.4,0.0006680026720106881,2023.504,22.796791443850267,0.14037433155080214,2.0,2590.0851199999997,1.0,0.24398395721925134,277.36096256684493,1.7078877005347592,40.578288770053476,4.098630136986301,0.24398395721925134,22.796791443850267,38651.2,0.0006680026720106881,1.3517060788243154,68.0,2.0,Long Inactive,High Value,Low Frequency
CUST2069,68,Male,UK,cancelled,1,9,1519.3799999999999,1519.3799999999999,168.82,4.3,3,45.0,45,45,2024-08-15,2024-08-15,2022-02-23,480,904,0.032119914346895075,9.0,1,1,1,3.0,1519.3799999999999,168.82,0.0011049723756906078,2826.0467999999996,50.42190265486725,0.29867256637168144,3.0,3843.423647999999,1.0,0.40376106194690264,613.4664823008849,3.6338495575221237,93.78473893805308,2.4767123287671233,0.40376106194690264,50.42190265486725,69891.48,0.0011049723756906078,3.12270364640884,138.0,2.0,Long Inactive,Very High Value,Low Frequency
CUST2070,63,Male,Pakistan,cancelled,1,7,361.27,361.27,51.61,3.8,3,24.0,24,24,2021-11-24,2021-11-24,2021-01-02,1475,326,0.08426966292134831,7.0,1,1,1,3.0,361.27,51.61,0.0030581039755351682,635.8352,33.24570552147239,0.6441717791411042,3.0,801.152352,1.0,1.1196319018404908,404.4894171779141,7.837423312883436,58.512441717791404,0.8931506849315068,1.1196319018404908,33.24570552147239,9031.75,0.0030581039755351682,1.9444501529051987,75.0,2.0,Long Inactive,Low Value,Low Frequency
CUST2071,36,Male,Germany,active,1,6,1546.1399999999999,1546.1399999999999,257.69,4.0,4,5.0,5,5,2024-09-07,2024-09-07,2021-10-09,457,1064,0.027422303473491772,6.0,1,1,1,4.0,1546.1399999999999,257.69,0.0009389671361502347,2783.0519999999997,43.59417293233082,0.16917293233082706,4.0,3617.9675999999995,1.0,0.3430451127819549,530.3957706766917,2.058270676691729,78.46951127819547,2.915068493150685,0.3430451127819549,43.59417293233082,9276.84,0.0009389671361502347,2.613194366197183,24.0,2.0,Long Inactive,Very High Value,Low Frequency
CUST2072,53,Female,UK,cancelled,1,3,270.03000000000003,270.03000000000003,90.01,4.2,1,37.0,37,37,2021-06-05,2021-06-05,2020-08-10,1647,299,0.0911854103343465,3.0,1,1,1,1.0,270.03000000000003,90.01,0.0033333333333333335,496.8552000000001,27.0933110367893,0.3010033444816054,1.0,665.7859680000001,1.0,1.2207357859531773,329.6352842809365,3.6622073578595318,49.85169230769232,0.8191780821917808,1.2207357859531773,27.0933110367893,10261.140000000001,0.0033333333333333335,1.6561840000000003,38.0,2.0,Long Inactive,Low Value,Low Frequency
CUST2073,51,Male,USA,paused,1,8,67.6,67.6,8.45,4.2,4,42.0,42,42,2023-06-26,2023-06-26,2021-07-04,896,722,0.0398936170212766,8.0,1,1,1,4.0,67.6,8.45,0.0013831258644536654,124.384,2.8088642659279777,0.33240997229916897,4.0,166.67456,1.0,0.5055401662049861,34.17451523545706,4.044321329639889,5.1683102493074795,1.978082191780822,0.5055401662049861,2.8088642659279777,2906.7999999999997,0.0013831258644536654,0.1720387275242047,172.0,2.0,Long Inactive,Low Value,Low Frequency
CUST2074,59,Female,USA,active,1,8,1082.08,1082.08,135.26,3.6,2,36.0,36,36,2024-03-19,2024-03-19,2021-02-12,629,1131,0.025839793281653745,8.0,1,1,1,2.0,1082.08,135.26,0.0008833922261484099,1861.1775999999998,28.702387267904506,0.21220159151193632,2.0,2270.6366719999996,1.0,0.32272325375773653,349.2123784261715,2.5817860300618922,49.36810610079574,3.0986301369863014,0.32272325375773653,28.702387267904506,40036.96,0.0008833922261484099,1.6441498233215546,74.0,2.0,Long Inactive,High Value,Low Frequency
CUST2075,45,Male,India,active,1,3,1307.76,1307.76,435.92,4.3,4,38.0,38,38,2023-12-08,2023-12-08,2023-09-06,731,93,0.24390243902439027,3.0,1,1,1,4.0,1307.76,435.92,0.010638297872340425,2432.4336,421.858064516129,0.9677419354838709,4.0,3308.1096959999995,1.0,3.924731182795699,5132.606451612903,11.774193548387096,784.656,0.2547945205479452,3.924731182795699,421.858064516129,51002.64,0.010638297872340425,25.87695319148936,156.0,2.0,Long Inactive,High Value,Low Frequency
CUST2076,64,Male,India,active,1,7,1306.62,1306.62,186.66,4.0,3,14.0,14,14,2025-04-20,2025-04-20,2022-12-18,232,854,0.03393665158371041,7.0,1,1,1,3.0,1306.62,186.66,0.0011695906432748538,2351.9159999999997,45.9,0.24590163934426232,3.0,3057.4907999999996,1.0,0.42740046838407497,558.4499999999999,2.9918032786885247,82.61999999999999,2.33972602739726,0.42740046838407497,45.9,19599.3,0.0011695906432748538,2.7507789473684205,45.0,2.0,Long Inactive,High Value,Low Frequency
CUST2077,22,Male,Germany,cancelled,1,8,486.4,486.4,60.8,4.2,5,19.0,19,19,2024-04-21,2024-04-21,2022-08-13,596,617,0.04636785162287481,8.0,1,1,1,5.0,486.4,60.8,0.0016181229773462784,894.976,23.64991896272285,0.3889789303079417,5.0,1199.26784,1.0,0.5915721231766613,287.74068071312803,4.73257698541329,43.51585089141005,1.6904109589041096,0.5915721231766613,23.64991896272285,9728.0,0.0016181229773462784,1.4481812297734629,100.0,2.0,Long Inactive,Low Value,Low Frequency
CUST2078,41,Female,Pakistan,active,1,9,470.61,470.61,52.29,4.1,1,37.0,37,37,2022-11-30,2022-11-30,2022-05-17,1104,197,0.13215859030837004,9.0,1,1,1,1.0,470.61,52.29,0.005050505050505051,856.5101999999999,71.66649746192894,1.3705583756345179,1.0,1130.5934639999998,1.0,1.8527918781725887,871.9423857868021,16.6751269035533,130.43302538071066,0.5397260273972603,1.8527918781725887,71.66649746192894,17883.18,0.005050505050505051,4.325809090909091,38.0,2.0,Long Inactive,Low Value,Low Frequency
CUST2079,19,Male,Pakistan,active,1,5,1627.1000000000001,1627.1000000000001,325.42,4.0,1,17.0,17,17,2024-12-02,2024-12-02,2020-11-24,371,1469,0.0200133422281521,5.0,1,1,1,1.0,1627.1000000000001,325.42,0.0006802721088435374,2928.78,33.228727025187204,0.10211027910142954,1.0,3807.414,1.0,0.24846834581347857,404.28284547311097,1.2423417290673928,59.811708645336964,4.024657534246575,0.24846834581347857,33.228727025187204,29287.800000000003,0.0006802721088435374,1.9923673469387755,18.0,2.0,Long Inactive,Very High Value,Low Frequency
CUST2080,50,Female,Canada,cancelled,1,9,1836.72,1836.72,204.08,4.3,2,20.0,20,20,2022-05-02,2022-05-02,2021-05-27,1316,340,0.08108108108108107,9.0,1,1,1,2.0,1836.72,204.08,0.002932551319648094,3416.2992,162.0635294117647,0.7941176470588235,2.0,4646.166912,1.0,1.0735294117647058,1971.7729411764708,9.661764705882353,301.43816470588234,0.9315068493150684,1.0735294117647058,162.0635294117647,38571.12,0.002932551319648094,10.018472727272727,42.0,2.0,Long Inactive,Very High Value,Low Frequency
CUST2081,55,Male,Canada,active,1,6,1420.68,1420.68,236.78,4.0,4,5.0,5,5,2024-08-18,2024-08-18,2021-07-29,477,1116,0.026178010471204185,6.0,1,1,1,4.0,1420.68,236.78,0.0008952551477170994,2557.224,38.19032258064516,0.16129032258064516,4.0,3324.3912000000005,1.0,0.3270609318996416,464.64892473118283,1.9623655913978495,68.74258064516128,3.0575342465753423,0.3270609318996416,38.19032258064516,8524.08,0.0008952551477170994,2.289367949865712,24.0,2.0,Long Inactive,High Value,Low Frequency
CUST2082,42,Female,Canada,paused,1,1,920.25,920.25,920.25,3.9,5,6.0,6,6,2022-08-16,2022-08-16,2022-02-06,1210,191,0.13574660633484165,1.0,1,1,1,5.0,920.25,920.25,0.005208333333333333,1638.045,144.54188481675394,0.15706806282722513,5.0,2096.6976,1.0,1.910994764397906,1758.5929319371728,1.910994764397906,257.284554973822,0.5232876712328767,1.910994764397906,144.54188481675394,6441.75,0.005208333333333333,8.531484375,35.0,2.0,Long Inactive,Medium Value,Low Frequency
CUST2083,54,Male,India,paused,1,5,1243.8,1243.8,248.76,4.2,1,9.0,9,9,2025-05-13,2025-05-13,2023-02-21,209,812,0.035629453681710214,5.0,1,1,1,1.0,1243.8,248.76,0.0012300123001230013,2288.592,45.953201970443345,0.18472906403940886,1.0,3066.7132800000004,1.0,0.44950738916256155,559.097290640394,2.247536945812808,84.55389162561576,2.2246575342465755,0.44950738916256155,45.953201970443345,12438.0,0.0012300123001230013,2.8149963099631,10.0,2.0,Long Inactive,High Value,Low Frequency
CUST2084,28,Male,USA,active,1,6,264.71999999999997,264.71999999999997,44.12,4.1,0,11.0,11,11,2023-04-15,2023-04-15,2023-02-22,968,52,0.36585365853658536,6.0,1,1,1,0.0,264.71999999999997,44.12,0.018867924528301886,481.7903999999999,152.7230769230769,3.4615384615384612,0.0,635.9633279999998,1.0,7.019230769230769,1858.1307692307691,42.11538461538461,277.95599999999996,0.14246575342465753,7.019230769230769,152.7230769230769,3176.6399999999994,0.018867924528301886,9.090384905660375,0.0,2.0,Long Inactive,Low Value,Low Frequency
CUST2085,19,Female,USA,paused,1,1,1330.98,1330.98,1330.98,4.4,1,24.0,24,24,2025-02-26,2025-02-26,2023-07-21,285,586,0.0487012987012987,1.0,1,1,1,1.0,1330.98,1330.98,0.0017035775127768314,2502.2424,68.13890784982935,0.051194539249146756,1.0,3453.0945120000006,1.0,0.6228668941979522,829.0233788395905,0.6228668941979522,128.10114675767917,1.6054794520547946,0.6228668941979522,68.13890784982935,33274.5,0.0017035775127768314,4.26276388415673,25.0,2.0,Long Inactive,High Value,Low Frequency
CUST2086,49,Female,USA,active,1,7,460.25,460.25,65.75,4.0,0,25.0,25,25,2022-03-16,2022-03-16,2021-04-11,1363,339,0.08130081300813008,7.0,1,1,1,0.0,460.25,65.75,0.0029411764705882353,828.45,40.73008849557522,0.6194690265486725,0.0,1076.9850000000001,1.0,1.0766961651917404,495.5494100294986,7.536873156342184,73.3141592920354,0.9287671232876712,1.0766961651917404,40.73008849557522,11966.5,0.0029411764705882353,2.4366176470588234,0.0,2.0,Long Inactive,Low Value,Low Frequency
CUST2087,45,Female,Germany,active,1,3,1719.1799999999998,1719.1799999999998,573.06,3.8,0,31.0,31,31,2023-08-13,2023-08-13,2021-06-09,848,795,0.03636363636363636,3.0,1,1,1,0.0,1719.1799999999998,573.06,0.001256281407035176,3025.7567999999997,64.87471698113207,0.11320754716981132,0.0,3812.4535679999994,1.0,0.459119496855346,789.3090566037736,1.3773584905660379,114.17950188679244,2.1780821917808217,0.459119496855346,64.87471698113207,55013.759999999995,0.001256281407035176,3.801202010050251,0.0,2.0,Long Inactive,Very High Value,Low Frequency
CUST2088,23,Male,Pakistan,active,1,5,1922.25,1922.25,384.45,4.0,4,23.0,23,23,2024-07-11,2024-07-11,2022-05-10,515,793,0.03645200486026731,5.0,1,1,1,4.0,1922.25,384.45,0.0012594458438287153,3460.05,72.72068095838587,0.18915510718789408,4.0,4498.0650000000005,1.0,0.46027742749054223,884.7682849936948,2.301387137452711,130.8972257250946,2.1726027397260275,0.46027742749054223,72.72068095838587,46134.0,0.0012594458438287153,4.357745591939547,96.0,2.0,Long Inactive,Very High Value,Low Frequency
CUST2089,29,Female,Canada,active,1,9,553.0500000000001,553.0500000000001,61.45,3.1,0,42.0,42,42,2021-06-09,2021-06-09,2020-01-10,1643,516,0.054945054945054944,9.0,1,1,1,0.0,553.0500000000001,61.45000000000001,0.0019342359767891683,895.9410000000001,32.15406976744187,0.5232558139534884,0.0,1003.4539200000003,1.0,0.7073643410852714,391.2078488372094,6.366279069767442,52.08959302325582,1.4136986301369863,0.7073643410852714,32.15406976744187,23781.15,0.0019342359767891683,1.7329613152804646,0.0,2.0,Long Inactive,Medium Value,Low Frequency
CUST2090,53,Male,USA,active,1,4,1905.92,1905.92,476.48,4.3,2,15.0,15,15,2023-02-22,2023-02-22,2021-11-26,1020,453,0.06211180124223602,4.0,1,1,1,2.0,1905.92,476.48,0.0022026431718061676,3545.0112,126.21986754966888,0.26490066225165565,2.0,4821.215232,1.0,0.805739514348786,1535.6750551876382,3.222958057395144,234.7689536423841,1.2410958904109588,0.805739514348786,126.21986754966888,30494.72,0.0022026431718061676,7.808394713656388,32.0,2.0,Long Inactive,Very High Value,Low Frequency
CUST2091,22,Female,Germany,paused,1,2,1085.74,1085.74,542.87,4.2,0,32.0,32,32,2025-02-18,2025-02-18,2022-08-22,293,911,0.031880977683315624,2.0,1,1,1,0.0,1085.74,542.87,0.0010964912280701754,1997.7616,35.75433589462129,0.06586169045005488,0.0,2677.0005440000004,1.0,0.40065861690450055,435.01108671789245,0.8013172338090011,65.78797804610318,2.495890410958904,0.40065861690450055,35.75433589462129,35829.42,0.0010964912280701754,2.1905280701754384,0.0,2.0,Long Inactive,High Value,Low Frequency
CUST2092,26,Female,Pakistan,active,1,4,1965.92,1965.92,491.48,4.4,3,26.0,26,26,2023-11-26,2023-11-26,2021-09-26,743,791,0.03654080389768575,4.0,1,1,1,3.0,1965.92,491.48,0.0012626262626262627,3695.9296000000004,74.56080910240202,0.15170670037926676,3.0,5100.382848000001,1.0,0.4614412136536031,907.1565107458914,1.8457648546144123,140.17432111251583,2.1671232876712327,0.4614412136536031,74.56080910240202,53079.840000000004,0.0012626262626262627,4.666577777777778,81.0,2.0,Long Inactive,Very High Value,Low Frequency
CUST2093,43,Female,Germany,active,1,3,928.11,928.11,309.37,4.1,0,31.0,31,31,2024-02-04,2024-02-04,2023-06-07,673,242,0.11029411764705882,3.0,1,1,1,0.0,928.11,309.37,0.00411522633744856,1689.1601999999998,115.05495867768596,0.37190082644628103,0.0,2229.6914639999995,1.0,1.5082644628099173,1399.8353305785124,4.524793388429751,209.4000247933884,0.663013698630137,1.5082644628099173,115.05495867768596,29699.52,0.00411522633744856,6.951276543209876,0.0,2.0,Long Inactive,Medium Value,Low Frequency
CUST2094,51,Female,Germany,active,1,7,33.6,33.6,4.8,4.2,3,27.0,27,27,2022-11-26,2022-11-26,2020-11-22,1108,734,0.03926701570680628,7.0,1,1,1,3.0,33.6,4.8,0.0013605442176870747,61.824000000000005,1.3732970027247957,0.28610354223433243,3.0,82.84416000000002,1.0,0.49727520435967304,16.708446866485016,3.4809264305177114,2.5268664850136244,2.010958904109589,0.49727520435967304,1.3732970027247957,940.8000000000001,0.0013605442176870747,0.08411428571428571,84.0,2.0,Long Inactive,Low Value,Low Frequency
CUST2095,63,Female,India,active,1,4,988.88,988.88,247.22,4.1,5,31.0,31,31,2023-07-18,2023-07-18,2022-08-10,874,342,0.08064516129032258,4.0,1,1,1,5.0,988.88,247.22,0.0029154518950437317,1799.7615999999998,86.7438596491228,0.3508771929824561,5.0,2375.6853119999996,1.0,1.067251461988304,1055.383625730994,4.269005847953216,157.8738245614035,0.936986301369863,1.067251461988304,86.7438596491228,31644.16,0.0029154518950437317,5.247118367346938,160.0,2.0,Long Inactive,Medium Value,Low Frequency
CUST2096,64,Male,Germany,active,1,7,847.2800000000001,847.2800000000001,121.04,4.1,2,33.0,33,33,2024-02-10,2024-02-10,2022-01-18,667,753,0.038314176245210725,7.0,1,1,1,2.0,847.2800000000001,121.04,0.001326259946949602,1542.0496,33.756175298804784,0.2788844621513944,2.0,2035.5054719999998,1.0,0.48472775564409026,410.70013280212487,3.3930942895086322,61.4362390438247,2.063013698630137,0.48472775564409026,33.756175298804784,28807.520000000004,0.001326259946949602,2.045158620689655,68.0,2.0,Long Inactive,Medium Value,Low Frequency
CUST2097,54,Female,Pakistan,active,1,7,1028.37,1028.37,146.91,4.1,3,24.0,24,24,2023-11-21,2023-11-21,2022-01-03,748,687,0.041841004184100423,7.0,1,1,1,3.0,1028.37,146.91,0.0014534883720930232,1871.6333999999997,44.906986899563314,0.30567685589519655,3.0,2470.5560879999994,1.0,0.5312954876273653,546.3683406113537,3.7190684133915575,81.73071615720524,1.8821917808219177,0.5312954876273653,44.906986899563314,25709.249999999996,0.0014534883720930232,2.72039738372093,75.0,2.0,Long Inactive,Medium Value,Low Frequency
CUST2098,50,Female,Canada,paused,1,1,1319.96,1319.96,1319.96,3.9,3,39.0,39,39,2023-09-08,2023-09-08,2022-02-04,822,581,0.049099836333878884,1.0,1,1,1,3.0,1319.96,1319.96,0.001718213058419244,2349.5288,68.15628227194492,0.05163511187607573,3.0,3007.3968640000003,1.0,0.6282271944922547,829.2347676419965,0.6282271944922547,121.31818244406196,1.5917808219178082,0.6282271944922547,68.15628227194492,52798.4,0.001718213058419244,4.036991065292097,120.0,2.0,Long Inactive,High Value,Low Frequency
CUST2099,63,Female,Germany,paused,1,4,337.04,337.04,84.26,3.9,1,15.0,15,15,2025-10-04,2025-10-04,2022-05-07,65,1246,0.023510971786833857,4.0,1,1,1,1.0,337.04,84.26,0.0008019246190858059,599.9312,8.114927768860355,0.09630818619582665,1.0,767.911936,1.0,0.2929373996789727,98.73162118780097,1.1717495987158908,14.444571428571429,3.4136986301369863,0.2929373996789727,8.114927768860355,5392.64,0.0008019246190858059,0.48109959903769045,16.0,2.0,Moderate,Low Value,Low Frequency
CUST2100,33,Male,USA,active,1,4,1252.96,1252.96,313.24,3.8,5,45.0,45,45,2022-09-30,2022-09-30,2022-05-07,1165,146,0.17045454545454547,4.0,1,1,1,5.0,1252.96,313.24,0.006802721088435374,2205.2096,257.4575342465754,0.8219178082191781,5.0,2778.564096,1.0,2.5,3132.4,10.0,453.1252602739727,0.4,2.5,257.4575342465754,57636.16,0.006802721088435374,15.001425850340137,230.0,2.0,Long Inactive,High Value,Low Frequency
CUST2101,18,Female,India,cancelled,1,4,1047.2,1047.2,261.8,4.0,5,49.0,49,49,2024-02-20,2024-02-20,2022-04-27,657,664,0.043227665706051875,4.0,1,1,1,5.0,1047.2,261.8,0.0015037593984962407,1884.96,47.31325301204819,0.18072289156626506,5.0,2450.4480000000003,1.0,0.5496987951807228,575.644578313253,2.1987951807228914,85.16385542168675,1.819178082191781,0.5496987951807228,47.31325301204819,52360.0,0.0015037593984962407,2.834526315789474,250.0,2.0,Long Inactive,Medium Value,Low Frequency
CUST2102,69,Female,Canada,active,1,4,1464.32,1464.32,366.08,4.2,2,29.0,29,29,2023-12-12,2023-12-12,2023-07-28,727,137,0.17964071856287425,4.0,1,1,1,2.0,1464.32,366.08,0.007246376811594203,2694.3488,320.65401459854013,0.8759124087591241,2.0,3610.4273920000005,1.0,2.6642335766423355,3901.2905109489047,10.656934306569342,590.003386861314,0.37534246575342467,2.6642335766423355,320.65401459854013,43929.6,0.007246376811594203,19.52426666666667,60.0,2.0,Long Inactive,High Value,Low Frequency
CUST2103,67,Male,Canada,active,1,5,1512.75,1512.75,302.55,4.1,4,30.0,30,30,2025-06-13,2025-06-13,2023-03-31,178,805,0.03592814371257485,5.0,1,1,1,4.0,1512.75,302.55,0.0012406947890818859,2753.205,56.37577639751553,0.1863354037267081,4.0,3634.2305999999994,1.0,0.453416149068323,685.9052795031056,2.267080745341615,102.60391304347826,2.2054794520547945,0.453416149068323,56.37577639751553,46895.25,0.0012406947890818859,3.4158870967741937,124.0,2.0,At Risk,Very High Value,Low Frequency
CUST2104,38,Other,Pakistan,active,1,2,145.0,145.0,72.5,4.3,5,27.0,27,27,2024-10-10,2024-10-10,2021-01-28,424,1351,0.02172338884866039,2.0,1,1,1,5.0,145.0,72.5,0.0007396449704142012,269.7,3.219837157660992,0.04441154700222058,5.0,366.792,1.0,0.27017024426350855,39.17468541820874,0.5403404885270171,5.988897113249445,3.7013698630136984,0.27017024426350855,3.219837157660992,4060.0,0.0007396449704142012,0.19948224852071006,140.0,2.0,Long Inactive,Low Value,Low Frequency
CUST2105,44,Male,India,active,1,1,1194.42,1194.42,1194.42,3.7,3,29.0,29,29,2024-06-21,2024-06-21,2021-06-14,535,1103,0.0264783759929391,1.0,1,1,1,3.0,1194.42,1194.42,0.0009057971014492754,2078.2908,32.48649138712602,0.027198549410698096,3.0,2577.0805920000003,1.0,0.33091568449682685,395.25231187669993,0.33091568449682685,56.52649501359928,3.021917808219178,0.33091568449682685,32.48649138712602,35832.600000000006,0.0009057971014492754,1.8825097826086958,90.0,2.0,Long Inactive,High Value,Low Frequency
CUST2106,22,Female,USA,active,1,8,1094.56,1094.56,136.82,4.2,2,39.0,39,39,2023-07-30,2023-07-30,2020-09-13,862,1050,0.027777777777777776,8.0,1,1,1,2.0,1094.56,136.82,0.0009514747859181732,2013.9904,31.273142857142854,0.22857142857142856,2.0,2698.747136,1.0,0.3476190476190476,380.48990476190477,2.780952380952381,57.542582857142854,2.8767123287671232,0.3476190476190476,31.273142857142854,43782.399999999994,0.0009514747859181732,1.916261084681256,80.0,2.0,Long Inactive,High Value,Low Frequency
CUST2107,53,Male,Pakistan,active,1,1,1491.08,1491.08,1491.08,4.3,5,41.0,41,41,2022-12-28,2022-12-28,2022-08-31,1076,119,0.20134228187919462,1.0,1,1,1,5.0,1491.08,1491.08,0.008333333333333333,2773.4087999999997,375.9025210084033,0.25210084033613445,5.0,3771.8359679999994,1.0,3.0672268907563027,4573.480672268907,3.0672268907563027,699.1786890756301,0.32602739726027397,3.0672268907563027,375.9025210084033,62625.36,0.008333333333333333,23.111739999999998,210.0,2.0,Long Inactive,High Value,Low Frequency
CUST2108,69,Other,USA,cancelled,1,9,1575.72,1575.72,175.08,4.3,0,35.0,35,35,2023-03-28,2023-03-28,2022-10-16,986,163,0.15544041450777202,9.0,1,1,1,0.0,1575.72,175.08,0.006097560975609756,2930.8392,290.00981595092026,1.656441717791411,0.0,3985.9413119999995,1.0,2.2392638036809815,3528.4527607361965,20.153374233128833,539.4182576687116,0.4465753424657534,2.2392638036809815,290.00981595092026,56725.92,0.006097560975609756,17.870970731707317,0.0,2.0,Long Inactive,Very High Value,Low Frequency
CUST2109,22,Male,UK,active,1,4,1785.88,1785.88,446.47,4.4,3,14.0,14,14,2024-12-01,2024-12-01,2020-11-30,372,1462,0.020107238605898123,4.0,1,1,1,3.0,1785.88,446.47,0.000683526999316473,3357.4544000000005,36.64596443228454,0.08207934336525308,3.0,4633.287072000001,1.0,0.2496580027359781,445.8592339261286,0.9986320109439124,68.89441313269495,4.005479452054795,0.2496580027359781,36.64596443228454,26788.2,0.000683526999316473,2.2949107313738897,45.0,2.0,Long Inactive,Very High Value,Low Frequency
CUST2110,54,Female,UK,active,1,4,816.72,816.72,204.18,3.8,5,43.0,43,43,2022-12-25,2022-12-25,2021-12-23,1079,367,0.07556675062972293,4.0,1,1,1,5.0,816.72,204.18,0.002717391304347826,1437.4272,66.76185286103544,0.32697547683923706,5.0,1811.1582720000001,1.0,0.9945504087193461,812.2692098092643,3.9782016348773843,117.50086103542236,1.0054794520547945,0.9945504087193461,66.76185286103544,35935.68,0.002717391304347826,3.9060521739130434,220.0,2.0,Long Inactive,Medium Value,Low Frequency
CUST2111,36,Male,USA,active,1,2,1929.0,1929.0,964.5,4.5,5,9.0,9,9,2023-09-03,2023-09-03,2022-08-16,827,383,0.07263922518159806,2.0,1,1,1,5.0,1929.0,964.5,0.0026041666666666665,3665.1,151.09660574412533,0.15665796344647517,5.0,5131.139999999999,1.0,0.9530026109660574,1838.3420365535248,1.9060052219321149,287.0835509138381,1.0493150684931507,0.9530026109660574,151.09660574412533,19290.0,0.0026041666666666665,9.544531249999999,50.0,2.0,Long Inactive,Very High Value,Low Frequency
CUST2112,24,Female,UK,active,1,8,1074.4,1074.4,134.3,3.8,0,44.0,44,44,2024-04-03,2024-04-03,2021-01-26,614,1163,0.02514668901927913,8.0,1,1,1,0.0,1074.4,134.3,0.000859106529209622,1890.9440000000002,27.71453138435082,0.2063628546861565,0.0,2382.58944,1.0,0.31384350816852963,337.19346517626826,2.510748065348237,48.777575236457444,3.186301369863014,0.31384350816852963,27.71453138435082,48348.00000000001,0.000859106529209622,1.6245223367697597,0.0,2.0,Long Inactive,High Value,Low Frequency
CUST2113,64,Female,UK,active,1,5,1143.35,1143.35,228.67,3.8,0,19.0,19,19,2021-07-30,2021-07-30,2021-12-05,1592,0,1.0,5.0,1,1,1,0.0,1143.35,228.67,1.0,2012.2959999999998,11433.499999999998,50.0,0.0,2535.4929599999996,1.0,365.0,417322.74999999994,1825.0,20122.959999999995,0.0,365.0,11433.499999999998,22867.0,1.0,2012.2959999999998,0.0,2.0,Long Inactive,High Value,Low Frequency
CUST2114,19,Male,USA,paused,1,5,1801.1000000000001,1801.1000000000001,360.22,4.1,2,33.0,33,33,2023-04-16,2023-04-16,2022-07-11,967,279,0.0970873786407767,5.0,1,1,1,2.0,1801.1000000000001,360.22,0.0035714285714285713,3278.002,193.66666666666666,0.5376344086021505,2.0,4326.96264,1.0,1.3082437275985663,2356.277777777778,6.541218637992832,352.4733333333333,0.7643835616438356,1.3082437275985663,193.66666666666666,61237.4,0.0035714285714285713,11.707149999999999,68.0,2.0,Long Inactive,Very High Value,Low Frequency
CUST2115,29,Female,Pakistan,active,1,3,297.15,297.15,99.05,4.1,3,28.0,28,28,2023-08-28,2023-08-28,2020-12-27,833,974,0.0298804780876494,3.0,1,1,1,3.0,297.15,99.05,0.0010256410256410256,540.8129999999999,9.152464065708418,0.09240246406570841,3.0,713.8731599999998,1.0,0.3747433264887064,111.35497946611909,1.124229979466119,16.657484599589317,2.6684931506849314,0.3747433264887064,9.152464065708418,8617.349999999999,0.0010256410256410256,0.5546799999999998,87.0,2.0,Long Inactive,Low Value,Low Frequency
CUST2116,61,Female,Germany,paused,1,7,1487.29,1487.29,212.47,3.8,4,15.0,15,15,2023-04-09,2023-04-09,2021-05-24,974,685,0.04195804195804196,7.0,1,1,1,4.0,1487.29,212.47,0.0014577259475218659,2617.6304,65.13678832116788,0.30656934306569344,4.0,3298.214304,1.0,0.5328467153284672,792.4975912408759,3.72992700729927,114.64074744525549,1.8767123287671232,0.5328467153284672,65.13678832116788,23796.64,0.0014577259475218659,3.8157877551020407,64.0,2.0,Long Inactive,High Value,Low Frequency
CUST2117,59,Male,USA,active,1,8,112.96,112.96,14.12,3.3,1,19.0,19,19,2022-05-24,2022-05-24,2022-10-04,1294,0,1.0,8.0,1,1,1,1.0,112.96,14.12,1.0,187.51359999999997,1129.6,80.0,1.0,217.51577599999996,1.0,365.0,41230.399999999994,2920.0,1875.1359999999995,0.0,365.0,1129.6,2259.2,1.0,187.51359999999997,20.0,2.0,Long Inactive,Low Value,Low Frequency
CUST2118,66,Male,India,cancelled,1,4,1033.48,1033.48,258.37,4.0,3,44.0,44,44,2020-09-20,2020-09-20,2020-09-15,1905,5,0.8571428571428571,4.0,1,1,1,3.0,1033.48,258.37,0.16666666666666666,1860.2640000000001,6200.88,24.0,3.0,2418.3432000000003,1.0,73.0,75444.04000000001,292.0,11161.584,0.0136986301369863,73.0,6200.88,46506.6,0.16666666666666666,310.044,135.0,2.0,Long Inactive,Medium Value,Low Frequency
CUST2119,23,Female,USA,active,1,9,1273.05,1273.05,141.45,4.6,1,37.0,37,37,2024-04-05,2024-04-05,2022-08-06,612,608,0.047021943573667714,9.0,1,1,1,1.0,1273.05,141.45,0.0016420361247947454,2444.256,62.81496710526316,0.4440789473684211,1.0,3470.8435199999994,1.0,0.600328947368421,764.2487664473683,5.402960526315789,120.60473684210527,1.6657534246575343,0.600328947368421,62.81496710526316,48375.9,0.0016420361247947454,4.013556650246305,38.0,2.0,Long Inactive,High Value,Low Frequency
CUST2120,41,Male,Pakistan,cancelled,1,9,475.29,475.29,52.81,3.9,5,43.0,43,43,2023-11-23,2023-11-23,2023-05-27,746,180,0.14285714285714285,9.0,1,1,1,5.0,475.29,52.81,0.0055248618784530384,846.0162,79.215,1.5,5.0,1082.900736,1.0,2.0277777777777777,963.7825000000001,18.25,141.0027,0.4931506849315068,2.0277777777777777,79.215,20912.760000000002,0.0055248618784530384,4.674122651933701,220.0,2.0,Long Inactive,Low Value,Low Frequency
CUST2121,58,Female,USA,cancelled,1,5,849.05,849.05,169.81,3.7,0,38.0,38,38,2024-07-07,2024-07-07,2023-02-28,519,495,0.05714285714285714,5.0,1,1,1,0.0,849.05,169.81,0.0020161290322580645,1477.347,51.45757575757575,0.30303030303030304,0.0,1831.91028,1.0,0.7373737373737373,626.0671717171716,3.6868686868686864,89.53618181818182,1.356164383561644,0.7373737373737373,51.45757575757575,33112.95,0.0020161290322580645,2.9785221774193547,0.0,2.0,Long Inactive,Medium Value,Low Frequency
CUST2122,37,Male,UK,active,1,6,671.9399999999999,671.9399999999999,111.99,4.2,1,8.0,8,8,2023-11-27,2023-11-27,2022-09-25,742,428,0.06550218340611354,6.0,1,1,1,1.0,671.9399999999999,111.99,0.002331002331002331,1236.3696,47.09859813084111,0.4205607476635514,1.0,1656.7352640000001,1.0,0.8528037383177569,573.0329439252336,5.1168224299065415,86.66142056074766,1.1726027397260275,0.8528037383177569,47.09859813084111,6047.459999999999,0.002331002331002331,2.8819804195804197,9.0,2.0,Long Inactive,Medium Value,Low Frequency
CUST2123,40,Other,UK,paused,1,3,1692.8999999999999,1692.8999999999999,564.3,4.1,0,7.0,7,7,2022-03-31,2022-03-31,2020-12-19,1348,467,0.060362173038229376,3.0,1,1,1,0.0,1692.8999999999999,564.3,0.002136752136752137,3081.0779999999995,108.75160599571734,0.19271948608137046,0.0,4067.022959999999,1.0,0.7815845824411135,1323.144539614561,2.3447537473233404,197.92792291220553,1.2794520547945205,0.7815845824411135,108.75160599571734,13543.199999999999,0.002136752136752137,6.5835,0.0,2.0,Long Inactive,Very High Value,Low Frequency
CUST2124,68,Male,USA,active,1,4,978.84,978.84,244.71,4.1,0,23.0,23,23,2024-08-03,2024-08-03,2020-12-28,492,1314,0.022321428571428572,4.0,1,1,1,0.0,978.84,244.71,0.0007604562737642585,1781.4887999999999,22.347945205479455,0.09132420091324202,0.0,2351.5652159999995,1.0,0.2777777777777778,271.9,1.1111111111111112,40.6732602739726,3.6,0.2777777777777778,22.347945205479455,23492.16,0.0007604562737642585,1.3547443346007602,0.0,2.0,Long Inactive,Medium Value,Low Frequency
CUST2125,23,Female,Canada,active,1,1,603.87,603.87,603.87,3.8,1,11.0,11,11,2020-10-11,2020-10-11,2020-10-21,1884,0,1.0,1.0,1,1,1,1.0,603.87,603.87,1.0,1062.8112,6038.7,10.0,1.0,1339.1421120000002,1.0,365.0,220412.55,365.0,10628.112000000001,0.0,365.0,6038.7,7246.4400000000005,1.0,1062.8112,12.0,2.0,Long Inactive,Medium Value,Low Frequency
CUST2126,25,Male,Germany,active,1,2,464.22,464.22,232.11,4.1,1,25.0,25,25,2022-09-14,2022-09-14,2020-12-10,1181,643,0.04457652303120357,2.0,1,1,1,1.0,464.22,232.11,0.0015527950310559005,844.8804,21.658786936236393,0.09331259720062209,1.0,1115.2421279999999,1.0,0.5676516329704511,263.51524105754277,1.1353032659409021,39.418992223950234,1.7616438356164383,0.5676516329704511,21.658786936236393,12069.720000000001,0.0015527950310559005,1.3119260869565217,26.0,2.0,Long Inactive,Low Value,Low Frequency
CUST2127,60,Female,Germany,paused,1,5,252.60000000000002,252.60000000000002,50.52,4.6,1,7.0,7,7,2025-03-08,2025-03-08,2023-02-03,275,764,0.037783375314861464,5.0,1,1,1,1.0,252.60000000000002,50.52,0.00130718954248366,484.992,9.918848167539268,0.19633507853403143,1.0,688.68864,1.0,0.4777486910994765,120.67931937172777,2.3887434554973823,19.044188481675395,2.0931506849315067,0.4777486910994765,9.918848167539268,2020.8000000000002,0.00130718954248366,0.6339764705882353,8.0,2.0,Long Inactive,Low Value,Low Frequency
CUST2128,24,Male,UK,active,1,2,814.08,814.08,407.04,4.1,5,33.0,33,33,2024-09-25,2024-09-25,2023-05-17,439,497,0.05692599620493359,2.0,1,1,1,5.0,814.08,407.04,0.002008032128514056,1481.6255999999998,49.139637826961774,0.12072434607645875,5.0,1955.7457919999995,1.0,0.7344064386317907,597.8655935613682,1.4688128772635813,89.43414084507042,1.3616438356164384,0.7344064386317907,49.139637826961774,27678.72,0.002008032128514056,2.975151807228915,170.0,2.0,Long Inactive,Medium Value,Low Frequency
CUST2129,66,Male,USA,active,1,9,1916.28,1916.28,212.92,4.2,3,30.0,30,30,2022-03-14,2022-03-14,2021-05-28,1365,290,0.09375,9.0,1,1,1,3.0,1916.28,212.92,0.003436426116838488,3525.9552,198.23586206896553,0.9310344827586208,3.0,4724.779968,1.0,1.2586206896551724,2411.869655172414,11.327586206896552,364.75398620689657,0.7945205479452054,1.2586206896551724,198.23586206896553,59404.68,0.003436426116838488,12.116684536082474,93.0,2.0,Long Inactive,Very High Value,Low Frequency
CUST2130,40,Male,Pakistan,cancelled,1,9,1074.1499999999999,1074.1499999999999,119.35,3.9,5,9.0,9,9,2024-01-25,2024-01-25,2020-03-10,683,1416,0.02074688796680498,9.0,1,1,1,5.0,1074.1499999999999,119.34999999999998,0.0007057163020465773,1911.9869999999999,22.757415254237284,0.1906779661016949,5.0,2447.34336,1.0,0.2577683615819209,276.8818855932203,2.319915254237288,40.50819915254237,3.8794520547945206,0.2577683615819209,22.757415254237284,10741.499999999998,0.0007057163020465773,1.349320395201129,50.0,2.0,Long Inactive,High Value,Low Frequency
CUST2131,62,Male,Canada,active,1,5,183.75,183.75,36.75,4.1,4,46.0,46,46,2025-05-14,2025-05-14,2021-03-09,208,1527,0.01926782273603083,5.0,1,1,1,4.0,183.75,36.75,0.0006544502617801048,334.42499999999995,3.6100196463654224,0.09823182711198429,4.0,441.44099999999986,1.0,0.23903077930582844,43.92190569744598,1.1951538965291422,6.570235756385068,4.183561643835616,0.23903077930582844,3.6100196463654224,8636.25,0.0006544502617801048,0.2188645287958115,188.0,2.0,Long Inactive,Low Value,Low Frequency
CUST2132,61,Male,India,cancelled,1,6,683.28,683.28,113.88,4.1,3,45.0,45,45,2023-01-05,2023-01-05,2022-08-21,1068,137,0.17964071856287425,6.0,1,1,1,3.0,683.28,113.88,0.007246376811594203,1243.5695999999998,149.62335766423357,1.3138686131386863,3.0,1641.5118719999996,1.0,2.6642335766423355,1820.4175182481752,15.985401459854014,272.3145109489051,0.37534246575342467,2.6642335766423355,149.62335766423357,31430.879999999997,0.007246376811594203,9.011373913043476,138.0,2.0,Long Inactive,Medium Value,Low Frequency
CUST2133,64,Male,USA,active,1,9,1520.55,1520.55,168.95,4.0,4,5.0,5,5,2024-05-24,2024-05-24,2022-09-12,563,620,0.04615384615384615,9.0,1,1,1,4.0,1520.55,168.95,0.001610305958132045,2736.99,73.57499999999999,0.43548387096774194,4.0,3558.087,1.0,0.5887096774193549,895.1625,5.298387096774194,132.43499999999997,1.6986301369863013,0.5887096774193549,73.57499999999999,9123.3,0.001610305958132045,4.407391304347826,24.0,2.0,Long Inactive,Very High Value,Low Frequency
CUST2134,40,Female,UK,paused,1,6,59.400000000000006,59.400000000000006,9.9,3.7,4,36.0,36,36,2023-11-17,2023-11-17,2021-09-13,752,795,0.03636363636363636,6.0,1,1,1,4.0,59.400000000000006,9.9,0.001256281407035176,103.35600000000001,2.2415094339622645,0.22641509433962265,4.0,128.16144,1.0,0.459119496855346,27.271698113207552,2.7547169811320757,3.9002264150943398,2.1780821917808217,0.459119496855346,2.2415094339622645,2197.8,0.001256281407035176,0.12984422110552765,148.0,2.0,Long Inactive,Low Value,Low Frequency
CUST2135,40,Female,India,active,1,9,1802.16,1802.16,200.24,4.1,0,29.0,29,29,2024-12-08,2024-12-08,2023-08-15,365,481,0.05870841487279843,9.0,1,1,1,0.0,1802.16,200.24,0.002074688796680498,3279.9312,112.4008316008316,0.5613305613305613,0.0,4329.509184,1.0,0.7588357588357588,1367.5434511434512,6.82952182952183,204.5695135135135,1.3178082191780822,0.7588357588357588,112.4008316008316,54064.8,0.002074688796680498,6.804836514522822,0.0,2.0,Long Inactive,Very High Value,Low Frequency
CUST2136,21,Female,Germany,active,1,8,364.72,364.72,45.59,4.1,3,45.0,45,45,2024-06-18,2024-06-18,2022-11-10,538,586,0.0487012987012987,8.0,1,1,1,3.0,364.72,45.59,0.0017035775127768314,663.7904,18.671672354948804,0.40955631399317405,3.0,876.2033279999998,1.0,0.6228668941979522,227.17201365187714,4.982935153583617,33.982443686006825,1.6054794520547946,0.6228668941979522,18.671672354948804,16777.120000000003,0.0017035775127768314,1.130818398637138,138.0,2.0,Long Inactive,Low Value,Low Frequency
CUST2137,19,Female,USA,active,1,4,168.76,168.76,42.19,4.1,3,46.0,46,46,2023-05-03,2023-05-03,2022-01-09,950,479,0.058939096267190565,4.0,1,1,1,3.0,168.76,42.19,0.0020833333333333333,307.1432,10.569519832985385,0.25052192066805845,3.0,405.4290239999999,1.0,0.7620041753653445,128.59582463465551,3.048016701461378,19.2365260960334,1.3123287671232877,0.7620041753653445,10.569519832985385,7931.719999999999,0.0020833333333333333,0.6398816666666666,141.0,2.0,Long Inactive,Low Value,Low Frequency
CUST2138,52,Male,Pakistan,paused,1,6,1192.3799999999999,1192.3799999999999,198.73,3.3,2,24.0,24,24,2023-10-01,2023-10-01,2021-06-14,799,839,0.03452243958573073,6.0,1,1,1,2.0,1192.3799999999999,198.73,0.0011904761904761906,1979.3507999999997,42.6357568533969,0.21454112038140644,2.0,2296.0469279999993,1.0,0.435041716328963,518.7350417163289,2.6102502979737783,70.77535637663885,2.2986301369863016,0.435041716328963,42.6357568533969,29809.499999999996,0.0011904761904761906,2.35637,50.0,2.0,Long Inactive,High Value,Low Frequency
CUST2139,53,Male,Germany,active,1,1,339.6,339.6,339.6,4.1,4,42.0,42,42,2025-06-04,2025-06-04,2023-06-03,187,732,0.03937007874015748,1.0,1,1,1,4.0,339.6,339.6,0.001364256480218281,618.072,13.918032786885247,0.04098360655737705,4.0,815.8550399999999,1.0,0.4986338797814207,169.3360655737705,0.4986338797814207,25.33081967213115,2.0054794520547947,0.4986338797814207,13.918032786885247,14602.800000000001,0.001364256480218281,0.8432087312414734,172.0,2.0,Long Inactive,Low Value,Low Frequency
CUST2140,61,Female,Pakistan,active,1,8,581.84,581.84,72.73,4.1,1,39.0,39,39,2022-11-16,2022-11-16,2022-09-09,1118,68,0.30612244897959184,8.0,1,1,1,1.0,581.84,72.73,0.014492753623188406,1058.9488,256.6941176470588,3.5294117647058822,1.0,1397.8124159999998,1.0,5.367647058823529,3123.1117647058823,42.94117647058823,467.18329411764705,0.1863013698630137,5.367647058823529,256.6941176470588,23273.600000000002,0.014492753623188406,15.347084057971013,40.0,2.0,Long Inactive,Medium Value,Low Frequency
CUST2141,32,Female,UK,cancelled,1,4,861.64,861.64,215.41,4.4,5,45.0,45,45,2022-09-09,2022-09-09,2021-04-02,1186,525,0.05405405405405406,4.0,1,1,1,5.0,861.64,215.41,0.0019011406844106464,1619.8832,49.23657142857143,0.22857142857142856,5.0,2235.4388160000003,1.0,0.6952380952380952,599.0449523809524,2.780952380952381,92.56475428571429,1.4383561643835616,0.6952380952380952,49.23657142857143,39635.44,0.0019011406844106464,3.079625855513308,230.0,2.0,Long Inactive,Medium Value,Low Frequency
CUST2142,53,Female,India,cancelled,1,8,733.92,733.92,91.74,4.3,5,47.0,47,47,2022-12-22,2022-12-22,2022-03-08,1082,289,0.09404388714733543,8.0,1,1,1,5.0,733.92,91.74,0.0034482758620689655,1365.0911999999998,76.18546712802768,0.8304498269896194,5.0,1856.5240319999996,1.0,1.2629757785467128,926.9231833910035,10.103806228373703,141.70496885813148,0.7917808219178082,1.2629757785467128,76.18546712802768,35228.159999999996,0.0034482758620689655,4.707211034482758,240.0,2.0,Long Inactive,Medium Value,Low Frequency
CUST2143,24,Other,Canada,active,1,9,515.52,515.52,57.28,4.1,1,49.0,49,49,2023-11-12,2023-11-12,2023-05-08,757,188,0.13761467889908258,9.0,1,1,1,1.0,515.52,57.28,0.005291005291005291,938.2463999999999,82.26382978723404,1.4361702127659575,1.0,1238.4852479999997,1.0,1.9414893617021276,1000.8765957446808,17.47340425531915,149.72017021276594,0.5150684931506849,1.9414893617021276,82.26382978723404,25776.0,0.005291005291005291,4.964266666666666,50.0,2.0,Long Inactive,Low Value,Low Frequency
CUST2144,47,Female,USA,active,1,5,776.55,776.55,155.31,3.7,4,29.0,29,29,2025-05-24,2025-05-24,2023-03-07,198,809,0.03575685339690107,5.0,1,1,1,4.0,776.55,155.31,0.0012345679012345679,1351.197,28.796662546353524,0.1854140914709518,4.0,1675.48428,1.0,0.45117428924598274,350.35939431396787,2.2558714462299134,50.10619283065513,2.2164383561643834,0.45117428924598274,28.796662546353524,23296.5,0.0012345679012345679,1.6681444444444442,120.0,2.0,Long Inactive,Medium Value,Low Frequency
CUST2145,62,Female,UK,active,1,1,776.04,776.04,776.04,4.8,3,18.0,18,18,2021-04-29,2021-04-29,2020-10-18,1684,193,0.13452914798206278,1.0,1,1,1,3.0,776.04,776.04,0.005154639175257732,1521.0384,120.62797927461139,0.15544041450777202,3.0,2220.7160639999997,1.0,1.8911917098445594,1467.6404145077718,1.8911917098445594,236.43083937823832,0.5287671232876713,1.8911917098445594,120.62797927461139,14744.759999999998,0.005154639175257732,7.840404123711339,57.0,2.0,Long Inactive,Medium Value,Low Frequency
CUST2146,49,Female,India,cancelled,1,3,809.6999999999999,809.6999999999999,269.9,4.5,0,37.0,37,37,2024-11-10,2024-11-10,2021-12-03,393,1073,0.027198549410698096,3.0,1,1,1,0.0,809.6999999999999,269.9,0.000931098696461825,1538.4299999999998,22.638397017707362,0.08387698042870458,0.0,2153.8019999999997,1.0,0.3401677539608574,275.43383038210624,1.0205032618825722,43.01295433364398,2.9397260273972603,0.3401677539608574,22.638397017707362,30768.6,0.000931098696461825,1.432430167597765,0.0,2.0,Long Inactive,Medium Value,Low Frequency
CUST2147,60,Female,Germany,cancelled,1,2,449.08,449.08,224.54,4.0,5,14.0,14,14,2025-07-15,2025-07-15,2022-06-19,146,1122,0.026041666666666668,2.0,1,1,1,5.0,449.08,224.54,0.0008904719501335708,808.3439999999999,12.007486631016043,0.053475935828877004,5.0,1050.8472,1.0,0.3253119429590018,146.09108734402852,0.6506238859180036,21.613475935828877,3.073972602739726,0.3253119429590018,12.007486631016043,6736.2,0.0008904719501335708,0.7198076580587711,75.0,2.0,At Risk,Low Value,Low Frequency
CUST2148,48,Female,Pakistan,cancelled,1,5,1056.9,1056.9,211.38,4.1,4,16.0,16,16,2022-07-02,2022-07-02,2021-11-04,1255,240,0.1111111111111111,5.0,1,1,1,4.0,1056.9,211.38000000000002,0.004149377593360996,1923.558,132.1125,0.625,4.0,2539.0965599999995,1.0,1.5208333333333335,1607.3687500000003,7.604166666666667,240.44475,0.6575342465753424,1.5208333333333335,132.1125,17967.300000000003,0.004149377593360996,7.98156846473029,68.0,2.0,Long Inactive,Medium Value,Low Frequency
CUST2149,36,Female,UK,active,1,9,583.1999999999999,583.1999999999999,64.8,3.9,3,16.0,16,16,2025-04-22,2025-04-22,2022-10-10,230,925,0.031413612565445025,9.0,1,1,1,3.0,583.1999999999999,64.8,0.0010799136069114472,1038.096,18.914594594594593,0.2918918918918919,3.0,1328.76288,1.0,0.3945945945945946,230.12756756756755,3.5513513513513515,33.66797837837838,2.5342465753424657,0.3945945945945946,18.914594594594593,9914.4,0.0010799136069114472,1.1210539956803456,51.0,2.0,Long Inactive,Medium Value,Low Frequency
CUST2150,30,Female,UK,active,1,7,1323.28,1323.28,189.04,4.1,5,46.0,46,46,2024-03-21,2024-03-21,2023-03-03,627,384,0.07246376811594203,7.0,1,1,1,5.0,1323.28,189.04,0.0025974025974025974,2408.3695999999995,103.38125,0.546875,5.0,3179.047871999999,1.0,0.9505208333333335,1257.8052083333334,6.653645833333334,188.15387499999994,1.0520547945205478,0.9505208333333335,103.38125,62194.159999999996,0.0025974025974025974,6.255505454545453,235.0,2.0,Long Inactive,High Value,Low Frequency
CUST2151,57,Male,Germany,active,1,5,1547.7,1547.7,309.54,4.2,4,17.0,17,17,2024-12-16,2024-12-16,2021-12-24,357,1088,0.026833631484794278,5.0,1,1,1,4.0,1547.7,309.54,0.0009182736455463728,2847.768,42.67555147058824,0.13786764705882354,4.0,3816.00912,1.0,0.33547794117647056,519.2192095588235,1.6773897058823528,78.52301470588236,2.9808219178082194,0.33547794117647056,42.67555147058824,27858.600000000002,0.0009182736455463728,2.615030303030303,72.0,2.0,Long Inactive,Very High Value,Low Frequency
CUST2152,21,Male,Pakistan,active,1,9,1991.34,1991.34,221.26,4.1,3,2.0,2,2,2025-07-24,2025-07-24,2020-12-20,137,1677,0.01757469244288225,9.0,1,1,1,3.0,1991.34,221.26,0.0005959475566150178,3624.2387999999996,35.623255813953485,0.16100178890876565,3.0,4783.995215999999,1.0,0.21765056648777578,433.41627906976737,1.958855098389982,64.83432558139535,4.594520547945206,0.21765056648777578,35.623255813953485,5974.0199999999995,0.0005959475566150178,2.159856257449344,9.0,2.0,At Risk,Very High Value,Low Frequency
CUST2153,20,Male,USA,paused,1,8,1882.24,1882.24,235.28,3.5,0,27.0,27,27,2025-08-02,2025-08-02,2023-01-31,128,914,0.03177966101694915,8.0,1,1,1,0.0,1882.24,235.28,0.001092896174863388,3199.808,61.780306345733045,0.262582056892779,0.0,3839.7695999999996,1.0,0.399343544857768,751.6603938730854,3.194748358862144,105.02652078774618,2.504109589041096,0.399343544857768,61.780306345733045,52702.72,0.001092896174863388,3.497057923497268,0.0,2.0,At Risk,Very High Value,Low Frequency
CUST2154,48,Female,Pakistan,active,1,1,1010.74,1010.74,1010.74,4.3,4,39.0,39,39,2025-12-03,2025-12-03,2023-05-31,5,917,0.03167898627243928,1.0,1,1,1,4.0,1010.74,1010.74,0.0010893246187363835,1879.9763999999998,33.06673936750273,0.03271537622682661,4.0,2556.7679039999994,1.0,0.3980370774263904,402.31199563794985,0.3980370774263904,61.50413522355507,2.5123287671232877,0.3980370774263904,33.06673936750273,40429.6,0.0010893246187363835,2.0479045751633986,160.0,2.0,Very Recent,Medium Value,Low Frequency
CUST2155,61,Other,Germany,active,1,1,38.46,38.46,38.46,3.9,2,32.0,32,32,2023-06-23,2023-06-23,2023-05-18,899,36,0.45454545454545453,1.0,1,1,1,2.0,38.46,38.46,0.02702702702702703,68.4588,32.050000000000004,0.8333333333333334,2.0,87.627264,1.0,10.13888888888889,389.94166666666666,10.13888888888889,57.049,0.09863013698630137,10.13888888888889,32.050000000000004,1269.18,0.02702702702702703,1.850237837837838,66.0,2.0,Long Inactive,Low Value,Low Frequency
CUST2156,53,Male,UK,paused,1,6,231.24,231.24,38.54,4.2,5,6.0,6,6,2024-10-26,2024-10-26,2022-11-14,408,712,0.04043126684636118,6.0,1,1,1,5.0,231.24,38.54,0.001402524544179523,425.4816,9.743258426966293,0.25280898876404495,5.0,570.145344,1.0,0.5126404494382023,118.54297752808989,3.0758426966292136,17.927595505617976,1.9506849315068493,0.5126404494382023,9.743258426966293,1618.68,0.001402524544179523,0.5967483870967742,35.0,2.0,Long Inactive,Low Value,Low Frequency
CUST2157,49,Female,USA,paused,1,4,1492.4,1492.4,373.1,3.8,0,45.0,45,45,2023-10-25,2023-10-25,2021-01-24,775,1004,0.029013539651837523,4.0,1,1,1,0.0,1492.4,373.1,0.0009950248756218905,2626.6240000000003,44.59362549800797,0.1195219123505976,0.0,3309.54624,1.0,0.36354581673306774,542.5557768924303,1.454183266932271,78.48478087649403,2.750684931506849,0.36354581673306774,44.59362549800797,68650.40000000001,0.0009950248756218905,2.613556218905473,0.0,2.0,Long Inactive,High Value,Low Frequency
CUST2158,39,Male,USA,active,1,7,1051.82,1051.82,150.26,4.5,3,18.0,18,18,2025-06-29,2025-06-29,2023-12-08,162,569,0.05008347245409015,7.0,1,1,1,3.0,1051.82,150.26,0.0017543859649122807,1998.4579999999999,55.456239015817225,0.3690685413005273,3.0,2797.8412,1.0,0.6414762741652021,674.7175746924429,4.490333919156415,105.36685413005273,1.558904109589041,0.6414762741652021,55.456239015817225,19984.579999999998,0.0017543859649122807,3.5060666666666664,57.0,2.0,At Risk,Medium Value,Low Frequency
CUST2159,37,Male,Pakistan,active,1,8,1468.08,1468.08,183.51,3.8,3,25.0,25,25,2025-07-26,2025-07-26,2023-08-08,135,718,0.040106951871657755,8.0,1,1,1,3.0,1468.08,183.51,0.0013908205841446453,2583.8208,61.34038997214484,0.3342618384401114,3.0,3255.614208,1.0,0.5083565459610028,746.3080779944289,4.066852367688022,107.95908635097493,1.9671232876712328,0.5083565459610028,61.34038997214484,38170.08,0.0013908205841446453,3.5936311543810846,78.0,2.0,At Risk,High Value,Low Frequency
CUST2160,42,Female,UK,active,1,3,1046.67,1046.67,348.89,4.1,3,49.0,49,49,2023-11-24,2023-11-24,2021-03-17,745,982,0.029644268774703556,3.0,1,1,1,3.0,1046.67,348.89000000000004,0.001017293997965412,1904.9394,31.975661914460286,0.09164969450101833,3.0,2514.5200079999995,1.0,0.37169042769857435,389.03721995926685,1.115071283095723,58.19570468431772,2.6904109589041094,0.37169042769857435,31.975661914460286,52333.5,0.001017293997965412,1.937883418107833,150.0,2.0,Long Inactive,Medium Value,Low Frequency
CUST2161,27,Female,UK,paused,1,9,1024.29,1024.29,113.81,4.2,4,5.0,5,5,2022-03-06,2022-03-06,2022-02-27,1373,7,0.8108108108108107,9.0,1,1,1,4.0,1024.29,113.81,0.125,1884.6936,4389.814285714286,38.57142857142857,4.0,2525.4894240000003,1.0,52.14285714285714,53409.40714285714,469.2857142857143,8077.258285714286,0.019178082191780823,52.14285714285714,4389.814285714286,6145.74,0.125,235.5867,24.0,2.0,Long Inactive,Medium Value,Low Frequency
CUST2162,25,Male,Germany,active,1,6,153.84,153.84,25.64,4.1,1,32.0,32,32,2021-04-15,2021-04-15,2021-02-19,1698,55,0.35294117647058826,6.0,1,1,1,1.0,153.84,25.64,0.017857142857142856,279.98879999999997,83.91272727272728,3.272727272727273,1.0,369.5852159999999,1.0,6.636363636363637,1020.9381818181819,39.81818181818182,152.72116363636363,0.1506849315068493,6.636363636363637,83.91272727272728,5076.72,0.017857142857142856,4.9998,33.0,2.0,Long Inactive,Low Value,Low Frequency
CUST2163,20,Male,USA,active,1,4,264.32,264.32,66.08,4.2,3,29.0,29,29,2024-08-14,2024-08-14,2021-09-05,481,1074,0.027173913043478264,4.0,1,1,1,3.0,264.32,66.08,0.0009302325581395349,486.3488,7.383240223463687,0.111731843575419,3.0,651.707392,1.0,0.3398510242085661,89.82942271880819,1.3594040968342644,13.585162011173185,2.9424657534246577,0.3398510242085661,7.383240223463687,7929.599999999999,0.0009302325581395349,0.45241748837209306,90.0,2.0,Long Inactive,Low Value,Low Frequency
CUST2164,20,Male,Germany,paused,1,6,1065.6,1065.6,177.6,4.5,2,7.0,7,7,2023-10-26,2023-10-26,2021-10-05,774,751,0.03841229193341869,6.0,1,1,1,2.0,1065.6,177.6,0.0013297872340425532,2024.6399999999996,42.56724367509986,0.23968042609853527,2.0,2834.495999999999,1.0,0.4860186418109188,517.9014647137151,2.9161118508655126,80.87776298268973,2.0575342465753423,0.4860186418109188,42.56724367509986,8524.8,0.0013297872340425532,2.6923404255319143,16.0,2.0,Long Inactive,High Value,Low Frequency
CUST2165,55,Male,UK,active,1,4,1635.48,1635.48,408.87,4.0,5,31.0,31,31,2022-04-21,2022-04-21,2020-02-09,1327,802,0.036057692307692304,4.0,1,1,1,5.0,1635.48,408.87,0.0012453300124533001,2943.864,61.177556109725685,0.14962593516209477,5.0,3827.0232,1.0,0.45511221945137154,744.3269326683292,1.8204488778054861,110.11960099750623,2.197260273972603,0.45511221945137154,61.177556109725685,52335.36,0.0012453300124533001,3.6660821917808217,160.0,2.0,Long Inactive,Very High Value,Low Frequency
CUST2166,20,Male,Canada,paused,1,8,691.76,691.76,86.47,4.4,4,13.0,13,13,2023-03-25,2023-03-25,2021-06-02,989,661,0.04341534008683068,8.0,1,1,1,4.0,691.76,86.47,0.0015105740181268882,1300.5088,31.396066565809377,0.3630862329803328,4.0,1794.7021440000003,1.0,0.5521936459909228,381.9854765506808,4.417549167927382,59.02460514372163,1.810958904109589,0.5521936459909228,31.396066565809377,9684.64,0.0015105740181268882,1.9645148036253777,56.0,2.0,Long Inactive,Medium Value,Low Frequency
CUST2167,60,Female,UK,active,1,2,1231.84,1231.84,615.92,4.0,0,27.0,27,27,2025-08-18,2025-08-18,2022-09-12,112,1071,0.02724795640326975,2.0,1,1,1,0.0,1231.84,615.92,0.0009328358208955224,2217.312,34.50532212885154,0.05602240896358543,0.0,2882.5056,1.0,0.3408029878618114,419.81475256769374,0.6816059757236228,62.10957983193276,2.9342465753424656,0.3408029878618114,34.50532212885154,34491.52,0.0009328358208955224,2.0683880597014923,0.0,2.0,At Risk,High Value,Low Frequency
CUST2168,46,Female,UK,active,1,2,1324.92,1324.92,662.46,4.0,3,8.0,8,8,2022-12-01,2022-12-01,2020-02-09,1103,1026,0.028409090909090908,2.0,1,1,1,3.0,1324.92,662.46,0.0009737098344693282,2384.856,38.74035087719298,0.05847953216374269,3.0,3100.3128000000006,1.0,0.35575048732943465,471.3409356725146,0.7115009746588693,69.73263157894736,2.8109589041095893,0.35575048732943465,38.74035087719298,11924.28,0.0009737098344693282,2.3221577409931844,27.0,2.0,Long Inactive,High Value,Low Frequency
CUST2169,63,Female,Canada,active,1,3,1470.99,1470.99,490.33,3.9,3,15.0,15,15,2023-12-05,2023-12-05,2020-11-19,734,1111,0.02629272567922875,3.0,1,1,1,3.0,1470.99,490.33,0.0008992805755395684,2618.3622,39.720702070207025,0.08100810081008102,3.0,3351.503616,1.0,0.32853285328532855,483.26854185418546,0.9855985598559857,70.7028496849685,3.043835616438356,0.32853285328532855,39.720702070207025,23535.84,0.0008992805755395684,2.3546422661870503,48.0,2.0,Long Inactive,High Value,Low Frequency
CUST2170,67,Female,UK,paused,1,5,1899.95,1899.95,379.99,4.0,3,4.0,4,4,2024-08-05,2024-08-05,2022-12-26,490,588,0.04854368932038835,5.0,1,1,1,3.0,1899.95,379.99,0.001697792869269949,3419.9100000000003,96.93622448979592,0.25510204081632654,3.0,4445.883000000001,1.0,0.6207482993197279,1179.390731292517,3.1037414965986394,174.48520408163265,1.610958904109589,0.6207482993197279,96.93622448979592,9499.75,0.001697792869269949,5.806298811544992,15.0,2.0,Long Inactive,Very High Value,Low Frequency
CUST2171,60,Male,USA,cancelled,1,6,1562.04,1562.04,260.34,3.8,3,45.0,45,45,2025-11-02,2025-11-02,2023-01-23,36,1014,0.02873563218390805,6.0,1,1,1,3.0,1562.04,260.34,0.0009852216748768472,2749.1904,46.21420118343195,0.1775147928994083,3.0,3463.979904,1.0,0.3599605522682446,562.2727810650888,2.1597633136094676,81.33699408284025,2.778082191780822,0.3599605522682446,46.21420118343195,71853.84,0.0009852216748768472,2.7085619704433497,138.0,2.0,Recent,Very High Value,Low Frequency
CUST2172,64,Male,UK,active,1,5,1119.1,1119.1,223.82,4.2,2,35.0,35,35,2022-09-18,2022-09-18,2020-03-10,1177,922,0.031512605042016806,5.0,1,1,1,2.0,1119.1,223.82,0.0010834236186348862,2059.144,36.41323210412147,0.16268980477223427,2.0,2759.25296,1.0,0.3958785249457701,443.0276572668112,1.9793926247288502,67.0003470715835,2.526027397260274,0.3958785249457701,36.41323210412147,40287.6,0.0010834236186348862,2.2309252437703138,72.0,2.0,Long Inactive,High Value,Low Frequency
CUST2173,69,Female,Pakistan,active,1,7,1881.0400000000002,1881.0400000000002,268.72,4.3,5,21.0,21,21,2021-02-25,2021-02-25,2020-01-09,1747,413,0.06772009029345372,7.0,1,1,1,5.0,1881.0400000000002,268.72,0.0024154589371980675,3498.7344000000003,136.63728813559322,0.5084745762711864,5.0,4758.278784,1.0,0.8837772397094432,1662.4203389830511,6.186440677966102,254.1453559322034,1.1315068493150684,0.8837772397094432,136.63728813559322,41382.880000000005,0.0024154589371980675,8.451049275362319,110.0,2.0,Long Inactive,Very High Value,Low Frequency
CUST2174,26,Male,Pakistan,active,1,8,1142.08,1142.08,142.76,4.2,5,31.0,31,31,2023-11-28,2023-11-28,2022-10-20,741,404,0.06912442396313365,8.0,1,1,1,5.0,1142.08,142.76,0.0024691358024691358,2101.4272,84.8079207920792,0.594059405940594,5.0,2815.9124480000005,1.0,0.9034653465346536,1031.8297029702971,7.227722772277229,156.04657425742576,1.106849315068493,0.9034653465346536,84.8079207920792,36546.56,0.0024691358024691358,5.188709135802469,160.0,2.0,Long Inactive,High Value,Low Frequency
CUST2175,19,Male,USA,active,1,9,1064.3400000000001,1064.3400000000001,118.26,4.3,0,35.0,35,35,2022-01-08,2022-01-08,2021-09-14,1430,116,0.2054794520547945,9.0,1,1,1,0.0,1064.3400000000001,118.26000000000002,0.008547008547008548,1979.6724000000002,275.26034482758627,2.3275862068965516,0.0,2692.354464,1.0,3.1465517241379306,3349.0008620689655,28.318965517241377,511.9842413793104,0.3178082191780822,3.1465517241379306,275.26034482758627,38316.240000000005,0.008547008547008548,16.920276923076926,0.0,2.0,Long Inactive,High Value,Low Frequency
CUST2176,54,Male,India,cancelled,1,8,1335.36,1335.36,166.92,4.2,1,40.0,40,40,2023-02-01,2023-02-01,2022-11-09,1041,84,0.2631578947368421,8.0,1,1,1,1.0,1335.36,166.92,0.011764705882352941,2457.0624,476.9142857142857,2.857142857142857,1.0,3292.463616,1.0,4.345238095238095,5802.457142857143,34.76190476190476,877.5222857142857,0.23013698630136986,4.345238095238095,476.9142857142857,54749.759999999995,0.011764705882352941,28.906616470588233,41.0,2.0,Long Inactive,High Value,Low Frequency
CUST2177,61,Male,USA,active,1,1,1356.12,1356.12,1356.12,4.4,5,49.0,49,49,2025-12-03,2025-12-03,2022-10-28,5,1132,0.025817555938037865,1.0,1,1,1,5.0,1356.12,1356.12,0.00088261253309797,2549.5056,35.93957597173144,0.026501766784452298,5.0,3518.3177280000004,1.0,0.32243816254416957,437.26484098939926,0.32243816254416957,67.56640282685512,3.1013698630136988,0.32243816254416957,35.93957597173144,67806.0,0.00088261253309797,2.25022559576346,250.0,2.0,Very Recent,High Value,Low Frequency
CUST2178,67,Male,India,cancelled,1,6,1972.38,1972.38,328.73,3.8,1,46.0,46,46,2025-08-19,2025-08-19,2022-05-18,111,1189,0.02461033634126333,6.0,1,1,1,1.0,1972.38,328.73,0.0008403361344537816,3471.3888,49.76568544995795,0.15138772077375948,1.0,4373.949888,1.0,0.3069806560134567,605.4825063078217,1.8418839360807402,87.58760639192599,3.2575342465753425,0.3069806560134567,49.76568544995795,92701.86,0.0008403361344537816,2.9171334453781514,47.0,2.0,At Risk,Very High Value,Low Frequency
CUST2179,46,Male,Canada,active,1,9,348.57,348.57,38.73,4.1,1,16.0,16,16,2023-07-21,2023-07-21,2022-09-19,871,305,0.08955223880597016,9.0,1,1,1,1.0,348.57,38.73,0.0032679738562091504,634.3974,34.2855737704918,0.8852459016393444,1.0,837.4045679999998,1.0,1.1967213114754098,417.1411475409836,10.770491803278688,62.39974426229508,0.8356164383561644,1.1967213114754098,34.2855737704918,5925.69,0.0032679738562091504,2.0731941176470587,17.0,2.0,Long Inactive,Low Value,Low Frequency
CUST2180,68,Male,Germany,paused,1,8,1613.36,1613.36,201.67,3.9,3,17.0,17,17,2021-08-17,2021-08-17,2020-11-15,1574,275,0.09836065573770493,8.0,1,1,1,3.0,1613.36,201.67,0.0036231884057971015,2871.7808,176.0029090909091,0.8727272727272728,3.0,3675.879424,1.0,1.3272727272727272,2141.368727272727,10.618181818181817,313.2851781818182,0.7534246575342466,1.3272727272727272,176.0029090909091,29040.48,0.0036231884057971015,10.405002898550725,54.0,2.0,Long Inactive,Very High Value,Low Frequency
CUST2181,30,Male,Pakistan,cancelled,1,4,33.2,33.2,8.3,4.3,3,6.0,6,6,2023-11-27,2023-11-27,2021-09-29,742,789,0.03663003663003663,4.0,1,1,1,3.0,33.2,8.3,0.0012658227848101266,61.752,1.2623574144486693,0.1520912547528517,3.0,83.98272,1.0,0.46261089987325726,15.358681875792142,1.850443599493029,2.347984790874525,2.1616438356164385,0.46261089987325726,1.2623574144486693,232.40000000000003,0.0012658227848101266,0.07816708860759494,21.0,2.0,Long Inactive,Low Value,Low Frequency
CUST2182,28,Female,Germany,active,1,9,1175.8500000000001,1175.8500000000001,130.65,4.4,3,33.0,33,33,2024-03-17,2024-03-17,2022-02-23,631,753,0.038314176245210725,9.0,1,1,1,3.0,1175.8500000000001,130.65,0.001326259946949602,2210.5980000000004,46.84661354581674,0.3585657370517928,3.0,3050.6252400000008,1.0,0.48472775564409026,569.9671314741037,4.362549800796812,88.07163346613547,2.063013698630137,0.48472775564409026,46.84661354581674,39978.9,0.001326259946949602,2.931827586206897,102.0,2.0,Long Inactive,High Value,Low Frequency
CUST2183,59,Male,UK,active,1,3,899.4000000000001,899.4000000000001,299.8,3.6,2,18.0,18,18,2023-10-22,2023-10-22,2022-07-14,778,465,0.06060606060606061,3.0,1,1,1,2.0,899.4000000000001,299.8,0.002145922746781116,1546.968,58.02580645161291,0.1935483870967742,2.0,1887.30096,1.0,0.7849462365591398,705.9806451612905,2.3548387096774195,99.80438709677419,1.273972602739726,0.7849462365591398,58.02580645161291,17088.600000000002,0.002145922746781116,3.3196738197424893,38.0,2.0,Long Inactive,Medium Value,Low Frequency
CUST2184,45,Male,Pakistan,cancelled,1,2,643.98,643.98,321.99,3.8,0,26.0,26,26,2022-04-11,2022-04-11,2022-05-30,1337,0,1.0,2.0,1,1,1,0.0,643.98,321.99,1.0,1133.4048,6439.8,20.0,0.0,1428.090048,1.0,365.0,235052.7,730.0,11334.047999999999,0.0,365.0,6439.8,17387.46,1.0,1133.4048,0.0,2.0,Long Inactive,Medium Value,Low Frequency
CUST2185,60,Female,Canada,paused,1,2,819.6,819.6,409.8,4.0,3,4.0,4,4,2023-01-02,2023-01-02,2022-08-29,1071,126,0.1923076923076923,2.0,1,1,1,3.0,819.6,409.8,0.007874015748031496,1475.28,195.14285714285714,0.47619047619047616,3.0,1917.864,1.0,2.8968253968253967,2374.238095238095,5.7936507936507935,351.2571428571428,0.3452054794520548,2.8968253968253967,195.14285714285714,4098.0,0.007874015748031496,11.616377952755904,15.0,2.0,Long Inactive,Medium Value,Low Frequency
CUST2186,67,Male,Pakistan,paused,1,9,1077.21,1077.21,119.69,4.1,2,30.0,30,30,2023-07-07,2023-07-07,2022-04-10,885,453,0.06211180124223602,9.0,1,1,1,2.0,1077.21,119.69,0.0022026431718061676,1960.5221999999999,71.33841059602649,0.5960264900662252,2.0,2587.8893039999994,1.0,0.805739514348786,867.9506622516558,7.251655629139074,129.8359072847682,1.2410958904109588,0.805739514348786,71.33841059602649,33393.51,0.0022026431718061676,4.318330837004406,62.0,2.0,Long Inactive,High Value,Low Frequency
CUST2187,35,Male,Pakistan,cancelled,1,2,1264.72,1264.72,632.36,4.3,2,39.0,39,39,2023-11-29,2023-11-29,2022-05-07,740,571,0.04991680532445923,2.0,1,1,1,2.0,1264.72,632.36,0.0017482517482517483,2352.3792,66.4476357267951,0.10507880910683011,2.0,3199.2357119999997,1.0,0.63922942206655,808.4462346760071,1.2784588441331,123.59260245183886,1.5643835616438355,0.63922942206655,66.4476357267951,50588.8,0.0017482517482517483,4.112551048951048,80.0,2.0,Long Inactive,High Value,Low Frequency
CUST2188,62,Male,Germany,cancelled,1,2,665.88,665.88,332.94,4.0,0,15.0,15,15,2023-09-18,2023-09-18,2021-06-21,812,819,0.0353356890459364,2.0,1,1,1,0.0,665.88,332.94,0.0012195121951219512,1198.584,24.39120879120879,0.07326007326007326,0.0,1558.1592,1.0,0.4456654456654457,296.75970695970693,0.8913308913308914,43.90417582417582,2.243835616438356,0.4456654456654457,24.39120879120879,10654.08,0.0012195121951219512,1.4616878048780488,0.0,2.0,Long Inactive,Medium Value,Low Frequency
CUST2189,22,Male,Canada,active,1,5,1894.9,1894.9,378.98,3.9,3,9.0,9,9,2024-03-11,2024-03-11,2022-05-30,637,651,0.04405286343612335,5.0,1,1,1,3.0,1894.9,378.98,0.0015337423312883436,3372.922,87.3225806451613,0.2304147465437788,3.0,4317.34016,1.0,0.5606758832565285,1062.4247311827958,2.803379416282642,155.4341935483871,1.7835616438356163,0.5606758832565285,87.3225806451613,18949.0,0.0015337423312883436,5.173193251533743,30.0,2.0,Long Inactive,Very High Value,Low Frequency
CUST2190,31,Male,Pakistan,active,1,3,1805.8200000000002,1805.8200000000002,601.94,4.4,3,44.0,44,44,2023-06-02,2023-06-02,2022-04-05,920,423,0.06622516556291391,3.0,1,1,1,3.0,1805.8200000000002,601.94,0.0023584905660377358,3394.9416000000006,128.07234042553193,0.2127659574468085,3.0,4685.019408000001,1.0,0.8628841607565012,1558.213475177305,2.5886524822695036,240.77600000000004,1.158904109589041,0.8628841607565012,128.07234042553193,81261.90000000001,0.0023584905660377358,8.006937735849057,135.0,2.0,Long Inactive,Very High Value,Low Frequency
CUST2191,33,Male,Canada,active,1,8,611.12,611.12,76.39,3.7,1,49.0,49,49,2024-01-25,2024-01-25,2022-09-11,683,501,0.05649717514124294,8.0,1,1,1,1.0,611.12,76.39,0.00199203187250996,1063.3488,36.59401197604791,0.47904191616766467,1.0,1318.552512,1.0,0.7285429141716566,445.22714570858284,5.828343313373253,63.67358083832335,1.3726027397260274,0.7285429141716566,36.59401197604791,30556.0,0.00199203187250996,2.118224701195219,50.0,2.0,Long Inactive,Medium Value,Low Frequency
CUST2192,32,Female,India,cancelled,1,6,1482.18,1482.18,247.03,3.6,2,27.0,27,27,2021-10-07,2021-10-07,2021-06-26,1523,103,0.22556390977443608,6.0,1,1,1,2.0,1482.18,247.03,0.009615384615384616,2549.3496,431.70291262135925,1.7475728155339807,2.0,3110.2065119999997,1.0,3.5436893203883493,5252.385436893204,21.262135922330096,742.5290097087379,0.2821917808219178,3.5436893203883493,431.70291262135925,41501.04,0.009615384615384616,24.512976923076923,56.0,2.0,Long Inactive,High Value,Low Frequency
CUST2193,50,Female,UK,cancelled,1,4,862.8,862.8,215.7,3.7,5,13.0,13,13,2024-08-01,2024-08-01,2021-10-10,494,1026,0.028409090909090908,4.0,1,1,1,5.0,862.8,215.7,0.0009737098344693282,1501.272,25.228070175438592,0.11695906432748537,5.0,1861.57728,1.0,0.35575048732943465,306.9415204678362,1.4230019493177386,43.896842105263154,2.8109589041095893,0.35575048732943465,25.228070175438592,12079.199999999999,0.0009737098344693282,1.4618033106134372,70.0,2.0,Long Inactive,Medium Value,Low Frequency
CUST2194,35,Female,UK,active,1,4,1896.6,1896.6,474.15,4.0,3,40.0,40,40,2025-10-08,2025-10-08,2022-02-18,61,1328,0.022091310751104567,4.0,1,1,1,3.0,1896.6,474.15,0.0007524454477050414,3413.88,42.84487951807229,0.09036144578313253,3.0,4438.044,1.0,0.2748493975903614,521.2793674698795,1.0993975903614457,77.12078313253012,3.638356164383562,0.2748493975903614,42.84487951807229,77760.59999999999,0.0007524454477050414,2.5687584650112867,123.0,2.0,Moderate,Very High Value,Low Frequency
CUST2195,57,Male,UK,active,1,5,33.199999999999996,33.199999999999996,6.64,4.2,2,4.0,4,4,2023-02-07,2023-02-07,2021-02-15,1035,722,0.0398936170212766,5.0,1,1,1,2.0,33.199999999999996,6.639999999999999,0.0013831258644536654,61.087999999999994,1.3795013850415512,0.20775623268698062,2.0,81.85792,1.0,0.5055401662049861,16.783933518005536,2.5277008310249305,2.538282548476454,1.978082191780822,0.5055401662049861,1.3795013850415512,165.99999999999997,0.0013831258644536654,0.0844923928077455,10.0,2.0,Long Inactive,Low Value,Low Frequency
CUST2196,58,Male,UK,paused,1,2,1514.94,1514.94,757.47,3.8,1,21.0,21,21,2024-04-19,2024-04-19,2021-09-18,598,944,0.030800821355236138,2.0,1,1,1,1.0,1514.94,757.47,0.0010582010582010583,2666.2944,48.14427966101695,0.0635593220338983,1.0,3359.530944,1.0,0.3866525423728813,585.7554025423728,0.7733050847457626,84.73393220338984,2.5863013698630137,0.3866525423728813,48.14427966101695,33328.68,0.0010582010582010583,2.821475555555556,22.0,2.0,Long Inactive,Very High Value,Low Frequency
CUST2197,31,Other,USA,active,1,5,1921.75,1921.75,384.35,4.2,2,41.0,41,41,2023-06-07,2023-06-07,2022-12-31,915,158,0.1595744680851064,5.0,1,1,1,2.0,1921.75,384.35,0.006289308176100629,3536.02,364.88924050632914,0.949367088607595,2.0,4738.2668,1.0,2.310126582278481,4439.485759493671,11.550632911392405,671.3962025316456,0.4328767123287671,2.310126582278481,364.88924050632914,80713.5,0.006289308176100629,22.23911949685535,84.0,2.0,Long Inactive,Very High Value,Low Frequency
CUST2198,35,Male,UK,active,1,4,1008.76,1008.76,252.19,3.9,5,7.0,7,7,2023-04-19,2023-04-19,2021-09-02,964,594,0.04807692307692307,4.0,1,1,1,5.0,1008.76,252.19,0.0016806722689075631,1795.5928,50.94747474747474,0.20202020202020202,5.0,2298.358784,1.0,0.6144781144781145,619.8609427609427,2.457912457912458,90.68650505050505,1.6273972602739726,0.6144781144781145,50.94747474747474,8070.08,0.0016806722689075631,3.017803025210084,40.0,2.0,Long Inactive,Medium Value,Low Frequency
CUST2199,30,Male,USA,active,1,3,1685.97,1685.97,561.99,4.0,4,39.0,39,39,2023-10-31,2023-10-31,2023-03-08,769,237,0.11235955056179775,3.0,1,1,1,4.0,1685.97,561.99,0.004201680672268907,3034.746,213.41392405063291,0.37974683544303794,4.0,3945.1698,1.0,1.540084388185654,2596.536075949367,4.620253164556962,384.14506329113925,0.6493150684931507,1.540084388185654,213.41392405063291,67438.8,0.004201680672268907,12.751033613445378,160.0,2.0,Long Inactive,Very High Value,Low Frequency
CUST2200,69,Male,UK,active,1,3,470.52,470.52,156.84,4.1,5,20.0,20,20,2023-04-11,2023-04-11,2022-01-19,972,447,0.06289308176100629,3.0,1,1,1,5.0,470.52,156.84,0.002232142857142857,856.3463999999999,31.578523489932884,0.20134228187919462,5.0,1130.3772479999998,1.0,0.8165548098434005,384.20536912751675,2.4496644295302015,57.472912751677846,1.2246575342465753,0.8165548098434005,31.578523489932884,9880.92,0.002232142857142857,1.9114874999999998,105.0,2.0,Long Inactive,Low Value,Low Frequency
CUST2201,55,Female,UK,active,1,1,948.96,948.96,948.96,4.8,2,25.0,25,25,2023-12-09,2023-12-09,2023-11-03,730,36,0.45454545454545453,1.0,1,1,1,2.0,948.96,948.96,0.02702702702702703,1859.9616,790.8000000000001,0.8333333333333334,2.0,2715.543936,1.0,10.13888888888889,9621.400000000001,10.13888888888889,1549.968,0.09863013698630137,10.13888888888889,790.8000000000001,24672.96,0.02702702702702703,50.26923243243244,52.0,2.0,Long Inactive,Medium Value,Low Frequency
CUST2202,56,Female,UK,active,1,9,1955.16,1955.16,217.24,4.2,4,36.0,36,36,2021-12-16,2021-12-16,2021-12-01,1453,15,0.6666666666666666,9.0,1,1,1,4.0,1955.16,217.24,0.0625,3597.4944000000005,3910.32,18.0,4.0,4820.642496000001,1.0,24.333333333333336,47575.560000000005,219.0,7194.988800000001,0.0410958904109589,24.333333333333336,3910.32,72340.92,0.0625,224.84340000000003,148.0,2.0,Long Inactive,Very High Value,Low Frequency
CUST2203,43,Male,Canada,active,1,6,1184.34,1184.34,197.39,4.1,2,6.0,6,6,2023-08-10,2023-08-10,2021-04-24,851,838,0.03456221198156682,6.0,1,1,1,2.0,1184.34,197.39,0.0011918951132300357,2155.4988,42.398806682577565,0.21479713603818615,2.0,2845.2584159999997,1.0,0.43556085918854415,515.8521479713603,2.6133651551312647,77.16582816229116,2.2958904109589042,0.43556085918854415,42.398806682577565,8290.38,0.0011918951132300357,2.569128486293206,14.0,2.0,Long Inactive,High Value,Low Frequency
CUST2204,54,Female,USA,active,1,7,694.4699999999999,694.4699999999999,99.21,4.0,1,47.0,47,47,2024-01-03,2024-01-03,2021-07-11,705,906,0.032051282051282055,7.0,1,1,1,1.0,694.4699999999999,99.21,0.0011025358324145535,1250.0459999999998,22.995695364238408,0.2317880794701987,1.0,1625.0597999999998,1.0,0.402869757174393,279.78096026490067,2.8200883002207506,41.39225165562913,2.4821917808219176,0.402869757174393,22.995695364238408,33334.56,0.0011025358324145535,1.3782205071664828,48.0,2.0,Long Inactive,Medium Value,Low Frequency
CUST2205,30,Male,USA,active,1,9,1591.7400000000002,1591.7400000000002,176.86,3.9,4,12.0,12,12,2024-02-03,2024-02-03,2022-06-07,674,606,0.04716981132075472,9.0,1,1,1,4.0,1591.7400000000002,176.86,0.0016474464579901153,2833.2972000000004,78.79900990099011,0.44554455445544555,4.0,3626.6204160000007,1.0,0.6023102310231023,958.721287128713,5.420792079207921,140.26223762376242,1.6602739726027398,0.6023102310231023,78.79900990099011,20692.620000000003,0.0016474464579901153,4.667705436573312,52.0,2.0,Long Inactive,Very High Value,Low Frequency
CUST2206,42,Female,UK,paused,1,5,1298.1999999999998,1298.1999999999998,259.64,4.1,4,20.0,20,20,2024-01-12,2024-01-12,2021-01-21,696,1086,0.026881720430107524,5.0,1,1,1,4.0,1298.1999999999998,259.64,0.0009199632014719411,2362.7239999999993,35.86187845303866,0.13812154696132595,4.0,3118.795679999999,1.0,0.3360957642725598,436.31952117863716,1.6804788213627992,65.26861878453036,2.9753424657534246,0.3360957642725598,35.86187845303866,27262.199999999997,0.0009199632014719411,2.1736191352345897,84.0,2.0,Long Inactive,High Value,Low Frequency
CUST2207,38,Male,India,active,1,3,1745.79,1745.79,581.93,4.3,4,23.0,23,23,2023-12-27,2023-12-27,2023-10-05,712,83,0.26548672566371684,3.0,1,1,1,4.0,1745.79,581.93,0.011904761904761904,3247.1693999999998,631.0084337349398,1.0843373493975903,4.0,4416.150384,1.0,4.397590361445783,7677.269277108433,13.192771084337348,1173.6756867469878,0.2273972602739726,4.397590361445783,631.0084337349398,41898.96,0.011904761904761904,38.65677857142857,96.0,2.0,Long Inactive,Very High Value,Low Frequency
CUST2208,48,Female,Pakistan,active,1,1,297.19,297.19,297.19,4.1,0,27.0,27,27,2022-11-28,2022-11-28,2021-12-22,1106,341,0.08086253369272237,1.0,1,1,1,0.0,297.19,297.19,0.0029239766081871343,540.8857999999999,26.14574780058651,0.0879765395894428,0.0,713.9692559999997,1.0,1.0703812316715542,318.10659824046917,1.0703812316715542,47.58526099706744,0.9342465753424658,1.0703812316715542,26.14574780058651,8321.32,0.0029239766081871343,1.5815374269005844,0.0,2.0,Long Inactive,Low Value,Low Frequency
CUST2209,67,Male,Canada,cancelled,1,2,699.48,699.48,349.74,4.2,1,5.0,5,5,2025-09-05,2025-09-05,2022-05-21,94,1203,0.024330900243309,2.0,1,1,1,1.0,699.48,349.74,0.0008305647840531562,1287.0432,17.443391521197007,0.04987531172069825,1.0,1724.6378880000002,1.0,0.3034081463009144,212.2279301745636,0.6068162926018288,32.0958403990025,3.2958904109589042,0.3034081463009144,17.443391521197007,4196.88,0.0008305647840531562,1.0689727574750831,6.0,2.0,At Risk,Medium Value,Low Frequency
CUST2210,29,Male,India,cancelled,1,1,603.4,603.4,603.4,3.9,3,19.0,19,19,2025-03-22,2025-03-22,2020-10-31,261,1603,0.01837109614206981,1.0,1,1,1,3.0,603.4,603.4,0.0006234413965087282,1074.052,11.292576419213974,0.018714909544603867,3.0,1374.78656,1.0,0.22769806612601373,137.39301310043666,0.22769806612601373,20.100786026200872,4.391780821917808,0.22769806612601373,11.292576419213974,12068.0,0.0006234413965087282,0.6696084788029925,60.0,2.0,Long Inactive,Medium Value,Low Frequency
CUST2211,18,Male,Germany,active,1,4,354.0,354.0,88.5,3.7,3,28.0,28,28,2022-10-22,2022-10-22,2021-06-19,1143,490,0.057692307692307696,4.0,1,1,1,3.0,354.0,88.5,0.002036659877800407,615.96,21.673469387755105,0.2448979591836735,3.0,763.7904000000001,1.0,0.7448979591836734,263.6938775510204,2.9795918367346936,37.71183673469388,1.3424657534246576,0.7448979591836734,21.673469387755105,10266.0,0.002036659877800407,1.2545010183299388,87.0,2.0,Long Inactive,Low Value,Low Frequency
CUST2212,28,Female,UK,active,1,8,1154.72,1154.72,144.34,4.1,0,36.0,36,36,2024-11-05,2024-11-05,2022-12-09,398,697,0.04126547455295736,8.0,1,1,1,0.0,1154.72,144.34,0.0014326647564469914,2101.5904,49.70100430416069,0.3443328550932568,0.0,2774.099328,1.0,0.5236728837876614,604.6955523672884,4.189383070301291,90.45582783357246,1.9095890410958904,0.5236728837876614,49.70100430416069,42724.64,0.0014326647564469914,3.0108744985673352,0.0,2.0,Long Inactive,High Value,Low Frequency
CUST2213,57,Male,India,active,1,2,1855.4,1855.4,927.7,4.0,4,23.0,23,23,2024-01-20,2024-01-20,2022-04-03,688,657,0.04366812227074236,2.0,1,1,1,4.0,1855.4,927.7,0.001519756838905775,3339.7200000000003,84.72146118721462,0.09132420091324202,4.0,4341.636,1.0,0.5555555555555556,1030.7777777777778,1.1111111111111112,152.49863013698632,1.8,0.5555555555555556,84.72146118721462,44529.600000000006,0.001519756838905775,5.075562310030396,96.0,2.0,Long Inactive,Very High Value,Low Frequency
CUST2214,40,Male,UK,paused,1,8,29.12,29.12,3.64,3.8,4,44.0,44,44,2023-05-20,2023-05-20,2022-09-04,933,258,0.10416666666666667,8.0,1,1,1,4.0,29.12,3.64,0.003861003861003861,51.251200000000004,3.386046511627907,0.9302325581395349,4.0,64.57651200000001,1.0,1.4147286821705427,41.1968992248062,11.317829457364342,5.959441860465117,0.7068493150684931,1.4147286821705427,3.386046511627907,1310.4,0.003861003861003861,0.1978810810810811,180.0,2.0,Long Inactive,Low Value,Low Frequency
CUST2215,62,Male,USA,cancelled,1,4,395.36,395.36,98.84,4.2,0,20.0,20,20,2023-05-12,2023-05-12,2021-01-05,941,857,0.033821871476888386,4.0,1,1,1,0.0,395.36,98.84,0.0011655011655011655,727.4624,13.83990665110852,0.14002333722287047,0.0,974.799616,1.0,0.4259043173862311,168.38553092182033,1.7036172695449243,25.465428238039674,2.347945205479452,0.4259043173862311,13.83990665110852,8302.56,0.0011655011655011655,0.847858275058275,0.0,2.0,Long Inactive,Low Value,Low Frequency
CUST2216,29,Male,USA,active,1,9,1096.29,1096.29,121.81,4.6,0,42.0,42,42,2023-07-02,2023-07-02,2021-12-01,890,578,0.049342105263157895,9.0,1,1,1,0.0,1096.29,121.81,0.0017271157167530224,2104.8768,56.90086505190312,0.4671280276816609,0.0,2988.925056,1.0,0.6314878892733564,692.2938581314879,5.6833910034602075,109.24966089965399,1.5835616438356164,0.6314878892733564,56.90086505190312,47140.47,0.0017271157167530224,3.635365803108808,0.0,2.0,Long Inactive,High Value,Low Frequency
CUST2217,50,Male,UK,active,1,3,613.92,613.92,204.64,4.1,0,5.0,5,5,2024-11-15,2024-11-15,2021-08-02,388,1201,0.02437043054427295,3.0,1,1,1,0.0,613.92,204.64,0.0008319467554076539,1117.3343999999997,15.335220649458783,0.0749375520399667,0.0,1474.8814079999995,1.0,0.3039134054954205,186.57851790174854,0.9117402164862615,27.91010158201498,3.2904109589041095,0.3039134054954205,15.335220649458783,3683.5199999999995,0.0008319467554076539,0.9295627287853575,0.0,2.0,Long Inactive,Medium Value,Low Frequency
CUST2218,41,Female,USA,active,1,9,1515.1499999999999,1515.1499999999999,168.35,3.3,0,29.0,29,29,2024-11-20,2024-11-20,2023-01-06,383,684,0.04201680672268907,9.0,1,1,1,0.0,1515.1499999999999,168.35,0.00145985401459854,2515.1489999999994,66.45394736842104,0.39473684210526316,0.0,2917.5728399999994,1.0,0.533625730994152,808.5230263157894,4.802631578947368,110.31355263157891,1.873972602739726,0.533625730994152,66.45394736842104,45454.49999999999,0.00145985401459854,3.6717503649635024,0.0,2.0,Long Inactive,Very High Value,Low Frequency
CUST2219,64,Female,USA,paused,1,5,1202.55,1202.55,240.51,4.2,4,44.0,44,44,2022-04-05,2022-04-05,2021-11-07,1343,149,0.16759776536312848,5.0,1,1,1,4.0,1202.55,240.51,0.006666666666666667,2212.692,242.1241610738255,1.006711409395973,4.0,2965.0072800000003,1.0,2.4496644295302015,2945.8439597315437,12.248322147651008,445.50845637583893,0.40821917808219177,2.4496644295302015,242.1241610738255,54114.75,0.006666666666666667,14.751280000000001,180.0,2.0,Long Inactive,High Value,Low Frequency
CUST2220,39,Female,Germany,active,1,6,81.30000000000001,81.30000000000001,13.55,4.3,1,6.0,6,6,2025-02-01,2025-02-01,2021-02-04,310,1458,0.020161290322580645,6.0,1,1,1,1.0,81.30000000000001,13.550000000000002,0.0006854009595613434,151.21800000000002,1.6728395061728396,0.12345679012345678,1.0,205.65648000000002,1.0,0.2503429355281207,20.352880658436217,1.5020576131687244,3.1114814814814817,3.9945205479452053,0.2503429355281207,1.6728395061728396,569.1000000000001,0.0006854009595613434,0.10364496230294724,7.0,2.0,Long Inactive,Low Value,Low Frequency
CUST2221,53,Male,Pakistan,active,1,3,1057.56,1057.56,352.52,4.3,1,15.0,15,15,2023-04-28,2023-04-28,2022-07-11,955,291,0.09345794392523366,3.0,1,1,1,1.0,1057.56,352.52,0.003424657534246575,1967.0615999999998,109.02680412371134,0.30927835051546393,1.0,2675.2037759999994,1.0,1.254295532646048,1326.4927835051546,3.7628865979381447,202.7898556701031,0.7972602739726027,1.254295532646048,109.02680412371134,16920.96,0.003424657534246575,6.736512328767122,16.0,2.0,Long Inactive,High Value,Low Frequency
CUST2222,45,Male,Canada,cancelled,1,3,1921.6799999999998,1921.6799999999998,640.56,4.3,1,38.0,38,38,2022-08-29,2022-08-29,2021-10-04,1197,329,0.08356545961002786,3.0,1,1,1,1.0,1921.6799999999998,640.56,0.0030303030303030303,3574.3247999999994,175.22917933130697,0.2735562310030395,1.0,4861.081727999999,1.0,1.109422492401216,2131.955015197568,3.3282674772036476,325.92627355623097,0.9013698630136986,1.109422492401216,175.22917933130697,74945.51999999999,0.0030303030303030303,10.831287272727272,39.0,2.0,Long Inactive,Very High Value,Low Frequency
CUST2223,60,Other,Pakistan,active,1,3,638.8499999999999,638.8499999999999,212.95,4.7,0,22.0,22,22,2024-03-23,2024-03-23,2021-04-12,625,1076,0.027124773960216998,3.0,1,1,1,0.0,638.8499999999999,212.94999999999996,0.0009285051067780873,1239.3689999999997,17.81180297397769,0.08364312267657993,0.0,1784.6913599999996,1.0,0.3392193308550186,216.7102695167286,1.0176579925650557,34.55489776951672,2.947945205479452,0.3392193308550186,17.81180297397769,14693.549999999997,0.0009285051067780873,1.150760445682451,0.0,2.0,Long Inactive,Medium Value,Low Frequency
CUST2224,29,Female,Germany,active,1,7,1131.48,1131.48,161.64,4.4,3,12.0,12,12,2023-07-10,2023-07-10,2020-09-20,882,1023,0.02849002849002849,7.0,1,1,1,3.0,1131.48,161.64000000000001,0.0009765625,2127.1824,33.18123167155425,0.20527859237536655,3.0,2935.5117120000004,1.0,0.3567937438905181,403.70498533724344,2.4975562072336266,62.380715542522,2.802739726027397,0.3567937438905181,33.18123167155425,14709.24,0.0009765625,2.0773265625,39.0,2.0,Long Inactive,High Value,Low Frequency
CUST2225,36,Female,Pakistan,active,1,9,1303.02,1303.02,144.78,3.9,0,13.0,13,13,2024-11-26,2024-11-26,2023-08-07,377,477,0.0591715976331361,9.0,1,1,1,0.0,1303.02,144.78,0.0020920502092050207,2319.3756,81.9509433962264,0.5660377358490566,0.0,2968.800768,1.0,0.7651991614255764,997.0698113207546,6.886792452830188,145.872679245283,1.3068493150684932,0.7651991614255764,81.9509433962264,18242.28,0.0020920502092050207,4.85225020920502,0.0,2.0,Long Inactive,High Value,Low Frequency
CUST2226,25,Female,Germany,active,1,8,1779.52,1779.52,222.44,4.7,5,31.0,31,31,2024-12-01,2024-12-01,2023-03-24,372,618,0.046296296296296294,8.0,1,1,1,5.0,1779.52,222.44,0.0016155088852988692,3452.2688,86.38446601941747,0.3883495145631068,5.0,4971.267072,1.0,0.5906148867313916,1051.011003236246,4.724919093851133,167.5858640776699,1.6931506849315068,0.5906148867313916,86.38446601941747,56944.64,0.0016155088852988692,5.577170920840064,160.0,2.0,Long Inactive,Very High Value,Low Frequency
CUST2227,52,Male,India,active,1,7,207.83,207.83,29.69,4.1,3,48.0,48,48,2022-12-30,2022-12-30,2022-05-18,1074,226,0.1171875,7.0,1,1,1,3.0,207.83,29.69,0.004405286343612335,378.25059999999996,27.588053097345135,0.9292035398230089,3.0,499.2907919999999,1.0,1.6150442477876106,335.6546460176991,11.305309734513274,50.210256637168136,0.6191780821917808,1.6150442477876106,27.588053097345135,10183.67,0.004405286343612335,1.6663022026431717,147.0,2.0,Long Inactive,Low Value,Low Frequency
CUST2228,60,Other,Germany,active,1,8,809.28,809.28,101.16,3.8,0,35.0,35,35,2025-03-14,2025-03-14,2023-07-04,269,619,0.046224961479198766,8.0,1,1,1,0.0,809.28,101.16,0.0016129032258064516,1424.3328,39.221970920840064,0.3877221324717286,0.0,1794.659328,1.0,0.5896607431340872,477.2006462035541,4.717285945072698,69.03066882067851,1.6958904109589041,0.5896607431340872,39.221970920840064,29134.079999999998,0.0016129032258064516,2.2973109677419354,0.0,2.0,Long Inactive,Medium Value,Low Frequency
CUST2229,53,Female,UK,active,1,6,1005.06,1005.06,167.51,4.4,5,32.0,32,32,2024-02-23,2024-02-23,2022-10-08,654,503,0.056285178236397754,6.0,1,1,1,5.0,1005.06,167.51,0.001984126984126984,1889.5128,59.94393638170974,0.35785288270377735,5.0,2607.527664,1.0,0.7256461232604374,729.3178926441351,4.353876739562624,112.69460039761432,1.378082191780822,0.7256461232604374,59.94393638170974,33166.979999999996,0.001984126984126984,3.749033333333333,165.0,2.0,Long Inactive,Medium Value,Low Frequency
CUST2230,46,Female,India,cancelled,1,3,324.15,324.15,108.05,4.3,5,48.0,48,48,2023-11-25,2023-11-25,2021-05-20,744,919,0.03161222339304531,3.0,1,1,1,5.0,324.15,108.05,0.0010869565217391304,602.9189999999999,10.581610446137105,0.09793253536452666,5.0,819.9698399999997,1.0,0.397170837867247,128.7429270946681,1.1915125136017408,19.68179542981501,2.5178082191780824,0.397170837867247,10.581610446137105,15883.349999999999,0.0010869565217391304,0.6553467391304346,245.0,2.0,Long Inactive,Low Value,Low Frequency
CUST2231,40,Female,Pakistan,paused,1,6,1994.58,1994.58,332.43,3.4,0,38.0,38,38,2025-07-23,2025-07-23,2021-06-02,138,1512,0.019455252918287938,6.0,1,1,1,0.0,1994.58,332.43,0.0006609385327164573,3350.8943999999997,39.575,0.11904761904761905,0.0,3954.0553919999993,1.0,0.24140211640211642,481.49583333333334,1.4484126984126984,66.48599999999999,4.142465753424657,0.24140211640211642,39.575,77788.62,0.0006609385327164573,2.2147352280237933,0.0,2.0,At Risk,Very High Value,Low Frequency
CUST2232,50,Female,India,active,1,2,1361.28,1361.28,680.64,4.2,0,5.0,5,5,2020-12-22,2020-12-22,2020-12-12,1812,10,0.75,2.0,1,1,1,0.0,1361.28,680.64,0.09090909090909091,2504.7552,4083.84,6.0,0.0,3356.3719680000004,1.0,36.5,49686.72,73.0,7514.265600000001,0.0273972602739726,36.5,4083.84,8167.68,0.09090909090909091,227.7050181818182,0.0,2.0,Long Inactive,High Value,Low Frequency
CUST2233,67,Female,Canada,active,1,7,1785.5600000000002,1785.5600000000002,255.08,3.7,3,36.0,36,36,2023-11-28,2023-11-28,2020-10-19,741,1135,0.02575107296137339,7.0,1,1,1,3.0,1785.5600000000002,255.08,0.0008802816901408451,3106.8744,47.19541850220264,0.18502202643171806,3.0,3852.524256,1.0,0.32158590308370044,574.2109251101322,2.251101321585903,82.1200281938326,3.1095890410958904,0.32158590308370044,47.19541850220264,66065.72,0.0008802816901408451,2.734924647887324,111.0,2.0,Long Inactive,Very High Value,Low Frequency
CUST2234,34,Female,Germany,active,1,7,804.23,804.23,114.89,4.3,5,27.0,27,27,2021-07-20,2021-07-20,2020-08-20,1602,334,0.08241758241758242,7.0,1,1,1,5.0,804.23,114.89,0.0029850746268656717,1495.8678,72.23622754491018,0.62874251497006,5.0,2034.3802079999998,1.0,1.092814371257485,878.8741017964072,7.649700598802395,134.35938323353295,0.915068493150685,1.092814371257485,72.23622754491018,22518.440000000002,0.0029850746268656717,4.465277014925373,140.0,2.0,Long Inactive,Medium Value,Low Frequency
CUST2235,44,Female,Germany,active,1,6,1155.6,1155.6,192.6,4.3,1,17.0,17,17,2024-03-25,2024-03-25,2022-09-09,623,563,0.050590219224283306,6.0,1,1,1,1.0,1155.6,192.6,0.0017730496453900709,2149.4159999999997,61.57726465364121,0.3197158081705151,1.0,2923.2057599999994,1.0,0.6483126110124334,749.190053285968,3.8898756660746003,114.53371225577264,1.5424657534246575,0.6483126110124334,61.57726465364121,20800.8,0.0017730496453900709,3.8110212765957443,18.0,2.0,Long Inactive,High Value,Low Frequency
CUST2236,63,Female,India,cancelled,1,3,416.82,416.82,138.94,4.4,1,27.0,27,27,2024-05-05,2024-05-05,2021-07-19,582,1021,0.028544243577545196,3.0,1,1,1,1.0,416.82,138.94,0.0009784735812133072,783.6216000000001,12.247404505386877,0.0881488736532811,1.0,1081.3978080000002,1.0,0.3574926542605289,149.01008814887365,1.0724779627815866,23.02512047012733,2.797260273972603,0.3574926542605289,12.247404505386877,11670.96,0.0009784735812133072,0.7667530332681017,28.0,2.0,Long Inactive,Low Value,Low Frequency
CUST2237,49,Female,Germany,active,1,1,1427.64,1427.64,1427.64,4.1,4,7.0,7,7,2025-01-31,2025-01-31,2021-09-03,311,1246,0.023510971786833857,1.0,1,1,1,4.0,1427.64,1427.64,0.0008019246190858059,2598.3048,34.37335473515249,0.024077046548956663,4.0,3429.7623359999993,1.0,0.2929373996789727,418.20914927768865,0.2929373996789727,62.55950561797753,3.4136986301369863,0.2929373996789727,34.37335473515249,11421.12,0.0008019246190858059,2.083644587008821,32.0,2.0,Long Inactive,High Value,Low Frequency
CUST2238,51,Female,Pakistan,paused,1,7,174.92999999999998,174.92999999999998,24.99,4.0,4,18.0,18,18,2024-05-19,2024-05-19,2022-12-22,568,514,0.05514705882352941,7.0,1,1,1,4.0,174.92999999999998,24.99,0.001941747572815534,314.87399999999997,10.209922178988325,0.4085603112840467,4.0,409.33619999999996,1.0,0.7101167315175098,124.22071984435796,4.970817120622568,18.37785992217899,1.4082191780821918,0.7101167315175098,10.209922178988325,3323.6699999999996,0.001941747572815534,0.6114058252427184,76.0,2.0,Long Inactive,Low Value,Low Frequency
CUST2239,29,Male,India,active,1,3,184.92000000000002,184.92000000000002,61.64,4.4,5,28.0,28,28,2023-11-25,2023-11-25,2023-07-18,744,130,0.1875,3.0,1,1,1,5.0,184.92000000000002,61.64000000000001,0.007633587786259542,347.6496000000001,42.67384615384616,0.6923076923076924,5.0,479.75644800000015,1.0,2.807692307692308,519.1984615384616,8.423076923076923,80.22683076923079,0.3561643835616438,2.807692307692308,42.67384615384616,5362.68,0.007633587786259542,2.6538137404580158,145.0,2.0,Long Inactive,Low Value,Low Frequency
CUST2240,44,Male,Germany,active,1,2,1074.12,1074.12,537.06,3.8,1,39.0,39,39,2024-06-06,2024-06-06,2022-02-08,550,849,0.034129692832764506,2.0,1,1,1,1.0,1074.12,537.06,0.001176470588235294,1890.4511999999997,37.9547703180212,0.0706713780918728,1.0,2381.968512,1.0,0.4299175500588928,461.78303886925795,0.8598351001177856,66.8003957597173,2.326027397260274,0.4299175500588928,37.9547703180212,42964.799999999996,0.001176470588235294,2.2240602352941172,40.0,2.0,Long Inactive,High Value,Low Frequency
CUST2241,55,Female,Germany,active,1,4,848.32,848.32,212.08,4.3,0,16.0,16,16,2022-01-10,2022-01-10,2021-03-03,1428,313,0.08746355685131195,4.0,1,1,1,0.0,848.32,212.08,0.0031847133757961785,1577.8752,81.30862619808308,0.38338658146964855,0.0,2145.9102719999996,1.0,1.1661341853035143,989.2549520766773,4.664536741214057,151.2340447284345,0.8575342465753425,1.1661341853035143,81.30862619808308,14421.44,0.0031847133757961785,5.0250802547770705,0.0,2.0,Long Inactive,Medium Value,Low Frequency
CUST2242,41,Female,Pakistan,active,1,4,974.32,974.32,243.58,3.8,4,14.0,14,14,2025-07-03,2025-07-03,2023-02-18,158,866,0.033482142857142856,4.0,1,1,1,4.0,974.32,243.58,0.0011534025374855825,1714.8032,33.75242494226328,0.13856812933025403,4.0,2160.652032,1.0,0.42147806004618943,410.6545034642033,1.6859122401847577,59.404267898383374,2.372602739726027,0.42147806004618943,33.75242494226328,14614.800000000001,0.0011534025374855825,1.977858362168397,60.0,2.0,At Risk,Medium Value,Low Frequency
CUST2243,26,Female,UK,active,1,2,1984.8,1984.8,992.4,2.3,3,10.0,10,10,2024-01-05,2024-01-05,2022-11-10,703,421,0.06651884700665188,2.0,1,1,1,3.0,1984.8,992.4,0.002369668246445498,2897.808,141.43467933491686,0.14251781472684086,3.0,2781.89568,1.0,0.8669833729216152,1720.7885985748217,1.7339667458432304,206.4946318289786,1.1534246575342466,0.8669833729216152,141.43467933491686,21832.8,0.002369668246445498,6.866843601895735,33.0,2.0,Long Inactive,Very High Value,Low Frequency
CUST2244,18,Male,Germany,active,1,1,610.13,610.13,610.13,4.5,5,20.0,20,20,2024-01-10,2024-01-10,2021-06-16,698,938,0.030991735537190084,1.0,1,1,1,5.0,610.13,610.13,0.0010649627263045794,1159.2469999999998,19.513752665245203,0.031982942430703626,5.0,1622.9457999999997,1.0,0.3891257995735608,237.41732409381663,0.3891257995735608,37.076130063965884,2.56986301369863,0.3891257995735608,19.513752665245203,12812.73,0.0010649627263045794,1.2345548455804047,105.0,2.0,Long Inactive,Medium Value,Low Frequency
CUST2245,55,Female,Canada,active,1,9,553.59,553.59,61.51,4.0,3,7.0,7,7,2023-09-16,2023-09-16,2020-11-13,814,1037,0.02811621368322399,9.0,1,1,1,3.0,553.59,61.510000000000005,0.0009633911368015414,996.4620000000001,16.01513982642237,0.26036644165863065,3.0,1295.4006000000002,1.0,0.351976856316297,194.85086788813888,3.167791706846673,28.82725168756027,2.841095890410959,0.351976856316297,16.01513982642237,4428.72,0.0009633911368015414,0.9599826589595376,24.0,2.0,Long Inactive,Medium Value,Low Frequency
CUST2246,36,Female,Germany,cancelled,1,2,1399.52,1399.52,699.76,3.7,3,28.0,28,28,2024-08-14,2024-08-14,2022-09-29,481,685,0.04195804195804196,2.0,1,1,1,3.0,1399.52,699.76,0.0014577259475218659,2435.1648,61.29284671532847,0.08759124087591241,3.0,3019.604352,1.0,0.5328467153284672,745.7296350364963,1.0656934306569343,106.64955328467154,1.8767123287671232,0.5328467153284672,61.29284671532847,40586.08,0.0014577259475218659,3.549802915451895,87.0,2.0,Long Inactive,High Value,Low Frequency
CUST2247,60,Male,India,active,1,1,1111.66,1111.66,1111.66,4.0,0,8.0,8,8,2025-07-05,2025-07-05,2021-01-18,156,1629,0.018083182640144666,1.0,1,1,1,0.0,1111.66,1111.66,0.0006134969325153375,2000.9880000000003,20.47255985267035,0.01841620626151013,0.0,2601.2844000000005,1.0,0.22406384284837325,249.0828115408226,0.22406384284837325,36.85060773480664,4.463013698630137,0.22406384284837325,20.47255985267035,10004.94,0.0006134969325153375,1.2276000000000002,0.0,2.0,At Risk,High Value,Low Frequency
CUST2248,46,Male,India,active,1,9,394.11,394.11,43.79,4.4,3,5.0,5,5,2025-03-16,2025-03-16,2023-04-13,267,703,0.04092769440654843,9.0,1,1,1,3.0,394.11,43.79,0.0014204545454545455,740.9268000000001,16.818349928876245,0.3840682788051209,3.0,1022.4789840000002,1.0,0.519203413940256,204.6232574679943,4.672830725462305,31.618497866287342,1.926027397260274,0.519203413940256,16.818349928876245,2364.66,0.0014204545454545455,1.052452840909091,18.0,2.0,Long Inactive,Low Value,Low Frequency
CUST2249,49,Male,Germany,cancelled,1,6,162.12,162.12,27.02,4.1,4,35.0,35,35,2023-02-08,2023-02-08,2022-08-02,1034,190,0.13636363636363638,6.0,1,1,1,4.0,162.12,27.02,0.005235602094240838,295.0584,25.597894736842107,0.9473684210526316,4.0,389.477088,1.0,1.9210526315789476,311.441052631579,11.526315789473685,46.588168421052636,0.5205479452054794,1.9210526315789476,25.597894736842107,5836.32,0.005235602094240838,1.544808376963351,144.0,2.0,Long Inactive,Low Value,Low Frequency
CUST2250,48,Male,UK,active,1,4,499.12,499.12,124.78,4.4,1,10.0,10,10,2023-05-07,2023-05-07,2021-12-11,946,512,0.055350553505535055,4.0,1,1,1,1.0,499.12,124.78,0.001949317738791423,938.3456000000001,29.2453125,0.234375,1.0,1294.9169280000003,1.0,0.712890625,355.81796875,2.8515625,54.981187500000004,1.4027397260273973,0.712890625,29.2453125,5490.32,0.001949317738791423,1.8291337231968812,11.0,2.0,Long Inactive,Low Value,Low Frequency
CUST2251,58,Female,USA,cancelled,1,6,1014.1800000000001,1014.1800000000001,169.03,3.1,4,44.0,44,44,2021-07-19,2021-07-19,2020-06-09,1603,405,0.06896551724137931,6.0,1,1,1,4.0,1014.1800000000001,169.03,0.0024630541871921183,1642.9716000000003,75.12444444444445,0.4444444444444444,4.0,1840.1281920000006,1.0,0.9012345679012346,914.0140740740742,5.407407407407407,121.70160000000003,1.1095890410958904,0.9012345679012346,75.12444444444445,45638.100000000006,0.0024630541871921183,4.046728078817734,180.0,2.0,Long Inactive,Medium Value,Low Frequency
CUST2252,26,Male,Canada,active,1,2,266.92,266.92,133.46,4.3,1,39.0,39,39,2024-02-22,2024-02-22,2021-05-07,655,1021,0.028544243577545196,2.0,1,1,1,1.0,266.92,133.46,0.0009784735812133072,496.4712,7.842899118511264,0.058765915768854066,1.0,675.200832,1.0,0.3574926542605289,95.42193927522037,0.7149853085210578,14.587792360430951,2.797260273972603,0.3574926542605289,7.842899118511264,10676.800000000001,0.0009784735812133072,0.4857839530332681,40.0,2.0,Long Inactive,Low Value,Low Frequency
CUST2253,42,Female,Pakistan,active,1,8,38.96,38.96,4.87,4.4,2,19.0,19,19,2023-09-07,2023-09-07,2021-10-08,823,699,0.0411522633744856,8.0,1,1,1,2.0,38.96,4.87,0.0014285714285714286,73.24480000000001,1.6721030042918454,0.34334763948497854,2.0,101.07782400000002,1.0,0.5221745350500715,20.343919885550786,4.177396280400572,3.14355364806867,1.915068493150685,0.5221745350500715,1.6721030042918454,779.2,0.0014285714285714286,0.10463542857142859,40.0,2.0,Long Inactive,Low Value,Low Frequency
CUST2254,54,Female,Canada,paused,1,1,526.33,526.33,526.33,4.4,4,33.0,33,33,2021-10-16,2021-10-16,2021-10-14,1514,2,0.9375,1.0,1,1,1,4.0,526.33,526.33,0.3333333333333333,989.5004000000001,5263.3,10.0,4.0,1365.5105520000002,1.0,182.5,96055.225,182.5,9895.004,0.005479452054794521,182.5,5263.3,17895.22,0.3333333333333333,329.8334666666667,136.0,2.0,Long Inactive,Low Value,Low Frequency
CUST2255,51,Female,India,cancelled,1,3,1964.4900000000002,1964.4900000000002,654.83,4.1,2,19.0,19,19,2022-11-09,2022-11-09,2021-10-05,1125,400,0.06976744186046512,3.0,1,1,1,2.0,1964.4900000000002,654.83,0.0024937655860349127,3575.3718,147.33675000000002,0.22499999999999998,2.0,4719.490776,1.0,0.9125000000000001,1792.5971250000002,2.7375000000000003,268.15288499999997,1.095890410958904,0.9125000000000001,147.33675000000002,39289.8,0.0024937655860349127,8.916139152119701,40.0,2.0,Long Inactive,Very High Value,Low Frequency
CUST2256,28,Female,Germany,active,1,3,984.4499999999999,984.4499999999999,328.15,4.1,0,39.0,39,39,2022-03-12,2022-03-12,2021-09-23,1367,170,0.15,3.0,1,1,1,0.0,984.4499999999999,328.15,0.005847953216374269,1791.6989999999996,173.7264705882353,0.5294117647058824,0.0,2365.042679999999,1.0,2.1470588235294117,2113.6720588235294,6.4411764705882355,316.18217647058816,0.4657534246575342,2.1470588235294117,173.7264705882353,39378.0,0.005847953216374269,10.47777192982456,0.0,2.0,Long Inactive,Medium Value,Low Frequency
CUST2257,56,Male,Canada,cancelled,1,4,424.44,424.44,106.11,4.0,2,6.0,6,6,2023-12-17,2023-12-17,2020-12-09,722,1103,0.0264783759929391,4.0,1,1,1,2.0,424.44,106.11,0.0009057971014492754,763.992,11.5441523118767,0.10879419764279238,2.0,993.1895999999999,1.0,0.33091568449682685,140.45385312783318,1.3236627379873074,20.779474161378058,3.021917808219178,0.33091568449682685,11.5441523118767,2971.08,0.0009057971014492754,0.6920217391304347,14.0,2.0,Long Inactive,Low Value,Low Frequency
CUST2258,46,Male,Canada,active,1,3,306.42,306.42,102.14,3.6,3,17.0,17,17,2024-09-24,2024-09-24,2021-09-20,440,1100,0.026548672566371685,3.0,1,1,1,3.0,306.42,102.14,0.0009082652134423251,527.0424,8.356909090909092,0.08181818181818182,3.0,642.9917280000001,1.0,0.3318181818181818,101.67572727272727,0.9954545454545455,14.373883636363638,3.0136986301369864,0.3318181818181818,8.356909090909092,5515.56,0.0009082652134423251,0.4786942779291553,54.0,2.0,Long Inactive,Low Value,Low Frequency
CUST2259,39,Male,Germany,active,1,7,1358.9099999999999,1358.9099999999999,194.13,3.9,0,39.0,39,39,2021-03-27,2021-03-27,2020-10-20,1717,158,0.1595744680851064,7.0,1,1,1,0.0,1358.9099999999999,194.12999999999997,0.006289308176100629,2418.8597999999997,258.02088607594936,1.3291139240506329,0.0,3096.140544,1.0,2.310126582278481,3139.25411392405,16.17088607594937,459.27717721518985,0.4328767123287671,2.310126582278481,258.02088607594936,54356.399999999994,0.006289308176100629,15.21295471698113,0.0,2.0,Long Inactive,High Value,Low Frequency
CUST2260,50,Male,Germany,active,1,6,1161.9,1161.9,193.65,3.9,5,4.0,4,4,2023-11-09,2023-11-09,2022-02-28,760,619,0.046224961479198766,6.0,1,1,1,5.0,1161.9,193.65,0.0016129032258064516,2068.1820000000002,56.31179321486269,0.29079159935379645,5.0,2647.2729600000002,1.0,0.5896607431340872,685.126817447496,3.5379644588045234,100.23499192245559,1.6958904109589041,0.5896607431340872,56.31179321486269,5809.5,0.0016129032258064516,3.335777419354839,25.0,2.0,Long Inactive,High Value,Low Frequency
CUST2261,50,Female,UK,active,1,6,210.18,210.18,35.03,3.8,2,47.0,47,47,2025-02-26,2025-02-26,2023-11-02,285,482,0.05859375,6.0,1,1,1,2.0,210.18,35.03,0.002070393374741201,369.9168,13.081742738589213,0.37344398340248963,2.0,466.09516800000006,1.0,0.7572614107883818,159.16120331950208,4.543568464730291,23.023867219917015,1.3205479452054794,0.7572614107883818,13.081742738589213,10088.64,0.002070393374741201,0.7658732919254659,96.0,2.0,Long Inactive,Low Value,Low Frequency
CUST2262,58,Male,USA,paused,1,3,91.23,91.23,30.41,4.1,0,29.0,29,29,2023-01-10,2023-01-10,2022-12-15,1063,26,0.5357142857142857,3.0,1,1,1,0.0,91.23,30.41,0.037037037037037035,166.0386,105.26538461538462,3.4615384615384612,0.0,219.17095199999997,1.0,14.038461538461538,1280.7288461538462,42.11538461538461,191.583,0.07123287671232877,14.038461538461538,105.26538461538462,2736.9,0.037037037037037035,6.149577777777777,0.0,2.0,Long Inactive,Low Value,Low Frequency
CUST2263,19,Female,UK,paused,1,3,1127.94,1127.94,375.98,4.1,3,38.0,38,38,2025-06-04,2025-06-04,2023-11-03,187,579,0.04926108374384236,3.0,1,1,1,3.0,1127.94,375.98,0.0017241379310344827,2052.8507999999997,58.442487046632124,0.15544041450777202,3.0,2709.7630559999993,1.0,0.6303972366148531,711.0502590673575,1.8911917098445596,106.36532642487045,1.5863013698630137,0.6303972366148531,58.442487046632124,43989.66,0.0017241379310344827,3.539397931034482,117.0,2.0,Long Inactive,High Value,Low Frequency
CUST2264,25,Male,Pakistan,active,1,2,578.12,578.12,289.06,4.1,1,38.0,38,38,2024-05-30,2024-05-30,2023-07-23,557,312,0.08771929824561403,2.0,1,1,1,1.0,578.12,289.06,0.003194888178913738,1052.1784,55.58846153846154,0.1923076923076923,1.0,1388.875488,1.0,1.1698717948717947,676.3262820512821,2.3397435897435894,101.17099999999999,0.8547945205479452,1.1698717948717947,55.58846153846154,22546.68,0.003194888178913738,3.3615923322683705,39.0,2.0,Long Inactive,Medium Value,Low Frequency
CUST2265,48,Female,Canada,active,1,3,372.21,372.21,124.07,3.8,3,27.0,27,27,2022-10-08,2022-10-08,2021-05-11,1157,515,0.055045871559633024,3.0,1,1,1,3.0,372.21,124.07,0.001937984496124031,655.0896,21.682135922330094,0.17475728155339804,3.0,825.412896,1.0,0.7087378640776698,263.7993203883495,2.1262135922330097,38.16055922330097,1.4109589041095891,0.7087378640776698,21.682135922330094,10421.88,0.001937984496124031,1.2695534883720931,84.0,2.0,Long Inactive,Low Value,Low Frequency
CUST2266,28,Female,Canada,active,1,2,1127.8,1127.8,563.9,4.3,5,49.0,49,49,2023-06-03,2023-06-03,2020-04-09,919,1150,0.02542372881355932,2.0,1,1,1,5.0,1127.8,563.9,0.0008688097306689834,2097.7079999999996,29.420869565217387,0.05217391304347826,5.0,2852.882879999999,1.0,0.3173913043478261,357.9539130434782,0.6347826086956522,54.72281739130433,3.1506849315068495,0.3173913043478261,29.420869565217387,56390.0,0.0008688097306689834,1.8225091225021717,250.0,2.0,Long Inactive,High Value,Low Frequency
CUST2267,65,Male,UK,cancelled,1,6,1191.84,1191.84,198.64,4.5,1,11.0,11,11,2024-04-17,2024-04-17,2021-06-27,600,1025,0.028436018957345974,6.0,1,1,1,1.0,1191.84,198.64,0.0009746588693957114,2264.4959999999996,34.883121951219515,0.175609756097561,1.0,3170.2943999999993,1.0,0.35609756097560974,424.41131707317066,2.1365853658536587,66.27793170731707,2.808219178082192,0.35609756097560974,34.883121951219515,14302.079999999998,0.0009746588693957114,2.207111111111111,12.0,2.0,Long Inactive,High Value,Low Frequency
CUST2268,68,Female,USA,cancelled,1,8,1988.48,1988.48,248.56,4.2,3,4.0,4,4,2021-11-09,2021-11-09,2021-08-21,1490,80,0.27272727272727276,8.0,1,1,1,3.0,1988.48,248.56,0.012345679012345678,3658.8032000000003,745.6800000000001,3.0,3.0,4902.7962880000005,1.0,4.5625,9072.44,36.5,1372.0512,0.2191780821917808,4.5625,745.6800000000001,9942.4,0.012345679012345678,45.17040987654321,15.0,2.0,Long Inactive,Very High Value,Low Frequency
CUST2269,43,Female,Pakistan,active,1,7,1532.79,1532.79,218.97,3.9,4,23.0,23,23,2024-01-17,2024-01-17,2021-02-16,691,1065,0.0273972602739726,7.0,1,1,1,4.0,1532.79,218.97,0.0009380863039399625,2728.3662,43.17718309859155,0.19718309859154928,4.0,3492.308736,1.0,0.3427230046948357,525.3223943661972,2.3990610328638495,76.85538591549296,2.9178082191780823,0.3427230046948357,43.17718309859155,36786.96,0.0009380863039399625,2.5594429643527206,96.0,2.0,Long Inactive,Very High Value,Low Frequency
CUST2270,24,Male,UK,active,1,1,915.31,915.31,915.31,3.5,0,42.0,42,42,2023-08-10,2023-08-10,2022-06-21,851,415,0.06741573033707865,1.0,1,1,1,0.0,915.31,915.31,0.002403846153846154,1556.0269999999998,66.16698795180722,0.07228915662650602,0.0,1867.2323999999996,1.0,0.8795180722891566,805.0316867469878,0.8795180722891566,112.48387951807227,1.1369863013698631,0.8795180722891566,66.16698795180722,39358.329999999994,0.002403846153846154,3.740449519230769,0.0,2.0,Long Inactive,Medium Value,Low Frequency
CUST2271,55,Male,Canada,active,1,3,969.39,969.39,323.13,4.3,3,43.0,43,43,2022-10-17,2022-10-17,2022-10-04,1148,13,0.6976744186046512,3.0,1,1,1,3.0,969.39,323.13,0.07142857142857142,1803.0654,2237.053846153846,6.9230769230769225,3.0,2452.1689439999996,1.0,28.076923076923077,27217.48846153846,84.23076923076923,4160.920153846154,0.03561643835616438,28.076923076923077,2237.053846153846,42653.159999999996,0.07142857142857142,128.7903857142857,132.0,2.0,Long Inactive,Medium Value,Low Frequency
CUST2272,47,Male,USA,paused,1,8,401.12,401.12,50.14,3.9,2,17.0,17,17,2025-04-16,2025-04-16,2023-04-02,236,745,0.03870967741935484,8.0,1,1,1,2.0,401.12,50.14,0.0013404825737265416,713.9936,16.152483221476512,0.32214765100671144,2.0,913.9118080000001,1.0,0.4899328859060402,196.52187919463086,3.919463087248322,28.75142013422819,2.041095890410959,0.4899328859060402,16.152483221476512,7220.16,0.0013404825737265416,0.9570959785522789,36.0,2.0,Long Inactive,Low Value,Low Frequency
CUST2273,25,Female,Pakistan,active,1,1,1991.63,1991.63,1991.63,3.9,5,31.0,31,31,2021-07-29,2021-07-29,2021-03-31,1593,120,0.2,1.0,1,1,1,5.0,1991.63,1991.63,0.008264462809917356,3545.1014000000005,497.9075,0.25,5.0,4537.729792000001,1.0,3.041666666666667,6057.874583333334,3.041666666666667,886.2753500000001,0.3287671232876712,3.041666666666667,497.9075,63732.16,0.008264462809917356,29.298358677685954,160.0,2.0,Long Inactive,Very High Value,Low Frequency
CUST2274,60,Female,Canada,active,1,3,1147.65,1147.65,382.55,4.0,0,1.0,1,1,2024-10-11,2024-10-11,2021-03-30,423,1291,0.022710068130204392,3.0,1,1,1,0.0,1147.65,382.55,0.0007739938080495357,2065.7700000000004,26.66886134779241,0.069713400464756,0.0,2685.5010000000007,1.0,0.28272656855151046,324.471146398141,0.8481797056545314,48.00395042602635,3.536986301369863,0.28272656855151046,26.66886134779241,2295.3,0.0007739938080495357,1.5988931888544895,0.0,2.0,Long Inactive,High Value,Low Frequency
CUST2275,58,Male,India,active,1,5,149.2,149.2,29.84,4.7,4,12.0,12,12,2025-03-08,2025-03-08,2022-08-17,275,934,0.03112033195020747,5.0,1,1,1,4.0,149.2,29.839999999999996,0.0010695187165775401,289.448,4.792291220556745,0.16059957173447537,4.0,416.80511999999993,1.0,0.39079229122055675,58.30620985010707,1.9539614561027838,9.297044967880085,2.558904109589041,0.39079229122055675,4.792291220556745,1939.6,0.0010695187165775401,0.3095700534759358,52.0,2.0,Long Inactive,Low Value,Low Frequency
CUST2276,18,Female,India,paused,1,6,840.06,840.06,140.01,4.1,5,19.0,19,19,2022-06-12,2022-06-12,2022-09-13,1275,0,1.0,6.0,1,1,1,5.0,840.06,140.01,1.0,1528.9091999999998,8400.599999999999,60.0,5.0,2018.1601439999995,1.0,365.0,306621.89999999997,2190.0,15289.091999999997,0.0,365.0,8400.599999999999,16801.199999999997,1.0,1528.9091999999998,100.0,2.0,Long Inactive,Medium Value,Low Frequency
CUST2277,53,Male,USA,active,1,5,163.1,163.1,32.62,3.8,2,18.0,18,18,2024-02-26,2024-02-26,2021-01-03,651,1149,0.025445292620865142,5.0,1,1,1,2.0,163.1,32.62,0.0008695652173913044,287.056,4.258485639686684,0.13054830287206268,2.0,361.69056,1.0,0.31766753698868583,51.811575282854655,1.588337684943429,7.494934725848564,3.147945205479452,0.31766753698868583,4.258485639686684,3098.9,0.0008695652173913044,0.24961391304347827,38.0,2.0,Long Inactive,Low Value,Low Frequency
CUST2278,34,Female,UK,cancelled,1,3,1587.3000000000002,1587.3000000000002,529.1,4.1,0,32.0,32,32,2024-01-26,2024-01-26,2023-02-26,682,334,0.08241758241758242,3.0,1,1,1,0.0,1587.3000000000002,529.1,0.0029850746268656717,2888.886,142.57185628742516,0.2694610778443114,0.0,3813.3295199999993,1.0,1.092814371257485,1734.624251497006,3.2784431137724552,259.48077844311376,0.915068493150685,1.092814371257485,142.57185628742516,52380.90000000001,0.0029850746268656717,8.623540298507463,0.0,2.0,Long Inactive,Very High Value,Low Frequency
CUST2279,53,Female,Canada,active,1,6,61.739999999999995,61.739999999999995,10.29,4.0,1,4.0,4,4,2025-05-08,2025-05-08,2023-03-13,214,787,0.03671970624235006,6.0,1,1,1,1.0,61.739999999999995,10.29,0.0012690355329949238,111.13199999999999,2.3534942820838625,0.22871664548919948,1.0,144.4716,1.0,0.46378653113087676,28.63418043202033,2.7827191867852608,4.236289707750952,2.1561643835616437,0.46378653113087676,2.3534942820838625,308.7,0.0012690355329949238,0.14103045685279186,5.0,2.0,Long Inactive,Low Value,Low Frequency
CUST2280,41,Male,Germany,active,1,8,1137.2,1137.2,142.15,4.1,1,21.0,21,21,2024-09-10,2024-09-10,2023-09-02,454,374,0.07425742574257425,8.0,1,1,1,1.0,1137.2,142.15,0.0026666666666666666,2069.7039999999997,91.2192513368984,0.6417112299465241,1.0,2732.0092799999993,1.0,0.9759358288770054,1109.8342245989304,7.807486631016043,166.01903743315506,1.0246575342465754,0.9759358288770054,91.2192513368984,25018.4,0.0026666666666666666,5.519210666666666,22.0,2.0,Long Inactive,High Value,Low Frequency
CUST2281,27,Male,Germany,active,1,9,1313.19,1313.19,145.91,3.9,2,4.0,4,4,2025-08-19,2025-08-19,2023-05-01,111,841,0.03444316877152698,9.0,1,1,1,2.0,1313.19,145.91,0.0011876484560570072,2337.4782,46.843876337693224,0.3210463733650416,2.0,2991.972096,1.0,0.4340071343638526,569.9338287752676,3.906064209274673,83.38209988109394,2.304109589041096,0.4340071343638526,46.843876337693224,6565.950000000001,0.0011876484560570072,2.776102375296912,10.0,2.0,At Risk,High Value,Low Frequency
CUST2282,27,Female,UK,active,1,5,526.25,526.25,105.25,3.8,0,36.0,36,36,2024-08-08,2024-08-08,2021-07-24,487,1111,0.02629272567922875,5.0,1,1,1,0.0,526.25,105.25,0.0008992805755395684,926.2,14.210171017101711,0.135013501350135,0.0,1167.0120000000002,1.0,0.32853285328532855,172.89041404140414,1.6426642664266429,25.009900990099013,3.043835616438356,0.32853285328532855,14.210171017101711,19471.25,0.0008992805755395684,0.8329136690647483,0.0,2.0,Long Inactive,Low Value,Low Frequency
CUST2283,52,Male,Germany,active,1,6,585.72,585.72,97.62,4.1,1,33.0,33,33,2023-08-13,2023-08-13,2022-01-13,848,577,0.049423393739703454,6.0,1,1,1,1.0,585.72,97.62,0.0017301038062283738,1066.0104,30.453379549393414,0.3119584055459272,1.0,1407.1337279999998,1.0,0.6325823223570191,370.5161178509532,3.7954939341421143,55.42515077989601,1.5808219178082192,0.6325823223570191,30.453379549393414,19914.48,0.0017301038062283738,1.844308650519031,34.0,2.0,Long Inactive,Medium Value,Low Frequency
CUST2284,46,Male,India,active,1,9,1928.52,1928.52,214.28,4.3,2,28.0,28,28,2024-11-20,2024-11-20,2021-09-30,383,1147,0.025488530161427356,9.0,1,1,1,2.0,1928.52,214.28,0.0008710801393728223,3587.0471999999995,50.44080209241499,0.23539668700959024,2.0,4878.384191999999,1.0,0.3182214472537053,613.6964254577158,2.863993025283348,93.81989189189187,3.1424657534246574,0.3182214472537053,50.44080209241499,55927.08,0.0008710801393728223,3.1246055749128914,58.0,2.0,Long Inactive,Very High Value,Low Frequency
CUST2285,26,Male,UK,active,1,5,1019.35,1019.35,203.87,3.9,4,35.0,35,35,2025-09-05,2025-09-05,2022-05-23,94,1201,0.02437043054427295,5.0,1,1,1,4.0,1019.35,203.87,0.0008319467554076539,1814.443,25.46253122398002,0.12489592006661117,4.0,2322.48704,1.0,0.3039134054954205,309.7941298917569,1.5195670274771025,45.32330557868443,3.2904109589041095,0.3039134054954205,25.46253122398002,36696.6,0.0008319467554076539,1.5095199667221297,144.0,2.0,At Risk,Medium Value,Low Frequency
CUST2286,56,Female,UK,active,1,7,729.75,729.75,104.25,2.8,2,34.0,34,34,2022-10-24,2022-10-24,2021-10-06,1141,383,0.07263922518159806,7.0,1,1,1,2.0,729.75,104.25,0.0026041666666666665,1138.41,57.16057441253263,0.5483028720626631,2.0,1206.7146000000002,1.0,0.9530026109660574,695.4536553524804,6.6710182767624016,89.17049608355092,1.0493150684931507,0.9530026109660574,57.16057441253263,25541.25,0.0026041666666666665,2.964609375,70.0,2.0,Long Inactive,Medium Value,Low Frequency
CUST2287,32,Female,Canada,active,1,8,337.6,337.6,42.2,4.0,0,36.0,36,36,2024-11-05,2024-11-05,2021-01-05,398,1400,0.02097902097902098,8.0,1,1,1,0.0,337.6,42.2,0.0007137758743754461,607.6800000000001,7.234285714285715,0.17142857142857143,0.0,789.9840000000002,1.0,0.26071428571428573,88.01714285714287,2.085714285714286,13.021714285714287,3.835616438356164,0.26071428571428573,7.234285714285715,12491.2,0.0007137758743754461,0.4337473233404711,0.0,2.0,Long Inactive,Low Value,Low Frequency
CUST2288,69,Female,India,cancelled,1,4,1671.92,1671.92,417.98,4.5,2,35.0,35,35,2023-05-28,2023-05-28,2022-07-07,925,325,0.08450704225352113,4.0,1,1,1,2.0,1671.92,417.98,0.003067484662576687,3176.648,154.33107692307692,0.3692307692307692,2.0,4447.3072,1.0,1.123076923076923,1877.6947692307692,4.492307692307692,293.2290461538461,0.8904109589041096,1.123076923076923,154.33107692307692,60189.12,0.003067484662576687,9.744319018404909,72.0,2.0,Long Inactive,Very High Value,Low Frequency
CUST2289,64,Female,Pakistan,cancelled,1,6,692.16,692.16,115.36,4.6,5,5.0,5,5,2024-09-26,2024-09-26,2023-04-03,438,542,0.05244755244755245,6.0,1,1,1,5.0,692.16,115.36,0.001841620626151013,1328.9471999999998,38.31143911439114,0.33210332103321033,5.0,1887.1050239999997,1.0,0.6734317343173433,466.12250922509224,4.04059040590406,73.55796309963098,1.484931506849315,0.6734317343173433,38.31143911439114,4152.96,0.001841620626151013,2.447416574585635,30.0,2.0,Long Inactive,Medium Value,Low Frequency
CUST2290,24,Female,Pakistan,paused,1,6,309.36,309.36,51.56,4.1,3,27.0,27,27,2024-05-29,2024-05-29,2022-06-18,558,711,0.04048582995951417,6.0,1,1,1,3.0,309.36,51.56,0.0014044943820224719,563.0352,13.053164556962026,0.25316455696202533,3.0,743.206464,1.0,0.5133614627285513,158.81350210970464,3.0801687763713077,23.756759493670888,1.9479452054794522,0.5133614627285513,13.053164556962026,8662.08,0.0014044943820224719,0.7907797752808989,84.0,2.0,Long Inactive,Low Value,Low Frequency
CUST2291,18,Male,Germany,cancelled,1,4,806.96,806.96,201.74,4.1,5,19.0,19,19,2023-05-07,2023-05-07,2022-10-08,946,211,0.12448132780082988,4.0,1,1,1,5.0,806.96,201.74,0.0047169811320754715,1468.6671999999999,114.73364928909953,0.5687203791469194,5.0,1938.6407039999997,1.0,1.7298578199052135,1395.9260663507112,6.919431279620854,208.81524170616112,0.5780821917808219,1.7298578199052135,114.73364928909953,16139.2,0.0047169811320754715,6.927675471698112,100.0,2.0,Long Inactive,Medium Value,Low Frequency
CUST2292,19,Female,Canada,active,1,5,27.349999999999998,27.349999999999998,5.47,3.4,1,39.0,39,39,2023-02-17,2023-02-17,2021-11-17,1025,457,0.061601642710472276,5.0,1,1,1,1.0,27.349999999999998,5.47,0.002183406113537118,45.94799999999999,1.7954048140043763,0.3282275711159738,1.0,54.218639999999986,1.0,0.798687089715536,21.84409190371991,3.99343544857768,3.016280087527352,1.252054794520548,0.798687089715536,1.7954048140043763,1094.0,0.002183406113537118,0.10032314410480347,40.0,2.0,Long Inactive,Low Value,Low Frequency
CUST2293,59,Female,USA,cancelled,1,9,810.4499999999999,810.4499999999999,90.05,4.6,2,26.0,26,26,2022-06-12,2022-06-12,2020-11-22,1275,567,0.05025125628140704,9.0,1,1,1,2.0,810.4499999999999,90.05,0.0017605633802816902,1556.0639999999999,42.88095238095238,0.4761904761904762,2.0,2209.6108799999997,1.0,0.6437389770723104,521.718253968254,5.7936507936507935,82.33142857142857,1.5534246575342465,0.6437389770723104,42.88095238095238,21882.149999999998,0.0017605633802816902,2.7395492957746477,54.0,2.0,Long Inactive,Medium Value,Low Frequency
CUST2294,19,Female,UK,active,1,6,580.8,580.8,96.8,4.2,2,32.0,32,32,2025-06-01,2025-06-01,2023-03-29,190,795,0.03636363636363636,6.0,1,1,1,2.0,580.8,96.8,0.001256281407035176,1068.672,21.91698113207547,0.22641509433962265,2.0,1432.0204800000001,1.0,0.459119496855346,266.6566037735849,2.7547169811320757,40.32724528301887,2.1780821917808217,0.459119496855346,21.91698113207547,19166.399999999998,0.001256281407035176,1.3425527638190955,66.0,2.0,Long Inactive,Medium Value,Low Frequency
CUST2295,31,Male,Pakistan,active,1,6,1457.46,1457.46,242.91,3.9,4,40.0,40,40,2024-05-20,2024-05-20,2021-05-25,567,1091,0.026761819803746655,6.0,1,1,1,4.0,1457.46,242.91,0.0009157509157509158,2594.2788,40.07681026581118,0.16498625114573787,4.0,3320.676864,1.0,0.33455545371219064,487.60119156736937,2.007332722273144,71.3367222731439,2.989041095890411,0.33455545371219064,40.07681026581118,59755.86,0.0009157509157509158,2.375713186813187,164.0,2.0,Long Inactive,High Value,Low Frequency
CUST2296,66,Male,India,active,1,4,1385.72,1385.72,346.43,4.2,3,10.0,10,10,2024-05-26,2024-05-26,2022-02-04,561,842,0.034403669724770644,4.0,1,1,1,3.0,1385.72,346.43,0.0011862396204033216,2549.7248,49.37244655581948,0.14251781472684086,3.0,3416.631232,1.0,0.4334916864608076,600.6980997624703,1.7339667458432304,90.84530166270784,2.3068493150684932,0.4334916864608076,49.37244655581948,15242.92,0.0011862396204033216,3.024584578884935,33.0,2.0,Long Inactive,High Value,Low Frequency
CUST2297,63,Female,Germany,active,1,5,1363.8,1363.8,272.76,4.2,1,30.0,30,30,2025-05-03,2025-05-03,2022-05-12,219,1087,0.02685765443151298,5.0,1,1,1,1.0,1363.8,272.76,0.0009191176470588235,2509.392,37.639374425023,0.13799448022079117,1.0,3362.58528,1.0,0.3357865685372585,457.9457221711131,1.6789328426862924,69.25644894204231,2.978082191780822,0.3357865685372585,37.639374425023,42277.799999999996,0.0009191176470588235,2.306426470588235,31.0,2.0,Long Inactive,High Value,Low Frequency
CUST2298,56,Female,Canada,paused,1,2,251.4,251.4,125.7,4.1,0,16.0,16,16,2024-03-17,2024-03-17,2021-09-10,631,919,0.03161222339304531,2.0,1,1,1,0.0,251.4,125.7,0.0010869565217391304,457.54799999999994,8.206746463547335,0.06528835690968444,0.0,603.9633599999999,1.0,0.397170837867247,99.84874863982589,0.794341675734494,14.936278563656147,2.5178082191780824,0.397170837867247,8.206746463547335,4273.8,0.0010869565217391304,0.4973347826086956,0.0,2.0,Long Inactive,Low Value,Low Frequency
CUST2299,33,Female,USA,active,1,8,572.8,572.8,71.6,4.8,2,13.0,13,13,2023-01-14,2023-01-14,2022-02-15,1059,333,0.08264462809917356,8.0,1,1,1,2.0,572.8,71.6,0.0029940119760479044,1122.6879999999999,51.6036036036036,0.7207207207207208,2.0,1639.1244799999997,1.0,1.0960960960960962,627.8438438438437,8.76876876876877,101.14306306306305,0.9123287671232877,1.0960960960960962,51.6036036036036,8019.199999999999,0.0029940119760479044,3.361341317365269,28.0,2.0,Long Inactive,Medium Value,Low Frequency
CUST2300,22,Female,Pakistan,cancelled,1,4,731.92,731.92,182.98,4.4,1,36.0,36,36,2023-04-06,2023-04-06,2022-05-11,977,330,0.08333333333333333,4.0,1,1,1,1.0,731.92,182.98,0.0030211480362537764,1376.0096,66.53818181818181,0.36363636363636365,1.0,1898.8932480000003,1.0,1.1060606060606062,809.5478787878787,4.424242424242425,125.09178181818183,0.9041095890410958,1.1060606060606062,66.53818181818181,27081.039999999997,0.0030211480362537764,4.157128700906345,37.0,2.0,Long Inactive,Medium Value,Low Frequency
CUST2301,44,Male,USA,cancelled,1,1,45.81,45.81,45.81,4.3,2,18.0,18,18,2023-12-17,2023-12-17,2022-10-17,722,426,0.06578947368421052,1.0,1,1,1,2.0,45.81,45.81,0.00234192037470726,85.2066,3.2260563380281693,0.07042253521126761,2.0,115.88097599999998,1.0,0.8568075117370891,39.250352112676055,0.8568075117370891,6.000464788732394,1.167123287671233,0.8568075117370891,3.2260563380281693,870.3900000000001,0.00234192037470726,0.1995470725995316,38.0,2.0,Long Inactive,Low Value,Low Frequency
CUST2302,49,Male,India,active,1,6,1328.6999999999998,1328.6999999999998,221.45,4.3,3,29.0,29,29,2022-11-19,2022-11-19,2020-08-10,1115,831,0.03484320557491289,6.0,1,1,1,3.0,1328.6999999999998,221.44999999999996,0.001201923076923077,2471.3819999999996,47.96750902527075,0.21660649819494585,3.0,3361.0795199999993,1.0,0.43922984356197353,583.6046931407942,2.6353790613718413,89.2195667870036,2.276712328767123,0.43922984356197353,47.96750902527075,39860.99999999999,0.001201923076923077,2.9704110576923073,90.0,2.0,Long Inactive,High Value,Low Frequency
CUST2303,24,Female,Canada,cancelled,1,8,1487.52,1487.52,185.94,4.0,1,4.0,4,4,2024-01-13,2024-01-13,2022-03-24,695,660,0.043478260869565216,8.0,1,1,1,1.0,1487.52,185.94,0.0015128593040847202,2677.536,67.61454545454545,0.36363636363636365,1.0,3480.7968,1.0,0.5530303030303031,822.6436363636363,4.424242424242425,121.70618181818182,1.8082191780821917,0.5530303030303031,67.61454545454545,7437.6,0.0015128593040847202,4.050735249621785,5.0,2.0,Long Inactive,High Value,Low Frequency
CUST2304,57,Female,USA,active,1,2,1684.6,1684.6,842.3,4.3,4,11.0,11,11,2022-02-22,2022-02-22,2020-03-09,1385,715,0.04026845637583893,2.0,1,1,1,4.0,1684.6,842.3,0.0013966480446927375,3133.3559999999998,70.68251748251748,0.08391608391608392,4.0,4261.364159999999,1.0,0.5104895104895105,859.9706293706294,1.020979020979021,131.4694825174825,1.9589041095890412,0.5104895104895105,70.68251748251748,20215.199999999997,0.0013966480446927375,4.376195530726257,48.0,2.0,Long Inactive,Very High Value,Low Frequency
CUST2305,19,Male,Canada,active,1,1,1871.19,1871.19,1871.19,4.0,5,13.0,13,13,2022-08-05,2022-08-05,2021-03-04,1221,519,0.0546448087431694,1.0,1,1,1,5.0,1871.19,1871.19,0.0019230769230769232,3368.1420000000003,108.16127167630057,0.057803468208092484,5.0,4378.5846,1.0,0.7032755298651252,1315.9621387283237,0.7032755298651252,194.69028901734106,1.4219178082191781,0.7032755298651252,108.16127167630057,26196.66,0.0019230769230769232,6.477196153846155,70.0,2.0,Long Inactive,Very High Value,Low Frequency
CUST2306,37,Male,USA,active,1,2,1237.38,1237.38,618.69,4.4,5,2.0,2,2,2024-12-18,2024-12-18,2023-11-07,355,407,0.06864988558352403,2.0,1,1,1,5.0,1237.38,618.69,0.0024509803921568627,2326.2744000000002,91.20737100737102,0.14742014742014742,5.0,3210.2586720000004,1.0,0.8968058968058968,1109.6896805896806,1.7936117936117937,171.46985749385752,1.115068493150685,0.8968058968058968,91.20737100737102,3712.1400000000003,0.0024509803921568627,5.701652941176471,15.0,2.0,Long Inactive,High Value,Low Frequency
CUST2307,58,Female,Canada,cancelled,1,7,1161.79,1161.79,165.97,4.1,4,22.0,22,22,2021-11-28,2021-11-28,2021-07-01,1471,150,0.16666666666666666,7.0,1,1,1,4.0,1161.79,165.97,0.006622516556291391,2114.4577999999997,232.358,1.4,4.0,2791.084295999999,1.0,2.4333333333333336,2827.0223333333333,17.033333333333335,422.8915599999999,0.410958904109589,2.4333333333333336,232.358,26721.17,0.006622516556291391,14.003031788079468,92.0,2.0,Long Inactive,High Value,Low Frequency
CUST2308,27,Female,USA,cancelled,1,7,1693.6499999999999,1693.6499999999999,241.95,3.6,1,20.0,20,20,2023-11-20,2023-11-20,2022-07-25,749,483,0.05847953216374269,7.0,1,1,1,1.0,1693.6499999999999,241.95,0.002066115702479339,2913.0779999999995,105.19565217391303,0.43478260869565216,1.0,3553.9551599999995,1.0,0.7556935817805382,1279.8804347826085,5.2898550724637685,180.9365217391304,1.3232876712328767,0.7556935817805382,105.19565217391303,35566.649999999994,0.002066115702479339,6.0187561983471065,21.0,2.0,Long Inactive,Very High Value,Low Frequency
CUST2309,67,Male,UK,active,1,8,1657.92,1657.92,207.24,2.0,3,6.0,6,6,2024-09-07,2024-09-07,2022-07-31,457,769,0.03754693366708386,8.0,1,1,1,3.0,1657.92,207.24,0.0012987012987012987,2321.0879999999997,64.67828348504551,0.31209362808842656,3.0,2088.9791999999998,1.0,0.4746423927178154,786.9191157347204,3.797139141742523,90.54959687906371,2.106849315068493,0.4746423927178154,64.67828348504551,11605.44,0.0012987012987012987,3.0143999999999997,21.0,2.0,Long Inactive,Very High Value,Low Frequency
CUST2310,27,Male,Canada,active,1,3,1284.6299999999999,1284.6299999999999,428.21,4.0,3,47.0,47,47,2024-07-03,2024-07-03,2023-04-16,523,444,0.06329113924050632,3.0,1,1,1,3.0,1284.6299999999999,428.21,0.0022471910112359553,2312.334,86.79932432432432,0.2027027027027027,3.0,3006.0342,1.0,0.822072072072072,1056.0584459459458,2.466216216216216,156.23878378378376,1.2164383561643837,0.822072072072072,86.79932432432432,61662.23999999999,0.0022471910112359553,5.196256179775281,144.0,2.0,Long Inactive,High Value,Low Frequency
CUST2311,27,Male,USA,paused,1,7,1568.9099999999999,1568.9099999999999,224.13,3.7,5,34.0,34,34,2024-10-08,2024-10-08,2021-11-22,426,1051,0.02775208140610546,7.0,1,1,1,5.0,1568.9099999999999,224.12999999999997,0.0009505703422053232,2729.9033999999997,44.78334919124643,0.19980970504281637,5.0,3385.0802159999994,1.0,0.3472882968601332,544.8640818268316,2.4310180780209323,77.92302759276879,2.8794520547945206,0.3472882968601332,44.78334919124643,54911.84999999999,0.0009505703422053232,2.594965209125475,175.0,2.0,Long Inactive,Very High Value,Low Frequency
CUST2312,61,Female,Pakistan,active,1,8,617.52,617.52,77.19,3.8,5,19.0,19,19,2025-04-16,2025-04-16,2023-12-07,236,496,0.05703422053231939,8.0,1,1,1,5.0,617.52,77.19,0.002012072434607646,1086.8352,37.349999999999994,0.48387096774193544,5.0,1369.412352,1.0,0.7358870967741936,454.425,5.887096774193549,65.73599999999999,1.358904109589041,0.7358870967741936,37.349999999999994,12350.4,0.002012072434607646,2.186791146881288,100.0,2.0,Long Inactive,Medium Value,Low Frequency
CUST2313,19,Female,USA,cancelled,1,2,128.32,128.32,64.16,3.9,3,25.0,25,25,2024-05-09,2024-05-09,2021-09-10,578,972,0.029940119760479042,2.0,1,1,1,3.0,128.32,64.16,0.0010277492291880781,228.40959999999998,3.960493827160494,0.0617283950617284,3.0,292.364288,1.0,0.37551440329218105,48.18600823045267,0.7510288065843621,7.0496790123456785,2.663013698630137,0.37551440329218105,3.960493827160494,3336.3199999999997,0.0010277492291880781,0.23474779033915724,78.0,2.0,Long Inactive,Low Value,Low Frequency
CUST2314,25,Male,Pakistan,cancelled,1,3,1856.8200000000002,1856.8200000000002,618.94,3.1,4,18.0,18,18,2025-12-07,2025-12-07,2022-06-27,1,1259,0.023273855702094646,3.0,1,1,1,4.0,1856.8200000000002,618.94,0.0007936507936507937,3008.0484000000006,44.245115170770454,0.07148530579825257,4.0,3369.014208000001,1.0,0.28991262907069104,538.3155679110406,0.8697378872120731,71.67708657664815,3.4493150684931506,0.28991262907069104,44.245115170770454,35279.58,0.0007936507936507937,2.3873400000000005,76.0,2.0,Very Recent,Very High Value,Low Frequency
CUST2315,29,Male,USA,cancelled,1,5,433.9,433.9,86.78,3.0,1,6.0,6,6,2025-08-18,2025-08-18,2022-03-09,112,1258,0.02329192546583851,5.0,1,1,1,1.0,433.9,86.78,0.0007942811755361397,694.24,10.347376788553259,0.11923688394276631,1.0,763.6640000000001,1.0,0.2901430842607313,125.89308426073131,1.4507154213036566,16.555802861685216,3.4465753424657533,0.2901430842607313,10.347376788553259,3037.2999999999997,0.0007942811755361397,0.5514217633042097,7.0,2.0,At Risk,Low Value,Low Frequency
CUST2316,52,Male,India,active,1,6,1596.0,1596.0,266.0,4.0,3,8.0,8,8,2022-07-18,2022-07-18,2021-07-10,1239,373,0.07444168734491315,6.0,1,1,1,3.0,1596.0,266.0,0.00267379679144385,2872.8,128.3646112600536,0.48257372654155495,3.0,3734.6400000000003,1.0,0.9785522788203754,1561.7694369973192,5.871313672922253,231.05630026809652,1.021917808219178,0.9785522788203754,128.3646112600536,14364.0,0.00267379679144385,7.681283422459893,27.0,2.0,Long Inactive,Very High Value,Low Frequency
CUST2317,64,Female,Germany,paused,1,6,1175.52,1175.52,195.92,4.4,0,29.0,29,29,2022-02-03,2022-02-03,2021-04-04,1404,305,0.08955223880597016,6.0,1,1,1,0.0,1175.52,195.92,0.0032679738562091504,2209.9776,115.6249180327869,0.5901639344262295,0.0,3049.7690880000005,1.0,1.1967213114754098,1406.7698360655738,7.1803278688524586,217.37484590163936,0.8356164383561644,1.1967213114754098,115.6249180327869,35265.6,0.0032679738562091504,7.222149019607844,0.0,2.0,Long Inactive,High Value,Low Frequency
CUST2318,50,Female,USA,cancelled,1,9,1230.75,1230.75,136.75,4.1,2,25.0,25,25,2023-06-21,2023-06-21,2021-08-03,901,687,0.041841004184100423,9.0,1,1,1,2.0,1230.75,136.75,0.0014534883720930232,2239.9649999999997,53.74454148471616,0.39301310043668125,2.0,2956.753799999999,1.0,0.5312954876273653,653.89192139738,4.781659388646289,97.8150655021834,1.8821917808219177,0.5312954876273653,53.74454148471616,31999.5,0.0014534883720930232,3.255763081395348,52.0,2.0,Long Inactive,High Value,Low Frequency
CUST2319,26,Other,UK,active,1,3,22.29,22.29,7.43,3.6,4,23.0,23,23,2022-08-28,2022-08-28,2021-01-11,1198,594,0.04807692307692307,3.0,1,1,1,4.0,22.29,7.43,0.0016806722689075631,38.3388,1.1257575757575757,0.15151515151515152,4.0,46.773336,1.0,0.6144781144781145,13.696717171717172,1.8434343434343434,1.9363030303030302,1.6273972602739726,0.6144781144781145,1.1257575757575757,534.96,0.0016806722689075631,0.06443495798319328,96.0,2.0,Long Inactive,Low Value,Low Frequency
CUST2320,53,Male,Germany,active,1,2,1383.18,1383.18,691.59,4.4,0,43.0,43,43,2025-03-15,2025-03-15,2023-04-30,268,685,0.04195804195804196,2.0,1,1,1,0.0,1383.18,691.59,0.0014577259475218659,2600.3784,60.57722627737227,0.08759124087591241,0.0,3588.5221920000004,1.0,0.5328467153284672,737.0229197080292,1.0656934306569343,113.88518540145986,1.8767123287671232,0.5328467153284672,60.57722627737227,60859.920000000006,0.0014577259475218659,3.7906390670553938,0.0,2.0,Long Inactive,High Value,Low Frequency
CUST2321,20,Male,Pakistan,active,1,2,1000.52,1000.52,500.26,4.2,0,12.0,12,12,2022-03-29,2022-03-29,2021-08-29,1350,212,0.12396694214876033,2.0,1,1,1,0.0,1000.52,500.26,0.004694835680751174,1840.9568000000002,141.58301886792452,0.2830188679245283,0.0,2466.8821120000002,1.0,1.7216981132075473,1722.5933962264153,3.4433962264150946,260.51275471698114,0.5808219178082191,1.7216981132075473,141.58301886792452,13006.76,0.004694835680751174,8.642989671361503,0.0,2.0,Long Inactive,Medium Value,Low Frequency
CUST2322,23,Male,Canada,cancelled,1,8,1775.6,1775.6,221.95,4.3,4,7.0,7,7,2023-05-05,2023-05-05,2022-09-07,948,240,0.1111111111111111,8.0,1,1,1,4.0,1775.6,221.95,0.004149377593360996,3302.6159999999995,221.95,1.0,4.0,4491.557759999999,1.0,1.5208333333333335,2700.391666666667,12.166666666666668,412.82699999999994,0.6575342465753424,1.5208333333333335,221.95,14204.8,0.004149377593360996,13.703800829875517,32.0,2.0,Long Inactive,Very High Value,Low Frequency
CUST2323,31,Male,India,active,1,3,1143.57,1143.57,381.19,3.8,2,20.0,20,20,2024-08-15,2024-08-15,2023-07-05,480,407,0.06864988558352403,3.0,1,1,1,2.0,1143.57,381.19,0.0024509803921568627,2012.6832,84.29262899262899,0.22113022113022113,2.0,2535.9808319999997,1.0,0.8968058968058968,1025.5603194103194,2.6904176904176906,148.35502702702703,1.115068493150685,0.8968058968058968,84.29262899262899,24014.969999999998,0.0024509803921568627,4.933047058823529,42.0,2.0,Long Inactive,High Value,Low Frequency
CUST2324,26,Male,Germany,active,1,1,255.16,255.16,255.16,4.1,5,15.0,15,15,2023-08-20,2023-08-20,2021-05-23,841,819,0.0353356890459364,1.0,1,1,1,5.0,255.16,255.16,0.0012195121951219512,464.39119999999997,9.346520146520145,0.03663003663003663,5.0,612.9963839999999,1.0,0.4456654456654457,113.71599511599511,0.4456654456654457,17.010666666666665,2.243835616438356,0.4456654456654457,9.346520146520145,4082.56,0.0012195121951219512,0.5663307317073171,80.0,2.0,Long Inactive,Low Value,Low Frequency
CUST2325,21,Male,UK,cancelled,1,7,1384.53,1384.53,197.79,4.0,5,48.0,48,48,2021-12-20,2021-12-20,2021-08-09,1449,133,0.18404907975460122,7.0,1,1,1,5.0,1384.53,197.79,0.007462686567164179,2492.154,312.29999999999995,1.5789473684210527,5.0,3239.8002,1.0,2.744360902255639,3799.65,19.210526315789473,562.14,0.3643835616438356,2.744360902255639,312.29999999999995,67841.97,0.007462686567164179,18.598164179104476,245.0,2.0,Long Inactive,High Value,Low Frequency
CUST2326,49,Female,Germany,paused,1,7,1032.64,1032.64,147.52,4.2,0,10.0,10,10,2024-10-04,2024-10-04,2021-03-13,430,1301,0.022539444027047332,7.0,1,1,1,0.0,1032.64,147.52,0.0007680491551459293,1900.0576000000003,23.81183704842429,0.1614142966948501,0.0,2546.0771840000007,1.0,0.2805534204458109,289.7106840891622,1.9638739431206764,43.813780169100696,3.5643835616438357,0.2805534204458109,23.81183704842429,11359.04,0.0007680491551459293,1.4593376344086024,0.0,2.0,Long Inactive,Medium Value,Low Frequency
CUST2327,58,Female,Pakistan,active,1,4,263.68,263.68,65.92,3.6,3,29.0,29,29,2023-05-16,2023-05-16,2021-11-08,937,554,0.051369863013698634,4.0,1,1,1,3.0,263.68,65.92,0.0018018018018018018,453.5296,14.278700361010833,0.21660649819494587,3.0,553.306112,1.0,0.6588447653429603,173.72418772563177,2.6353790613718413,24.55936462093863,1.5178082191780822,0.6588447653429603,14.278700361010833,7910.400000000001,0.0018018018018018018,0.8171704504504504,90.0,2.0,Long Inactive,Low Value,Low Frequency
CUST2328,18,Female,USA,active,1,2,1898.8,1898.8,949.4,4.2,5,13.0,13,13,2025-04-06,2025-04-06,2022-06-09,246,1032,0.02824858757062147,2.0,1,1,1,5.0,1898.8,949.4,0.000968054211035818,3493.792,55.19767441860465,0.05813953488372093,5.0,4681.68128,1.0,0.3536821705426357,671.5717054263566,0.7073643410852714,101.56372093023256,2.8273972602739725,0.3536821705426357,55.19767441860465,26583.2,0.000968054211035818,3.382180058083253,70.0,2.0,Long Inactive,Very High Value,Low Frequency
CUST2329,30,Female,USA,active,1,1,1629.13,1629.13,1629.13,4.1,4,35.0,35,35,2023-02-05,2023-02-05,2022-12-10,1037,57,0.3448275862068966,1.0,1,1,1,4.0,1629.13,1629.13,0.017241379310344827,2965.0166,857.4368421052633,0.5263157894736842,4.0,3913.8219119999994,1.0,6.4035087719298245,10432.148245614037,6.4035087719298245,1560.535052631579,0.15616438356164383,6.4035087719298245,857.4368421052633,58648.68000000001,0.017241379310344827,51.12097586206897,144.0,2.0,Long Inactive,Very High Value,Low Frequency
CUST2330,23,Male,Pakistan,active,1,5,553.2,553.2,110.64,4.2,4,44.0,44,44,2025-10-02,2025-10-02,2020-06-12,67,1938,0.015243902439024392,5.0,1,1,1,4.0,553.2,110.64000000000001,0.0005157297576070139,1017.8880000000001,8.563467492260063,0.07739938080495357,4.0,1363.9699200000002,1.0,0.18833849329205368,104.1888544891641,0.9416924664602684,15.756780185758517,5.30958904109589,0.18833849329205368,8.563467492260063,24894.000000000004,0.0005157297576070139,0.5249551315110883,180.0,2.0,Moderate,Medium Value,Low Frequency
CUST2331,52,Male,Canada,paused,1,7,836.2199999999999,836.2199999999999,119.46,3.9,2,30.0,30,30,2025-05-25,2025-05-25,2023-02-22,197,823,0.035169988276670575,7.0,1,1,1,2.0,836.2199999999999,119.46,0.0012135922330097086,1488.4715999999999,30.48189550425273,0.2551640340218712,2.0,1905.243648,1.0,0.44349939246658565,370.86306196840826,3.1044957472660997,54.25777399756986,2.254794520547945,0.44349939246658565,30.48189550425273,25922.819999999996,0.0012135922330097086,1.8063975728155337,62.0,2.0,Long Inactive,Medium Value,Low Frequency
CUST2332,49,Female,Pakistan,cancelled,1,2,517.3,517.3,258.65,4.0,4,36.0,36,36,2022-01-23,2022-01-23,2020-12-13,1415,406,0.06880733944954129,2.0,1,1,1,4.0,517.3,258.65,0.002457002457002457,931.14,38.22413793103448,0.1477832512315271,4.0,1210.482,1.0,0.8990147783251231,465.0603448275861,1.7980295566502462,68.80344827586207,1.1123287671232878,0.8990147783251231,38.22413793103448,19140.1,0.002457002457002457,2.287813267813268,148.0,2.0,Long Inactive,Low Value,Low Frequency
CUST2333,55,Male,UK,active,1,2,1381.08,1381.08,690.54,4.2,1,34.0,34,34,2022-12-12,2022-12-12,2020-10-09,1092,794,0.03640776699029127,2.0,1,1,1,1.0,1381.08,690.54,0.0012578616352201257,2541.1872,52.18186397984887,0.07556675062972293,1.0,3405.190848,1.0,0.45969773299748107,634.8793450881611,0.9193954659949621,96.01462972292191,2.175342465753425,0.45969773299748107,52.18186397984887,48337.799999999996,0.0012578616352201257,3.1964618867924526,35.0,2.0,Long Inactive,High Value,Low Frequency
CUST2334,36,Other,India,active,1,8,545.36,545.36,68.17,4.2,3,43.0,43,43,2024-09-09,2024-09-09,2022-02-24,455,928,0.031315240083507306,8.0,1,1,1,3.0,545.36,68.17,0.001076426264800861,1003.4624000000001,17.630172413793105,0.25862068965517243,3.0,1344.6396160000002,1.0,0.3933189655172413,214.50043103448274,3.1465517241379306,32.43951724137931,2.5424657534246577,0.3933189655172413,17.630172413793105,23995.84,0.001076426264800861,1.0801532831001077,132.0,2.0,Long Inactive,Low Value,Low Frequency
CUST2335,65,Male,USA,active,1,2,345.36,345.36,172.68,4.1,4,2.0,2,2,2023-05-06,2023-05-06,2022-09-08,947,240,0.1111111111111111,2.0,1,1,1,4.0,345.36,172.68,0.004149377593360996,628.5552,43.17,0.25,4.0,829.6928639999999,1.0,1.5208333333333335,525.235,3.041666666666667,78.5694,0.6575342465753424,1.5208333333333335,43.17,1036.08,0.004149377593360996,2.6081128630705397,12.0,2.0,Long Inactive,Low Value,Low Frequency
CUST2336,54,Female,Pakistan,cancelled,1,6,1983.66,1983.66,330.61,4.4,3,6.0,6,6,2024-09-03,2024-09-03,2020-09-15,461,1449,0.02028397565922921,6.0,1,1,1,3.0,1983.66,330.61,0.000689655172413793,3729.2808000000005,41.06956521739131,0.12422360248447206,3.0,5146.407504000001,1.0,0.25189786059351277,499.6797101449276,1.5113871635610767,77.21078260869567,3.96986301369863,0.25189786059351277,41.06956521739131,13885.62,0.000689655172413793,2.5719177931034483,21.0,2.0,Long Inactive,Very High Value,Low Frequency
CUST2337,57,Female,Pakistan,cancelled,1,9,642.96,642.96,71.44,4.1,2,21.0,21,21,2025-07-16,2025-07-16,2021-01-04,145,1654,0.017814726840855107,9.0,1,1,1,2.0,642.96,71.44,0.0006042296072507553,1170.1872,11.661910519951633,0.16324062877871826,2.0,1544.647104,1.0,0.220677146311971,141.88657799274486,1.986094316807739,21.224677146311972,4.531506849315068,0.220677146311971,11.661910519951633,14145.12,0.0006042296072507553,0.7070617522658611,44.0,2.0,At Risk,Medium Value,Low Frequency
CUST2338,19,Male,UK,paused,1,7,1776.88,1776.88,253.84,4.2,2,14.0,14,14,2023-02-05,2023-02-05,2021-07-31,1037,554,0.051369863013698634,7.0,1,1,1,2.0,1776.88,253.84,0.0018018018018018018,3269.4592000000002,96.22093862815886,0.3790613718411553,2.0,4381.075328000001,1.0,0.6588447653429603,1170.6880866425993,4.611913357400722,177.0465270758123,1.5178082191780822,0.6588447653429603,96.22093862815886,26653.2,0.0018018018018018018,5.890917477477478,30.0,2.0,Long Inactive,Very High Value,Low Frequency
CUST2339,56,Male,India,active,1,6,1859.88,1859.88,309.98,4.1,5,46.0,46,46,2025-05-22,2025-05-22,2021-09-16,200,1344,0.02183406113537118,6.0,1,1,1,5.0,1859.88,309.98,0.0007434944237918215,3384.9816,41.51517857142858,0.13392857142857142,5.0,4468.175711999999,1.0,0.27157738095238093,505.10133928571435,1.6294642857142858,75.557625,3.682191780821918,0.27157738095238093,41.51517857142858,87414.36,0.0007434944237918215,2.5167149442379184,235.0,2.0,Long Inactive,Very High Value,Low Frequency
CUST2340,39,Female,Canada,cancelled,1,2,1759.6,1759.6,879.8,3.9,3,6.0,6,6,2022-07-02,2022-07-02,2021-06-19,1255,378,0.07352941176470588,2.0,1,1,1,3.0,1759.6,879.8,0.002638522427440633,3132.0879999999997,139.65079365079364,0.15873015873015872,3.0,4009.07264,1.0,0.9656084656084657,1699.084656084656,1.9312169312169314,248.57841269841268,1.0356164383561643,0.9656084656084657,139.65079365079364,12317.199999999999,0.002638522427440633,8.264084432717677,21.0,2.0,Long Inactive,Very High Value,Low Frequency
CUST2341,49,Female,Pakistan,paused,1,8,406.16,406.16,50.77,3.9,2,38.0,38,38,2023-11-04,2023-11-04,2023-11-03,765,1,0.9677419354838709,8.0,1,1,1,2.0,406.16,50.77,0.5,722.9648000000001,4061.6,80.0,2.0,925.3949440000001,1.0,365.0,148248.4,2920.0,7229.648,0.0027397260273972603,365.0,4061.6,15840.240000000002,0.5,361.48240000000004,78.0,2.0,Long Inactive,Low Value,Low Frequency
CUST2342,49,Female,India,active,1,3,1626.72,1626.72,542.24,4.2,0,22.0,22,22,2022-11-26,2022-11-26,2022-01-11,1108,319,0.08595988538681949,3.0,1,1,1,0.0,1626.72,542.24,0.003125,2993.1648,152.98307210031348,0.2821316614420063,0.0,4010.8408320000003,1.0,1.1442006269592477,1861.2940438871474,3.432601880877743,281.4888526645768,0.873972602739726,1.1442006269592477,152.98307210031348,37414.56,0.003125,9.35364,0.0,2.0,Long Inactive,Very High Value,Low Frequency
CUST2343,24,Female,India,active,1,6,329.58,329.58,54.93,4.2,4,17.0,17,17,2025-02-17,2025-02-17,2021-05-27,294,1362,0.021551724137931036,6.0,1,1,1,4.0,329.58,54.93,0.0007336757153338225,606.4272,7.259471365638767,0.13215859030837004,4.0,812.612448,1.0,0.26798825256975034,88.32356828193832,1.6079295154185023,13.35742731277533,3.7315068493150685,0.26798825256975034,7.259471365638767,5932.44,0.0007336757153338225,0.444920909757887,72.0,2.0,Long Inactive,Low Value,Low Frequency
CUST2344,56,Male,India,cancelled,1,5,924.8000000000001,924.8000000000001,184.96,3.7,1,22.0,22,22,2023-01-03,2023-01-03,2022-12-24,1070,10,0.75,5.0,1,1,1,1.0,924.8000000000001,184.96,0.09090909090909091,1609.152,2774.4000000000005,15.0,1.0,1995.34848,1.0,36.5,33755.200000000004,182.5,4827.456,0.0273972602739726,36.5,2774.4000000000005,21270.4,0.09090909090909091,146.28654545454546,23.0,2.0,Long Inactive,Medium Value,Low Frequency
CUST2345,20,Other,Pakistan,cancelled,1,9,1302.3,1302.3,144.7,3.7,1,6.0,6,6,2023-12-07,2023-12-07,2021-03-22,732,990,0.029411764705882353,9.0,1,1,1,1.0,1302.3,144.7,0.0010090817356205853,2266.002,39.46363636363636,0.2727272727272727,1.0,2809.84248,1.0,0.3686868686868687,480.140909090909,3.318181818181818,68.66672727272727,2.712328767123288,0.3686868686868687,39.46363636363636,9116.1,0.0010090817356205853,2.2865812310797176,7.0,2.0,Long Inactive,High Value,Low Frequency
CUST2346,21,Female,India,active,1,3,1868.97,1868.97,622.99,3.4,2,13.0,13,13,2022-07-20,2022-07-20,2021-06-28,1237,387,0.07194244604316546,3.0,1,1,1,2.0,1868.97,622.99,0.002577319587628866,3139.8696,144.8813953488372,0.23255813953488372,2.0,3705.046128,1.0,0.9431524547803618,1762.7236434108527,2.8294573643410854,243.4007441860465,1.0602739726027397,0.9431524547803618,144.8813953488372,26165.58,0.002577319587628866,8.092447422680412,28.0,2.0,Long Inactive,Very High Value,Low Frequency
CUST2347,45,Male,Canada,paused,1,7,1228.1499999999999,1228.1499999999999,175.45,4.2,1,43.0,43,43,2024-06-30,2024-06-30,2023-12-04,526,209,0.12552301255230125,7.0,1,1,1,1.0,1228.1499999999999,175.45,0.004761904761904762,2259.796,176.2894736842105,1.0047846889952152,1.0,3028.12664,1.0,1.7464114832535886,2144.8552631578946,12.22488038277512,324.37263157894733,0.5726027397260274,1.7464114832535886,176.2894736842105,54038.59999999999,0.004761904761904762,10.760933333333334,44.0,2.0,Long Inactive,High Value,Low Frequency
CUST2348,47,Female,India,cancelled,1,9,1914.57,1914.57,212.73,4.0,0,49.0,49,49,2025-01-22,2025-01-22,2021-05-20,320,1343,0.021849963583394028,9.0,1,1,1,0.0,1914.57,212.73,0.000744047619047619,3446.226,42.767758749069245,0.20104244229337304,0.0,4480.093800000001,1.0,0.2717795979151154,520.3410647803425,2.446016381236039,76.98196574832465,3.6794520547945204,0.2717795979151154,42.767758749069245,95728.5,0.000744047619047619,2.56415625,0.0,2.0,Long Inactive,Very High Value,Low Frequency
CUST2349,53,Male,Germany,cancelled,1,9,1074.1499999999999,1074.1499999999999,119.35,4.1,3,11.0,11,11,2021-08-22,2021-08-22,2021-08-20,1569,2,0.9375,9.0,1,1,1,3.0,1074.1499999999999,119.34999999999998,0.3333333333333333,1954.9529999999995,10741.499999999998,90.0,3.0,2580.537959999999,1.0,182.5,196032.37499999997,1642.5,19549.529999999995,0.005479452054794521,182.5,10741.499999999998,12889.8,0.3333333333333333,651.6509999999998,36.0,2.0,Long Inactive,High Value,Low Frequency
CUST2350,52,Female,Pakistan,active,1,6,907.86,907.86,151.31,3.9,5,1.0,1,1,2024-08-03,2024-08-03,2022-11-11,492,631,0.0453857791225416,6.0,1,1,1,5.0,907.86,151.31,0.0015822784810126582,1615.9908,43.16291600633914,0.28526148969889065,5.0,2068.468224,1.0,0.5784469096671949,525.1488114104596,3.47068145800317,76.82999049128367,1.7287671232876711,0.5784469096671949,43.16291600633914,1815.72,0.0015822784810126582,2.5569474683544304,10.0,2.0,Long Inactive,Medium Value,Low Frequency
CUST2351,45,Male,Germany,paused,1,3,1336.56,1336.56,445.52,4.0,4,16.0,16,16,2024-08-05,2024-08-05,2020-10-17,490,1388,0.021156558533145277,3.0,1,1,1,4.0,1336.56,445.52,0.0007199424046076314,2405.808,28.888184438040344,0.06484149855907781,4.0,3127.5504,1.0,0.26296829971181557,351.4729106628242,0.7889048991354467,51.99873198847262,3.802739726027397,0.26296829971181557,28.888184438040344,22721.52,0.0007199424046076314,1.7320431965442764,68.0,2.0,Long Inactive,High Value,Low Frequency
CUST2352,62,Male,Canada,active,1,1,1700.0,1700.0,1700.0,3.9,0,20.0,20,20,2025-06-05,2025-06-05,2021-12-15,186,1268,0.023112480739599383,1.0,1,1,1,0.0,1700.0,1700.0,0.0007880220646178094,3026.0,40.22082018927445,0.023659305993690854,0.0,3873.28,1.0,0.28785488958990535,489.35331230283913,0.28785488958990535,71.59305993690852,3.473972602739726,0.28785488958990535,40.22082018927445,35700.0,0.0007880220646178094,2.384554767533491,0.0,2.0,Long Inactive,Very High Value,Low Frequency
CUST2353,45,Female,India,cancelled,1,7,158.76,158.76,22.68,4.2,4,7.0,7,7,2023-11-04,2023-11-04,2020-12-15,765,1054,0.027675276752767528,7.0,1,1,1,4.0,158.76,22.68,0.0009478672985781991,292.1184,4.518785578747628,0.19924098671726756,4.0,391.43865600000004,1.0,0.34629981024667933,54.97855787476281,2.4240986717267554,8.314565464895637,2.8876712328767122,0.34629981024667933,4.518785578747628,1270.08,0.0009478672985781991,0.2768894786729858,32.0,2.0,Long Inactive,Low Value,Low Frequency
CUST2354,20,Female,Pakistan,paused,1,4,81.92,81.92,20.48,4.3,1,10.0,10,10,2025-03-25,2025-03-25,2023-09-04,258,568,0.05016722408026756,4.0,1,1,1,1.0,81.92,20.48,0.0017574692442882249,152.3712,4.326760563380282,0.2112676056338028,1.0,207.22483199999996,1.0,0.6426056338028169,52.64225352112676,2.5704225352112675,8.047774647887323,1.5561643835616439,0.6426056338028169,4.326760563380282,901.12,0.0017574692442882249,0.26778769771528993,11.0,2.0,Long Inactive,Low Value,Low Frequency
CUST2355,33,Female,USA,active,1,8,1353.6,1353.6,169.2,4.0,0,24.0,24,24,2025-02-02,2025-02-02,2022-10-26,309,830,0.03488372093023256,8.0,1,1,1,0.0,1353.6,169.2,0.0012033694344163659,2436.48,48.92530120481927,0.2891566265060241,0.0,3167.424,1.0,0.4397590361445783,595.2578313253011,3.5180722891566263,88.0655421686747,2.2739726027397262,0.4397590361445783,48.92530120481927,33840.0,0.0012033694344163659,2.931985559566787,0.0,2.0,Long Inactive,High Value,Low Frequency
CUST2356,58,Female,India,active,1,2,335.08,335.08,167.54,2.6,0,12.0,12,12,2025-09-06,2025-09-06,2023-04-07,93,883,0.03285870755750274,2.0,1,1,1,0.0,335.08,167.54,0.0011312217194570137,509.3216,11.384371460928651,0.06795016987542468,0.0,519.508032,1.0,0.4133635334088335,138.50985277463192,0.826727066817667,17.304244620611552,2.419178082191781,0.4133635334088335,11.384371460928651,4356.04,0.0011312217194570137,0.5761556561085973,0.0,2.0,At Risk,Low Value,Low Frequency
CUST2357,49,Female,UK,cancelled,1,9,1002.51,1002.51,111.39,3.8,3,29.0,29,29,2023-09-16,2023-09-16,2021-11-13,814,672,0.042735042735042736,9.0,1,1,1,3.0,1002.51,111.39,0.0014858841010401188,1764.4176,44.754910714285714,0.4017857142857143,3.0,2223.166176,1.0,0.5431547619047619,544.5180803571428,4.888392857142857,78.76864285714286,1.841095890410959,0.5431547619047619,44.754910714285714,30075.3,0.0014858841010401188,2.621720059435364,90.0,2.0,Long Inactive,Medium Value,Low Frequency
CUST2358,58,Female,Germany,cancelled,1,9,1700.1000000000001,1700.1000000000001,188.9,4.5,4,47.0,47,47,2025-08-16,2025-08-16,2021-06-10,114,1528,0.019255455712451863,9.0,1,1,1,4.0,1700.1000000000001,188.9,0.0006540222367560497,3230.19,33.378926701570684,0.17670157068062828,4.0,4522.266,1.0,0.23887434554973824,406.11027486911,2.149869109947644,63.4199607329843,4.186301369863013,0.23887434554973824,33.378926701570684,81604.8,0.0006540222367560497,2.1126160889470245,192.0,2.0,At Risk,Very High Value,Low Frequency
CUST2359,57,Female,USA,active,1,3,973.6200000000001,973.6200000000001,324.54,3.5,0,26.0,26,26,2024-10-25,2024-10-25,2023-08-15,409,437,0.06423982869379015,3.0,1,1,1,0.0,973.6200000000001,324.54,0.00228310502283105,1655.1540000000002,66.83890160183067,0.20594965675057209,0.0,1986.1848000000002,1.0,0.8352402745995423,813.2066361556065,2.505720823798627,113.62613272311215,1.1972602739726028,0.8352402745995423,66.83890160183067,26287.74,0.00228310502283105,3.7788904109589043,0.0,2.0,Long Inactive,Medium Value,Low Frequency
CUST2360,65,Female,UK,active,1,9,566.91,566.91,62.99,3.9,3,3.0,3,3,2025-09-02,2025-09-02,2021-01-31,97,1675,0.01759530791788856,9.0,1,1,1,3.0,566.91,62.989999999999995,0.0005966587112171838,1009.0998,10.153611940298507,0.16119402985074627,3.0,1291.6477439999999,1.0,0.21791044776119403,123.5356119402985,1.9611940298507462,18.07342925373134,4.589041095890411,0.21791044776119403,10.153611940298507,2267.64,0.0005966587112171838,0.6020881861575179,12.0,2.0,At Risk,Medium Value,Low Frequency
CUST2361,58,Male,USA,active,1,4,1884.2,1884.2,471.05,4.0,2,49.0,49,49,2023-07-24,2023-07-24,2021-08-17,868,706,0.04076086956521739,4.0,1,1,1,2.0,1884.2,471.05,0.0014144271570014145,3391.56,80.06515580736543,0.16997167138810196,2.0,4409.028,1.0,0.5169971671388102,974.1260623229462,2.0679886685552407,144.1172804532578,1.9342465753424658,0.5169971671388102,80.06515580736543,94210.0,0.0014144271570014145,4.797114568599717,100.0,2.0,Long Inactive,Very High Value,Low Frequency
CUST2362,67,Female,Canada,paused,1,8,184.08,184.08,23.01,4.0,1,3.0,3,3,2025-07-24,2025-07-24,2022-03-07,137,1235,0.023715415019762848,8.0,1,1,1,1.0,184.08,23.01,0.0008090614886731392,331.34400000000005,4.471578947368422,0.19433198380566802,1.0,430.7472000000001,1.0,0.2955465587044534,54.40421052631579,2.364372469635627,8.04884210526316,3.3835616438356166,0.2955465587044534,4.471578947368422,736.32,0.0008090614886731392,0.26807766990291265,4.0,2.0,At Risk,Low Value,Low Frequency
CUST2363,41,Female,Pakistan,paused,1,6,690.54,690.54,115.09,3.5,2,36.0,36,36,2025-12-04,2025-12-04,2023-04-05,4,974,0.0298804780876494,6.0,1,1,1,2.0,690.54,115.08999999999999,0.0010256410256410256,1173.918,21.26919917864476,0.18480492813141683,2.0,1408.7015999999999,1.0,0.3747433264887064,258.7752566735113,2.248459958932238,36.15763860369609,2.6684931506849314,0.3747433264887064,21.26919917864476,25549.98,0.0010256410256410256,1.2040184615384615,74.0,2.0,Very Recent,Medium Value,Low Frequency
CUST2364,23,Male,Canada,cancelled,1,1,1588.58,1588.58,1588.58,4.0,3,40.0,40,40,2022-01-15,2022-01-15,2020-12-28,1423,383,0.07263922518159806,1.0,1,1,1,3.0,1588.58,1588.58,0.0026041666666666665,2859.444,124.43185378590077,0.07832898172323759,3.0,3717.2772,1.0,0.9530026109660574,1513.9208877284593,0.9530026109660574,223.9773368146214,1.0493150684931507,0.9530026109660574,124.43185378590077,65131.78,0.0026041666666666665,7.446468749999999,123.0,2.0,Long Inactive,Very High Value,Low Frequency
CUST2365,45,Female,UK,paused,1,7,912.3100000000001,912.3100000000001,130.33,3.4,3,48.0,48,48,2023-05-14,2023-05-14,2022-09-09,939,247,0.10830324909747294,7.0,1,1,1,3.0,912.3100000000001,130.33,0.004032258064516129,1532.6808,110.80688259109314,0.8502024291497977,3.0,1808.563344,1.0,1.4777327935222673,1348.1504048582997,10.34412955465587,186.15556275303646,0.6767123287671233,1.4777327935222673,110.80688259109314,44703.19,0.004032258064516129,6.180164516129032,147.0,2.0,Long Inactive,Medium Value,Low Frequency
CUST2366,57,Female,India,active,1,7,84.28,84.28,12.04,4.2,4,9.0,9,9,2022-09-27,2022-09-27,2022-12-06,1168,0,1.0,7.0,1,1,1,4.0,84.28,12.040000000000001,1.0,155.0752,842.8,70.0,4.0,207.800768,1.0,365.0,30762.2,2555.0,1550.752,0.0,365.0,842.8,842.8,1.0,155.0752,40.0,2.0,Long Inactive,Low Value,Low Frequency
CUST2367,41,Female,Canada,active,1,1,246.03,246.03,246.03,3.8,4,17.0,17,17,2025-03-08,2025-03-08,2021-03-15,275,1454,0.02021563342318059,1.0,1,1,1,4.0,246.03,246.03,0.0006872852233676976,433.0128,5.076272352132049,0.02063273727647868,4.0,545.596128,1.0,0.25103163686382396,61.7613136176066,0.25103163686382396,8.934239339752407,3.9835616438356163,0.25103163686382396,5.076272352132049,4428.54,0.0006872852233676976,0.2976032989690722,72.0,2.0,Long Inactive,Low Value,Low Frequency
CUST2368,54,Male,Germany,cancelled,1,1,908.2,908.2,908.2,4.1,4,18.0,18,18,2023-07-26,2023-07-26,2021-01-27,866,910,0.03191489361702128,1.0,1,1,1,4.0,908.2,908.2,0.0010976948408342481,1652.924,29.940659340659344,0.03296703296703297,4.0,2181.8596799999996,1.0,0.40109890109890106,364.27802197802197,0.40109890109890106,54.492000000000004,2.493150684931507,0.40109890109890106,29.940659340659344,17255.8,0.0010976948408342481,1.8144061470911088,76.0,2.0,Long Inactive,Medium Value,Low Frequency
CUST2369,57,Other,India,cancelled,1,9,1350.0,1350.0,150.0,4.2,2,35.0,35,35,2021-12-30,2021-12-30,2021-02-24,1439,309,0.08849557522123894,9.0,1,1,1,2.0,1350.0,150.0,0.0032258064516129032,2484.0,131.06796116504853,0.8737864077669902,2.0,3328.5600000000004,1.0,1.1812297734627832,1594.6601941747574,10.63106796116505,241.1650485436893,0.8465753424657534,1.1812297734627832,131.06796116504853,48600.0,0.0032258064516129032,8.012903225806452,72.0,2.0,Long Inactive,High Value,Low Frequency
CUST2370,61,Male,India,active,1,5,710.4000000000001,710.4000000000001,142.08,4.3,3,22.0,22,22,2024-04-05,2024-04-05,2021-10-28,612,890,0.03260869565217391,5.0,1,1,1,3.0,710.4000000000001,142.08,0.001122334455667789,1321.344,23.94606741573034,0.16853932584269662,3.0,1797.02784,1.0,0.4101123595505618,291.34382022471914,2.0505617977528092,44.539685393258424,2.4383561643835616,0.4101123595505618,23.94606741573034,16339.200000000003,0.001122334455667789,1.482989898989899,69.0,2.0,Long Inactive,Medium Value,Low Frequency
CUST2371,19,Male,Canada,active,1,5,1897.8,1897.8,379.56,4.2,2,9.0,9,9,2021-08-06,2021-08-06,2021-04-27,1585,101,0.22900763358778622,5.0,1,1,1,2.0,1897.8,379.56,0.00980392156862745,3491.952,563.7029702970297,1.4851485148514851,2.0,4679.21568,1.0,3.6138613861386144,6858.3861386138615,18.06930693069307,1037.2134653465348,0.27671232876712326,3.6138613861386144,563.7029702970297,18978.0,0.00980392156862745,34.23482352941177,20.0,2.0,Long Inactive,Very High Value,Low Frequency
CUST2372,23,Female,Canada,active,1,5,514.9,514.9,102.98,4.1,2,37.0,37,37,2024-11-07,2024-11-07,2023-08-04,396,461,0.06109979633401222,5.0,1,1,1,2.0,514.9,102.97999999999999,0.0021645021645021645,937.1179999999998,33.50759219088937,0.32537960954446854,2.0,1236.9957599999996,1.0,0.7917570498915402,407.675704989154,3.9587852494577005,60.983817787418644,1.263013698630137,0.7917570498915402,33.50759219088937,19566.2,0.0021645021645021645,2.028393939393939,76.0,2.0,Long Inactive,Low Value,Low Frequency
CUST2373,64,Female,Canada,paused,1,7,1772.26,1772.26,253.18,3.9,3,36.0,36,36,2024-09-15,2024-09-15,2021-07-06,449,1167,0.025062656641604012,7.0,1,1,1,3.0,1772.26,253.18,0.0008561643835616438,3154.6228,45.559383033419024,0.17994858611825193,3.0,4037.9171840000004,1.0,0.31276778063410454,554.3058269065981,2.189374464438732,81.09570179948587,3.197260273972603,0.31276778063410454,45.559383033419024,65573.62,0.0008561643835616438,2.700875684931507,111.0,2.0,Long Inactive,Very High Value,Low Frequency
CUST2374,64,Male,Canada,cancelled,1,3,584.3100000000001,584.3100000000001,194.77,3.3,3,39.0,39,39,2023-06-18,2023-06-18,2022-05-21,904,393,0.07092198581560284,3.0,1,1,1,3.0,584.3100000000001,194.77,0.0025380710659898475,969.9546,44.60381679389314,0.22900763358778625,3.0,1125.147336,1.0,0.9287531806615776,542.6797709923666,2.786259541984733,74.0423358778626,1.0767123287671232,0.9287531806615776,44.60381679389314,23372.4,0.0025380710659898475,2.461813705583756,120.0,2.0,Long Inactive,Medium Value,Low Frequency
CUST2375,50,Male,UK,active,1,1,684.85,684.85,684.85,4.3,4,13.0,13,13,2025-01-21,2025-01-21,2023-07-31,321,540,0.05263157894736842,1.0,1,1,1,4.0,684.85,684.85,0.0018484288354898336,1273.821,38.047222222222224,0.05555555555555555,4.0,1732.3965599999997,1.0,0.6759259259259259,462.9078703703704,0.6759259259259259,70.76783333333333,1.4794520547945205,0.6759259259259259,38.047222222222224,9587.9,0.0018484288354898336,2.3545674676524952,56.0,2.0,Long Inactive,Medium Value,Low Frequency
CUST2376,63,Female,Pakistan,active,1,5,399.20000000000005,399.20000000000005,79.84,3.9,0,3.0,3,3,2025-05-19,2025-05-19,2023-07-07,203,682,0.042134831460674156,5.0,1,1,1,0.0,399.20000000000005,79.84,0.0014641288433382138,710.5760000000001,17.560117302052788,0.21994134897360704,0.0,909.5372800000002,1.0,0.5351906158357771,213.64809384164224,2.6759530791788855,31.257008797653963,1.8684931506849316,0.5351906158357771,17.560117302052788,1596.8000000000002,0.0014641288433382138,1.040374816983895,0.0,2.0,Long Inactive,Low Value,Low Frequency
CUST2377,38,Female,Canada,cancelled,1,9,531.09,531.09,59.01,4.3,4,47.0,47,47,2024-07-13,2024-07-13,2020-11-20,513,1331,0.02204261572373255,9.0,1,1,1,4.0,531.09,59.010000000000005,0.0007507507507507507,987.8274,11.97047332832457,0.20285499624342598,4.0,1343.445264,1.0,0.2742299023290759,145.64075882794893,2.4680691209616827,22.265080390683696,3.6465753424657534,0.2742299023290759,11.97047332832457,25492.32,0.0007507507507507507,0.7416121621621622,192.0,2.0,Long Inactive,Low Value,Low Frequency
CUST2378,33,Female,Germany,cancelled,1,2,582.0,582.0,291.0,3.6,4,47.0,47,47,2025-07-07,2025-07-07,2023-06-05,154,763,0.03783102143757881,2.0,1,1,1,4.0,582.0,291.0,0.0013089005235602095,1001.04,22.883355176933158,0.07863695937090433,4.0,1221.2687999999998,1.0,0.47837483617300125,278.41415465268676,0.9567496723460025,39.35937090432503,2.0904109589041098,0.47837483617300125,22.883355176933158,27936.0,0.0013089005235602095,1.310261780104712,192.0,2.0,At Risk,Medium Value,Low Frequency
CUST2379,22,Female,USA,paused,1,7,1115.8,1115.8,159.4,3.8,1,37.0,37,37,2022-08-29,2022-08-29,2020-09-29,1197,699,0.0411522633744856,7.0,1,1,1,1.0,1115.8,159.4,0.0014285714285714286,1963.808,47.888412017167376,0.3004291845493562,1.0,2474.39808,1.0,0.5221745350500715,582.6423462088698,3.6552217453505005,84.28360515021458,1.915068493150685,0.5221745350500715,47.888412017167376,42400.4,0.0014285714285714286,2.80544,38.0,2.0,Long Inactive,High Value,Low Frequency
CUST2380,67,Female,USA,cancelled,1,1,755.57,755.57,755.57,3.9,3,20.0,20,20,2024-10-22,2024-10-22,2021-01-08,412,1383,0.021231422505307854,1.0,1,1,1,3.0,755.57,755.57,0.000722543352601156,1344.9146,16.389804772234275,0.021691973969631236,3.0,1721.490688,1.0,0.26391901663051337,199.40929139551702,0.26391901663051337,29.173852494577005,3.789041095890411,0.26391901663051337,16.389804772234275,15866.970000000001,0.000722543352601156,0.9717591040462428,63.0,2.0,Long Inactive,Medium Value,Low Frequency
CUST2381,63,Male,USA,active,1,9,1721.16,1721.16,191.24,4.6,1,5.0,5,5,2024-10-27,2024-10-27,2021-12-08,407,1054,0.027675276752767528,9.0,1,1,1,1.0,1721.16,191.24,0.0009478672985781991,3304.6272,48.98937381404175,0.25616698292220114,1.0,4692.570624,1.0,0.34629981024667933,596.0373814041747,3.116698292220114,94.05959772296015,2.8876712328767122,0.34629981024667933,48.98937381404175,10326.960000000001,0.0009478672985781991,3.132348056872038,6.0,2.0,Long Inactive,Very High Value,Low Frequency
CUST2382,64,Other,USA,paused,1,1,161.58,161.58,161.58,3.8,3,10.0,10,10,2023-10-21,2023-10-21,2021-09-30,779,751,0.03841229193341869,1.0,1,1,1,3.0,161.58,161.58,0.0013297872340425532,284.3808,6.454593874833555,0.03994673768308921,3.0,358.319808,1.0,0.4860186418109188,78.53089214380827,0.4860186418109188,11.360085219707058,2.0575342465753423,0.4860186418109188,6.454593874833555,1777.38,0.0013297872340425532,0.37816595744680853,33.0,2.0,Long Inactive,Low Value,Low Frequency
CUST2383,67,Female,Germany,paused,1,8,126.56,126.56,15.82,3.9,3,34.0,34,34,2025-07-01,2025-07-01,2022-04-26,160,1162,0.025167785234899327,8.0,1,1,1,3.0,126.56,15.82,0.0008598452278589854,225.2768,3.2674698795180723,0.20654044750430292,3.0,288.354304,1.0,0.31411359724612736,39.75421686746988,2.512908777969019,5.816096385542169,3.1835616438356165,0.31411359724612736,3.2674698795180723,4429.6,0.0008598452278589854,0.19370318142734308,105.0,2.0,At Risk,Low Value,Low Frequency
CUST2384,53,Male,Pakistan,active,1,2,1592.44,1592.44,796.22,4.1,3,2.0,2,2,2024-01-09,2024-01-09,2023-05-06,699,248,0.1079136690647482,2.0,1,1,1,3.0,1592.44,796.22,0.004016064257028112,2898.2408,192.63387096774193,0.24193548387096772,3.0,3825.677856,1.0,1.4717741935483872,2343.7120967741935,2.9435483870967745,350.5936451612903,0.6794520547945205,1.4717741935483872,192.63387096774193,4777.32,0.004016064257028112,11.639521285140562,9.0,2.0,Long Inactive,Very High Value,Low Frequency
CUST2385,44,Male,Pakistan,cancelled,1,4,822.44,822.44,205.61,3.6,2,39.0,39,39,2024-07-14,2024-07-14,2023-12-06,512,221,0.1195219123505976,4.0,1,1,1,2.0,822.44,205.61,0.0045045045045045045,1414.5968,111.64343891402716,0.5429864253393666,2.0,1725.808096,1.0,1.65158371040724,1358.3285067873305,6.60633484162896,192.0267149321267,0.6054794520547945,1.65158371040724,111.64343891402716,32897.600000000006,0.0045045045045045045,6.372057657657658,80.0,2.0,Long Inactive,Medium Value,Low Frequency
CUST2386,26,Male,India,active,1,3,815.0999999999999,815.0999999999999,271.7,4.4,2,18.0,18,18,2025-05-01,2025-05-01,2022-12-17,221,866,0.033482142857142856,3.0,1,1,1,2.0,815.0999999999999,271.7,0.0011534025374855825,1532.388,28.236720554272512,0.10392609699769052,2.0,2114.69544,1.0,0.42147806004618943,343.54676674364896,1.2644341801385683,53.085034642032326,2.372602739726027,0.42147806004618943,28.236720554272512,15486.899999999998,0.0011534025374855825,1.7674602076124568,38.0,2.0,Long Inactive,Medium Value,Low Frequency
CUST2387,25,Female,Pakistan,active,1,6,281.76,281.76,46.96,4.3,1,15.0,15,15,2023-11-25,2023-11-25,2023-04-04,744,235,0.11320754716981134,6.0,1,1,1,1.0,281.76,46.96,0.00423728813559322,524.0735999999999,35.96936170212766,0.7659574468085106,1.0,712.7400959999999,1.0,1.553191489361702,437.62723404255314,9.319148936170212,66.90301276595744,0.6438356164383562,1.553191489361702,35.96936170212766,4508.16,0.00423728813559322,2.2206508474576268,16.0,2.0,Long Inactive,Low Value,Low Frequency
CUST2388,64,Female,Germany,active,1,1,1221.69,1221.69,1221.69,4.7,2,8.0,8,8,2024-09-25,2024-09-25,2022-04-12,439,897,0.03236245954692557,1.0,1,1,1,2.0,1221.69,1221.69,0.0011135857461024498,2370.0786,40.85919732441472,0.033444816053511704,2.0,3412.9131839999995,1.0,0.40691192865105913,497.12023411371246,0.40691192865105913,79.26684280936455,2.4575342465753423,0.40691192865105913,40.85919732441472,10995.210000000001,0.0011135857461024498,2.6392857461024497,18.0,2.0,Long Inactive,High Value,Low Frequency
CUST2389,39,Male,Germany,cancelled,1,3,1270.6200000000001,1270.6200000000001,423.54,4.3,3,12.0,12,12,2024-03-01,2024-03-01,2021-05-22,647,1014,0.02873563218390805,3.0,1,1,1,3.0,1270.6200000000001,423.54,0.0009852216748768472,2363.3532,37.5923076923077,0.08875739644970415,3.0,3214.160352,1.0,0.3599605522682446,457.373076923077,1.0798816568047338,69.92169230769231,2.778082191780822,0.3599605522682446,37.5923076923077,16518.06,0.0009852216748768472,2.3284267980295565,39.0,2.0,Long Inactive,High Value,Low Frequency
CUST2390,26,Female,India,cancelled,1,9,1612.8,1612.8,179.2,3.9,3,40.0,40,40,2024-06-30,2024-06-30,2022-01-27,526,885,0.03278688524590164,9.0,1,1,1,3.0,1612.8,179.2,0.001128668171557562,2870.784,54.671186440677964,0.3050847457627119,3.0,3674.60352,1.0,0.4124293785310735,665.1661016949153,3.7118644067796613,97.31471186440679,2.4246575342465753,0.4124293785310735,54.671186440677964,66124.8,0.001128668171557562,3.240162528216704,123.0,2.0,Long Inactive,Very High Value,Low Frequency
CUST2391,54,Male,USA,active,1,4,148.12,148.12,37.03,3.9,0,31.0,31,31,2021-05-25,2021-05-25,2020-10-17,1658,220,0.12000000000000002,4.0,1,1,1,0.0,148.12,37.03,0.004524886877828055,263.65360000000004,20.19818181818182,0.5454545454545455,0.0,337.47660800000006,1.0,1.6590909090909092,245.7445454545455,6.636363636363637,35.95276363636364,0.6027397260273972,1.6590909090909092,20.19818181818182,4739.84,0.004524886877828055,1.193002714932127,0.0,2.0,Long Inactive,Low Value,Low Frequency
CUST2392,63,Male,India,active,1,8,949.04,949.04,118.63,3.7,0,47.0,47,47,2021-03-07,2021-03-07,2020-10-10,1737,148,0.16853932584269662,8.0,1,1,1,0.0,949.04,118.63,0.006711409395973154,1651.3296,192.37297297297295,1.6216216216216215,0.0,2047.648704,1.0,2.4662162162162162,2340.5378378378377,19.72972972972973,334.72897297297294,0.4054794520547945,2.4662162162162162,192.37297297297295,45553.92,0.006711409395973154,11.082748993288591,0.0,2.0,Long Inactive,Medium Value,Low Frequency
CUST2393,33,Male,UK,paused,1,5,1298.8,1298.8,259.76,3.5,1,15.0,15,15,2024-08-09,2024-08-09,2023-10-04,486,310,0.08823529411764705,5.0,1,1,1,1.0,1298.8,259.76,0.003215434083601286,2207.96,125.69032258064514,0.48387096774193544,1.0,2649.552,1.0,1.1774193548387097,1529.2322580645161,5.887096774193549,213.67354838709676,0.8493150684931506,1.1774193548387097,125.69032258064514,20780.8,0.003215434083601286,7.099549839228296,16.0,2.0,Long Inactive,High Value,Low Frequency
CUST2394,51,Male,UK,paused,1,5,847.4,847.4,169.48,4.0,2,39.0,39,39,2024-06-16,2024-06-16,2021-10-28,540,962,0.030241935483870965,5.0,1,1,1,2.0,847.4,169.48,0.0010384215991692627,1525.32,26.426195426195424,0.1559251559251559,2.0,1982.916,1.0,0.3794178794178794,321.51871101871103,1.897089397089397,47.56715176715176,2.6356164383561644,0.3794178794178794,26.426195426195424,33896.0,0.0010384215991692627,1.5839252336448597,80.0,2.0,Long Inactive,Medium Value,Low Frequency
CUST2395,59,Male,UK,cancelled,1,9,895.59,895.59,99.51,4.1,4,31.0,31,31,2024-04-02,2024-04-02,2021-10-10,615,905,0.0320855614973262,9.0,1,1,1,4.0,895.59,99.51,0.0011037527593818985,1629.9738,29.68806629834254,0.2983425414364641,4.0,2151.565416,1.0,0.4033149171270718,361.20480662983425,3.6298342541436464,54.032280662983425,2.4794520547945207,0.4033149171270718,29.68806629834254,28658.88,0.0011037527593818985,1.7990880794701987,128.0,2.0,Long Inactive,Medium Value,Low Frequency
CUST2396,62,Female,UK,active,1,1,1615.8,1615.8,1615.8,3.9,3,9.0,9,9,2025-01-18,2025-01-18,2021-08-28,324,1239,0.023640661938534282,1.0,1,1,1,3.0,1615.8,1615.8,0.0008064516129032258,2876.124,39.12348668280872,0.02421307506053269,3.0,3681.4387199999996,1.0,0.294592413236481,476.00242130750604,0.294592413236481,69.63980629539951,3.3945205479452056,0.294592413236481,39.12348668280872,16158.0,0.0008064516129032258,2.319454838709677,30.0,2.0,Long Inactive,Very High Value,Low Frequency
CUST2397,67,Female,Pakistan,active,1,1,1785.74,1785.74,1785.74,4.4,2,41.0,41,41,2025-02-25,2025-02-25,2021-08-21,286,1284,0.022831050228310504,1.0,1,1,1,2.0,1785.74,1785.74,0.0007782101167315176,3357.1912,41.722897196261684,0.023364485981308414,2.0,4632.923856,1.0,0.2842679127725857,507.6285825545171,0.2842679127725857,78.43904672897197,3.5178082191780824,0.2842679127725857,41.722897196261684,75001.08,0.0007782101167315176,2.6126001556420237,84.0,2.0,Long Inactive,Very High Value,Low Frequency
CUST2398,69,Male,Canada,active,1,7,582.96,582.96,83.28,4.3,4,33.0,33,33,2022-05-11,2022-05-11,2021-01-30,1307,466,0.060483870967741944,7.0,1,1,1,4.0,582.96,83.28,0.0021413276231263384,1084.3056,37.529613733905585,0.45064377682403434,4.0,1474.6556159999998,1.0,0.7832618025751072,456.6103004291845,5.482832618025751,69.80508154506437,1.2767123287671234,0.7832618025751072,37.529613733905585,19820.64,0.0021413276231263384,2.3218535331905783,136.0,2.0,Long Inactive,Medium Value,Low Frequency
CUST2399,31,Male,USA,active,1,9,393.84,393.84,43.76,4.5,1,49.0,49,49,2023-04-05,2023-04-05,2021-08-22,978,591,0.04830917874396135,9.0,1,1,1,1.0,393.84,43.76,0.0016891891891891893,748.2959999999999,19.991878172588834,0.4568527918781726,1.0,1047.6144,1.0,0.6175972927241963,243.23451776649748,5.558375634517767,37.98456852791878,1.6191780821917807,0.6175972927241963,19.991878172588834,19692.0,0.0016891891891891893,1.2640135135135135,50.0,2.0,Long Inactive,Low Value,Low Frequency
CUST2400,18,Male,Canada,active,1,4,1660.88,1660.88,415.22,4.0,4,35.0,35,35,2024-09-11,2024-09-11,2021-10-11,453,1066,0.02737226277372263,4.0,1,1,1,4.0,1660.88,415.22,0.0009372071227741331,2989.5840000000003,46.741463414634154,0.11257035647279551,4.0,3886.4592000000007,1.0,0.3424015009380863,568.6878048780487,1.3696060037523452,84.13463414634148,2.9205479452054797,0.3424015009380863,46.741463414634154,59791.68000000001,0.0009372071227741331,2.8018594189315844,144.0,2.0,Long Inactive,Very High Value,Low Frequency
CUST2401,56,Male,India,cancelled,1,6,1567.92,1567.92,261.32,3.9,2,32.0,32,32,2024-09-15,2024-09-15,2020-12-29,449,1356,0.021645021645021644,6.0,1,1,1,2.0,1567.92,261.32,0.0007369196757553427,2790.8976000000002,34.68849557522124,0.1327433628318584,2.0,3572.3489280000003,1.0,0.2691740412979351,422.0433628318584,1.6150442477876108,61.74552212389381,3.7150684931506848,0.2691740412979351,34.68849557522124,51741.36,0.0007369196757553427,2.0566673544583645,66.0,2.0,Long Inactive,Very High Value,Low Frequency
CUST2402,57,Female,USA,active,1,3,799.17,799.17,266.39,4.2,3,32.0,32,32,2023-10-28,2023-10-28,2022-01-06,772,660,0.043478260869565216,3.0,1,1,1,3.0,799.17,266.39,0.0015128593040847202,1470.4728,36.325909090909086,0.13636363636363635,3.0,1970.4335520000002,1.0,0.5530303030303031,441.96522727272725,1.6590909090909092,66.83967272727273,1.8082191780821917,0.5530303030303031,36.325909090909086,26372.609999999997,0.0015128593040847202,2.2246184568835097,99.0,2.0,Long Inactive,Medium Value,Low Frequency
CUST2403,35,Other,USA,paused,1,8,1058.48,1058.48,132.31,4.1,2,11.0,11,11,2021-10-11,2021-10-11,2021-05-17,1519,147,0.1694915254237288,8.0,1,1,1,2.0,1058.48,132.31,0.006756756756756757,1926.4335999999998,216.01632653061225,1.6326530612244896,2.0,2542.8923519999994,1.0,2.4829931972789114,2628.198639455782,19.86394557823129,393.1497142857142,0.40273972602739727,2.4829931972789114,216.01632653061225,12701.76,0.006756756756756757,13.016443243243243,24.0,2.0,Long Inactive,High Value,Low Frequency
CUST2404,56,Male,UK,active,1,5,1923.4,1923.4,384.68,3.7,3,18.0,18,18,2023-05-27,2023-05-27,2023-04-05,926,52,0.36585365853658536,5.0,1,1,1,3.0,1923.4,384.68,0.018867924528301886,3346.7160000000003,1109.6538461538462,2.8846153846153846,3.0,4149.92784,1.0,7.019230769230769,13500.788461538463,35.09615384615385,1930.7976923076924,0.14246575342465753,7.019230769230769,1109.6538461538462,36544.6,0.018867924528301886,63.14558490566038,57.0,2.0,Long Inactive,Very High Value,Low Frequency
CUST2405,20,Male,Canada,active,1,1,1914.38,1914.38,1914.38,4.1,5,10.0,10,10,2023-02-18,2023-02-18,2022-03-19,1024,336,0.0819672131147541,1.0,1,1,1,5.0,1914.38,1914.38,0.002967359050445104,3484.1715999999997,170.92678571428573,0.08928571428571429,5.0,4599.106511999999,1.0,1.0863095238095237,2079.6092261904764,1.0863095238095237,311.08675,0.9205479452054794,1.0863095238095237,170.92678571428573,21058.18,0.002967359050445104,10.338788130563797,55.0,2.0,Long Inactive,Very High Value,Low Frequency
CUST2406,49,Male,Pakistan,active,1,2,1358.82,1358.82,679.41,4.2,0,41.0,41,41,2023-07-15,2023-07-15,2023-05-06,877,70,0.3,2.0,1,1,1,0.0,1358.82,679.41,0.014084507042253521,2500.2288,582.3514285714285,0.8571428571428571,0.0,3350.306592,1.0,5.214285714285714,7085.2757142857145,10.428571428571429,1071.5266285714285,0.1917808219178082,5.214285714285714,582.3514285714285,57070.439999999995,0.014084507042253521,35.21449014084507,0.0,2.0,Long Inactive,High Value,Low Frequency
CUST2407,63,Male,Pakistan,cancelled,1,3,436.14,436.14,145.38,4.3,2,30.0,30,30,2021-11-11,2021-11-11,2021-08-17,1488,86,0.25862068965517243,3.0,1,1,1,2.0,436.14,145.38,0.011494252873563218,811.2203999999999,152.14186046511628,1.0465116279069768,2.0,1103.2597439999997,1.0,4.2441860465116275,1851.0593023255813,12.732558139534884,282.98386046511627,0.2356164383561644,4.2441860465116275,152.14186046511628,13520.34,0.011494252873563218,9.324372413793103,62.0,2.0,Long Inactive,Low Value,Low Frequency
CUST2408,33,Female,Germany,active,1,7,1533.5600000000002,1533.5600000000002,219.08,3.6,3,16.0,16,16,2021-04-18,2021-04-18,2021-01-22,1695,86,0.25862068965517243,7.0,1,1,1,3.0,1533.5600000000002,219.08,0.011494252873563218,2637.7232000000004,534.9627906976744,2.441860465116279,3.0,3218.0223040000005,1.0,4.2441860465116275,6508.713953488373,29.709302325581394,920.1360000000001,0.2356164383561644,4.2441860465116275,534.9627906976744,26070.520000000004,0.011494252873563218,30.318657471264373,51.0,2.0,Long Inactive,Very High Value,Low Frequency
CUST2409,43,Male,India,active,1,7,636.09,636.09,90.87,4.1,2,25.0,25,25,2021-09-15,2021-09-15,2021-04-24,1545,144,0.1724137931034483,7.0,1,1,1,2.0,636.09,90.87,0.006896551724137931,1157.6838,132.51875,1.4583333333333335,2.0,1528.1426159999999,1.0,2.5347222222222223,1612.3114583333333,17.743055555555557,241.18412500000002,0.39452054794520547,2.5347222222222223,132.51875,16538.34,0.006896551724137931,7.9840262068965515,52.0,2.0,Long Inactive,Medium Value,Low Frequency
CUST2410,21,Male,Germany,paused,1,2,72.02,72.02,36.01,4.5,4,9.0,9,9,2024-06-14,2024-06-14,2023-04-28,542,413,0.06772009029345372,2.0,1,1,1,4.0,72.02,36.01,0.0024154589371980675,136.838,5.231476997578692,0.14527845036319612,4.0,191.57319999999999,1.0,0.8837772397094432,63.649636803874095,1.7675544794188864,9.939806295399515,1.1315068493150684,0.8837772397094432,5.231476997578692,720.1999999999999,0.0024154589371980675,0.33052657004830915,40.0,2.0,Long Inactive,Low Value,Low Frequency
CUST2411,65,Male,USA,paused,1,5,1940.3,1940.3,388.06,4.2,2,45.0,45,45,2024-08-13,2024-08-13,2022-12-26,482,596,0.04792332268370607,5.0,1,1,1,2.0,1940.3,388.06,0.0016750418760469012,3570.152,97.66610738255034,0.25167785234899326,2.0,4784.003680000001,1.0,0.6124161073825504,1188.2709731543623,3.062080536912752,179.7056375838926,1.632876712328767,0.6124161073825504,97.66610738255034,89253.8,0.0016750418760469012,5.9801541038525965,92.0,2.0,Long Inactive,Very High Value,Low Frequency
CUST2412,48,Female,Canada,active,1,4,327.28,327.28,81.82,4.3,5,33.0,33,33,2025-03-23,2025-03-23,2021-05-08,260,1415,0.020761245674740487,4.0,1,1,1,5.0,327.28,81.82,0.0007062146892655367,608.7407999999999,6.938798586572438,0.08480565371024736,5.0,827.8874879999998,1.0,0.2579505300353357,84.42204946996466,1.0318021201413428,12.906165371024734,3.8767123287671232,0.2579505300353357,6.938798586572438,11127.519999999999,0.0007062146892655367,0.4299016949152542,170.0,2.0,Long Inactive,Low Value,Low Frequency
CUST2413,42,Female,Germany,active,1,8,859.2,859.2,107.4,4.0,0,5.0,5,5,2025-08-05,2025-08-05,2021-11-29,125,1345,0.021818181818181816,8.0,1,1,1,0.0,859.2,107.4,0.0007429420505200594,1546.5600000000002,19.164312267657994,0.17843866171003717,0.0,2010.5280000000002,1.0,0.27137546468401486,233.16579925650558,2.171003717472119,34.49576208178439,3.684931506849315,0.27137546468401486,19.164312267657994,5155.200000000001,0.0007429420505200594,1.1490044576523033,0.0,2.0,At Risk,Medium Value,Low Frequency
CUST2414,38,Male,USA,active,1,3,1969.9499999999998,1969.9499999999998,656.65,4.2,3,13.0,13,13,2024-01-05,2024-01-05,2022-10-28,703,434,0.06465517241379311,3.0,1,1,1,3.0,1969.9499999999998,656.65,0.0022988505747126436,3624.7079999999996,136.1716589861751,0.2073732718894009,3.0,4857.10872,1.0,0.8410138248847926,1656.7551843317972,2.5230414746543777,250.55585253456218,1.189041095890411,0.8410138248847926,136.1716589861751,27579.299999999996,0.0022988505747126436,8.332662068965517,42.0,2.0,Long Inactive,Very High Value,Low Frequency
CUST2415,69,Male,UK,active,1,8,1704.56,1704.56,213.07,4.2,1,47.0,47,47,2024-12-17,2024-12-17,2023-01-21,356,696,0.04132231404958678,8.0,1,1,1,1.0,1704.56,213.07,0.0014347202295552368,3136.3904,73.47241379310344,0.3448275862068966,1.0,4202.7631360000005,1.0,0.5244252873563219,893.914367816092,4.195402298850575,135.18924137931035,1.906849315068493,0.5244252873563219,73.47241379310344,81818.88,0.0014347202295552368,4.499842754662842,48.0,2.0,Long Inactive,Very High Value,Low Frequency
CUST2416,63,Female,Canada,cancelled,1,6,1559.3999999999999,1559.3999999999999,259.9,4.5,4,34.0,34,34,2024-08-10,2024-08-10,2023-04-05,485,493,0.05736137667304015,6.0,1,1,1,4.0,1559.3999999999999,259.9,0.0020242914979757085,2962.8599999999997,94.89249492900608,0.36511156186612576,4.0,4148.003999999999,1.0,0.7403651115618662,1154.525354969574,4.442190669371197,180.29574036511153,1.3506849315068492,0.7403651115618662,94.89249492900608,54578.99999999999,0.0020242914979757085,5.997692307692307,140.0,2.0,Long Inactive,Very High Value,Low Frequency
CUST2417,59,Female,UK,active,1,1,1499.25,1499.25,1499.25,3.8,1,4.0,4,4,2024-12-19,2024-12-19,2023-04-19,354,610,0.046875,1.0,1,1,1,1.0,1499.25,1499.25,0.0016366612111292963,2638.68,73.73360655737706,0.049180327868852465,1.0,3324.7367999999997,1.0,0.5983606557377049,897.0922131147541,0.5983606557377049,129.7711475409836,1.6712328767123288,0.5983606557377049,73.73360655737706,7496.25,0.0016366612111292963,4.318625204582651,5.0,2.0,Long Inactive,Very High Value,Low Frequency
CUST2418,57,Female,UK,active,1,9,1457.3700000000001,1457.3700000000001,161.93,4.4,2,39.0,39,39,2024-06-21,2024-06-21,2021-02-09,535,1228,0.02384737678855326,9.0,1,1,1,2.0,1457.3700000000001,161.93,0.0008136696501220504,2739.8556000000003,35.6035016286645,0.2198697068403909,2.0,3781.000728000001,1.0,0.2972312703583062,433.17593648208475,2.6750814332247557,66.93458306188927,3.3643835616438356,0.2972312703583062,35.6035016286645,58294.8,0.0008136696501220504,2.2293373474369407,80.0,2.0,Long Inactive,High Value,Low Frequency
CUST2419,33,Male,Pakistan,active,1,8,1836.4,1836.4,229.55,4.1,3,21.0,21,21,2025-08-17,2025-08-17,2021-05-22,113,1548,0.019011406844106463,8.0,1,1,1,3.0,1836.4,229.55,0.0006455777921239509,3342.248,35.58914728682171,0.15503875968992248,3.0,4411.76736,1.0,0.23578811369509045,433.00129198966414,1.8863049095607236,64.7722480620155,4.241095890410959,0.23578811369509045,35.58914728682171,40400.8,0.0006455777921239509,2.1576810845706906,66.0,2.0,At Risk,Very High Value,Low Frequency
CUST2420,66,Female,USA,cancelled,1,1,298.18,298.18,298.18,4.2,1,13.0,13,13,2024-04-25,2024-04-25,2023-04-24,592,367,0.07556675062972293,1.0,1,1,1,1.0,298.18,298.18,0.002717391304347826,548.6512,24.37438692098093,0.08174386920980926,1.0,735.1926080000001,1.0,0.9945504087193461,296.55504087193464,0.9945504087193461,44.84887193460491,1.0054794520547945,0.9945504087193461,24.37438692098093,4174.52,0.002717391304347826,1.4909000000000001,14.0,2.0,Long Inactive,Low Value,Low Frequency
CUST2421,56,Female,India,cancelled,1,1,1299.21,1299.21,1299.21,4.3,1,8.0,8,8,2024-12-11,2024-12-11,2022-01-16,362,1060,0.027522935779816512,1.0,1,1,1,1.0,1299.21,1299.21,0.000942507068803016,2416.5306,36.77009433962264,0.028301886792452827,1.0,3286.4816159999996,1.0,0.3443396226415094,447.36948113207546,0.3443396226415094,68.39237547169812,2.904109589041096,0.3443396226415094,36.77009433962264,11692.89,0.000942507068803016,2.2775971724787936,9.0,2.0,Long Inactive,High Value,Low Frequency
CUST2422,28,Female,India,active,1,7,1208.83,1208.83,172.69,4.1,0,19.0,19,19,2022-05-07,2022-05-07,2021-02-25,1311,436,0.06437768240343347,7.0,1,1,1,0.0,1208.83,172.69,0.002288329519450801,2200.0705999999996,83.17637614678898,0.481651376146789,0.0,2904.093191999999,1.0,0.8371559633027523,1011.979243119266,5.860091743119266,151.38100458715593,1.1945205479452055,0.8371559633027523,83.17637614678898,24176.6,0.002288329519450801,5.034486498855834,0.0,2.0,Long Inactive,High Value,Low Frequency
CUST2423,56,Female,UK,active,1,3,1437.3600000000001,1437.3600000000001,479.12,4.2,3,35.0,35,35,2024-03-02,2024-03-02,2023-02-16,646,380,0.07317073170731708,3.0,1,1,1,3.0,1437.3600000000001,479.12000000000006,0.0026246719160104987,2644.7424000000005,113.47578947368423,0.2368421052631579,3.0,3543.954816000001,1.0,0.9605263157894738,1380.6221052631581,2.8815789473684212,208.795452631579,1.0410958904109588,0.9605263157894738,113.47578947368423,51744.96000000001,0.0026246719160104987,6.941581102362206,108.0,2.0,Long Inactive,High Value,Low Frequency
CUST2424,53,Female,UK,active,1,8,1124.88,1124.88,140.61,4.1,2,2.0,2,2,2023-10-21,2023-10-21,2022-06-29,779,479,0.058939096267190565,8.0,1,1,1,2.0,1124.88,140.61,0.0020833333333333333,2047.2816,70.45177453027141,0.5010438413361169,2.0,2702.4117119999996,1.0,0.7620041753653445,857.1632567849688,6.096033402922756,128.22222964509393,1.3123287671232877,0.7620041753653445,70.45177453027141,3374.6400000000003,0.0020833333333333333,4.26517,6.0,2.0,Long Inactive,High Value,Low Frequency
CUST2425,49,Male,UK,paused,1,7,1458.3100000000002,1458.3100000000002,208.33,3.9,0,30.0,30,30,2022-05-21,2022-05-21,2021-03-05,1297,442,0.0635593220338983,7.0,1,1,1,0.0,1458.3100000000002,208.33,0.002257336343115124,2595.7918000000004,98.98031674208147,0.47511312217194573,0.0,3322.613504000001,1.0,0.82579185520362,1204.2605203619912,5.78054298642534,176.18496380090502,1.210958904109589,0.82579185520362,98.98031674208147,45207.61000000001,0.002257336343115124,5.859575169300226,0.0,2.0,Long Inactive,High Value,Low Frequency
CUST2426,23,Female,Germany,active,1,9,905.58,905.58,100.62,3.9,1,13.0,13,13,2024-05-26,2024-05-26,2021-06-21,561,1070,0.027272727272727275,9.0,1,1,1,1.0,905.58,100.62,0.0009337068160597573,1611.9324000000001,25.390093457943927,0.25233644859813087,1.0,2063.2734720000003,1.0,0.3411214953271028,308.91280373831773,3.070093457943925,45.1943663551402,2.9315068493150687,0.3411214953271028,25.390093457943927,12678.12,0.0009337068160597573,1.5050722689075633,14.0,2.0,Long Inactive,Medium Value,Low Frequency
CUST2427,21,Male,Germany,cancelled,1,8,53.12,53.12,6.64,3.8,0,15.0,15,15,2023-04-13,2023-04-13,2022-02-03,970,434,0.06465517241379311,8.0,1,1,1,0.0,53.12,6.64,0.0022988505747126436,93.49119999999999,3.6718894009216587,0.5529953917050692,0.0,117.79891199999999,1.0,0.8410138248847926,44.67465437788018,6.728110599078341,6.462525345622119,1.189041095890411,0.8410138248847926,3.6718894009216587,849.92,0.0022988505747126436,0.21492229885057468,0.0,2.0,Long Inactive,Low Value,Low Frequency
CUST2428,48,Female,Germany,paused,1,8,1050.72,1050.72,131.34,4.6,4,31.0,31,31,2024-08-01,2024-08-01,2023-08-05,494,362,0.07653061224489796,8.0,1,1,1,4.0,1050.72,131.34,0.0027548209366391185,2017.3824,87.07624309392266,0.6629834254143646,4.0,2864.683008,1.0,1.0082872928176796,1059.4276243093923,8.066298342541437,167.1863867403315,0.9917808219178083,1.0082872928176796,87.07624309392266,33623.04,0.0027548209366391185,5.557527272727273,128.0,2.0,Long Inactive,Medium Value,Low Frequency
CUST2429,36,Male,Germany,active,1,1,1092.39,1092.39,1092.39,3.6,5,45.0,45,45,2024-04-09,2024-04-09,2023-01-20,608,445,0.06315789473684211,1.0,1,1,1,5.0,1092.39,1092.39,0.002242152466367713,1878.9108,73.64426966292135,0.06741573033707865,5.0,2292.271176,1.0,0.8202247191011236,896.0052808988765,0.8202247191011236,126.66814382022473,1.2191780821917808,0.8202247191011236,73.64426966292135,50249.94,0.002242152466367713,4.212804484304933,230.0,2.0,Long Inactive,High Value,Low Frequency
CUST2430,50,Female,UK,cancelled,1,4,1638.6,1638.6,409.65,4.1,2,41.0,41,41,2023-05-11,2023-05-11,2021-12-19,942,508,0.055762081784386616,4.0,1,1,1,2.0,1638.6,409.65,0.0019646365422396855,2982.2519999999995,96.76771653543307,0.23622047244094488,2.0,3936.572639999999,1.0,0.718503937007874,1177.3405511811022,2.874015748031496,176.11724409448814,1.3917808219178083,0.718503937007874,96.76771653543307,68821.2,0.0019646365422396855,5.859041257367386,84.0,2.0,Long Inactive,Very High Value,Low Frequency
CUST2431,25,Male,USA,cancelled,1,4,622.92,622.92,155.73,4.2,4,4.0,4,4,2023-11-17,2023-11-17,2022-05-26,752,540,0.05263157894736842,4.0,1,1,1,4.0,622.92,155.73,0.0018484288354898336,1146.1728,34.60666666666666,0.2222222222222222,4.0,1535.871552,1.0,0.6759259259259259,421.04777777777775,2.7037037037037037,63.67626666666667,1.4794520547945205,0.6759259259259259,34.60666666666666,3114.6,0.0018484288354898336,2.118618853974122,20.0,2.0,Long Inactive,Medium Value,Low Frequency
CUST2432,47,Female,UK,paused,1,8,1808.64,1808.64,226.08,4.3,3,5.0,5,5,2024-11-23,2024-11-23,2020-10-14,380,1501,0.019595035924232528,8.0,1,1,1,3.0,1808.64,226.08,0.0006657789613848203,3364.0704,36.14870086608928,0.15989340439706862,3.0,4575.135743999999,1.0,0.24317121918720855,439.8091938707529,1.9453697534976684,67.23658361092605,4.112328767123287,0.24317121918720855,36.14870086608928,10851.84,0.0006657789613848203,2.239727296937417,18.0,2.0,Long Inactive,Very High Value,Low Frequency
CUST2433,31,Female,Germany,active,1,1,1695.0,1695.0,1695.0,3.9,0,32.0,32,32,2024-05-05,2024-05-05,2021-12-22,582,865,0.0335195530726257,1.0,1,1,1,0.0,1695.0,1695.0,0.0011547344110854503,3017.1,58.78612716763006,0.034682080924855495,0.0,3861.888,1.0,0.4219653179190751,715.2312138728323,0.4219653179190751,104.6393063583815,2.3698630136986303,0.4219653179190751,58.78612716763006,55935.0,0.0011547344110854503,3.483949191685912,0.0,2.0,Long Inactive,Very High Value,Low Frequency
CUST2434,54,Male,Germany,active,1,7,703.71,703.71,100.53,3.9,0,10.0,10,10,2023-09-17,2023-09-17,2022-05-20,813,485,0.058252427184466014,7.0,1,1,1,0.0,703.71,100.53,0.00205761316872428,1252.6038,43.528453608247425,0.43298969072164945,0.0,1603.3328640000002,1.0,0.7525773195876289,529.5961855670104,5.268041237113402,77.4806474226804,1.3287671232876712,0.7525773195876289,43.528453608247425,7740.81,0.00205761316872428,2.5773740740740743,0.0,2.0,Long Inactive,Medium Value,Low Frequency
CUST2435,68,Female,Canada,cancelled,1,2,1502.12,1502.12,751.06,4.0,2,37.0,37,37,2024-06-11,2024-06-11,2022-12-09,545,550,0.05172413793103449,2.0,1,1,1,2.0,1502.12,751.06,0.0018148820326678765,2703.816,81.93381818181818,0.1090909090909091,2.0,3514.9608,1.0,0.6636363636363636,996.8614545454544,1.3272727272727272,147.48087272727273,1.5068493150684932,0.6636363636363636,81.93381818181818,57080.56,0.0018148820326678765,4.907107078039927,76.0,2.0,Long Inactive,Very High Value,Low Frequency
CUST2436,36,Female,Canada,paused,1,2,908.34,908.34,454.17,4.4,1,34.0,34,34,2024-02-20,2024-02-20,2021-06-18,657,977,0.029791459781529292,2.0,1,1,1,1.0,908.34,454.17,0.0010224948875255625,1707.6792000000003,27.891709314227224,0.06141248720573183,1.0,2356.5972960000004,1.0,0.3735926305015353,339.34912998976455,0.7471852610030706,52.43641351074719,2.6767123287671235,0.3735926305015353,27.891709314227224,31791.9,0.0010224948875255625,1.7460932515337428,35.0,2.0,Long Inactive,Medium Value,Low Frequency
CUST2437,51,Male,Germany,active,1,4,1197.2,1197.2,299.3,4.2,0,15.0,15,15,2023-09-16,2023-09-16,2023-02-13,814,215,0.12244897959183672,4.0,1,1,1,0.0,1197.2,299.3,0.004629629629629629,2202.848,167.05116279069767,0.5581395348837209,0.0,2951.81632,1.0,1.697674418604651,2032.4558139534884,6.790697674418604,307.3741395348837,0.589041095890411,1.697674418604651,167.05116279069767,19155.2,0.004629629629629629,10.19837037037037,0.0,2.0,Long Inactive,High Value,Low Frequency
CUST2438,64,Female,USA,active,1,1,234.74,234.74,234.74,4.5,1,36.0,36,36,2024-07-26,2024-07-26,2021-06-10,500,1142,0.025597269624573378,1.0,1,1,1,1.0,234.74,234.74,0.0008748906386701663,446.006,6.166549912434325,0.026269702276707527,1.0,624.4083999999999,1.0,0.319614711033275,75.02635726795097,0.319614711033275,11.716444833625218,3.128767123287671,0.319614711033275,6.166549912434325,8685.380000000001,0.0008748906386701663,0.3902064741907261,37.0,2.0,Long Inactive,Low Value,Low Frequency
CUST2439,63,Female,USA,cancelled,1,6,1330.1399999999999,1330.1399999999999,221.69,4.1,2,11.0,11,11,2023-02-03,2023-02-03,2021-06-25,1039,588,0.04854368932038835,6.0,1,1,1,2.0,1330.1399999999999,221.68999999999997,0.001697792869269949,2420.8547999999996,67.8642857142857,0.3061224489795918,2.0,3195.528335999999,1.0,0.6207482993197279,825.6821428571427,3.7244897959183674,123.51299999999998,1.610958904109589,0.6207482993197279,67.8642857142857,15961.679999999998,0.001697792869269949,4.110110016977928,24.0,2.0,Long Inactive,High Value,Low Frequency
CUST2440,66,Male,UK,paused,1,2,1489.12,1489.12,744.56,4.1,4,37.0,37,37,2022-11-03,2022-11-03,2021-12-13,1131,325,0.08450704225352113,2.0,1,1,1,4.0,1489.12,744.56,0.003067484662576687,2710.1983999999998,137.45723076923076,0.1846153846153846,4.0,3577.4618879999994,1.0,1.123076923076923,1672.3963076923076,2.246153846153846,250.17215999999996,0.8904109589041096,1.123076923076923,137.45723076923076,56586.56,0.003067484662576687,8.313492024539876,152.0,2.0,Long Inactive,High Value,Low Frequency
CUST2441,26,Male,UK,active,1,3,1200.21,1200.21,400.07,4.2,3,24.0,24,24,2021-04-12,2021-04-12,2021-09-30,1701,0,1.0,3.0,1,1,1,3.0,1200.21,400.07,1.0,2208.3864000000003,12002.1,30.0,3.0,2959.2377760000004,1.0,365.0,438076.65,1095.0,22083.864,0.0,365.0,12002.1,30005.25,1.0,2208.3864000000003,75.0,2.0,Long Inactive,High Value,Low Frequency
CUST2442,21,Male,USA,cancelled,1,3,1172.97,1172.97,390.99,4.2,5,34.0,34,34,2024-03-12,2024-03-12,2021-12-26,636,807,0.03584229390681004,3.0,1,1,1,5.0,1172.97,390.99,0.0012376237623762376,2158.2648,43.604832713754654,0.11152416356877325,5.0,2892.0748320000002,1.0,0.45229244114002476,530.5254646840149,1.3568773234200742,80.23289219330856,2.210958904109589,0.45229244114002476,43.604832713754654,41053.950000000004,0.0012376237623762376,2.671119801980198,175.0,2.0,Long Inactive,High Value,Low Frequency
CUST2443,64,Male,India,cancelled,1,4,445.12,445.12,111.28,4.0,2,8.0,8,8,2022-02-02,2022-02-02,2021-07-07,1405,210,0.125,4.0,1,1,1,2.0,445.12,111.28,0.004739336492890996,801.216,63.58857142857143,0.5714285714285714,2.0,1041.5808,1.0,1.7380952380952381,773.6609523809524,6.9523809523809526,114.45942857142857,0.5753424657534246,1.7380952380952381,63.58857142857143,4006.08,0.004739336492890996,3.797232227488152,18.0,2.0,Long Inactive,Low Value,Low Frequency
CUST2444,45,Female,India,active,1,7,1822.52,1822.52,260.36,4.3,3,49.0,49,49,2024-02-25,2024-02-25,2022-10-21,652,492,0.0574712643678161,7.0,1,1,1,3.0,1822.52,260.36,0.002028397565922921,3389.8871999999997,111.12926829268294,0.426829268292683,3.0,4610.2465919999995,1.0,0.741869918699187,1352.0727642276422,5.193089430894309,206.70043902439025,1.347945205479452,0.741869918699187,111.12926829268294,91126.0,0.002028397565922921,6.876038945233265,150.0,2.0,Long Inactive,Very High Value,Low Frequency
CUST2445,26,Female,India,paused,1,6,1370.04,1370.04,228.34,3.6,5,15.0,15,15,2024-06-19,2024-06-19,2022-04-24,537,787,0.03671970624235006,6.0,1,1,1,5.0,1370.04,228.34,0.0012690355329949238,2356.4688,52.22515883100381,0.22871664548919948,5.0,2874.891936,1.0,0.46378653113087676,635.4060991105464,2.7827191867852608,89.82727318932656,2.1561643835616437,0.46378653113087676,52.22515883100381,21920.64,0.0012690355329949238,2.9904426395939083,80.0,2.0,Long Inactive,High Value,Low Frequency
CUST2446,31,Female,UK,active,1,8,1192.08,1192.08,149.01,3.5,2,45.0,45,45,2024-03-22,2024-03-22,2021-02-14,626,1132,0.025817555938037865,8.0,1,1,1,2.0,1192.08,149.01,0.00088261253309797,2026.5359999999998,31.592226148409893,0.21201413427561838,2.0,2431.8432,1.0,0.32243816254416957,384.3720848056537,2.5795053003533566,53.706784452296816,3.1013698630136988,0.32243816254416957,31.592226148409893,54835.67999999999,0.00088261253309797,1.7886460723742277,92.0,2.0,Long Inactive,High Value,Low Frequency
CUST2447,67,Female,UK,active,1,2,1205.24,1205.24,602.62,4.3,1,6.0,6,6,2022-12-12,2022-12-12,2022-06-24,1092,171,0.14925373134328357,2.0,1,1,1,1.0,1205.24,602.62,0.005813953488372093,2241.7464,211.44561403508771,0.3508771929824561,1.0,3048.775104,1.0,2.134502923976608,2572.5883040935673,4.269005847953216,393.28884210526314,0.4684931506849315,2.134502923976608,211.44561403508771,8436.68,0.005813953488372093,13.03340930232558,7.0,2.0,Long Inactive,High Value,Low Frequency
CUST2448,52,Male,USA,active,1,5,1618.55,1618.55,323.71,3.6,5,22.0,22,22,2025-05-05,2025-05-05,2023-03-27,217,770,0.0375,5.0,1,1,1,5.0,1618.55,323.71,0.0012970168612191958,2783.906,63.060389610389606,0.1948051948051948,5.0,3396.36532,1.0,0.474025974025974,767.2347402597402,2.3701298701298703,108.46387012987012,2.1095890410958904,0.474025974025974,63.060389610389606,37226.65,0.0012970168612191958,3.6107730220492864,115.0,2.0,Long Inactive,Very High Value,Low Frequency
CUST2449,58,Male,India,active,1,9,1838.97,1838.97,204.33,2.9,1,44.0,44,44,2025-01-20,2025-01-20,2022-02-28,322,1057,0.027598896044158234,9.0,1,1,1,1.0,1838.97,204.33,0.000945179584120983,2905.5726,52.19403973509934,0.2554399243140965,1.0,3138.0184080000004,1.0,0.3453169347209082,635.0274834437085,3.1078524124881737,82.46658278145695,2.8958904109589043,0.3453169347209082,52.19403973509934,82753.65,0.000945179584120983,2.746287901701323,45.0,2.0,Long Inactive,Very High Value,Low Frequency
CUST2450,42,Male,Pakistan,active,1,6,1626.48,1626.48,271.08,4.2,1,14.0,14,14,2025-04-07,2025-04-07,2023-11-07,245,517,0.054844606946983544,6.0,1,1,1,1.0,1626.48,271.08,0.0019305019305019305,2992.7232000000004,94.37988394584139,0.3481624758220503,1.0,4010.249088000001,1.0,0.7059961315280464,1148.288588007737,4.235976789168278,173.65898646034816,1.4164383561643836,0.7059961315280464,94.37988394584139,24397.2,0.0019305019305019305,5.777457915057916,15.0,2.0,Long Inactive,Very High Value,Low Frequency
CUST2451,52,Female,Canada,active,1,8,1224.08,1224.08,153.01,4.4,5,48.0,48,48,2024-05-10,2024-05-10,2022-12-15,577,512,0.055350553505535055,8.0,1,1,1,5.0,1224.08,153.01,0.001949317738791423,2301.2704,71.7234375,0.46875,5.0,3175.7531520000002,1.0,0.712890625,872.6351562499999,5.703125,134.8400625,1.4027397260273973,0.712890625,71.7234375,59979.92,0.001949317738791423,4.485907212475633,245.0,2.0,Long Inactive,High Value,Low Frequency
CUST2452,65,Female,Pakistan,cancelled,1,8,1842.8,1842.8,230.35,4.1,1,32.0,32,32,2021-04-28,2021-04-28,2020-09-29,1685,211,0.12448132780082988,8.0,1,1,1,1.0,1842.8,230.35,0.0047169811320754715,3353.8959999999997,262.0094786729858,1.1374407582938388,1.0,4427.142719999999,1.0,1.7298578199052135,3187.7819905213273,13.838862559241708,476.85725118483407,0.5780821917808219,1.7298578199052135,262.0094786729858,60812.4,0.0047169811320754715,15.820264150943395,33.0,2.0,Long Inactive,Very High Value,Low Frequency
CUST2453,60,Female,UK,cancelled,1,9,603.99,603.99,67.11,3.8,1,17.0,17,17,2024-01-24,2024-01-24,2023-05-03,684,266,0.10135135135135134,9.0,1,1,1,1.0,603.99,67.11,0.003745318352059925,1063.0224,68.11917293233083,1.0150375939849623,1.0,1339.408224,1.0,1.3721804511278195,828.7832706766917,12.349624060150376,119.88974436090226,0.7287671232876712,1.3721804511278195,68.11917293233083,10871.82,0.003745318352059925,3.9813573033707867,18.0,2.0,Long Inactive,Medium Value,Low Frequency
CUST2454,23,Female,UK,paused,1,6,104.39999999999999,104.39999999999999,17.4,3.5,1,27.0,27,27,2021-04-23,2021-04-23,2020-08-22,1690,244,0.10948905109489052,6.0,1,1,1,1.0,104.39999999999999,17.4,0.004081632653061225,177.48,12.836065573770492,0.7377049180327869,1.0,212.97599999999997,1.0,1.4959016393442621,156.17213114754097,8.975409836065573,21.821311475409836,0.6684931506849315,1.4959016393442621,12.836065573770492,2923.2,0.004081632653061225,0.7244081632653061,28.0,2.0,Long Inactive,Low Value,Low Frequency
CUST2455,48,Male,UK,active,1,2,1394.4,1394.4,697.2,4.1,1,16.0,16,16,2024-09-23,2024-09-23,2021-02-20,441,1311,0.022371364653243846,2.0,1,1,1,1.0,1394.4,697.2,0.0007621951219512195,2537.808,31.908466819221967,0.04576659038901602,1.0,3349.9065599999994,1.0,0.2784134248665141,388.2196796338673,0.5568268497330282,58.07340961098398,3.591780821917808,0.2784134248665141,31.908466819221967,23704.800000000003,0.0007621951219512195,1.9343048780487806,17.0,2.0,Long Inactive,High Value,Low Frequency
CUST2456,44,Male,Germany,active,1,2,1952.02,1952.02,976.01,3.2,5,45.0,45,45,2022-01-11,2022-01-11,2021-11-03,1427,69,0.30303030303030304,2.0,1,1,1,5.0,1952.02,976.01,0.014285714285714285,3201.3128,848.704347826087,0.8695652173913044,5.0,3649.4965920000004,1.0,5.2898550724637685,10325.902898550725,10.579710144927537,1391.8751304347827,0.18904109589041096,5.2898550724637685,848.704347826087,89792.92,0.014285714285714285,45.73304,230.0,2.0,Long Inactive,Very High Value,Low Frequency
CUST2457,35,Male,UK,active,1,7,1680.9099999999999,1680.9099999999999,240.13,4.4,1,15.0,15,15,2024-04-21,2024-04-21,2023-08-06,596,259,0.10380622837370243,7.0,1,1,1,1.0,1680.9099999999999,240.12999999999997,0.0038461538461538464,3160.1108,194.7,0.8108108108108109,1.0,4360.952904000001,1.0,1.4092664092664093,2368.85,9.864864864864865,366.036,0.7095890410958904,1.4092664092664093,194.7,26894.559999999998,0.0038461538461538464,12.154272307692308,16.0,2.0,Long Inactive,Very High Value,Low Frequency
CUST2458,43,Male,USA,cancelled,1,7,572.88,572.88,81.84,3.6,5,19.0,19,19,2023-11-04,2023-11-04,2022-09-12,765,418,0.06696428571428571,7.0,1,1,1,5.0,572.88,81.84,0.002386634844868735,985.3536,41.11578947368421,0.5023923444976076,5.0,1202.131392,1.0,0.8732057416267943,500.2421052631579,6.11244019138756,70.71915789473684,1.1452054794520548,0.8732057416267943,41.11578947368421,11457.6,0.002386634844868735,2.35167923627685,100.0,2.0,Long Inactive,Medium Value,Low Frequency
CUST2459,66,Female,India,active,1,7,884.73,884.73,126.39,3.1,2,22.0,22,22,2021-04-27,2021-04-27,2020-12-10,1686,138,0.17857142857142858,7.0,1,1,1,2.0,884.73,126.39,0.007194244604316547,1433.2626,192.3326086956522,1.5217391304347827,2.0,1605.254112,1.0,2.6449275362318843,2340.0467391304346,18.514492753623188,311.57882608695655,0.3780821917808219,2.6449275362318843,192.3326086956522,20348.79,0.007194244604316547,10.311241726618706,46.0,2.0,Long Inactive,Medium Value,Low Frequency
CUST2460,42,Male,Germany,paused,1,4,202.64,202.64,50.66,4.0,3,27.0,27,27,2023-06-06,2023-06-06,2021-02-13,916,843,0.034364261168384876,4.0,1,1,1,3.0,202.64,50.66,0.001184834123222749,364.752,7.211387900355871,0.14234875444839856,3.0,474.17760000000004,1.0,0.43297746144721233,87.7385527876631,1.7319098457888493,12.98049822064057,2.3095890410958906,0.43297746144721233,7.211387900355871,5673.92,0.001184834123222749,0.43217061611374413,84.0,2.0,Long Inactive,Low Value,Low Frequency
CUST2461,20,Female,Pakistan,active,1,1,1034.24,1034.24,1034.24,4.1,4,18.0,18,18,2023-04-20,2023-04-20,2020-08-20,963,973,0.029910269192422734,1.0,1,1,1,4.0,1034.24,1034.24,0.001026694045174538,1882.3167999999998,31.88818088386434,0.030832476875642348,4.0,2484.6581759999995,1.0,0.3751284686536485,387.9728674203495,0.3751284686536485,58.03648920863309,2.665753424657534,0.3751284686536485,31.88818088386434,19650.56,0.001026694045174538,1.9325634496919917,76.0,2.0,Long Inactive,Medium Value,Low Frequency
CUST2462,47,Female,Canada,paused,1,9,393.84,393.84,43.76,3.6,4,24.0,24,24,2025-02-03,2025-02-03,2021-05-08,308,1367,0.02147458840372226,9.0,1,1,1,4.0,393.84,43.76,0.0007309941520467836,677.4047999999999,8.643160204828089,0.19751280175566935,4.0,826.4338559999999,1.0,0.2670080468178493,105.15844915874176,2.4030724213606436,14.866235552304312,3.745205479452055,0.2670080468178493,8.643160204828089,9846.0,0.0007309941520467836,0.49517894736842094,100.0,2.0,Long Inactive,Low Value,Low Frequency
CUST2463,68,Female,USA,active,1,9,773.01,773.01,85.89,4.0,2,27.0,27,27,2024-07-12,2024-07-12,2023-07-29,514,349,0.079155672823219,9.0,1,1,1,2.0,773.01,85.89,0.002857142857142857,1391.4180000000001,66.44785100286533,0.7736389684813754,2.0,1808.8434000000002,1.0,1.0458452722063039,808.4488538681949,9.412607449856734,119.6061318051576,0.9561643835616438,1.0458452722063039,66.44785100286533,21644.28,0.002857142857142857,3.97548,56.0,2.0,Long Inactive,Medium Value,Low Frequency
CUST2464,46,Male,Pakistan,paused,1,5,1358.15,1358.15,271.63,4.3,0,21.0,21,21,2024-12-04,2024-12-04,2021-12-30,369,1070,0.027272727272727275,5.0,1,1,1,0.0,1358.15,271.63,0.0009337068160597573,2526.159,38.078971962616826,0.14018691588785048,0.0,3435.57624,1.0,0.3411214953271028,463.2941588785047,1.7056074766355138,70.8268878504673,2.9315068493150687,0.3411214953271028,38.078971962616826,29879.300000000003,0.0009337068160597573,2.3586918767507004,0.0,2.0,Long Inactive,High Value,Low Frequency
CUST2465,43,Male,Pakistan,active,1,5,40.7,40.7,8.14,4.1,5,30.0,30,30,2023-07-19,2023-07-19,2022-10-23,873,269,0.10033444816053512,5.0,1,1,1,5.0,40.7,8.14,0.003703703703703704,74.074,4.5390334572490705,0.5576208178438662,5.0,97.77767999999999,1.0,1.3568773234200744,55.22490706319703,6.784386617100372,8.261040892193309,0.736986301369863,1.3568773234200744,4.5390334572490705,1261.7,0.003703703703703704,0.2743481481481482,155.0,2.0,Long Inactive,Low Value,Low Frequency
CUST2466,33,Female,India,active,1,2,1189.72,1189.72,594.86,4.2,1,9.0,9,9,2021-02-10,2021-02-10,2020-12-12,1762,60,0.3333333333333333,2.0,1,1,1,1.0,1189.72,594.86,0.01639344262295082,2189.0848,594.86,1.0,1.0,2933.3736320000003,1.0,6.083333333333334,7237.463333333334,12.166666666666668,1094.5424,0.1643835616438356,6.083333333333334,594.86,11897.2,0.01639344262295082,35.886636065573775,10.0,2.0,Long Inactive,High Value,Low Frequency
CUST2467,36,Male,Canada,paused,1,4,682.6,682.6,170.65,3.9,2,36.0,36,36,2023-11-16,2023-11-16,2020-08-23,753,1180,0.024793388429752063,4.0,1,1,1,2.0,682.6,170.65,0.000846740050804403,1215.028,17.354237288135593,0.10169491525423728,2.0,1555.23584,1.0,0.3093220338983051,211.14322033898304,1.2372881355932204,30.890542372881356,3.232876712328767,0.3093220338983051,17.354237288135593,25256.2,0.000846740050804403,1.0288128704487722,74.0,2.0,Long Inactive,Medium Value,Low Frequency
CUST2468,23,Female,Pakistan,active,1,5,1790.8500000000001,1790.8500000000001,358.17,4.0,2,8.0,8,8,2023-09-22,2023-09-22,2022-12-13,808,283,0.09584664536741214,5.0,1,1,1,2.0,1790.8500000000001,358.17,0.0035211267605633804,3223.53,189.8427561837456,0.5300353356890459,2.0,4190.589000000001,1.0,1.2897526501766783,2309.7535335689045,6.448763250883392,341.71696113074205,0.7753424657534247,1.2897526501766783,189.8427561837456,16117.650000000001,0.0035211267605633804,11.350457746478874,18.0,2.0,Long Inactive,Very High Value,Low Frequency
CUST2469,36,Female,UK,active,1,1,623.62,623.62,623.62,4.2,4,4.0,4,4,2023-05-29,2023-05-29,2020-09-25,924,976,0.029821073558648114,1.0,1,1,1,4.0,623.62,623.62,0.0010235414534288639,1147.4608,19.168647540983606,0.03073770491803279,4.0,1537.5974720000002,1.0,0.37397540983606553,233.2185450819672,0.37397540983606553,35.27031147540984,2.673972602739726,0.37397540983606553,19.168647540983606,3118.1,0.0010235414534288639,1.174473694984647,20.0,2.0,Long Inactive,Medium Value,Low Frequency
CUST2470,52,Male,Germany,active,1,1,666.92,666.92,666.92,4.2,0,34.0,34,34,2024-02-16,2024-02-16,2023-07-04,661,227,0.11673151750972763,1.0,1,1,1,0.0,666.92,666.92,0.0043859649122807015,1227.1328,88.13920704845815,0.13215859030837004,0.0,1644.3579520000003,1.0,1.6079295154185023,1072.3603524229075,1.6079295154185023,162.17614096916301,0.6219178082191781,1.6079295154185023,88.13920704845815,23342.199999999997,0.0043859649122807015,5.382161403508772,0.0,2.0,Long Inactive,Medium Value,Low Frequency
CUST2471,54,Female,India,active,1,1,240.82,240.82,240.82,4.1,2,17.0,17,17,2025-04-08,2025-04-08,2023-05-14,244,695,0.041379310344827586,1.0,1,1,1,2.0,240.82,240.82,0.0014367816091954023,438.29239999999993,10.395107913669063,0.043165467625899276,2.0,578.5459679999998,1.0,0.5251798561151079,126.47381294964028,0.5251798561151079,18.919096402877695,1.904109589041096,0.5251798561151079,10.395107913669063,4334.76,0.0014367816091954023,0.6297304597701149,36.0,2.0,Long Inactive,Low Value,Low Frequency
CUST2472,21,Male,India,cancelled,1,7,508.06,508.06,72.58,4.4,5,31.0,31,31,2023-04-30,2023-04-30,2022-01-18,953,467,0.060362173038229376,7.0,1,1,1,5.0,508.06,72.58,0.002136752136752137,955.1528000000001,32.63768736616702,0.44967880085653106,5.0,1318.1108640000002,1.0,0.7815845824411135,397.0918629550321,5.471092077087794,61.35885224839401,1.2794520547945205,0.7815845824411135,32.63768736616702,16257.92,0.002136752136752137,2.0409247863247866,160.0,2.0,Long Inactive,Low Value,Low Frequency
CUST2473,67,Other,USA,cancelled,1,5,430.55,430.55,86.11,4.1,1,23.0,23,23,2025-02-18,2025-02-18,2021-10-12,293,1225,0.02390438247011952,5.0,1,1,1,1.0,430.55,86.11,0.0008156606851549756,783.601,10.54408163265306,0.12244897959183673,1.0,1034.35332,1.0,0.29795918367346935,128.28632653061226,1.4897959183673468,19.19022857142857,3.356164383561644,0.29795918367346935,10.54408163265306,10333.2,0.0008156606851549756,0.639152528548124,24.0,2.0,Long Inactive,Low Value,Low Frequency
CUST2474,64,Male,Germany,active,1,4,113.88,113.88,28.47,4.2,2,9.0,9,9,2022-07-10,2022-07-10,2022-07-16,1247,0,1.0,4.0,1,1,1,2.0,113.88,28.47,1.0,209.5392,1138.8,40.0,2.0,280.782528,1.0,365.0,41566.2,1460.0,2095.392,0.0,365.0,1138.8,1138.8,1.0,209.5392,20.0,2.0,Long Inactive,Low Value,Low Frequency
CUST2475,50,Female,UK,active,1,2,1003.04,1003.04,501.52,4.1,2,24.0,24,24,2022-11-30,2022-11-30,2020-12-25,1104,705,0.04081632653061224,2.0,1,1,1,2.0,1003.04,501.52,0.00141643059490085,1825.5327999999997,42.68255319148936,0.0851063829787234,2.0,2409.703295999999,1.0,0.5177304964539007,519.3043971631206,1.0354609929078014,77.68224680851063,1.9315068493150684,0.5177304964539007,42.68255319148936,25076.0,0.00141643059490085,2.5857405099150137,50.0,2.0,Long Inactive,Medium Value,Low Frequency
CUST2476,42,Male,Canada,active,1,2,1832.92,1832.92,916.46,3.9,2,8.0,8,8,2024-07-05,2024-07-05,2020-11-11,521,1332,0.022026431718061675,2.0,1,1,1,2.0,1832.92,916.46,0.0007501875468867217,3262.5976,41.281981981981986,0.04504504504504505,2.0,4176.124928,1.0,0.27402402402402404,502.26411411411414,0.5480480480480481,73.48192792792793,3.649315068493151,0.27402402402402404,41.281981981981986,16496.28,0.0007501875468867217,2.4475600900225056,18.0,2.0,Long Inactive,Very High Value,Low Frequency
CUST2477,36,Male,UK,paused,1,5,1696.55,1696.55,339.31,3.9,1,43.0,43,43,2023-12-07,2023-12-07,2021-11-18,732,749,0.038510911424903725,5.0,1,1,1,1.0,1696.55,339.31,0.0013333333333333333,3019.859,67.95260347129506,0.20026702269692925,1.0,3865.41952,1.0,0.4873164218958611,826.7566755674231,2.4365821094793056,120.95563417890521,2.052054794520548,0.4873164218958611,67.95260347129506,74648.2,0.0013333333333333333,4.026478666666667,44.0,2.0,Long Inactive,Very High Value,Low Frequency
CUST2478,52,Male,Germany,active,1,1,589.66,589.66,589.66,4.2,2,25.0,25,25,2024-07-06,2024-07-06,2023-05-24,520,409,0.0683371298405467,1.0,1,1,1,2.0,589.66,589.66,0.0024390243902439024,1084.9744,43.251344743276285,0.07334963325183375,2.0,1453.865696,1.0,0.8924205378973106,526.2246943765281,0.8924205378973106,79.58247432762838,1.1205479452054794,0.8924205378973106,43.251344743276285,15331.16,0.0024390243902439024,2.646279024390244,52.0,2.0,Long Inactive,Medium Value,Low Frequency
CUST2479,46,Female,USA,active,1,7,1503.11,1503.11,214.73,4.2,0,47.0,47,47,2021-03-19,2021-03-19,2020-11-29,1725,110,0.2142857142857143,7.0,1,1,1,0.0,1503.11,214.73,0.009009009009009009,2765.7224,409.9390909090909,1.9090909090909092,0.0,3706.068016,1.0,3.3181818181818183,4987.592272727273,23.22727272727273,754.2879272727273,0.3013698630136986,3.3181818181818183,409.9390909090909,72149.28,0.009009009009009009,24.916418018018017,0.0,2.0,Long Inactive,Very High Value,Low Frequency
CUST2480,64,Female,India,cancelled,1,1,913.56,913.56,913.56,3.7,3,46.0,46,46,2024-08-21,2024-08-21,2020-12-30,474,1330,0.022058823529411763,1.0,1,1,1,3.0,913.56,913.56,0.0007513148009015778,1589.5944,20.606616541353382,0.022556390977443608,3.0,1971.0970559999998,1.0,0.2744360902255639,250.71383458646616,0.2744360902255639,35.855512781954886,3.643835616438356,0.2744360902255639,20.606616541353382,42937.32,0.0007513148009015778,1.194285800150263,141.0,2.0,Long Inactive,Medium Value,Low Frequency
CUST2481,41,Male,India,active,1,2,1031.3,1031.3,515.65,3.7,0,44.0,44,44,2024-12-31,2024-12-31,2021-07-10,342,1270,0.023076923076923075,2.0,1,1,1,0.0,1031.3,515.65,0.0007867820613690008,1794.462,24.361417322834644,0.047244094488188976,0.0,2225.13288,1.0,0.2874015748031496,296.39724409448814,0.5748031496062992,42.38886614173228,3.4794520547945207,0.2874015748031496,24.361417322834644,46408.5,0.0007867820613690008,1.41185051140834,0.0,2.0,Long Inactive,Medium Value,Low Frequency
CUST2482,46,Female,Pakistan,paused,1,3,203.31,203.31,67.77,3.4,3,8.0,8,8,2023-11-19,2023-11-19,2023-09-06,750,74,0.28846153846153844,3.0,1,1,1,3.0,203.31,67.77,0.013333333333333334,341.5608,82.42297297297297,1.2162162162162162,3.0,403.04174399999994,1.0,4.9324324324324325,1002.8128378378378,14.797297297297296,138.4705945945946,0.20273972602739726,4.9324324324324325,82.42297297297297,1829.79,0.013333333333333334,4.554144,27.0,2.0,Long Inactive,Low Value,Low Frequency
CUST2483,37,Female,UK,cancelled,1,4,1942.44,1942.44,485.61,4.2,3,11.0,11,11,2025-07-15,2025-07-15,2022-09-28,146,1021,0.028544243577545196,4.0,1,1,1,3.0,1942.44,485.61,0.0009784735812133072,3574.0896000000002,57.074632713026446,0.11753183153770813,3.0,4789.2800640000005,1.0,0.3574926542605289,694.4080313418217,1.4299706170421156,105.01732419196867,2.797260273972603,0.3574926542605289,57.074632713026446,23309.28,0.0009784735812133072,3.4971522504892367,36.0,2.0,At Risk,Very High Value,Low Frequency
CUST2484,33,Female,UK,cancelled,1,2,352.9,352.9,176.45,4.0,0,19.0,19,19,2024-11-21,2024-11-21,2023-06-02,382,538,0.0528169014084507,2.0,1,1,1,0.0,352.9,176.45,0.0018552875695732839,635.22,19.678438661710036,0.11152416356877323,0.0,825.7860000000001,1.0,0.6784386617100372,239.4210037174721,1.3568773234200744,35.42118959107807,1.473972602739726,0.6784386617100372,19.678438661710036,7058.0,0.0018552875695732839,1.1785157699443414,0.0,2.0,Long Inactive,Low Value,Low Frequency
CUST2485,56,Male,Germany,active,1,6,49.62,49.62,8.27,4.1,0,39.0,39,39,2023-04-07,2023-04-07,2021-03-12,976,756,0.03816793893129771,6.0,1,1,1,0.0,49.62,8.27,0.001321003963011889,90.30839999999999,1.969047619047619,0.2380952380952381,0.0,119.20708799999997,1.0,0.48280423280423285,23.956746031746032,2.8968253968253967,3.5836666666666663,2.0712328767123287,0.48280423280423285,1.969047619047619,1984.8,0.001321003963011889,0.11929775429326286,0.0,2.0,Long Inactive,Low Value,Low Frequency
CUST2486,59,Female,Canada,active,1,4,1630.96,1630.96,407.74,3.9,4,49.0,49,49,2025-10-02,2025-10-02,2023-05-01,67,885,0.03278688524590164,4.0,1,1,1,4.0,1630.96,407.74,0.001128668171557562,2903.1088,55.28677966101695,0.13559322033898305,4.0,3715.979264,1.0,0.4124293785310735,672.6558192090396,1.649717514124294,98.41046779661016,2.4246575342465753,0.4124293785310735,55.28677966101695,81548.0,0.001128668171557562,3.276646501128668,200.0,2.0,Moderate,Very High Value,Low Frequency
CUST2487,56,Male,Canada,active,1,5,1743.25,1743.25,348.65,4.0,3,24.0,24,24,2023-05-21,2023-05-21,2020-08-09,932,1015,0.028708133971291863,5.0,1,1,1,3.0,1743.25,348.65,0.000984251968503937,3137.85,51.524630541871915,0.14778325123152708,3.0,4079.205,1.0,0.35960591133004927,626.8830049261084,1.7980295566502462,92.74433497536945,2.780821917808219,0.35960591133004927,51.524630541871915,43581.25,0.000984251968503937,3.088435039370079,75.0,2.0,Long Inactive,Very High Value,Low Frequency
CUST2488,63,Female,India,cancelled,1,7,866.25,866.25,123.75,3.9,5,11.0,11,11,2022-12-14,2022-12-14,2022-04-27,1090,231,0.1149425287356322,7.0,1,1,1,5.0,866.25,123.75,0.004310344827586207,1541.925,112.5,0.9090909090909091,5.0,1973.664,1.0,1.5800865800865802,1368.75,11.06060606060606,200.25,0.6328767123287671,1.5800865800865802,112.5,10395.0,0.004310344827586207,6.646228448275862,60.0,2.0,Long Inactive,Medium Value,Low Frequency
CUST2489,29,Female,USA,active,1,4,751.36,751.36,187.84,4.2,5,45.0,45,45,2022-02-04,2022-02-04,2021-07-11,1403,208,0.12605042016806722,4.0,1,1,1,5.0,751.36,187.84,0.004784688995215311,1382.5024,108.36923076923077,0.5769230769230769,5.0,1852.5532160000002,1.0,1.7548076923076923,1318.4923076923078,7.019230769230769,199.39938461538463,0.5698630136986301,1.7548076923076923,108.36923076923077,34562.56,0.004784688995215311,6.614844019138756,230.0,2.0,Long Inactive,Medium Value,Low Frequency
CUST2490,47,Male,USA,cancelled,1,4,816.44,816.44,204.11,4.3,2,34.0,34,34,2024-04-14,2024-04-14,2021-08-04,603,984,0.02958579881656805,4.0,1,1,1,2.0,816.44,204.11,0.0010152284263959391,1518.5784,24.89146341463415,0.12195121951219513,2.0,2065.266624,1.0,0.3709349593495935,302.84613821138214,1.483739837398374,46.29812195121952,2.695890410958904,0.3709349593495935,24.89146341463415,28575.4,0.0010152284263959391,1.541703959390863,70.0,2.0,Long Inactive,Medium Value,Low Frequency
CUST2491,55,Male,USA,cancelled,1,8,1040.32,1040.32,130.04,4.0,2,40.0,40,40,2024-08-17,2024-08-17,2021-06-24,478,1150,0.02542372881355932,8.0,1,1,1,2.0,1040.32,130.04,0.0008688097306689834,1872.576,27.13878260869565,0.20869565217391303,2.0,2434.3488,1.0,0.3173913043478261,330.1885217391304,2.5391304347826087,48.84980869565217,3.1506849315068495,0.3173913043478261,27.13878260869565,42653.119999999995,0.0008688097306689834,1.6269122502172024,82.0,2.0,Long Inactive,Medium Value,Low Frequency
CUST2492,68,Male,India,active,1,4,1313.4,1313.4,328.35,2.6,3,40.0,40,40,2023-05-04,2023-05-04,2022-11-29,949,156,0.16129032258064516,4.0,1,1,1,3.0,1313.4,328.35,0.006369426751592357,1996.3680000000002,252.5769230769231,0.7692307692307692,3.0,2036.2953600000003,1.0,2.3397435897435894,3073.019230769231,9.358974358974358,383.91692307692307,0.4273972602739726,2.3397435897435894,252.5769230769231,53849.4,0.006369426751592357,12.715719745222932,123.0,2.0,Long Inactive,High Value,Low Frequency
CUST2493,39,Male,Canada,paused,1,6,1086.06,1086.06,181.01,3.8,4,46.0,46,46,2024-10-09,2024-10-09,2023-04-03,425,555,0.05128205128205128,6.0,1,1,1,4.0,1086.06,181.01,0.0017985611510791368,1911.4656,58.70594594594594,0.32432432432432434,4.0,2408.446656,1.0,0.6576576576576576,714.2556756756755,3.9459459459459456,103.32246486486487,1.5205479452054795,0.6576576576576576,58.70594594594594,51044.82,0.0017985611510791368,3.4378877697841728,188.0,2.0,Long Inactive,High Value,Low Frequency
CUST2494,43,Male,UK,active,1,8,161.28,161.28,20.16,4.5,2,2.0,2,2,2022-09-15,2022-09-15,2021-06-22,1180,450,0.0625,8.0,1,1,1,2.0,161.28,20.16,0.0022172949002217295,306.43199999999996,10.752,0.5333333333333333,2.0,429.00479999999993,1.0,0.8111111111111111,130.816,6.488888888888889,20.4288,1.2328767123287672,0.8111111111111111,10.752,483.84000000000003,0.0022172949002217295,0.6794501108647449,6.0,2.0,Long Inactive,Low Value,Low Frequency
CUST2495,18,Male,UK,cancelled,1,7,1388.73,1388.73,198.39,3.5,4,46.0,46,46,2024-12-31,2024-12-31,2021-12-26,342,1101,0.02652519893899204,7.0,1,1,1,4.0,1388.73,198.39000000000001,0.0009074410163339383,2360.841,37.8400544959128,0.19073569482288827,4.0,2833.0092,1.0,0.3315168029064487,460.38732970027246,2.3206176203451405,64.32809264305176,3.0164383561643837,0.3315168029064487,37.8400544959128,65270.31,0.0009074410163339383,2.142323956442831,188.0,2.0,Long Inactive,High Value,Low Frequency
CUST2496,39,Male,Germany,cancelled,1,5,969.5,969.5,193.9,3.9,0,6.0,6,6,2023-02-03,2023-02-03,2022-03-18,1039,322,0.08522727272727273,5.0,1,1,1,0.0,969.5,193.9,0.0030959752321981426,1725.71,90.32608695652175,0.46583850931677023,0.0,2208.9088,1.0,1.1335403726708073,1098.9673913043478,5.667701863354037,160.78043478260872,0.8821917808219178,1.1335403726708073,90.32608695652175,6786.5,0.0030959752321981426,5.342755417956657,0.0,2.0,Long Inactive,Medium Value,Low Frequency
CUST2497,52,Female,India,cancelled,1,2,827.6,827.6,413.8,4.0,3,18.0,18,18,2023-07-19,2023-07-19,2021-02-06,873,893,0.032502708559046585,2.0,1,1,1,3.0,827.6,413.8,0.0011185682326621924,1489.68,27.802911534154536,0.0671892497200448,3.0,1936.584,1.0,0.4087346024636059,338.26875699888024,0.8174692049272118,50.04524076147817,2.4465753424657533,0.4087346024636059,27.802911534154536,15724.4,0.0011185682326621924,1.6663087248322148,57.0,2.0,Long Inactive,Medium Value,Low Frequency
CUST2498,42,Female,Germany,active,1,2,683.28,683.28,341.64,4.0,0,12.0,12,12,2024-07-26,2024-07-26,2022-01-24,500,914,0.03177966101694915,2.0,1,1,1,0.0,683.28,341.64,0.001092896174863388,1229.904,22.427133479212255,0.06564551422319476,0.0,1598.8752,1.0,0.399343544857768,272.8634573304157,0.798687089715536,40.36884026258206,2.504109589041096,0.399343544857768,22.427133479212255,8882.64,0.001092896174863388,1.3441573770491804,0.0,2.0,Long Inactive,Medium Value,Low Frequency
CUST2499,38,Male,India,active,1,3,1165.8000000000002,1165.8000000000002,388.6,3.5,4,26.0,26,26,2023-02-06,2023-02-06,2023-04-24,1036,0,1.0,3.0,1,1,1,4.0,1165.8000000000002,388.6000000000001,1.0,1981.8600000000004,11658.000000000002,30.0,4.0,2378.2320000000004,1.0,365.0,425517.00000000006,1095.0,19818.600000000002,0.0,365.0,11658.000000000002,31476.600000000006,1.0,1981.8600000000004,108.0,2.0,Long Inactive,High Value,Low Frequency
CUST2500,35,Male,India,active,1,5,939.35,939.35,187.87,4.0,2,42.0,42,42,2023-07-03,2023-07-03,2021-05-07,889,787,0.03671970624235006,5.0,1,1,1,2.0,939.35,187.87,0.0012690355329949238,1690.8300000000002,35.80749682337992,0.1905972045743329,2.0,2198.079,1.0,0.46378653113087676,435.6578780177891,2.318932655654384,64.45349428208387,2.1561643835616437,0.46378653113087676,35.80749682337992,40392.05,0.0012690355329949238,2.145723350253807,86.0,2.0,Long Inactive,Medium Value,Low Frequency
CUST2501,66,Male,India,cancelled,1,3,1856.97,1856.97,618.99,3.4,2,3.0,3,3,2023-03-23,2023-03-23,2021-12-04,991,474,0.05952380952380952,3.0,1,1,1,2.0,1856.97,618.99,0.002105263157894737,3119.7096,117.52974683544304,0.18987341772151897,2.0,3681.257328,1.0,0.770042194092827,1429.945253164557,2.310126582278481,197.4499746835443,1.2986301369863014,0.770042194092827,117.52974683544304,7427.88,0.002105263157894737,6.567809684210526,8.0,2.0,Long Inactive,Very High Value,Low Frequency
CUST2502,28,Female,Germany,active,1,1,1155.2,1155.2,1155.2,4.2,4,29.0,29,29,2022-12-03,2022-12-03,2021-02-28,1101,643,0.04457652303120357,1.0,1,1,1,4.0,1155.2,1155.2,0.0015527950310559005,2125.568,53.897356143079314,0.04665629860031104,4.0,2848.2611200000006,1.0,0.5676516329704511,655.751166407465,0.5676516329704511,99.17113530326596,1.7616438356164383,0.5676516329704511,53.897356143079314,34656.0,0.0015527950310559005,3.3005714285714287,120.0,2.0,Long Inactive,High Value,Low Frequency
CUST2503,40,Male,Germany,active,1,9,743.67,743.67,82.63,3.8,4,48.0,48,48,2024-11-30,2024-11-30,2022-01-16,373,1049,0.027803521779425393,9.0,1,1,1,4.0,743.67,82.63,0.0009523809523809524,1308.8591999999999,21.26796949475691,0.25738798856053385,4.0,1649.162592,1.0,0.34795042897998096,258.7602955195424,3.1315538608198286,37.43162631077216,2.873972602739726,0.34795042897998096,21.26796949475691,36439.829999999994,0.0009523809523809524,1.2465325714285713,196.0,2.0,Long Inactive,Medium Value,Low Frequency
CUST2504,49,Male,USA,paused,1,4,1048.4,1048.4,262.1,4.1,5,37.0,37,37,2024-07-02,2024-07-02,2023-05-07,524,422,0.06637168141592921,4.0,1,1,1,5.0,1048.4,262.1,0.002364066193853428,1908.088,74.5308056872038,0.2843601895734597,5.0,2518.6761599999995,1.0,0.8649289099526067,906.791469194313,3.459715639810427,135.6460663507109,1.1561643835616437,0.8649289099526067,74.5308056872038,39839.200000000004,0.002364066193853428,4.5108463356974,190.0,2.0,Long Inactive,Medium Value,Low Frequency
CUST2505,55,Male,Pakistan,active,1,2,1477.32,1477.32,738.66,4.2,3,37.0,37,37,2022-02-10,2022-02-10,2021-02-16,1397,359,0.07712082262210797,2.0,1,1,1,3.0,1477.32,738.66,0.002777777777777778,2718.2688,123.45292479108635,0.1671309192200557,3.0,3642.480192,1.0,1.0167130919220055,1502.0105849582174,2.033426183844011,227.15338161559887,0.9835616438356164,1.0167130919220055,123.45292479108635,56138.159999999996,0.002777777777777778,7.550746666666666,114.0,2.0,Long Inactive,High Value,Low Frequency
CUST2506,25,Female,USA,active,1,8,23.28,23.28,2.91,4.3,1,48.0,48,48,2024-05-03,2024-05-03,2022-10-14,584,567,0.05025125628140704,8.0,1,1,1,1.0,23.28,2.91,0.0017605633802816902,43.3008,1.2317460317460318,0.4232804232804233,1.0,58.889088,1.0,0.6437389770723104,14.986243386243387,5.149911816578483,2.291047619047619,1.5534246575342465,0.6437389770723104,1.2317460317460318,1140.72,0.0017605633802816902,0.07623380281690141,49.0,2.0,Long Inactive,Low Value,Low Frequency
CUST2507,26,Male,Canada,active,1,4,1944.32,1944.32,486.08,4.2,3,26.0,26,26,2023-11-30,2023-11-30,2023-06-01,739,182,0.14150943396226415,4.0,1,1,1,3.0,1944.32,486.08,0.00546448087431694,3577.5488,320.4923076923077,0.6593406593406593,3.0,4793.915392,1.0,2.0054945054945055,3899.3230769230768,8.021978021978022,589.7058461538462,0.4986301369863014,2.0054945054945055,320.4923076923077,52496.64,0.00546448087431694,19.54944699453552,81.0,2.0,Long Inactive,Very High Value,Low Frequency
CUST2508,64,Male,Pakistan,cancelled,1,6,375.6,375.6,62.6,4.1,0,3.0,3,3,2025-04-22,2025-04-22,2022-08-02,230,994,0.029296875,6.0,1,1,1,0.0,375.6,62.6,0.0010050251256281408,683.592,11.336016096579478,0.18108651911468812,0.0,902.3414399999999,1.0,0.36720321931589534,137.9215291750503,2.2032193158953723,20.631549295774647,2.723287671232877,0.36720321931589534,11.336016096579478,1502.4,0.0010050251256281408,0.687027135678392,0.0,2.0,Long Inactive,Low Value,Low Frequency
CUST2509,34,Male,India,paused,1,1,522.52,522.52,522.52,3.9,3,11.0,11,11,2022-10-30,2022-10-30,2022-01-24,1135,279,0.0970873786407767,1.0,1,1,1,3.0,522.52,522.52,0.0035714285714285713,930.0856,56.184946236559135,0.1075268817204301,3.0,1190.509568,1.0,1.3082437275985663,683.5835125448028,1.3082437275985663,100.00920430107526,0.7643835616438356,1.3082437275985663,56.184946236559135,6270.24,0.0035714285714285713,3.3217342857142858,36.0,2.0,Long Inactive,Low Value,Low Frequency
CUST2510,46,Male,UK,active,1,5,153.35000000000002,153.35000000000002,30.67,3.3,5,38.0,38,38,2023-06-08,2023-06-08,2022-05-18,914,386,0.07211538461538461,5.0,1,1,1,5.0,153.35000000000002,30.670000000000005,0.002583979328165375,254.56100000000004,11.91839378238342,0.38860103626943004,5.0,295.29076000000003,1.0,0.9455958549222797,145.0071243523316,4.727979274611399,19.78453367875648,1.0575342465753426,0.9455958549222797,11.91839378238342,5980.650000000001,0.002583979328165375,0.6577803617571061,195.0,2.0,Long Inactive,Low Value,Low Frequency
CUST2511,32,Female,Canada,cancelled,1,8,1799.68,1799.68,224.96,4.3,5,15.0,15,15,2022-04-26,2022-04-26,2021-12-08,1322,139,0.17751479289940827,8.0,1,1,1,5.0,1799.68,224.96,0.007142857142857143,3347.4048,388.42014388489207,1.7266187050359711,5.0,4552.470527999999,1.0,2.6258992805755397,4725.778417266188,21.007194244604317,722.4614676258992,0.38082191780821917,2.6258992805755397,388.42014388489207,28794.88,0.007142857142857143,23.910034285714282,80.0,2.0,Long Inactive,Very High Value,Low Frequency
CUST2512,20,Male,UK,cancelled,1,9,25.650000000000002,25.650000000000002,2.85,3.9,2,34.0,34,34,2023-02-15,2023-02-15,2022-10-06,1027,132,0.18518518518518517,9.0,1,1,1,2.0,25.650000000000002,2.85,0.007518796992481203,45.657000000000004,5.829545454545454,2.0454545454545454,2.0,58.440960000000004,1.0,2.765151515151515,70.92613636363637,24.886363636363637,10.37659090909091,0.36164383561643837,2.765151515151515,5.829545454545454,897.7500000000001,0.007518796992481203,0.3432857142857143,70.0,2.0,Long Inactive,Low Value,Low Frequency
CUST2513,29,Female,UK,active,1,2,1142.92,1142.92,571.46,4.3,4,14.0,14,14,2023-04-11,2023-04-11,2021-12-01,972,496,0.05703422053231939,2.0,1,1,1,4.0,1142.92,571.46,0.002012072434607646,2125.8312,69.12822580645161,0.12096774193548386,4.0,2891.130432,1.0,0.7358870967741936,841.0600806451614,1.4717741935483872,128.5785,1.358904109589041,0.7358870967741936,69.12822580645161,17143.800000000003,0.002012072434607646,4.277326358148894,60.0,2.0,Long Inactive,High Value,Low Frequency
CUST2514,35,Female,India,active,1,2,1117.32,1117.32,558.66,3.6,3,35.0,35,35,2024-12-26,2024-12-26,2021-03-24,347,1373,0.021382751247327157,2.0,1,1,1,3.0,1117.32,558.66,0.000727802037845706,1921.7903999999999,24.413401310997813,0.043699927166788055,3.0,2344.5842879999996,1.0,0.26584122359796064,297.02971595047336,0.5316824471959213,41.99105025491624,3.7616438356164386,0.26584122359796064,24.413401310997813,40223.52,0.000727802037845706,1.3986829694323144,108.0,2.0,Long Inactive,High Value,Low Frequency
CUST2515,20,Male,Pakistan,cancelled,1,5,174.60000000000002,174.60000000000002,34.92,3.8,1,7.0,7,7,2025-09-04,2025-09-04,2023-03-30,95,889,0.03264417845484222,5.0,1,1,1,1.0,174.60000000000002,34.92,0.0011235955056179776,307.29600000000005,5.8920134983127115,0.1687289088863892,1.0,387.1929600000001,1.0,0.41057367829021374,71.68616422947133,2.0528683914510686,10.369943757030374,2.4356164383561643,0.41057367829021374,5.8920134983127115,1396.8000000000002,0.0011235955056179776,0.3452764044943821,8.0,2.0,At Risk,Low Value,Low Frequency
CUST2516,30,Male,Pakistan,active,1,6,1899.42,1899.42,316.57,3.9,1,18.0,18,18,2022-04-29,2022-04-29,2021-08-10,1319,262,0.10273972602739727,6.0,1,1,1,1.0,1899.42,316.57,0.0038022813688212928,3380.9676000000004,217.49083969465653,0.6870229007633588,1.0,4327.638528,1.0,1.3931297709923662,2646.1385496183207,8.358778625954198,387.1336946564886,0.7178082191780822,1.3931297709923662,217.49083969465653,36088.98,0.0038022813688212928,12.855390114068442,19.0,2.0,Long Inactive,Very High Value,Low Frequency
CUST2517,28,Female,USA,active,1,5,1218.3,1218.3,243.66,4.6,2,37.0,37,37,2025-06-18,2025-06-18,2022-01-29,173,1236,0.023696682464454975,5.0,1,1,1,2.0,1218.3,243.66,0.0008084074373484236,2339.136,29.57038834951456,0.12135922330097086,2.0,3321.5731199999996,1.0,0.2953074433656958,359.7730582524272,1.476537216828479,56.77514563106796,3.3863013698630136,0.2953074433656958,29.57038834951456,46295.4,0.0008084074373484236,1.8909749393694422,76.0,2.0,At Risk,High Value,Low Frequency
CUST2518,55,Female,Canada,active,1,9,1429.56,1429.56,158.84,3.8,5,9.0,9,9,2022-07-29,2022-07-29,2021-09-10,1228,322,0.08522727272727273,9.0,1,1,1,5.0,1429.56,158.84,0.0030959752321981426,2516.0256,133.1888198757764,0.8385093167701864,5.0,3170.192256,1.0,1.1335403726708073,1620.4639751552793,10.201863354037267,234.4123229813665,0.8821917808219178,1.1335403726708073,133.1888198757764,14295.599999999999,0.0030959752321981426,7.789552941176471,50.0,2.0,Long Inactive,High Value,Low Frequency
CUST2519,64,Male,Germany,cancelled,1,7,215.17999999999998,215.17999999999998,30.74,3.9,0,27.0,27,27,2025-03-04,2025-03-04,2020-11-10,279,1575,0.018691588785046728,7.0,1,1,1,0.0,215.17999999999998,30.74,0.0006345177664974619,383.0204,4.0986666666666665,0.13333333333333333,0.0,490.266112,1.0,0.23174603174603176,49.86711111111111,1.6222222222222222,7.295626666666666,4.315068493150685,0.23174603174603176,4.0986666666666665,6025.039999999999,0.0006345177664974619,0.24303324873096444,0.0,2.0,Long Inactive,Low Value,Low Frequency
CUST2520,57,Female,UK,cancelled,1,2,1587.6,1587.6,793.8,4.1,3,37.0,37,37,2024-03-23,2024-03-23,2022-10-17,625,523,0.054249547920433995,2.0,1,1,1,3.0,1587.6,793.8,0.0019083969465648854,2889.432,91.06692160611854,0.1147227533460803,3.0,3814.050239999999,1.0,0.6978967495219885,1107.9808795411088,1.395793499043977,165.74179732313573,1.4328767123287671,0.6978967495219885,91.06692160611854,60328.799999999996,0.0019083969465648854,5.514183206106869,114.0,2.0,Long Inactive,Very High Value,Low Frequency
CUST2521,20,Male,Germany,active,1,6,1757.94,1757.94,292.99,3.6,1,8.0,8,8,2023-10-14,2023-10-14,2022-11-28,786,320,0.08571428571428572,6.0,1,1,1,1.0,1757.94,292.99,0.003115264797507788,3023.6568,164.80687500000002,0.5625,1.0,3688.861296,1.0,1.140625,2005.1503125000002,6.84375,283.46782500000006,0.8767123287671232,1.140625,164.80687500000002,15821.460000000001,0.003115264797507788,9.419491588785046,9.0,2.0,Long Inactive,Very High Value,Low Frequency
CUST2522,62,Female,India,cancelled,1,2,682.08,682.08,341.04,4.4,4,5.0,5,5,2022-11-29,2022-11-29,2021-03-28,1105,611,0.046801872074883,2.0,1,1,1,4.0,682.08,341.04,0.0016339869281045752,1282.3104,33.49001636661211,0.09819967266775777,4.0,1769.5883520000002,1.0,0.5973813420621932,407.46186579378076,1.1947626841243864,62.961230769230774,1.673972602739726,0.5973813420621932,33.49001636661211,4092.4800000000005,0.0016339869281045752,2.095278431372549,24.0,2.0,Long Inactive,Medium Value,Low Frequency
CUST2523,58,Male,Germany,paused,1,7,1440.25,1440.25,205.75,4.3,0,5.0,5,5,2024-03-21,2024-03-21,2020-12-17,627,1190,0.024590163934426233,7.0,1,1,1,0.0,1440.25,205.75,0.0008396305625524769,2678.865,36.30882352941177,0.17647058823529413,0.0,3643.2563999999993,1.0,0.3067226890756302,441.75735294117646,2.1470588235294117,67.53441176470588,3.26027397260274,0.3067226890756302,36.30882352941177,8641.5,0.0008396305625524769,2.2492569269521407,0.0,2.0,Long Inactive,High Value,Low Frequency
CUST2524,19,Female,UK,active,1,7,884.94,884.94,126.42,4.7,5,45.0,45,45,2024-04-29,2024-04-29,2021-07-31,588,1003,0.029041626331074544,7.0,1,1,1,5.0,884.94,126.42,0.00099601593625498,1716.7836,26.468793619142577,0.20937188434695914,5.0,2472.168384,1.0,0.36390827517447655,322.0369890329013,2.547357926221336,51.349459621136596,2.747945205479452,0.36390827517447655,26.468793619142577,40707.240000000005,0.00099601593625498,1.709943824701195,230.0,2.0,Long Inactive,Medium Value,Low Frequency
CUST2525,18,Female,Canada,active,1,6,1230.3600000000001,1230.3600000000001,205.06,4.3,5,40.0,40,40,2025-03-22,2025-03-22,2023-03-06,261,747,0.03861003861003861,6.0,1,1,1,5.0,1230.3600000000001,205.06000000000003,0.001336898395721925,2288.4696,49.412048192771096,0.24096385542168677,5.0,3112.3186559999995,1.0,0.4886211512717537,601.1799196787149,2.931726907630522,91.90640963855422,2.0465753424657533,0.4886211512717537,49.412048192771096,50444.76,0.001336898395721925,3.0594513368983955,205.0,2.0,Long Inactive,High Value,Low Frequency
CUST2526,18,Male,Canada,active,1,2,174.36,174.36,87.18,3.9,4,14.0,14,14,2025-05-05,2025-05-05,2020-04-10,217,1851,0.01594896331738437,2.0,1,1,1,4.0,174.36,87.18,0.0005399568034557236,310.36080000000004,2.8259319286871962,0.03241491085899514,4.0,397.26182400000005,1.0,0.19719070772555375,34.38217179902755,0.3943814154511075,5.03015883306321,5.071232876712329,0.19719070772555375,2.8259319286871962,2615.4,0.0005399568034557236,0.16758142548596117,60.0,2.0,Long Inactive,Low Value,Low Frequency
CUST2527,37,Male,USA,active,1,7,281.60999999999996,281.60999999999996,40.23,3.9,5,40.0,40,40,2024-05-21,2024-05-21,2022-03-10,566,803,0.03601440576230492,7.0,1,1,1,5.0,281.60999999999996,40.23,0.0012437810945273632,501.26579999999996,10.520921544209214,0.261519302615193,5.0,641.620224,1.0,0.45454545454545453,128.00454545454542,3.1818181818181817,18.7272403486924,2.2,0.45454545454545453,10.520921544209214,11546.009999999998,0.0012437810945273632,0.6234649253731342,205.0,2.0,Long Inactive,Low Value,Low Frequency
CUST2528,21,Male,USA,cancelled,1,5,1879.0,1879.0,375.8,3.7,4,12.0,12,12,2023-01-12,2023-01-12,2023-02-23,1061,0,1.0,5.0,1,1,1,4.0,1879.0,375.8,1.0,3269.46,18790.0,50.0,4.0,4054.1304,1.0,365.0,685835.0,1825.0,32694.6,0.0,365.0,18790.0,24427.0,1.0,3269.46,52.0,2.0,Long Inactive,Very High Value,Low Frequency
CUST2529,20,Male,USA,cancelled,1,5,1387.5,1387.5,277.5,3.5,2,42.0,42,42,2024-10-03,2024-10-03,2022-06-28,431,828,0.03496503496503496,5.0,1,1,1,2.0,1387.5,277.5,0.0012062726176115801,2358.75,50.27173913043478,0.18115942028985507,2.0,2830.5,1.0,0.44082125603864736,611.6394927536231,2.2041062801932365,85.46195652173913,2.2684931506849315,0.44082125603864736,50.27173913043478,59662.5,0.0012062726176115801,2.8452955367913146,86.0,2.0,Long Inactive,High Value,Low Frequency
CUST2530,65,Other,India,active,1,8,979.84,979.84,122.48,4.0,5,39.0,39,39,2023-10-24,2023-10-24,2022-09-15,776,404,0.06912442396313365,8.0,1,1,1,5.0,979.84,122.48,0.0024691358024691358,1763.712,72.76039603960396,0.594059405940594,5.0,2292.8256,1.0,0.9034653465346536,885.2514851485149,7.227722772277229,130.96871287128712,1.106849315068493,0.9034653465346536,72.76039603960396,39193.6,0.0024691358024691358,4.354844444444445,200.0,2.0,Long Inactive,Medium Value,Low Frequency
CUST2531,47,Male,Canada,active,1,4,459.68,459.68,114.92,4.1,3,4.0,4,4,2023-09-27,2023-09-27,2021-11-11,803,685,0.04195804195804196,4.0,1,1,1,3.0,459.68,114.92,0.0014577259475218659,836.6175999999999,20.13197080291971,0.17518248175182483,3.0,1104.3352319999997,1.0,0.5328467153284672,244.9389781021898,2.1313868613138687,36.640186861313865,1.8767123287671232,0.5328467153284672,20.13197080291971,2298.4,0.0014577259475218659,1.2195591836734692,15.0,2.0,Long Inactive,Low Value,Low Frequency
CUST2532,53,Male,USA,active,1,1,292.53,292.53,292.53,3.9,5,4.0,4,4,2024-10-07,2024-10-07,2022-06-20,427,840,0.034482758620689655,1.0,1,1,1,5.0,292.53,292.53,0.0011890606420927466,520.7034,10.4475,0.03571428571428571,5.0,666.500352,1.0,0.43452380952380953,127.11125,0.43452380952380953,18.59655,2.3013698630136985,0.43452380952380953,10.4475,1462.6499999999999,0.0011890606420927466,0.6191479191438762,25.0,2.0,Long Inactive,Low Value,Low Frequency
CUST2533,66,Male,Pakistan,active,1,3,717.6899999999999,717.6899999999999,239.23,4.4,1,11.0,11,11,2025-02-05,2025-02-05,2023-04-03,306,674,0.04261363636363637,3.0,1,1,1,1.0,717.6899999999999,239.23,0.0014814814814814814,1349.2572,31.9446587537092,0.13353115727002968,1.0,1861.974936,1.0,0.5415430267062314,388.66001483679526,1.6246290801186944,60.0559584569733,1.8465753424657534,0.5415430267062314,31.9446587537092,8612.279999999999,0.0014814814814814814,1.9988995555555555,12.0,2.0,Long Inactive,Medium Value,Low Frequency
CUST2534,35,Male,UK,cancelled,1,3,361.98,361.98,120.66,4.3,3,10.0,10,10,2022-12-28,2022-12-28,2021-04-02,1076,635,0.045112781954887216,3.0,1,1,1,3.0,361.98,120.66000000000001,0.0015723270440251573,673.2828,17.101417322834646,0.14173228346456693,3.0,915.6646079999998,1.0,0.5748031496062992,208.0672440944882,1.7244094488188975,31.808636220472437,1.7397260273972603,0.5748031496062992,17.101417322834646,3981.78,0.0015723270440251573,1.058620754716981,33.0,2.0,Long Inactive,Low Value,Low Frequency
CUST2535,41,Female,Pakistan,cancelled,1,9,1161.0,1161.0,129.0,4.5,2,30.0,30,30,2024-08-17,2024-08-17,2023-02-25,478,539,0.05272407732864675,9.0,1,1,1,2.0,1161.0,129.0,0.001851851851851852,2205.9,64.61966604823748,0.5009276437847867,2.0,3088.2599999999998,1.0,0.6771799628942486,786.2059369202226,6.094619666048238,122.77736549165122,1.4767123287671233,0.6771799628942486,64.61966604823748,35991.0,0.001851851851851852,4.085,62.0,2.0,Long Inactive,High Value,Low Frequency
CUST2536,41,Male,Germany,active,1,9,1659.69,1659.69,184.41,4.0,2,41.0,41,41,2024-02-09,2024-02-09,2023-03-28,668,318,0.08620689655172414,9.0,1,1,1,2.0,1659.69,184.41,0.003134796238244514,2987.442,156.5745283018868,0.8490566037735849,2.0,3883.6746000000003,1.0,1.1477987421383649,1904.9900943396228,10.330188679245284,281.83415094339625,0.8712328767123287,1.1477987421383649,156.5745283018868,69706.98,0.003134796238244514,9.365021943573668,84.0,2.0,Long Inactive,Very High Value,Low Frequency
CUST2537,43,Female,Canada,active,1,6,541.4399999999999,541.4399999999999,90.24,3.9,2,16.0,16,16,2023-12-31,2023-12-31,2023-04-15,708,260,0.10344827586206898,6.0,1,1,1,2.0,541.4399999999999,90.24,0.0038314176245210726,963.7631999999999,62.473846153846154,0.6923076923076924,2.0,1233.6168959999998,1.0,1.403846153846154,760.0984615384615,8.423076923076923,111.20344615384614,0.7123287671232876,1.403846153846154,62.473846153846154,9204.48,0.0038314176245210726,3.692579310344827,34.0,2.0,Long Inactive,Low Value,Low Frequency
CUST2538,58,Male,Pakistan,cancelled,1,4,540.08,540.08,135.02,4.2,2,38.0,38,38,2023-03-04,2023-03-04,2022-10-29,1010,126,0.1923076923076923,4.0,1,1,1,2.0,540.08,135.02,0.007874015748031496,993.7472000000001,128.59047619047618,0.9523809523809523,2.0,1331.6212480000002,1.0,2.8968253968253967,1564.5174603174603,11.587301587301587,236.6064761904762,0.3452054794520548,2.8968253968253967,128.59047619047618,21063.120000000003,0.007874015748031496,7.824781102362206,78.0,2.0,Long Inactive,Low Value,Low Frequency
CUST2539,59,Female,Canada,active,1,6,438.59999999999997,438.59999999999997,73.1,4.1,4,32.0,32,32,2023-09-14,2023-09-14,2022-03-28,816,535,0.05309734513274337,6.0,1,1,1,4.0,438.59999999999997,73.1,0.0018656716417910447,798.2519999999998,24.594392523364487,0.33644859813084116,4.0,1053.6926399999998,1.0,0.6822429906542056,299.2317757009345,4.093457943925233,44.761794392523356,1.4657534246575343,0.6822429906542056,24.594392523364487,14473.8,0.0018656716417910447,1.4892761194029847,132.0,2.0,Long Inactive,Low Value,Low Frequency
CUST2540,30,Male,Canada,paused,1,2,629.4,629.4,314.7,3.7,3,4.0,4,4,2021-01-24,2021-01-24,2020-09-27,1779,119,0.20134228187919462,2.0,1,1,1,3.0,629.4,314.7,0.008333333333333333,1095.156,158.67226890756302,0.5042016806722689,3.0,1357.99344,1.0,3.0672268907563027,1930.5126050420167,6.1344537815126055,276.08974789915965,0.32602739726027397,3.0672268907563027,158.67226890756302,3147.0,0.008333333333333333,9.126299999999999,15.0,2.0,Long Inactive,Medium Value,Low Frequency
CUST2541,54,Female,Canada,active,1,3,587.49,587.49,195.83,4.1,4,17.0,17,17,2024-02-01,2024-02-01,2023-04-15,676,292,0.09316770186335405,3.0,1,1,1,4.0,587.49,195.83,0.0034129692832764505,1069.2318,60.35856164383562,0.3082191780821918,4.0,1411.3859759999998,1.0,1.25,734.3625,3.75,109.85258219178084,0.8,1.25,60.35856164383562,10574.82,0.0034129692832764505,3.6492552901023894,72.0,2.0,Long Inactive,Medium Value,Low Frequency
CUST2542,40,Male,Canada,cancelled,1,8,1810.16,1810.16,226.27,4.2,4,15.0,15,15,2024-10-22,2024-10-22,2021-12-30,412,1027,0.028382213812677387,8.0,1,1,1,4.0,1810.16,226.27,0.0009727626459143969,3330.6944000000003,52.87711781888997,0.23369036027263876,4.0,4463.130496000001,1.0,0.35540408958130476,643.3382667964947,2.843232716650438,97.29389678675756,2.813698630136986,0.35540408958130476,52.87711781888997,28962.56,0.0009727626459143969,3.239975097276265,64.0,2.0,Long Inactive,Very High Value,Low Frequency
CUST2543,49,Female,Germany,active,1,3,1460.1,1460.1,486.7,4.3,4,5.0,5,5,2021-07-30,2021-07-30,2020-04-11,1592,475,0.059405940594059396,3.0,1,1,1,4.0,1460.1,486.7,0.0021008403361344537,2715.7859999999996,92.21684210526315,0.18947368421052632,4.0,3693.4689599999992,1.0,0.7684210526315789,1121.9715789473682,2.3052631578947365,171.52332631578943,1.3013698630136987,0.7684210526315789,92.21684210526315,8760.599999999999,0.0021008403361344537,5.7054327731092425,24.0,2.0,Long Inactive,High Value,Low Frequency
CUST2544,36,Female,USA,cancelled,1,3,1764.09,1764.09,588.03,3.6,1,3.0,3,3,2024-05-16,2024-05-16,2023-12-05,571,163,0.15544041450777202,3.0,1,1,1,1.0,1764.09,588.03,0.006097560975609756,3034.2347999999997,324.67914110429444,0.5521472392638036,1.0,3701.7664559999994,1.0,2.2392638036809815,3950.262883435583,6.717791411042945,558.4481226993864,0.4465753424657534,2.2392638036809815,324.67914110429444,7056.36,0.006097560975609756,18.50143170731707,4.0,2.0,Long Inactive,Very High Value,Low Frequency
CUST2545,34,Female,Germany,cancelled,1,2,1683.58,1683.58,841.79,4.1,3,41.0,41,41,2024-02-14,2024-02-14,2023-05-21,663,269,0.10033444816053512,2.0,1,1,1,3.0,1683.58,841.79,0.003703703703703704,3064.1155999999996,187.75985130111522,0.22304832713754646,3.0,4044.632591999999,1.0,1.3568773234200744,2284.4115241635686,2.7137546468401488,341.72292936802967,0.736986301369863,1.3568773234200744,187.75985130111522,70710.36,0.003703703703703704,11.348576296296295,126.0,2.0,Long Inactive,Very High Value,Low Frequency
CUST2546,18,Female,India,paused,1,1,151.42,151.42,151.42,4.5,1,45.0,45,45,2024-07-29,2024-07-29,2023-03-17,497,500,0.056603773584905655,1.0,1,1,1,1.0,151.42,151.42,0.001996007984031936,287.698,9.085199999999999,0.06,1.0,402.77719999999994,1.0,0.7300000000000001,110.53659999999999,0.7300000000000001,17.261879999999998,1.36986301369863,0.7300000000000001,9.085199999999999,6965.32,0.001996007984031936,0.5742475049900199,46.0,2.0,Long Inactive,Low Value,Low Frequency
CUST2547,65,Female,Germany,active,1,4,1053.12,1053.12,263.28,4.2,2,25.0,25,25,2021-05-18,2021-05-18,2020-12-29,1665,140,0.1764705882352941,4.0,1,1,1,2.0,1053.12,263.28,0.0070921985815602835,1937.7407999999998,225.6685714285714,0.8571428571428571,2.0,2596.572672,1.0,2.607142857142857,2745.6342857142854,10.428571428571429,415.23017142857134,0.3835616438356164,2.607142857142857,225.6685714285714,27381.119999999995,0.0070921985815602835,13.742842553191487,52.0,2.0,Long Inactive,Medium Value,Low Frequency
CUST2548,20,Female,Canada,cancelled,1,8,1037.36,1037.36,129.67,4.3,2,20.0,20,20,2025-01-24,2025-01-24,2022-06-19,318,950,0.03061224489795918,8.0,1,1,1,2.0,1037.36,129.67,0.0010515247108307045,1929.4895999999997,32.75873684210526,0.25263157894736843,2.0,2624.105855999999,1.0,0.38421052631578945,398.5646315789473,3.0736842105263156,60.93125052631578,2.6027397260273974,0.38421052631578945,32.75873684210526,21784.559999999998,0.0010515247108307045,2.0289059936908513,42.0,2.0,Long Inactive,Medium Value,Low Frequency
CUST2549,30,Female,UK,active,1,1,1735.82,1735.82,1735.82,4.0,2,42.0,42,42,2024-06-11,2024-06-11,2022-06-20,545,722,0.0398936170212766,1.0,1,1,1,2.0,1735.82,1735.82,0.0013831258644536654,3124.476,72.12548476454293,0.04155124653739612,2.0,4061.8188000000005,1.0,0.5055401662049861,877.526731301939,0.5055401662049861,129.8258725761773,1.978082191780822,0.5055401662049861,72.12548476454293,74640.26,0.0013831258644536654,4.3215435684647305,86.0,2.0,Long Inactive,Very High Value,Low Frequency
CUST2550,68,Female,UK,active,1,4,357.96,357.96,89.49,4.2,2,48.0,48,48,2023-06-26,2023-06-26,2021-10-14,896,620,0.04615384615384615,4.0,1,1,1,2.0,357.96,89.49,0.001610305958132045,658.6464,17.320645161290322,0.1935483870967742,2.0,882.586176,1.0,0.5887096774193549,210.73451612903224,2.3548387096774195,31.86998709677419,1.6986301369863013,0.5887096774193549,17.320645161290322,17540.039999999997,0.001610305958132045,1.0606222222222221,98.0,2.0,Long Inactive,Low Value,Low Frequency
CUST2551,40,Male,Canada,cancelled,1,8,675.6,675.6,84.45,4.2,0,31.0,31,31,2023-11-28,2023-11-28,2022-09-09,741,445,0.06315789473684211,8.0,1,1,1,0.0,675.6,84.45,0.002242152466367713,1243.104,45.546067415730334,0.5393258426966292,0.0,1665.7593600000002,1.0,0.8202247191011236,554.1438202247191,6.561797752808989,83.80476404494382,1.2191780821917808,0.8202247191011236,45.546067415730334,21619.2,0.002242152466367713,2.7872286995515694,0.0,2.0,Long Inactive,Medium Value,Low Frequency
CUST2552,65,Male,Pakistan,active,1,7,708.12,708.12,101.16,4.5,0,21.0,21,21,2021-12-11,2021-12-11,2021-01-03,1458,342,0.08064516129032258,7.0,1,1,1,0.0,708.12,101.16,0.0029154518950437317,1345.4279999999999,62.11578947368421,0.6140350877192983,0.0,1883.5991999999997,1.0,1.067251461988304,755.7421052631579,7.470760233918129,118.01999999999998,0.936986301369863,1.067251461988304,62.11578947368421,15578.64,0.0029154518950437317,3.9225306122448975,0.0,2.0,Long Inactive,Medium Value,Low Frequency
CUST2553,54,Female,Germany,active,1,4,1096.92,1096.92,274.23,3.8,3,22.0,22,22,2024-04-28,2024-04-28,2022-01-23,589,826,0.035046728971962614,4.0,1,1,1,3.0,1096.92,274.23,0.0012091898428053204,1930.5792000000001,39.839709443099274,0.14527845036319612,3.0,2432.5297920000003,1.0,0.4418886198547216,484.71646489104126,1.7675544794188864,70.11788861985472,2.263013698630137,0.4418886198547216,39.839709443099274,25229.160000000003,0.0012091898428053204,2.334436759371221,69.0,2.0,Long Inactive,High Value,Low Frequency
CUST2554,63,Male,India,paused,1,9,560.25,560.25,62.25,4.4,2,45.0,45,45,2024-08-02,2024-08-02,2022-03-15,493,871,0.03329633740288568,9.0,1,1,1,2.0,560.25,62.25,0.0011467889908256881,1053.27,19.29678530424799,0.3099885189437428,2.0,1453.5126,1.0,0.4190585533869116,234.77755453501723,3.7715269804822045,36.27795637198622,2.3863013698630136,0.4190585533869116,19.29678530424799,25771.5,0.0011467889908256881,1.2078784403669725,92.0,2.0,Long Inactive,Medium Value,Low Frequency
CUST2555,45,Female,USA,cancelled,1,5,1618.3500000000001,1618.3500000000001,323.67,4.1,5,12.0,12,12,2024-06-08,2024-06-08,2023-10-02,548,250,0.10714285714285714,5.0,1,1,1,5.0,1618.3500000000001,323.67,0.00398406374501992,2945.397,194.202,0.6,5.0,3887.9240399999994,1.0,1.4600000000000002,2362.791,7.300000000000001,353.44764,0.684931506849315,1.4600000000000002,194.202,21038.550000000003,0.00398406374501992,11.734649402390438,65.0,2.0,Long Inactive,Very High Value,Low Frequency
CUST2556,65,Male,Canada,active,1,1,960.43,960.43,960.43,4.2,4,44.0,44,44,2024-03-21,2024-03-21,2021-06-09,627,1016,0.028680688336520075,1.0,1,1,1,4.0,960.43,960.43,0.0009832841691248771,1767.1912,28.359153543307084,0.02952755905511811,4.0,2368.036208,1.0,0.359251968503937,345.0363681102362,0.359251968503937,52.18084251968504,2.7835616438356166,0.359251968503937,28.359153543307084,43219.35,0.0009832841691248771,1.7376511307767946,180.0,2.0,Long Inactive,Medium Value,Low Frequency
CUST2557,29,Female,Canada,active,1,4,66.96,66.96,16.74,4.3,3,3.0,3,3,2022-11-25,2022-11-25,2022-02-21,1109,277,0.09771986970684039,4.0,1,1,1,3.0,66.96,16.74,0.0035971223021582736,124.54559999999998,7.251985559566787,0.43321299638989175,3.0,169.38201599999996,1.0,1.3176895306859207,88.23249097472923,5.270758122743683,13.488693140794222,0.7589041095890411,1.3176895306859207,7.251985559566787,267.84,0.0035971223021582736,0.4480057553956834,12.0,2.0,Long Inactive,Low Value,Low Frequency
CUST2558,30,Male,USA,active,1,6,1213.44,1213.44,202.24,4.1,2,10.0,10,10,2023-09-15,2023-09-15,2021-06-11,815,826,0.035046728971962614,6.0,1,1,1,2.0,1213.44,202.24,0.0012091898428053204,2208.4608,44.071670702179176,0.2179176755447942,2.0,2915.1682559999995,1.0,0.4418886198547216,536.2053268765134,2.6513317191283297,80.21044067796609,2.263013698630137,0.4418886198547216,44.071670702179176,13347.84,0.0012091898428053204,2.670448367593712,22.0,2.0,Long Inactive,High Value,Low Frequency
CUST2559,57,Female,Germany,active,1,8,1145.28,1145.28,143.16,4.2,5,12.0,12,12,2025-09-08,2025-09-08,2022-10-26,91,1048,0.02782931354359926,8.0,1,1,1,5.0,1145.28,143.16,0.0009532888465204957,2107.3152,32.784732824427486,0.22900763358778628,5.0,2823.802368,1.0,0.34828244274809156,398.8809160305343,2.7862595419847325,60.32390839694657,2.871232876712329,0.34828244274809156,32.784732824427486,14888.64,0.0009532888465204957,2.008880076263108,65.0,2.0,At Risk,High Value,Low Frequency
CUST2560,39,Female,Germany,active,1,1,1785.86,1785.86,1785.86,4.1,2,37.0,37,37,2024-04-13,2024-04-13,2023-12-05,604,130,0.1875,1.0,1,1,1,2.0,1785.86,1785.86,0.007633587786259542,3250.2651999999994,412.1215384615385,0.23076923076923078,2.0,4290.350063999998,1.0,2.807692307692308,5014.1453846153845,2.807692307692308,750.0611999999999,0.3561643835616438,2.807692307692308,412.1215384615385,67862.68,0.007633587786259542,24.811184732824422,76.0,2.0,Long Inactive,Very High Value,Low Frequency
CUST2561,65,Female,India,paused,1,5,1642.15,1642.15,328.43,3.9,1,26.0,26,26,2025-03-07,2025-03-07,2021-08-09,276,1306,0.02245508982035928,5.0,1,1,1,1.0,1642.15,328.43,0.0007651109410864575,2923.027,37.721669218989284,0.11485451761102604,1.0,3741.47456,1.0,0.27947932618683,458.9469754977029,1.39739663093415,67.14457120980093,3.578082191780822,0.27947932618683,37.721669218989284,44338.05,0.0007651109410864575,2.2364399387911247,27.0,2.0,Long Inactive,Very High Value,Low Frequency
CUST2562,48,Male,India,active,1,3,894.21,894.21,298.07,3.9,4,7.0,7,7,2023-09-04,2023-09-04,2021-02-01,826,945,0.03076923076923077,3.0,1,1,1,4.0,894.21,298.07,0.0010570824524312897,1591.6938,28.387619047619047,0.09523809523809523,4.0,2037.368064,1.0,0.3862433862433862,345.3826984126984,1.1587301587301586,50.529961904761905,2.589041095890411,0.3862433862433862,28.387619047619047,7153.68,0.0010570824524312897,1.6825515856236788,32.0,2.0,Long Inactive,Medium Value,Low Frequency
CUST2563,41,Female,Pakistan,cancelled,1,1,506.96,506.96,506.96,3.8,2,28.0,28,28,2022-09-14,2022-09-14,2022-02-20,1181,206,0.1271186440677966,1.0,1,1,1,2.0,506.96,506.96,0.004830917874396135,892.2496,73.82912621359223,0.14563106796116507,2.0,1124.234496,1.0,1.7718446601941746,898.2543689320388,1.7718446601941746,129.93926213592235,0.5643835616438356,1.7718446601941746,73.82912621359223,14701.84,0.004830917874396135,4.310384541062802,58.0,2.0,Long Inactive,Low Value,Low Frequency
CUST2564,43,Male,Pakistan,active,1,4,938.72,938.72,234.68,4.6,1,43.0,43,43,2025-07-20,2025-07-20,2021-05-24,141,1518,0.01937984496124031,4.0,1,1,1,1.0,938.72,234.68,0.0006583278472679394,1802.3424,18.551778656126483,0.07905138339920949,1.0,2559.326208,1.0,0.2404479578392622,225.71330698287224,0.9617918313570488,35.61941501976285,4.158904109589041,0.2404479578392622,18.551778656126483,41303.68,0.0006583278472679394,1.1865321922317313,44.0,2.0,At Risk,Medium Value,Low Frequency
CUST2565,19,Other,Canada,active,1,3,1040.91,1040.91,346.97,3.6,5,33.0,33,33,2023-09-04,2023-09-04,2022-01-16,826,596,0.04792332268370607,3.0,1,1,1,5.0,1040.91,346.97,0.0016750418760469012,1790.3652000000002,52.39479865771813,0.15100671140939598,5.0,2184.2455440000003,1.0,0.6124161073825504,637.4700503355706,1.837248322147651,90.11905369127517,1.632876712328767,0.6124161073825504,52.39479865771813,35390.94,0.0016750418760469012,2.9989366834170856,170.0,2.0,Long Inactive,Medium Value,Low Frequency
CUST2566,42,Male,India,cancelled,1,5,1739.1999999999998,1739.1999999999998,347.84,4.1,0,5.0,5,5,2022-11-20,2022-11-20,2022-08-08,1114,104,0.22388059701492538,5.0,1,1,1,0.0,1739.1999999999998,347.84,0.009523809523809525,3165.3439999999996,501.6923076923076,1.4423076923076923,0.0,4178.254079999999,1.0,3.5096153846153846,6103.923076923076,17.548076923076923,913.0799999999998,0.28493150684931506,3.5096153846153846,501.6923076923076,10435.199999999999,0.009523809523809525,30.14613333333333,0.0,2.0,Long Inactive,Very High Value,Low Frequency
CUST2567,35,Male,India,cancelled,1,8,973.12,973.12,121.64,4.2,1,38.0,38,38,2021-07-09,2021-07-09,2021-01-27,1613,163,0.15544041450777202,8.0,1,1,1,1.0,973.12,121.64,0.006097560975609756,1790.5408,179.10184049079754,1.4723926380368098,1.0,2399.324672,1.0,2.2392638036809815,2179.072392638037,17.914110429447852,329.54738650306746,0.4465753424657534,2.2392638036809815,179.10184049079754,37951.68,0.006097560975609756,10.917931707317074,39.0,2.0,Long Inactive,Medium Value,Low Frequency
CUST2568,38,Female,India,active,1,6,1943.7599999999998,1943.7599999999998,323.96,4.3,5,5.0,5,5,2023-07-26,2023-07-26,2021-06-03,866,783,0.03690036900369004,6.0,1,1,1,5.0,1943.7599999999998,323.96,0.0012755102040816326,3615.3935999999994,74.4735632183908,0.22988505747126436,5.0,4916.935295999999,1.0,0.4661558109833972,906.095019157088,2.796934865900383,138.52082758620688,2.1452054794520548,0.4661558109833972,74.4735632183908,11662.559999999998,0.0012755102040816326,4.611471428571427,30.0,2.0,Long Inactive,Very High Value,Low Frequency
CUST2569,28,Female,India,active,1,9,1539.27,1539.27,171.03,3.9,5,17.0,17,17,2022-11-10,2022-11-10,2022-07-26,1124,107,0.21897810218978103,9.0,1,1,1,5.0,1539.27,171.03,0.009259259259259259,2739.9006,431.57102803738314,2.5233644859813085,5.0,3507.072768,1.0,3.4112149532710276,5250.780841121495,30.700934579439252,768.196429906542,0.29315068493150687,3.4112149532710276,431.57102803738314,27706.86,0.009259259259259259,25.369449999999997,90.0,2.0,Long Inactive,Very High Value,Low Frequency
CUST2570,65,Male,India,paused,1,2,93.32,93.32,46.66,3.9,2,8.0,8,8,2024-12-03,2024-12-03,2022-01-17,370,1051,0.02775208140610546,2.0,1,1,1,2.0,93.32,46.66,0.0009505703422053232,166.1096,2.6637488106565175,0.05708848715509039,2.0,212.62028800000002,1.0,0.3472882968601332,32.40894386298763,0.6945765937202664,4.741472882968601,2.8794520547945206,0.3472882968601332,2.6637488106565175,839.8799999999999,0.0009505703422053232,0.15789885931558936,18.0,2.0,Long Inactive,Low Value,Low Frequency
CUST2571,49,Female,Germany,paused,1,8,696.56,696.56,87.07,4.0,2,38.0,38,38,2023-10-05,2023-10-05,2021-01-27,795,981,0.029673590504451036,8.0,1,1,1,2.0,696.56,87.07,0.0010183299389002036,1253.808,21.301529051987764,0.24464831804281342,2.0,1629.9504,1.0,0.3720693170234454,259.16860346585116,2.9765545361875634,38.34275229357798,2.6876712328767125,0.3720693170234454,21.301529051987764,27165.839999999997,0.0010183299389002036,1.2767902240325864,78.0,2.0,Long Inactive,Medium Value,Low Frequency
CUST2572,45,Female,Germany,active,1,7,1185.73,1185.73,169.39,4.4,1,5.0,5,5,2022-06-10,2022-06-10,2022-04-14,1277,57,0.3448275862068966,7.0,1,1,1,1.0,1185.73,169.39000000000001,0.017241379310344827,2229.1724000000004,624.0684210526316,3.68421052631579,1.0,3076.257912000001,1.0,6.4035087719298245,7592.8324561403515,44.824561403508774,1173.2486315789477,0.15616438356164383,6.4035087719298245,624.0684210526316,7114.38,0.017241379310344827,38.43400689655173,6.0,2.0,Long Inactive,High Value,Low Frequency
CUST2573,42,Female,Pakistan,paused,1,7,1442.28,1442.28,206.04,4.2,0,29.0,29,29,2023-01-01,2023-01-01,2022-09-23,1072,100,0.23076923076923073,7.0,1,1,1,0.0,1442.28,206.04,0.009900990099009901,2653.7952,432.68399999999997,2.1,0.0,3556.0855680000004,1.0,3.6500000000000004,5264.322,25.55,796.13856,0.273972602739726,3.6500000000000004,432.68399999999997,43268.4,0.009900990099009901,26.2752,0.0,2.0,Long Inactive,High Value,Low Frequency
CUST2574,64,Male,Pakistan,active,1,9,1187.82,1187.82,131.98,4.5,1,26.0,26,26,2023-12-02,2023-12-02,2021-12-30,737,702,0.04098360655737705,9.0,1,1,1,1.0,1187.82,131.98,0.001422475106685633,2256.8579999999997,50.761538461538464,0.38461538461538464,1.0,3159.6011999999996,1.0,0.51994301994302,617.5987179487179,4.679487179487179,96.44692307692307,1.9232876712328768,0.51994301994302,50.761538461538464,32071.14,0.001422475106685633,3.2103243243243242,27.0,2.0,Long Inactive,High Value,Low Frequency
CUST2575,41,Male,Canada,active,1,2,44.5,44.5,22.25,4.1,3,12.0,12,12,2024-12-27,2024-12-27,2022-04-23,346,979,0.02973240832507433,2.0,1,1,1,3.0,44.5,22.25,0.0010204081632653062,80.99,1.3636363636363638,0.06128702757916241,3.0,106.90679999999998,1.0,0.372829417773238,16.59090909090909,0.745658835546476,2.4818181818181815,2.682191780821918,0.372829417773238,1.3636363636363638,578.5,0.0010204081632653062,0.08264285714285714,39.0,2.0,Long Inactive,Low Value,Low Frequency
CUST2576,49,Female,Canada,cancelled,1,6,749.88,749.88,124.98,4.1,3,18.0,18,18,2025-05-18,2025-05-18,2020-09-10,204,1711,0.01723147616312464,6.0,1,1,1,3.0,749.88,124.98,0.0005841121495327102,1364.7815999999998,13.148100526008182,0.10520163646990065,3.0,1801.5117119999995,1.0,0.21332554061952075,159.96855639976621,1.2799532437171244,23.92954295733489,4.6876712328767125,0.21332554061952075,13.148100526008182,14247.72,0.0005841121495327102,0.7971855140186914,57.0,2.0,Long Inactive,Medium Value,Low Frequency
CUST2577,61,Male,Canada,active,1,5,1327.55,1327.55,265.51,4.2,2,16.0,16,16,2024-04-01,2024-04-01,2022-04-18,616,714,0.04032258064516129,5.0,1,1,1,2.0,1327.55,265.51,0.0013986013986013986,2442.692,55.77941176470588,0.21008403361344538,2.0,3273.20728,1.0,0.511204481792717,678.6495098039215,2.5560224089635857,102.63411764705882,1.9561643835616438,0.511204481792717,55.77941176470588,22568.35,0.0013986013986013986,3.4163524475524474,34.0,2.0,Long Inactive,High Value,Low Frequency
CUST2578,54,Male,Germany,paused,1,9,1975.86,1975.86,219.54,4.2,1,19.0,19,19,2021-03-31,2021-03-31,2020-10-09,1713,173,0.1477832512315271,9.0,1,1,1,1.0,1975.86,219.54,0.005747126436781609,3635.5824,342.63468208092485,1.560693641618497,1.0,4871.680416,1.0,2.1098265895953756,4168.721965317919,18.98843930635838,630.4478150289017,0.473972602739726,2.1098265895953756,342.63468208092485,39517.2,0.005747126436781609,20.89415172413793,20.0,2.0,Long Inactive,Very High Value,Low Frequency
CUST2579,61,Male,Pakistan,active,1,5,1275.75,1275.75,255.15,4.0,4,41.0,41,41,2023-04-08,2023-04-08,2021-03-19,975,750,0.038461538461538464,5.0,1,1,1,4.0,1275.75,255.15,0.0013315579227696406,2296.35,51.03,0.2,4.0,2985.255,1.0,0.48666666666666664,620.8649999999999,2.433333333333333,91.854,2.0547945205479454,0.48666666666666664,51.03,53581.5,0.0013315579227696406,3.057723035952064,168.0,2.0,Long Inactive,High Value,Low Frequency
CUST2580,27,Female,Pakistan,active,1,7,1854.93,1854.93,264.99,4.3,0,3.0,3,3,2021-05-26,2021-05-26,2020-10-10,1657,228,0.11627906976744186,7.0,1,1,1,0.0,1854.93,264.99,0.004366812227074236,3450.1697999999997,244.06973684210527,0.9210526315789475,0.0,4692.230927999999,1.0,1.6008771929824561,2969.5151315789476,11.206140350877194,453.9697105263158,0.6246575342465753,1.6008771929824561,244.06973684210527,7419.72,0.004366812227074236,15.066243668122269,0.0,2.0,Long Inactive,Very High Value,Low Frequency
CUST2581,57,Female,Germany,cancelled,1,6,1521.96,1521.96,253.66,3.6,0,38.0,38,38,2022-05-05,2022-05-05,2021-02-03,1313,456,0.0617283950617284,6.0,1,1,1,0.0,1521.96,253.66,0.002188183807439825,2617.7712,100.12894736842107,0.39473684210526316,0.0,3193.680864,1.0,0.8004385964912281,1218.2355263157895,4.802631578947368,172.22178947368423,1.2493150684931507,0.8004385964912281,100.12894736842107,59356.44,0.002188183807439825,5.72816455142232,0.0,2.0,Long Inactive,Very High Value,Low Frequency
CUST2582,59,Female,UK,active,1,3,645.12,645.12,215.04,3.5,0,14.0,14,14,2024-09-23,2024-09-23,2020-10-09,441,1445,0.02033898305084746,3.0,1,1,1,0.0,645.12,215.04,0.0006915629322268327,1096.704,13.393494809688582,0.06228373702422146,0.0,1316.0448,1.0,0.25259515570934254,162.9541868512111,0.7577854671280277,22.768941176470587,3.958904109589041,0.25259515570934254,13.393494809688582,9676.8,0.0006915629322268327,0.7584398340248962,0.0,2.0,Long Inactive,Medium Value,Low Frequency
CUST2583,61,Male,Canada,cancelled,1,1,1226.37,1226.37,1226.37,4.3,5,11.0,11,11,2024-11-07,2024-11-07,2023-01-23,396,654,0.043859649122807015,1.0,1,1,1,5.0,1226.37,1226.37,0.0015267175572519084,2281.0481999999997,56.255504587155954,0.04587155963302752,5.0,3102.2255519999994,1.0,0.5581039755351682,684.4419724770642,0.5581039755351682,104.63523853211008,1.7917808219178082,0.5581039755351682,56.255504587155954,14716.439999999999,0.0015267175572519084,3.4825163358778624,60.0,2.0,Long Inactive,High Value,Low Frequency
CUST2584,55,Female,Pakistan,active,1,5,159.04999999999998,159.04999999999998,31.81,3.6,1,40.0,40,40,2024-03-17,2024-03-17,2020-12-27,631,1176,0.02487562189054726,5.0,1,1,1,1.0,159.04999999999998,31.809999999999995,0.0008496176720475786,273.566,4.057397959183673,0.12755102040816327,1.0,333.75051999999994,1.0,0.31037414965986393,49.365008503401356,1.5518707482993197,6.978724489795917,3.221917808219178,0.31037414965986393,4.057397959183673,6521.049999999999,0.0008496176720475786,0.23242650807136786,41.0,2.0,Long Inactive,Low Value,Low Frequency
CUST2585,24,Male,Germany,active,1,1,966.86,966.86,966.86,2.9,4,44.0,44,44,2024-03-11,2024-03-11,2021-12-27,637,805,0.03592814371257485,1.0,1,1,1,4.0,966.86,966.86,0.0012406947890818859,1527.6388000000002,36.032049689440996,0.037267080745341616,4.0,1649.8499040000004,1.0,0.453416149068323,438.3899378881988,0.453416149068323,56.93063850931678,2.2054794520547945,0.453416149068323,36.032049689440996,43508.7,0.0012406947890818859,1.8953334987593053,180.0,2.0,Long Inactive,Medium Value,Low Frequency
CUST2586,58,Male,USA,active,1,6,1177.44,1177.44,196.24,4.2,5,31.0,31,31,2025-01-05,2025-01-05,2021-05-07,337,1339,0.02191380569758948,6.0,1,1,1,5.0,1177.44,196.24,0.0007462686567164179,2166.4896000000003,26.38028379387603,0.1344286781179985,5.0,2903.0960640000008,1.0,0.2725914861837192,320.96011949215836,1.6355489171023152,48.5397221807319,3.6684931506849314,0.2725914861837192,26.38028379387603,37678.08,0.0007462686567164179,1.61678328358209,160.0,2.0,Long Inactive,High Value,Low Frequency
CUST2587,24,Female,Germany,active,1,7,1955.24,1955.24,279.32,4.4,0,23.0,23,23,2023-11-13,2023-11-13,2023-02-06,756,280,0.0967741935483871,7.0,1,1,1,0.0,1955.24,279.32,0.0035587188612099642,3675.8512,209.48999999999998,0.75,0.0,5072.674656,1.0,1.3035714285714286,2548.795,9.125,393.84119999999996,0.7671232876712328,1.3035714285714286,209.48999999999998,46925.76,0.0035587188612099642,13.081320996441281,0.0,2.0,Long Inactive,Very High Value,Low Frequency
CUST2588,65,Male,Pakistan,paused,1,8,1005.84,1005.84,125.73,4.1,5,17.0,17,17,2024-08-08,2024-08-08,2022-04-12,487,849,0.034129692832764506,8.0,1,1,1,5.0,1005.84,125.73,0.001176470588235294,1830.6288,35.54204946996467,0.2826855123674912,5.0,2416.430016,1.0,0.4299175500588928,432.4282685512368,3.4393404004711425,64.6865300353357,2.326027397260274,0.4299175500588928,35.54204946996467,18105.12,0.001176470588235294,2.15368094117647,90.0,2.0,Long Inactive,Medium Value,Low Frequency
CUST2589,41,Male,Pakistan,active,1,3,1442.6999999999998,1442.6999999999998,480.9,3.8,4,12.0,12,12,2024-07-03,2024-07-03,2023-07-24,523,345,0.08,3.0,1,1,1,4.0,1442.6999999999998,480.8999999999999,0.002890173410404624,2539.1519999999996,125.45217391304347,0.2608695652173913,4.0,3199.3315199999997,1.0,1.0579710144927537,1526.3347826086954,3.1739130434782608,220.79582608695648,0.9452054794520548,1.0579710144927537,125.45217391304347,18755.1,0.002890173410404624,7.338589595375721,52.0,2.0,Long Inactive,High Value,Low Frequency
CUST2590,59,Male,Canada,active,1,5,1798.75,1798.75,359.75,3.5,5,25.0,25,25,2024-12-23,2024-12-23,2021-06-14,350,1288,0.022761760242792112,5.0,1,1,1,5.0,1798.75,359.75,0.0007757951900698216,3057.875,41.89635093167702,0.11645962732919256,5.0,3669.45,1.0,0.28338509316770183,509.7389363354037,1.4169254658385093,71.22379658385094,3.5287671232876714,0.28338509316770183,41.89635093167702,46767.5,0.0007757951900698216,2.3722847168347556,130.0,2.0,Long Inactive,Very High Value,Low Frequency
CUST2591,63,Other,Germany,active,1,7,1115.87,1115.87,159.41,4.1,2,32.0,32,32,2025-03-21,2025-03-21,2023-08-06,262,593,0.048154093097913325,7.0,1,1,1,2.0,1115.87,159.41,0.0016835016835016834,2030.8833999999997,56.45210792580101,0.35413153456998314,2.0,2680.7660879999994,1.0,0.6155143338954469,686.8339797639122,4.308600337268128,102.74283642495783,1.6246575342465754,0.6155143338954469,56.45210792580101,36823.71,0.0016835016835016834,3.4189956228956224,66.0,2.0,Long Inactive,High Value,Low Frequency
CUST2592,26,Other,India,cancelled,1,2,1246.02,1246.02,623.01,3.2,0,8.0,8,8,2022-03-13,2022-03-13,2021-06-30,1366,256,0.1048951048951049,2.0,1,1,1,0.0,1246.02,623.01,0.0038910505836575876,2043.4728000000002,146.01796875,0.234375,0.0,2329.5589920000007,1.0,1.42578125,1776.551953125,2.8515625,239.46946875000003,0.7013698630136986,1.42578125,146.01796875,11214.18,0.0038910505836575876,7.9512560311284055,0.0,2.0,Long Inactive,High Value,Low Frequency
CUST2593,34,Female,UK,paused,1,4,687.08,687.08,171.77,4.4,1,43.0,43,43,2022-09-02,2022-09-02,2022-04-01,1193,154,0.16304347826086957,4.0,1,1,1,1.0,687.08,171.77,0.0064516129032258064,1291.7104000000002,133.84675324675325,0.7792207792207791,1.0,1782.5603520000004,1.0,2.3701298701298703,1628.4688311688312,9.480519480519481,251.6318961038961,0.42191780821917807,2.3701298701298703,133.84675324675325,30231.52,0.0064516129032258064,8.333615483870968,44.0,2.0,Long Inactive,Medium Value,Low Frequency
CUST2594,53,Female,Germany,active,1,3,420.09000000000003,420.09000000000003,140.03,3.6,5,25.0,25,25,2024-10-05,2024-10-05,2022-09-25,429,741,0.038910505836575876,3.0,1,1,1,5.0,420.09000000000003,140.03,0.0013477088948787063,722.5548,17.00769230769231,0.12145748987854252,5.0,881.516856,1.0,0.49257759784075567,206.92692307692306,1.477732793522267,29.253230769230772,2.03013698630137,0.49257759784075567,17.00769230769231,10922.34,0.0013477088948787063,0.9737935309973046,130.0,2.0,Long Inactive,Low Value,Low Frequency
CUST2595,42,Male,Germany,active,1,5,1113.75,1113.75,222.75,3.1,4,35.0,35,35,2024-10-17,2024-10-17,2022-01-18,417,1003,0.029041626331074544,5.0,1,1,1,4.0,1113.75,222.75,0.00099601593625498,1804.275,33.31256231306082,0.14955134596211367,4.0,2020.7880000000002,1.0,0.36390827517447655,405.30284147557325,1.8195413758723828,53.96635094715853,2.747945205479452,0.36390827517447655,33.31256231306082,40095.0,0.00099601593625498,1.7970866533864542,144.0,2.0,Long Inactive,High Value,Low Frequency
CUST2596,58,Male,Canada,paused,1,2,1735.78,1735.78,867.89,4.0,2,12.0,12,12,2022-12-20,2022-12-20,2020-11-22,1084,758,0.03807106598984772,2.0,1,1,1,2.0,1735.78,867.89,0.0013175230566534915,3124.404,68.69841688654354,0.079155672823219,2.0,4061.7252000000003,1.0,0.48153034300791553,835.8307387862797,0.9630606860158311,123.65715039577837,2.0767123287671234,0.48153034300791553,68.69841688654354,22565.14,0.0013175230566534915,4.116474308300395,26.0,2.0,Long Inactive,Very High Value,Low Frequency
CUST2597,61,Female,UK,paused,1,2,852.88,852.88,426.44,4.1,5,10.0,10,10,2023-10-12,2023-10-12,2021-07-20,788,814,0.035545023696682464,2.0,1,1,1,5.0,852.88,426.44,0.001226993865030675,1552.2415999999998,31.432923832923834,0.07371007371007371,5.0,2048.9589119999996,1.0,0.4484029484029484,382.43390663390664,0.8968058968058968,57.20792137592137,2.23013698630137,0.4484029484029484,31.432923832923834,9381.68,0.001226993865030675,1.9045909202453988,55.0,2.0,Long Inactive,Medium Value,Low Frequency
CUST2598,47,Female,USA,active,1,5,1370.1,1370.1,274.02,3.6,2,22.0,22,22,2022-08-13,2022-08-13,2022-08-13,1213,0,1.0,5.0,1,1,1,2.0,1370.1,274.02,1.0,2356.5719999999997,13700.999999999998,50.0,2.0,2875.0178399999995,1.0,365.0,500086.49999999994,1825.0,23565.719999999994,0.0,365.0,13700.999999999998,31512.3,1.0,2356.5719999999997,46.0,2.0,Long Inactive,High Value,Low Frequency
CUST2599,33,Male,Germany,active,1,6,1335.6,1335.6,222.6,4.0,4,12.0,12,12,2025-05-18,2025-05-18,2023-01-13,204,856,0.03386004514672686,6.0,1,1,1,4.0,1335.6,222.6,0.0011668611435239206,2404.08,46.80841121495327,0.2102803738317757,4.0,3125.304,1.0,0.42640186915887845,569.502336448598,2.5584112149532707,84.25514018691588,2.345205479452055,0.42640186915887845,46.80841121495327,17362.8,0.0011668611435239206,2.805227537922987,52.0,2.0,Long Inactive,High Value,Low Frequency
CUST2600,44,Female,Pakistan,active,1,9,1594.6200000000001,1594.6200000000001,177.18,4.3,2,30.0,30,30,2023-06-17,2023-06-17,2022-07-25,905,327,0.08403361344537814,9.0,1,1,1,2.0,1594.6200000000001,177.18,0.003048780487804878,2965.9932,146.2954128440367,0.8256880733944953,2.0,4033.7507519999995,1.0,1.1162079510703364,1779.92752293578,10.045871559633028,272.1094678899082,0.8958904109589041,1.1162079510703364,146.2954128440367,49433.22,0.003048780487804878,9.04266219512195,62.0,2.0,Long Inactive,Very High Value,Low Frequency
CUST2601,58,Female,UK,cancelled,1,2,1013.76,1013.76,506.88,4.4,3,47.0,47,47,2023-02-23,2023-02-23,2022-06-23,1019,245,0.1090909090909091,2.0,1,1,1,3.0,1013.76,506.88,0.0040650406504065045,1905.8688000000002,124.13387755102042,0.2448979591836735,3.0,2630.0989440000003,1.0,1.4897959183673468,1510.2955102040817,2.9795918367346936,233.3716897959184,0.6712328767123288,1.4897959183673468,124.13387755102042,48660.479999999996,0.0040650406504065045,7.747434146341465,144.0,2.0,Long Inactive,Medium Value,Low Frequency
CUST2602,59,Female,India,cancelled,1,8,1137.28,1137.28,142.16,4.1,2,1.0,1,1,2021-04-06,2021-04-06,2020-02-11,1707,420,0.06666666666666667,8.0,1,1,1,2.0,1137.28,142.16,0.0023752969121140144,2069.8495999999996,81.23428571428572,0.5714285714285714,2.0,2732.2014719999993,1.0,0.8690476190476191,988.3504761904762,6.9523809523809526,147.84639999999996,1.1506849315068493,0.8690476190476191,81.23428571428572,2274.56,0.0023752969121140144,4.916507363420426,4.0,2.0,Long Inactive,High Value,Low Frequency
CUST2603,50,Female,India,active,1,6,1121.4,1121.4,186.9,4.4,4,29.0,29,29,2025-07-15,2025-07-15,2023-07-07,146,739,0.03901170351105332,6.0,1,1,1,4.0,1121.4,186.9,0.0013513513513513514,2108.2320000000004,45.52368064952639,0.2435723951285521,4.0,2909.3601600000006,1.0,0.4939106901217862,553.871447902571,2.963464140730717,85.58451962110962,2.0246575342465754,0.4939106901217862,45.52368064952639,33642.0,0.0013513513513513514,2.848962162162163,120.0,2.0,At Risk,High Value,Low Frequency
CUST2604,20,Female,Germany,active,1,8,368.24,368.24,46.03,3.1,4,24.0,24,24,2023-03-18,2023-03-18,2021-10-16,996,518,0.05474452554744526,8.0,1,1,1,4.0,368.24,46.03,0.0019267822736030828,596.5488,21.326640926640927,0.46332046332046334,4.0,668.1346560000001,1.0,0.7046332046332047,259.4741312741313,5.637065637065637,34.54915830115831,1.4191780821917808,0.7046332046332047,21.326640926640927,9206.0,0.0019267822736030828,1.1494196531791907,100.0,2.0,Long Inactive,Low Value,Low Frequency
CUST2605,60,Male,Germany,active,1,7,839.86,839.86,119.98,4.3,5,14.0,14,14,2024-04-15,2024-04-15,2023-08-18,602,241,0.11070110701107011,7.0,1,1,1,5.0,839.86,119.98,0.004132231404958678,1562.1396,104.54688796680499,0.8713692946058091,5.0,2124.5098559999997,1.0,1.5145228215767637,1271.9871369294608,10.601659751037346,194.45721161825725,0.6602739726027397,1.5145228215767637,104.54688796680499,12597.9,0.004132231404958678,6.455122314049587,75.0,2.0,Long Inactive,Medium Value,Low Frequency
CUST2606,43,Female,UK,active,1,1,428.32,428.32,428.32,4.4,0,38.0,38,38,2023-06-09,2023-06-09,2021-11-20,913,566,0.050335570469798654,1.0,1,1,1,0.0,428.32,428.32,0.001763668430335097,805.2416000000001,22.702473498233214,0.053003533568904596,0.0,1111.2334080000003,1.0,0.6448763250883391,276.2134275618374,0.6448763250883391,42.68065017667845,1.5506849315068494,0.6448763250883391,22.702473498233214,16704.48,0.001763668430335097,1.4201791887125221,0.0,2.0,Long Inactive,Low Value,Low Frequency
CUST2607,62,Male,India,active,1,4,1739.04,1739.04,434.76,4.4,4,30.0,30,30,2023-11-11,2023-11-11,2023-01-06,758,309,0.08849557522123894,4.0,1,1,1,4.0,1739.04,434.76,0.0032258064516129032,3269.3952,168.8388349514563,0.3883495145631068,4.0,4511.765376,1.0,1.1812297734627832,2054.2058252427187,4.724919093851133,317.41700970873785,0.8465753424657534,1.1812297734627832,168.8388349514563,53910.24,0.0032258064516129032,10.546436129032259,124.0,2.0,Long Inactive,Very High Value,Low Frequency
CUST2608,64,Female,UK,active,1,1,823.43,823.43,823.43,4.1,1,16.0,16,16,2023-02-03,2023-02-03,2022-05-25,1039,254,0.1056338028169014,1.0,1,1,1,1.0,823.43,823.43,0.00392156862745098,1498.6425999999997,97.25551181102361,0.11811023622047244,1.0,1978.2082319999993,1.0,1.437007874015748,1183.2753937007874,1.437007874015748,177.00503149606294,0.6958904109589041,1.437007874015748,97.25551181102361,13998.31,0.00392156862745098,5.877029803921567,17.0,2.0,Long Inactive,Medium Value,Low Frequency
CUST2609,35,Female,USA,active,1,4,1831.44,1831.44,457.86,4.1,4,11.0,11,11,2022-08-27,2022-08-27,2022-04-20,1199,129,0.18867924528301888,4.0,1,1,1,4.0,1831.44,457.86,0.007692307692307693,3333.2207999999996,425.9162790697675,0.9302325581395349,4.0,4399.8514559999985,1.0,2.8294573643410854,5181.981395348837,11.317829457364342,775.1676279069767,0.35342465753424657,2.8294573643410854,425.9162790697675,21977.28,0.007692307692307693,25.640159999999998,48.0,2.0,Long Inactive,Very High Value,Low Frequency
CUST2610,18,Female,USA,paused,1,7,708.82,708.82,101.26,4.0,0,2.0,2,2,2023-02-26,2023-02-26,2022-12-12,1016,76,0.2830188679245283,7.0,1,1,1,0.0,708.82,101.26,0.012987012987012988,1275.8760000000002,279.7973684210527,2.763157894736842,0.0,1658.6388000000004,1.0,4.802631578947368,3404.201315789474,33.618421052631575,503.6352631578948,0.20821917808219179,4.802631578947368,279.7973684210527,2126.46,0.012987012987012988,16.569818181818185,0.0,2.0,Long Inactive,Medium Value,Low Frequency
CUST2611,55,Male,Pakistan,paused,1,6,577.3199999999999,577.3199999999999,96.22,3.6,4,20.0,20,20,2025-04-30,2025-04-30,2021-04-19,222,1472,0.019973368841544607,6.0,1,1,1,4.0,577.3199999999999,96.21999999999998,0.0006788866259334691,992.9903999999999,11.76603260869565,0.12228260869565216,4.0,1211.4482879999998,1.0,0.2479619565217391,143.15339673913041,1.4877717391304346,20.23757608695652,4.032876712328767,0.2479619565217391,11.76603260869565,12123.72,0.0006788866259334691,0.6741279022403258,84.0,2.0,Long Inactive,Medium Value,Low Frequency
CUST2612,54,Female,Germany,cancelled,1,5,1159.0,1159.0,231.8,3.9,1,16.0,16,16,2024-04-09,2024-04-09,2023-05-13,608,332,0.08287292817679558,5.0,1,1,1,1.0,1159.0,231.8,0.003003003003003003,2063.02,104.7289156626506,0.45180722891566266,1.0,2640.6656,1.0,1.0993975903614457,1274.2018072289156,5.496987951807228,186.41746987951808,0.9095890410958904,1.0993975903614457,104.7289156626506,19703.0,0.003003003003003003,6.1952552552552556,17.0,2.0,Long Inactive,High Value,Low Frequency
CUST2613,46,Female,Canada,active,1,5,1610.25,1610.25,322.05,3.9,0,24.0,24,24,2024-07-26,2024-07-26,2023-07-15,500,377,0.07371007371007371,5.0,1,1,1,0.0,1610.25,322.05,0.0026455026455026454,2866.245,128.1366047745358,0.3978779840848806,0.0,3668.7936,1.0,0.9681697612732094,1558.9953580901856,4.840848806366047,228.08315649867373,1.0328767123287672,0.9681697612732094,128.1366047745358,40256.25,0.0026455026455026454,7.582658730158729,0.0,2.0,Long Inactive,Very High Value,Low Frequency
CUST2614,60,Male,Canada,cancelled,1,6,415.62,415.62,69.27,3.8,1,43.0,43,43,2021-06-26,2021-06-26,2021-04-18,1626,69,0.30303030303030304,6.0,1,1,1,1.0,415.62,69.27,0.014285714285714285,731.4912,180.70434782608697,2.608695652173913,1.0,921.6789120000001,1.0,5.2898550724637685,2198.5695652173913,31.73913043478261,318.0396521739131,0.18904109589041096,5.2898550724637685,180.70434782608697,18287.28,0.014285714285714285,10.449874285714285,44.0,2.0,Long Inactive,Low Value,Low Frequency
CUST2615,65,Male,Germany,active,1,1,1699.62,1699.62,1699.62,4.1,4,17.0,17,17,2025-03-18,2025-03-18,2021-10-28,265,1237,0.02367797947908445,1.0,1,1,1,4.0,1699.62,1699.62,0.0008077544426494346,3093.3083999999994,41.21956345998383,0.024252223120452707,4.0,4083.167087999999,1.0,0.2950687146321746,501.5046887631366,0.2950687146321746,75.01960549717056,3.389041095890411,0.2950687146321746,41.21956345998383,30593.159999999996,0.0008077544426494346,2.498633602584814,72.0,2.0,Long Inactive,Very High Value,Low Frequency
CUST2616,32,Male,India,active,1,7,1820.8400000000001,1820.8400000000001,260.12,4.1,0,44.0,44,44,2024-03-12,2024-03-12,2023-07-25,636,231,0.1149425287356322,7.0,1,1,1,0.0,1820.8400000000001,260.12,0.004310344827586207,3313.9288,236.4727272727273,0.9090909090909091,0.0,4374.3860159999995,1.0,1.5800865800865802,2877.084848484849,11.06060606060606,430.38036363636365,0.6328767123287671,1.5800865800865802,236.4727272727273,81937.8,0.004310344827586207,14.284175862068967,0.0,2.0,Long Inactive,Very High Value,Low Frequency
CUST2617,50,Female,Canada,active,1,8,1295.44,1295.44,161.93,4.1,0,43.0,43,43,2023-03-16,2023-03-16,2022-01-11,998,429,0.06535947712418301,8.0,1,1,1,0.0,1295.44,161.93,0.002325581395348837,2357.7008,90.59020979020978,0.5594405594405594,0.0,3112.165056,1.0,0.8508158508158509,1102.1808857808858,6.806526806526807,164.87418181818182,1.1753424657534246,0.8508158508158509,90.59020979020978,56999.36,0.002325581395348837,5.4830251162790695,0.0,2.0,Long Inactive,High Value,Low Frequency
CUST2618,45,Female,UK,active,1,7,1343.93,1343.93,191.99,3.8,1,3.0,3,3,2024-03-08,2024-03-08,2022-05-10,640,668,0.042979942693409746,7.0,1,1,1,1.0,1343.93,191.99,0.0014947683109118087,2365.3168,60.356137724550905,0.31437125748503,1.0,2980.299168,1.0,0.5464071856287425,734.333008982036,3.8248502994011977,106.22680239520959,1.83013698630137,0.5464071856287425,60.356137724550905,5375.72,0.0014947683109118087,3.5356005979073246,4.0,2.0,Long Inactive,High Value,Low Frequency
CUST2619,22,Male,Germany,cancelled,1,9,824.4,824.4,91.6,4.3,2,37.0,37,37,2024-09-18,2024-09-18,2021-03-26,446,1272,0.02304147465437788,9.0,1,1,1,2.0,824.4,91.6,0.0007855459544383347,1533.3839999999998,19.443396226415093,0.21226415094339623,2.0,2085.4022399999994,1.0,0.2869496855345912,236.56132075471697,2.582547169811321,36.164716981132074,3.484931506849315,0.2869496855345912,19.443396226415093,31327.2,0.0007855459544383347,1.2045435978004713,76.0,2.0,Long Inactive,Medium Value,Low Frequency
CUST2620,65,Male,India,active,1,8,878.72,878.72,109.84,4.5,0,12.0,12,12,2022-05-09,2022-05-09,2021-04-05,1309,399,0.06993006993006992,8.0,1,1,1,0.0,878.72,109.84,0.0025,1669.568,66.06917293233083,0.6015037593984962,0.0,2337.3952,1.0,0.9147869674185463,803.8416040100251,7.31829573934837,125.53142857142856,1.093150684931507,0.9147869674185463,66.06917293233083,11423.36,0.0025,4.17392,0.0,2.0,Long Inactive,Medium Value,Low Frequency
CUST2621,57,Male,USA,paused,1,2,1004.78,1004.78,502.39,4.2,2,34.0,34,34,2025-06-01,2025-06-01,2023-08-19,190,652,0.0439882697947214,2.0,1,1,1,2.0,1004.78,502.39,0.0015313935681470138,1848.7952,46.23220858895705,0.09202453987730061,2.0,2477.385568,1.0,0.5598159509202454,562.4918711656442,1.1196319018404908,85.06726380368097,1.7863013698630137,0.5598159509202454,46.23220858895705,35167.299999999996,0.0015313935681470138,2.831233078101072,70.0,2.0,Long Inactive,Medium Value,Low Frequency
CUST2622,66,Male,Pakistan,active,1,9,1814.8500000000001,1814.8500000000001,201.65,3.9,3,21.0,21,21,2024-01-28,2024-01-28,2021-10-12,680,838,0.03456221198156682,9.0,1,1,1,3.0,1814.8500000000001,201.65,0.0011918951132300357,3230.4330000000004,64.97076372315036,0.3221957040572792,3.0,4134.954240000001,1.0,0.43556085918854415,790.4776252983294,3.920047732696897,115.64795942720765,2.2958904109589042,0.43556085918854415,64.97076372315036,39926.700000000004,0.0011918951132300357,3.8503373063170443,66.0,2.0,Long Inactive,Very High Value,Low Frequency
CUST2623,24,Female,India,active,1,4,1675.08,1675.08,418.77,3.5,4,32.0,32,32,2024-07-18,2024-07-18,2022-06-08,508,771,0.03745318352059925,4.0,1,1,1,4.0,1675.08,418.77,0.0012953367875647669,2847.636,65.17821011673152,0.1556420233463035,4.0,3417.1632,1.0,0.47341115434500647,793.0015564202334,1.8936446173800259,110.80295719844358,2.1123287671232878,0.47341115434500647,65.17821011673152,55277.64,0.0012953367875647669,3.6886476683937826,132.0,2.0,Long Inactive,Very High Value,Low Frequency
CUST2624,46,Female,Germany,cancelled,1,2,1284.68,1284.68,642.34,4.3,4,42.0,42,42,2023-08-29,2023-08-29,2021-04-05,832,876,0.033112582781456956,2.0,1,1,1,4.0,1284.68,642.34,0.0011402508551881414,2389.5048,43.99589041095891,0.0684931506849315,4.0,3249.726528,1.0,0.4166666666666667,535.2833333333334,0.8333333333333334,81.83235616438357,2.4,0.4166666666666667,43.99589041095891,55241.240000000005,0.0011402508551881414,2.724634891676169,172.0,2.0,Long Inactive,High Value,Low Frequency
CUST2625,50,Male,Germany,paused,1,2,1871.12,1871.12,935.56,3.9,4,47.0,47,47,2025-07-01,2025-07-01,2021-12-23,160,1286,0.022796352583586626,2.0,1,1,1,4.0,1871.12,935.56,0.000777000777000777,3330.5935999999997,43.649766718506996,0.04665629860031104,4.0,4263.159807999999,1.0,0.28382581648522553,531.0721617418351,0.5676516329704511,77.69658475894245,3.5232876712328767,0.28382581648522553,43.649766718506996,89813.76,0.000777000777000777,2.5878738150738148,192.0,2.0,At Risk,Very High Value,Low Frequency
CUST2626,46,Male,Pakistan,cancelled,1,4,1356.6,1356.6,339.15,3.9,2,27.0,27,27,2022-02-09,2022-02-09,2021-10-15,1398,117,0.2040816326530612,4.0,1,1,1,2.0,1356.6,339.15,0.00847457627118644,2414.748,347.8461538461538,1.0256410256410258,2.0,3090.87744,1.0,3.1196581196581197,4232.128205128205,12.478632478632479,619.1661538461539,0.32054794520547947,3.1196581196581197,347.8461538461538,37984.799999999996,0.00847457627118644,20.463966101694915,56.0,2.0,Long Inactive,High Value,Low Frequency
CUST2627,23,Male,UK,active,1,4,1503.68,1503.68,375.92,4.0,4,26.0,26,26,2023-07-06,2023-07-06,2020-04-11,886,1181,0.02477291494632535,4.0,1,1,1,4.0,1503.68,375.92,0.0008460236886632825,2706.6240000000003,38.19678238780694,0.10160880609652836,4.0,3518.6112000000003,1.0,0.3090601185436071,464.72751905165114,1.2362404741744284,68.7542082980525,3.2356164383561645,0.3090601185436071,38.19678238780694,40599.36,0.0008460236886632825,2.2898680203045685,108.0,2.0,Long Inactive,Very High Value,Low Frequency
CUST2628,64,Female,Canada,active,1,1,1105.58,1105.58,1105.58,4.7,1,30.0,30,30,2022-01-08,2022-01-08,2022-02-04,1430,0,1.0,1.0,1,1,1,1.0,1105.58,1105.58,1.0,2144.8251999999998,11055.8,10.0,1.0,3088.5482879999995,1.0,365.0,403536.69999999995,365.0,21448.251999999997,0.0,365.0,11055.8,34272.979999999996,1.0,2144.8251999999998,31.0,2.0,Long Inactive,High Value,Low Frequency
CUST2629,32,Female,Germany,active,1,9,855.6299999999999,855.6299999999999,95.07,4.1,5,45.0,45,45,2024-10-06,2024-10-06,2021-10-18,428,1084,0.026929982046678635,9.0,1,1,1,5.0,855.6299999999999,95.07,0.0009216589861751152,1557.2465999999997,23.679797047970478,0.24907749077490776,5.0,2055.565511999999,1.0,0.33671586715867163,288.10419741697416,3.0304428044280445,43.09723062730627,2.96986301369863,0.33671586715867163,23.679797047970478,39358.979999999996,0.0009216589861751152,1.435250322580645,230.0,2.0,Long Inactive,Medium Value,Low Frequency
CUST2630,36,Male,USA,cancelled,1,8,1330.8,1330.8,166.35,3.8,3,43.0,43,43,2024-12-26,2024-12-26,2023-01-24,347,702,0.04098360655737705,8.0,1,1,1,3.0,1330.8,166.35,0.001422475106685633,2342.208,56.871794871794876,0.3418803418803419,3.0,2951.18208,1.0,0.51994301994302,691.9401709401709,4.15954415954416,100.09435897435898,1.9232876712328768,0.51994301994302,56.871794871794876,58555.2,0.001422475106685633,3.3317325746799433,132.0,2.0,Long Inactive,High Value,Low Frequency
CUST2631,26,Male,Pakistan,active,1,4,1905.16,1905.16,476.29,4.1,2,21.0,21,21,2024-02-10,2024-02-10,2023-05-05,667,281,0.09646302250803858,4.0,1,1,1,2.0,1905.16,476.29,0.0035460992907801418,3467.3912,203.39786476868326,0.4270462633451957,2.0,4576.956383999999,1.0,1.2989323843416372,2474.6740213523135,5.195729537366549,370.1841138790035,0.7698630136986301,1.2989323843416372,203.39786476868326,41913.520000000004,0.0035460992907801418,12.295713475177305,44.0,2.0,Long Inactive,Very High Value,Low Frequency
CUST2632,67,Male,UK,paused,1,3,1496.8799999999999,1496.8799999999999,498.96,4.3,3,40.0,40,40,2022-12-30,2022-12-30,2021-01-14,1074,715,0.04026845637583893,3.0,1,1,1,3.0,1496.8799999999999,498.96,0.0013966480446927375,2784.1967999999997,62.80615384615385,0.1258741258741259,3.0,3786.5076479999993,1.0,0.5104895104895105,764.1415384615384,1.5314685314685315,116.81944615384614,1.9589041095890412,0.5104895104895105,62.80615384615385,61372.079999999994,0.0013966480446927375,3.888543016759776,123.0,2.0,Long Inactive,Very High Value,Low Frequency
CUST2633,61,Male,Canada,paused,1,4,850.8,850.8,212.7,4.1,0,29.0,29,29,2025-05-14,2025-05-14,2023-01-29,208,836,0.03464203233256351,4.0,1,1,1,0.0,850.8,212.7,0.0011947431302270011,1548.4559999999997,30.531100478468897,0.14354066985645933,0.0,2043.9619199999993,1.0,0.43660287081339716,371.4617224880383,1.7464114832535886,55.566602870813384,2.2904109589041095,0.43660287081339716,30.531100478468897,25524.0,0.0011947431302270011,1.8500071684587809,0.0,2.0,Long Inactive,Medium Value,Low Frequency
CUST2634,22,Female,Canada,active,1,1,1839.2,1839.2,1839.2,3.9,1,48.0,48,48,2024-06-20,2024-06-20,2021-06-24,536,1092,0.026737967914438502,1.0,1,1,1,1.0,1839.2,1839.2,0.0009149130832570906,3273.7760000000003,50.52747252747253,0.027472527472527472,1.0,4190.43328,1.0,0.3342490842490842,614.7509157509157,0.3342490842490842,89.93890109890111,2.9917808219178084,0.3342490842490842,50.52747252747253,90120.8,0.0009149130832570906,2.9952204940530653,49.0,2.0,Long Inactive,Very High Value,Low Frequency
CUST2635,62,Male,UK,active,1,4,1271.68,1271.68,317.92,3.8,1,23.0,23,23,2025-09-07,2025-09-07,2022-05-03,92,1223,0.023942537909018357,4.0,1,1,1,1.0,1271.68,317.92,0.0008169934640522876,2238.1568,31.194112837285367,0.09811937857726902,1.0,2820.077568,1.0,0.2984464431725266,379.52837285363864,1.1937857726901064,54.901638593622245,3.350684931506849,0.2984464431725266,31.194112837285367,30520.32,0.0008169934640522876,1.8285594771241833,24.0,2.0,At Risk,High Value,Low Frequency
CUST2636,45,Female,Pakistan,paused,1,9,1132.56,1132.56,125.84,4.1,1,49.0,49,49,2023-08-17,2023-08-17,2023-03-22,844,148,0.16853932584269662,9.0,1,1,1,1.0,1132.56,125.83999999999999,0.006711409395973154,2061.2591999999995,229.57297297297296,1.8243243243243243,1.0,2720.862143999999,1.0,2.4662162162162162,2793.1378378378377,22.195945945945947,417.82281081081067,0.4054794520547945,2.4662162162162162,229.57297297297296,56628.0,0.006711409395973154,13.833954362416105,50.0,2.0,Long Inactive,High Value,Low Frequency
CUST2637,59,Male,India,active,1,8,428.96,428.96,53.62,4.3,3,30.0,30,30,2023-09-16,2023-09-16,2023-05-20,814,119,0.20134228187919462,8.0,1,1,1,3.0,428.96,53.62,0.008333333333333333,797.8655999999999,108.14117647058822,2.0168067226890756,3.0,1085.0972159999997,1.0,3.0672268907563027,1315.7176470588236,24.537815126050422,201.14258823529408,0.32602739726027397,3.0672268907563027,108.14117647058822,13297.76,0.008333333333333333,6.648879999999998,93.0,2.0,Long Inactive,Low Value,Low Frequency
CUST2638,42,Male,Germany,active,1,7,1565.13,1565.13,223.59,3.9,5,4.0,4,4,2024-11-27,2024-11-27,2021-11-14,376,1109,0.026338893766461806,7.0,1,1,1,5.0,1565.13,223.59,0.0009009009009009009,2785.9314000000004,42.33895401262399,0.18935978358881875,5.0,3565.9921920000006,1.0,0.3291253381424707,515.1239404869252,2.3038773669972947,75.3633381424707,3.0383561643835617,0.3291253381424707,42.33895401262399,7825.650000000001,0.0009009009009009009,2.5098481081081085,25.0,2.0,Long Inactive,Very High Value,Low Frequency
CUST2639,26,Female,USA,paused,1,3,147.57,147.57,49.19,2.8,0,29.0,29,29,2022-10-11,2022-10-11,2021-06-15,1154,483,0.05847953216374269,3.0,1,1,1,0.0,147.57,49.19,0.002066115702479339,230.2092,9.16583850931677,0.18633540372670807,0.0,244.02175200000002,1.0,0.7556935817805382,111.51770186335403,2.267080745341615,14.298708074534161,1.3232876712328767,0.7556935817805382,9.16583850931677,4427.099999999999,0.002066115702479339,0.47563884297520664,0.0,2.0,Long Inactive,Low Value,Low Frequency
CUST2640,37,Female,India,active,1,7,1477.0,1477.0,211.0,4.0,2,15.0,15,15,2024-04-24,2024-04-24,2023-09-06,593,231,0.1149425287356322,7.0,1,1,1,2.0,1477.0,211.0,0.004310344827586207,2658.6,191.8181818181818,0.9090909090909091,2.0,3456.18,1.0,1.5800865800865802,2333.787878787879,11.06060606060606,345.27272727272725,0.6328767123287671,1.5800865800865802,191.8181818181818,23632.0,0.004310344827586207,11.45948275862069,32.0,2.0,Long Inactive,High Value,Low Frequency
CUST2641,36,Male,Germany,active,1,2,1811.62,1811.62,905.81,4.5,0,46.0,46,46,2022-09-23,2022-09-23,2021-08-21,1172,398,0.07009345794392523,2.0,1,1,1,0.0,1811.62,905.81,0.002506265664160401,3442.0779999999995,136.55427135678391,0.1507537688442211,0.0,4818.909199999999,1.0,0.9170854271356784,1661.4103015075377,1.8341708542713568,259.4531155778894,1.0904109589041096,0.9170854271356784,136.55427135678391,85146.14,0.002506265664160401,8.626761904761903,0.0,2.0,Long Inactive,Very High Value,Low Frequency
CUST2642,60,Female,Germany,active,1,8,781.76,781.76,97.72,4.6,5,2.0,2,2,2023-06-06,2023-06-06,2023-06-05,916,1,0.9677419354838709,8.0,1,1,1,5.0,781.76,97.72,0.5,1500.9792,7817.599999999999,80.0,5.0,2131.390464,1.0,365.0,285342.4,2920.0,15009.792,0.0027397260273972603,365.0,7817.599999999999,2345.2799999999997,0.5,750.4896,15.0,2.0,Long Inactive,Medium Value,Low Frequency
CUST2643,34,Male,India,cancelled,1,3,1232.22,1232.22,410.74,4.1,1,39.0,39,39,2022-02-28,2022-02-28,2021-09-10,1379,171,0.14925373134328357,3.0,1,1,1,1.0,1232.22,410.74,0.005813953488372093,2242.6403999999998,216.17894736842106,0.5263157894736842,1.0,2960.2853279999995,1.0,2.134502923976608,2630.1771929824563,6.4035087719298245,393.4456842105263,0.4684931506849315,2.134502923976608,216.17894736842106,49288.8,0.005813953488372093,13.038606976744184,40.0,2.0,Long Inactive,High Value,Low Frequency
CUST2644,43,Female,Canada,active,1,6,549.72,549.72,91.62,4.1,0,9.0,9,9,2024-07-21,2024-07-21,2022-10-20,505,640,0.04477611940298508,6.0,1,1,1,0.0,549.72,91.62,0.0015600624024961,1000.4903999999999,25.768125,0.28125,0.0,1320.6473279999998,1.0,0.5703125,313.51218750000004,3.421875,46.8979875,1.7534246575342465,0.5703125,25.768125,5497.200000000001,0.0015600624024961,1.5608274570982839,0.0,2.0,Long Inactive,Low Value,Low Frequency
CUST2645,55,Female,India,cancelled,1,5,869.2,869.2,173.84,3.4,2,46.0,46,46,2024-11-06,2024-11-06,2022-04-08,397,943,0.03083247687564234,5.0,1,1,1,2.0,869.2,173.84,0.001059322033898305,1460.256,27.65217391304348,0.15906680805938495,2.0,1723.1020800000001,1.0,0.3870625662778367,336.4347826086957,1.9353128313891834,46.455652173913045,2.5835616438356164,0.3870625662778367,27.65217391304348,40852.4,0.001059322033898305,1.5468813559322034,94.0,2.0,Long Inactive,Medium Value,Low Frequency
CUST2646,33,Female,UK,active,1,6,1534.8600000000001,1534.8600000000001,255.81,4.6,5,35.0,35,35,2025-07-05,2025-07-05,2021-01-28,156,1619,0.018192844147968464,6.0,1,1,1,5.0,1534.8600000000001,255.81000000000003,0.0006172839506172839,2946.9312,28.440889437924646,0.11117974058060531,5.0,4184.642304,1.0,0.22544780728844965,346.0308214947499,1.352686843730698,54.606507720815316,4.435616438356164,0.22544780728844965,28.440889437924646,55254.96000000001,0.0006172839506172839,1.8190933333333332,180.0,2.0,At Risk,Very High Value,Low Frequency
CUST2647,40,Male,Pakistan,cancelled,1,2,717.26,717.26,358.63,4.2,2,6.0,6,6,2023-11-16,2023-11-16,2022-12-07,753,344,0.08021390374331551,2.0,1,1,1,2.0,717.26,358.63,0.002898550724637681,1319.7584,62.55174418604651,0.1744186046511628,2.0,1768.476256,1.0,1.0610465116279069,761.0462209302325,2.1220930232558137,115.09520930232557,0.9424657534246575,1.0610465116279069,62.55174418604651,5020.82,0.002898550724637681,3.8253866666666667,14.0,2.0,Long Inactive,Medium Value,Low Frequency
CUST2648,47,Female,Germany,paused,1,4,49.12,49.12,12.28,3.9,2,35.0,35,35,2023-11-12,2023-11-12,2022-12-11,757,336,0.0819672131147541,4.0,1,1,1,2.0,49.12,12.28,0.002967359050445104,87.4336,4.385714285714286,0.35714285714285715,2.0,111.915008,1.0,1.0863095238095237,53.35952380952381,4.345238095238095,7.806571428571429,0.9205479452054794,1.0863095238095237,4.385714285714286,1768.32,0.002967359050445104,0.25944688427299706,72.0,2.0,Long Inactive,Low Value,Low Frequency
CUST2649,54,Male,India,active,1,8,896.32,896.32,112.04,4.2,4,29.0,29,29,2021-09-24,2021-09-24,2021-04-30,1536,147,0.1694915254237288,8.0,1,1,1,4.0,896.32,112.04,0.006756756756756757,1649.2288,182.92244897959182,1.6326530612244896,4.0,2209.966592,1.0,2.4829931972789114,2225.5564625850343,19.86394557823129,336.577306122449,0.40273972602739727,2.4829931972789114,182.92244897959182,26889.600000000002,0.006756756756756757,11.143437837837839,120.0,2.0,Long Inactive,Medium Value,Low Frequency
CUST2650,36,Female,UK,paused,1,1,1885.06,1885.06,1885.06,4.2,0,33.0,33,33,2024-12-10,2024-12-10,2023-01-04,363,706,0.04076086956521739,1.0,1,1,1,0.0,1885.06,1885.06,0.0014144271570014145,3468.5104,80.10169971671387,0.04249291784702549,0.0,4647.803936,1.0,0.5169971671388102,974.5706798866855,0.5169971671388102,147.38712747875354,1.9342465753424658,0.5169971671388102,80.10169971671387,64092.04,0.0014144271570014145,4.905955304101839,0.0,2.0,Long Inactive,Very High Value,Low Frequency
CUST2651,26,Male,Pakistan,paused,1,2,1428.8,1428.8,714.4,4.1,3,30.0,30,30,2022-01-18,2022-01-18,2020-12-17,1420,397,0.07025761124121781,2.0,1,1,1,3.0,1428.8,714.4,0.002512562814070352,2600.4159999999997,107.96977329974811,0.15113350125944586,3.0,3432.549119999999,1.0,0.9193954659949621,1313.632241813602,1.8387909319899243,196.50498740554156,1.0876712328767124,0.9193954659949621,107.96977329974811,44292.799999999996,0.002512562814070352,6.533708542713567,93.0,2.0,Long Inactive,High Value,Low Frequency
CUST2652,21,Female,India,active,1,6,1666.1399999999999,1666.1399999999999,277.69,4.8,2,10.0,10,10,2022-01-09,2022-01-09,2021-06-18,1429,205,0.12765957446808512,6.0,1,1,1,2.0,1666.1399999999999,277.69,0.0048543689320388345,3265.6344,243.82536585365852,0.8780487804878049,2.0,4767.8262239999995,1.0,1.7804878048780488,2966.5419512195117,10.682926829268292,477.8977170731707,0.5616438356164384,1.7804878048780488,243.82536585365852,18327.539999999997,0.0048543689320388345,15.85259417475728,22.0,2.0,Long Inactive,Very High Value,Low Frequency
CUST2653,62,Male,Pakistan,cancelled,1,8,866.64,866.64,108.33,4.4,5,33.0,33,33,2023-09-05,2023-09-05,2020-06-10,825,1182,0.024752475247524754,8.0,1,1,1,5.0,866.64,108.33,0.0008453085376162299,1629.2832,21.995939086294417,0.20304568527918782,5.0,2248.4108160000005,1.0,0.30879864636209814,267.6172588832487,2.470389170896785,41.35236548223351,3.2383561643835614,0.30879864636209814,21.995939086294417,29465.76,0.0008453085376162299,1.3772469991546914,170.0,2.0,Long Inactive,Medium Value,Low Frequency
CUST2654,55,Female,Germany,paused,1,1,1831.4,1831.4,1831.4,4.3,5,4.0,4,4,2021-07-10,2021-07-10,2021-01-01,1612,190,0.13636363636363638,1.0,1,1,1,5.0,1831.4,1831.4,0.005235602094240838,3406.404,289.16842105263163,0.15789473684210528,5.0,4632.70944,1.0,1.9210526315789476,3518.2157894736847,1.9210526315789476,537.8532631578947,0.5205479452054794,1.9210526315789476,289.16842105263163,9157.0,0.005235602094240838,17.834575916230367,25.0,2.0,Long Inactive,Very High Value,Low Frequency
CUST2655,42,Female,Germany,cancelled,1,1,524.46,524.46,524.46,4.3,2,12.0,12,12,2021-05-29,2021-05-29,2021-10-01,1654,0,1.0,1.0,1,1,1,2.0,524.46,524.46,1.0,975.4956,5244.6,10.0,2.0,1326.674016,1.0,365.0,191427.90000000002,365.0,9754.955999999998,0.0,365.0,5244.6,6817.9800000000005,1.0,975.4956,26.0,2.0,Long Inactive,Low Value,Low Frequency
CUST2656,35,Male,Canada,active,1,3,1054.74,1054.74,351.58,4.0,5,13.0,13,13,2025-05-05,2025-05-05,2022-08-28,217,981,0.029673590504451036,3.0,1,1,1,5.0,1054.74,351.58,0.0010183299389002036,1898.5320000000002,32.25504587155963,0.09174311926605504,5.0,2468.0916,1.0,0.3720693170234454,392.4363914373088,1.1162079510703362,58.05908256880734,2.6876712328767125,0.3720693170234454,32.25504587155963,14766.36,0.0010183299389002036,1.9333319755600815,70.0,2.0,Long Inactive,Medium Value,Low Frequency
CUST2657,69,Other,India,active,1,9,713.6999999999999,713.6999999999999,79.3,4.3,5,34.0,34,34,2025-08-20,2025-08-20,2020-08-20,110,1826,0.016163793103448277,9.0,1,1,1,5.0,713.6999999999999,79.3,0.0005473453749315818,1327.4819999999997,11.725629791894852,0.14786418400876233,5.0,1805.3755199999996,1.0,0.19989047097480833,142.66182913472068,1.7990142387732748,21.80967141292442,5.002739726027397,0.19989047097480833,11.725629791894852,24979.499999999996,0.0005473453749315818,0.726591133004926,175.0,2.0,At Risk,Medium Value,Low Frequency
CUST2658,42,Male,UK,active,1,3,1285.47,1285.47,428.49,4.0,0,38.0,38,38,2025-03-19,2025-03-19,2021-05-02,264,1417,0.02073255010366275,3.0,1,1,1,0.0,1285.47,428.49,0.0007052186177715092,2313.846,27.21531404375441,0.06351446718419196,0.0,3007.9998,1.0,0.2575864502470007,331.119654199012,0.7727593507410021,48.98756527875794,3.882191780821918,0.2575864502470007,27.21531404375441,50133.33,0.0007052186177715092,1.6317672778561354,0.0,2.0,Long Inactive,High Value,Low Frequency
CUST2659,34,Male,India,active,1,5,316.1,316.1,63.22,4.4,2,15.0,15,15,2023-01-17,2023-01-17,2021-02-03,1056,713,0.04037685060565276,5.0,1,1,1,2.0,316.1,63.220000000000006,0.0014005602240896359,594.268,13.300140252454419,0.2103786816269285,2.0,820.0898400000001,1.0,0.511921458625526,161.81837307152875,2.5596072931276295,25.004263674614307,1.9534246575342467,0.511921458625526,13.300140252454419,5057.6,0.0014005602240896359,0.8323081232492998,32.0,2.0,Long Inactive,Low Value,Low Frequency
CUST2660,39,Male,Germany,paused,1,8,1096.96,1096.96,137.12,4.1,0,20.0,20,20,2022-02-10,2022-02-10,2021-04-28,1397,288,0.09433962264150944,8.0,1,1,1,0.0,1096.96,137.12,0.0034602076124567475,1996.4671999999998,114.26666666666668,0.8333333333333334,0.0,2635.3367039999994,1.0,1.2673611111111112,1390.2444444444445,10.13888888888889,207.96533333333332,0.7890410958904109,1.2673611111111112,114.26666666666668,23036.16,0.0034602076124567475,6.908191003460207,0.0,2.0,Long Inactive,High Value,Low Frequency
CUST2661,21,Male,USA,active,1,3,627.27,627.27,209.09,3.6,1,16.0,16,16,2023-07-12,2023-07-12,2021-04-01,880,832,0.03480278422273782,3.0,1,1,1,1.0,627.27,209.09,0.0012004801920768306,1078.9044,22.617908653846154,0.10817307692307691,1.0,1316.263368,1.0,0.4387019230769231,275.1845552884615,1.3161057692307692,38.90280288461538,2.2794520547945205,0.4387019230769231,22.617908653846154,10663.59,0.0012004801920768306,1.2952033613445375,17.0,2.0,Long Inactive,Medium Value,Low Frequency
CUST2662,55,Female,Germany,active,1,4,1178.56,1178.56,294.64,2.0,4,22.0,22,22,2024-11-25,2024-11-25,2022-06-07,378,902,0.032188841201716736,4.0,1,1,1,4.0,1178.56,294.64,0.0011074197120708748,1649.984,39.19822616407982,0.13303769401330376,4.0,1484.9856,1.0,0.40465631929046564,476.9117516629712,1.6186252771618626,54.87751662971175,2.4712328767123286,0.40465631929046564,39.19822616407982,27106.879999999997,0.0011074197120708748,1.8272248062015501,92.0,2.0,Long Inactive,High Value,Low Frequency
CUST2663,51,Female,Pakistan,active,1,5,735.1,735.1,147.02,4.0,5,31.0,31,31,2024-12-05,2024-12-05,2022-11-26,368,740,0.03896103896103896,5.0,1,1,1,5.0,735.1,147.02,0.001349527665317139,1323.18,29.80135135135135,0.2027027027027027,5.0,1720.1340000000002,1.0,0.4932432432432432,362.5831081081081,2.4662162162162162,53.642432432432436,2.0273972602739727,0.4932432432432432,29.80135135135135,23523.2,0.001349527665317139,1.785668016194332,160.0,2.0,Long Inactive,Medium Value,Low Frequency
CUST2664,64,Male,Pakistan,cancelled,1,6,1965.66,1965.66,327.61,3.7,5,19.0,19,19,2023-11-09,2023-11-09,2021-06-08,760,884,0.03282275711159738,6.0,1,1,1,5.0,1965.66,327.61,0.0011299435028248588,3420.2484,66.7079185520362,0.20361990950226244,5.0,4241.108016,1.0,0.41289592760181,811.6130090497738,2.47737556561086,116.07177828054299,2.421917808219178,0.41289592760181,66.7079185520362,39313.200000000004,0.0011299435028248588,3.864687457627119,100.0,2.0,Long Inactive,Very High Value,Low Frequency
CUST2665,64,Male,USA,paused,1,2,1647.38,1647.38,823.69,3.8,3,2.0,2,2,2024-05-08,2024-05-08,2021-07-10,579,1033,0.028222013170272814,2.0,1,1,1,3.0,1647.38,823.69,0.0009671179883945841,2899.3888,47.84259438528559,0.05808325266214909,3.0,3653.2298880000003,1.0,0.35333978702807356,582.0848983543078,0.7066795740561471,84.20296611810262,2.83013698630137,0.35333978702807356,47.84259438528559,4942.14,0.0009671179883945841,2.8040510638297875,9.0,2.0,Long Inactive,Very High Value,Low Frequency
CUST2666,66,Female,USA,active,1,7,140.28,140.28,20.04,3.9,2,8.0,8,8,2024-02-25,2024-02-25,2023-07-07,652,233,0.1140684410646388,7.0,1,1,1,2.0,140.28,20.04,0.004273504273504274,249.6984,18.061802575107297,0.9012875536480687,2.0,319.613952,1.0,1.5665236051502145,219.7519313304721,10.965665236051501,32.15000858369098,0.6383561643835617,1.5665236051502145,18.061802575107297,1262.52,0.004273504273504274,1.0670871794871795,18.0,2.0,Long Inactive,Low Value,Low Frequency
CUST2667,32,Female,Canada,cancelled,1,9,1577.07,1577.07,175.23,3.1,4,22.0,22,22,2025-08-06,2025-08-06,2023-10-06,124,670,0.04285714285714286,9.0,1,1,1,4.0,1577.07,175.23,0.0014903129657228018,2554.8534,70.61507462686568,0.40298507462686567,4.0,2861.435808,1.0,0.5447761194029851,859.1500746268656,4.902985074626866,114.3964208955224,1.8356164383561644,0.5447761194029851,70.61507462686568,36272.61,0.0014903129657228018,3.8075311475409834,92.0,2.0,At Risk,Very High Value,Low Frequency
CUST2668,55,Male,Germany,active,1,5,1650.3999999999999,1650.3999999999999,330.08,3.0,5,34.0,34,34,2024-12-02,2024-12-02,2021-01-01,371,1431,0.02053388090349076,5.0,1,1,1,5.0,1650.3999999999999,330.08,0.0006983240223463687,2640.64,34.59958071278825,0.10482180293501048,5.0,2904.704,1.0,0.2550663871418588,420.9615653389238,1.275331935709294,55.35932914046121,3.9205479452054797,0.2550663871418588,34.59958071278825,57763.99999999999,0.0006983240223463687,1.844022346368715,175.0,2.0,Long Inactive,Very High Value,Low Frequency
CUST2669,59,Male,USA,paused,1,2,480.08,480.08,240.04,4.0,5,36.0,36,36,2023-02-07,2023-02-07,2023-07-04,1035,0,1.0,2.0,1,1,1,5.0,480.08,240.04,1.0,864.144,4800.799999999999,20.0,5.0,1123.3872000000001,1.0,365.0,175229.19999999998,730.0,8641.439999999999,0.0,365.0,4800.799999999999,17762.96,1.0,864.144,185.0,2.0,Long Inactive,Low Value,Low Frequency
CUST2670,24,Female,Pakistan,active,1,9,33.120000000000005,33.120000000000005,3.68,4.4,0,47.0,47,47,2022-04-12,2022-04-12,2021-05-14,1336,333,0.08264462809917356,9.0,1,1,1,0.0,33.120000000000005,3.6800000000000006,0.0029940119760479044,62.26560000000001,2.9837837837837844,0.8108108108108109,0.0,85.92652800000002,1.0,1.0960960960960962,36.3027027027027,9.864864864864865,5.609513513513515,0.9123287671232877,1.0960960960960962,2.9837837837837844,1589.7600000000002,0.0029940119760479044,0.18642395209580845,0.0,2.0,Long Inactive,Low Value,Low Frequency
CUST2671,66,Female,Canada,active,1,2,647.78,647.78,323.89,4.1,3,37.0,37,37,2022-01-19,2022-01-19,2020-08-28,1419,509,0.05565862708719852,2.0,1,1,1,3.0,647.78,323.89,0.00196078431372549,1178.9596,38.179567779960706,0.11787819253438116,3.0,1556.2266719999998,1.0,0.7170923379174853,464.5180746561886,1.4341846758349706,69.48681335952848,1.3945205479452054,0.7170923379174853,38.179567779960706,24615.64,0.00196078431372549,2.311685490196078,114.0,2.0,Long Inactive,Medium Value,Low Frequency
CUST2672,48,Female,Germany,cancelled,1,9,263.34000000000003,263.34000000000003,29.26,3.6,4,34.0,34,34,2025-12-06,2025-12-06,2023-08-13,2,846,0.03424657534246575,9.0,1,1,1,4.0,263.34000000000003,29.260000000000005,0.0011806375442739079,452.94480000000004,9.338297872340426,0.3191489361702128,4.0,552.592656,1.0,0.4314420803782506,113.61595744680852,3.882978723404255,16.061872340425534,2.317808219178082,0.4314420803782506,9.338297872340426,9216.900000000001,0.0011806375442739079,0.5347636363636364,140.0,2.0,Very Recent,Low Value,Low Frequency
CUST2673,22,Female,Pakistan,paused,1,5,595.6,595.6,119.12,4.4,3,2.0,2,2,2024-02-23,2024-02-23,2022-06-07,654,626,0.04573170731707317,5.0,1,1,1,3.0,595.6,119.12,0.001594896331738437,1119.728,28.543130990415335,0.23961661341853036,3.0,1545.2246400000001,1.0,0.5830670926517572,347.2747603833866,2.915335463258786,53.661086261980834,1.715068493150685,0.5830670926517572,28.543130990415335,1786.8000000000002,0.001594896331738437,1.7858500797448167,9.0,2.0,Long Inactive,Medium Value,Low Frequency
CUST2674,66,Male,UK,active,1,8,1250.08,1250.08,156.26,4.2,5,42.0,42,42,2023-04-23,2023-04-23,2021-11-14,960,525,0.05405405405405406,8.0,1,1,1,5.0,1250.08,156.26,0.0019011406844106464,2300.1472,71.43314285714285,0.45714285714285713,5.0,3082.197248,1.0,0.6952380952380952,869.1032380952381,5.561904761904762,131.43698285714285,1.4383561643835616,0.6952380952380952,71.43314285714285,53753.439999999995,0.0019011406844106464,4.3729034220532315,215.0,2.0,Long Inactive,High Value,Low Frequency
CUST2675,28,Male,UK,paused,1,6,812.8199999999999,812.8199999999999,135.47,4.3,4,3.0,3,3,2024-10-26,2024-10-26,2021-02-10,408,1354,0.02167630057803468,6.0,1,1,1,4.0,812.8199999999999,135.47,0.0007380073800738007,1511.8451999999997,18.009305760709008,0.1329394387001477,4.0,2056.1094719999996,1.0,0.2695716395864106,219.11322008862626,1.6174298375184637,33.49730871491875,3.7095890410958905,0.2695716395864106,18.009305760709008,3251.2799999999997,0.0007380073800738007,1.115752915129151,16.0,2.0,Long Inactive,Medium Value,Low Frequency
CUST2676,48,Male,Canada,active,1,2,1629.62,1629.62,814.81,3.8,3,25.0,25,25,2024-02-24,2024-02-24,2020-04-11,653,1414,0.02077562326869806,2.0,1,1,1,3.0,1629.62,814.81,0.0007067137809187279,2868.1312,34.57468175388967,0.042432814710042434,3.0,3613.845312,1.0,0.25813295615275816,420.6586280056577,0.5162659123055163,60.851439886845824,3.873972602739726,0.25813295615275816,34.57468175388967,42370.119999999995,0.0007067137809187279,2.026947844522968,78.0,2.0,Long Inactive,Very High Value,Low Frequency
CUST2677,35,Female,India,active,1,2,807.72,807.72,403.86,4.1,0,43.0,43,43,2023-09-05,2023-09-05,2020-10-15,825,1055,0.027649769585253458,2.0,1,1,1,0.0,807.72,403.86,0.000946969696969697,1470.0503999999999,22.96834123222749,0.05687203791469195,0.0,1940.4665279999995,1.0,0.3459715639810427,279.44815165876776,0.6919431279620853,41.80238104265403,2.8904109589041096,0.3459715639810427,22.96834123222749,35539.68,0.000946969696969697,1.3920931818181816,0.0,2.0,Long Inactive,Medium Value,Low Frequency
CUST2678,27,Female,USA,active,1,6,981.3000000000001,981.3000000000001,163.55,4.0,0,48.0,48,48,2024-01-20,2024-01-20,2021-11-06,688,805,0.03592814371257485,6.0,1,1,1,0.0,981.3000000000001,163.55,0.0012406947890818859,1766.3400000000001,36.57018633540373,0.2236024844720497,0.0,2296.242,1.0,0.453416149068323,444.9372670807454,2.720496894409938,65.82633540372672,2.2054794520547945,0.453416149068323,36.57018633540373,48083.700000000004,0.0012406947890818859,2.1914888337468983,0.0,2.0,Long Inactive,Medium Value,Low Frequency
CUST2679,24,Female,Germany,paused,1,5,375.34999999999997,375.34999999999997,75.07,4.2,2,32.0,32,32,2023-07-24,2023-07-24,2021-10-20,868,642,0.044642857142857144,5.0,1,1,1,2.0,375.34999999999997,75.07,0.0015552099533437014,690.644,17.539719626168225,0.23364485981308414,2.0,925.4629600000001,1.0,0.5685358255451713,213.39992211838003,2.8426791277258565,32.27308411214953,1.7589041095890412,0.5685358255451713,17.539719626168225,12386.55,0.0015552099533437014,1.0740964230171073,66.0,2.0,Long Inactive,Low Value,Low Frequency
CUST2680,69,Female,Pakistan,active,1,8,949.12,949.12,118.64,3.6,0,1.0,1,1,2022-09-04,2022-09-04,2022-12-02,1191,0,1.0,8.0,1,1,1,0.0,949.12,118.64,1.0,1632.4864,9491.199999999999,80.0,0.0,1991.633408,1.0,365.0,346428.8,2920.0,16324.864,0.0,365.0,9491.199999999999,1898.24,1.0,1632.4864,0.0,2.0,Long Inactive,Medium Value,Low Frequency
CUST2681,65,Female,UK,active,1,7,373.59,373.59,53.37,4.2,4,34.0,34,34,2021-06-25,2021-06-25,2021-01-06,1627,170,0.15,7.0,1,1,1,4.0,373.59,53.37,0.005847953216374269,687.4055999999999,65.92764705882352,1.2352941176470587,4.0,921.123504,1.0,2.1470588235294117,802.119705882353,15.029411764705884,121.30687058823527,0.4657534246575342,2.1470588235294117,65.92764705882352,13075.65,0.005847953216374269,4.019915789473684,140.0,2.0,Long Inactive,Low Value,Low Frequency
CUST2682,65,Female,UK,active,1,6,607.6800000000001,607.6800000000001,101.28,4.1,3,38.0,38,38,2024-05-04,2024-05-04,2023-01-03,583,487,0.058027079303675046,6.0,1,1,1,3.0,607.6800000000001,101.28000000000002,0.0020491803278688526,1105.9776,37.4340862422998,0.36960985626283366,3.0,1459.8904319999997,1.0,0.7494866529774128,455.44804928131424,4.496919917864476,68.13003696098562,1.3342465753424657,0.7494866529774128,37.4340862422998,23699.520000000004,0.0020491803278688526,2.2663475409836065,117.0,2.0,Long Inactive,Medium Value,Low Frequency
CUST2683,55,Male,USA,active,1,5,430.05,430.05,86.01,4.2,4,48.0,48,48,2025-04-21,2025-04-21,2023-05-02,231,720,0.04,5.0,1,1,1,4.0,430.05,86.01,0.0013869625520110957,791.292,17.91875,0.20833333333333334,4.0,1060.33128,1.0,0.5069444444444444,218.01145833333334,2.5347222222222223,32.9705,1.9726027397260273,0.5069444444444444,17.91875,21072.45,0.0013869625520110957,1.097492371705964,196.0,2.0,Long Inactive,Low Value,Low Frequency
CUST2684,26,Male,India,active,1,5,1534.25,1534.25,306.85,3.9,3,11.0,11,11,2024-11-26,2024-11-26,2022-12-23,377,704,0.04087193460490463,5.0,1,1,1,3.0,1534.25,306.85,0.0014184397163120568,2730.965,65.3799715909091,0.21306818181818182,3.0,3495.6352,1.0,0.5184659090909091,795.4563210227273,2.5923295454545454,116.3763494318182,1.9287671232876713,0.5184659090909091,65.3799715909091,18411.0,0.0014184397163120568,3.8737092198581564,36.0,2.0,Long Inactive,Very High Value,Low Frequency
CUST2685,20,Other,Canada,active,1,3,531.5699999999999,531.5699999999999,177.19,4.0,1,27.0,27,27,2025-06-18,2025-06-18,2021-10-13,173,1344,0.02183406113537118,3.0,1,1,1,1.0,531.5699999999999,177.18999999999997,0.0007434944237918215,956.8259999999999,11.865401785714285,0.06696428571428571,1.0,1243.8737999999998,1.0,0.27157738095238093,144.36238839285713,0.8147321428571429,21.357723214285713,3.682191780821918,0.27157738095238093,11.865401785714285,14883.96,0.0007434944237918215,0.7113947955390334,28.0,2.0,At Risk,Low Value,Low Frequency
CUST2686,51,Female,Pakistan,cancelled,1,1,1804.28,1804.28,1804.28,4.2,0,32.0,32,32,2023-07-08,2023-07-08,2021-03-14,884,846,0.03424657534246575,1.0,1,1,1,0.0,1804.28,1804.28,0.0011806375442739079,3319.8752,63.98156028368794,0.03546099290780142,0.0,4448.632768,1.0,0.4314420803782506,778.44231678487,0.4314420803782506,117.72607092198582,2.317808219178082,0.4314420803782506,63.98156028368794,59541.24,0.0011806375442739079,3.919569303423849,0.0,2.0,Long Inactive,Very High Value,Low Frequency
CUST2687,35,Male,UK,paused,1,4,102.52,102.52,25.63,4.2,0,2.0,2,2,2025-03-15,2025-03-15,2023-02-24,268,750,0.038461538461538464,4.0,1,1,1,0.0,102.52,25.63,0.0013315579227696406,188.6368,4.1008,0.16,0.0,252.773312,1.0,0.48666666666666664,49.89306666666666,1.9466666666666665,7.545472,2.0547945205479454,0.48666666666666664,4.1008,307.56,0.0013315579227696406,0.25118082556591215,0.0,2.0,Long Inactive,Low Value,Low Frequency
CUST2688,58,Male,USA,active,1,6,109.19999999999999,109.19999999999999,18.2,4.1,2,23.0,23,23,2021-10-08,2021-10-08,2021-05-23,1522,138,0.17857142857142858,6.0,1,1,1,2.0,109.19999999999999,18.2,0.007194244604316547,198.74399999999997,23.73913043478261,1.3043478260869565,2.0,262.34207999999995,1.0,2.6449275362318843,288.8260869565217,15.869565217391305,43.205217391304345,0.3780821917808219,2.6449275362318843,23.73913043478261,2620.7999999999997,0.007194244604316547,1.4298129496402876,48.0,2.0,Long Inactive,Low Value,Low Frequency
CUST2689,50,Female,USA,active,1,5,1003.7,1003.7,200.74,4.4,4,38.0,38,38,2024-03-19,2024-03-19,2020-08-27,629,1300,0.022556390977443608,5.0,1,1,1,4.0,1003.7,200.74,0.0007686395080707148,1886.9560000000001,23.162307692307692,0.11538461538461538,4.0,2603.9992800000005,1.0,0.28076923076923077,281.80807692307695,1.4038461538461537,43.545138461538464,3.5616438356164384,0.28076923076923077,23.162307692307692,39144.3,0.0007686395080707148,1.4503889315910838,156.0,2.0,Long Inactive,Medium Value,Low Frequency
CUST2690,42,Female,Canada,active,1,6,1806.42,1806.42,301.07,4.1,0,46.0,46,46,2025-08-20,2025-08-20,2021-03-29,110,1605,0.01834862385321101,6.0,1,1,1,0.0,1806.42,301.07,0.0006226650062266501,3287.6843999999996,33.764859813084115,0.11214953271028037,0.0,4339.743407999999,1.0,0.22741433021806853,410.80579439252335,1.3644859813084111,61.45204485981308,4.397260273972603,0.22741433021806853,33.764859813084115,84901.74,0.0006226650062266501,2.04712602739726,0.0,2.0,At Risk,Very High Value,Low Frequency
CUST2691,21,Male,USA,active,1,3,1150.77,1150.77,383.59,4.2,0,33.0,33,33,2023-06-15,2023-06-15,2023-04-05,907,71,0.297029702970297,3.0,1,1,1,0.0,1150.77,383.59,0.013888888888888888,2117.4168,486.2408450704225,1.267605633802817,0.0,2837.3385120000003,1.0,5.140845070422535,5915.930281690141,15.422535211267606,894.6831549295774,0.19452054794520549,5.140845070422535,486.2408450704225,39126.18,0.013888888888888888,29.408566666666665,0.0,2.0,Long Inactive,High Value,Low Frequency
CUST2692,46,Male,UK,cancelled,1,5,799.4,799.4,159.88,4.1,4,31.0,31,31,2024-05-22,2024-05-22,2023-02-21,565,456,0.0617283950617284,5.0,1,1,1,4.0,799.4,159.88,0.002188183807439825,1454.908,52.5921052631579,0.32894736842105265,4.0,1920.4785599999996,1.0,0.8004385964912281,639.8706140350877,4.00219298245614,95.71763157894736,1.2493150684931507,0.8004385964912281,52.5921052631579,25580.8,0.002188183807439825,3.1836061269146607,128.0,2.0,Long Inactive,Medium Value,Low Frequency
CUST2693,62,Male,UK,active,1,6,580.4399999999999,580.4399999999999,96.74,3.9,3,17.0,17,17,2024-08-19,2024-08-19,2023-07-01,476,415,0.06741573033707865,6.0,1,1,1,3.0,580.4399999999999,96.74,0.002403846153846154,1033.1832,41.95951807228915,0.43373493975903615,3.0,1322.474496,1.0,0.8795180722891566,510.507469879518,5.27710843373494,74.6879421686747,1.1369863013698631,0.8795180722891566,41.95951807228915,10447.919999999998,0.002403846153846154,2.4836134615384617,54.0,2.0,Long Inactive,Medium Value,Low Frequency
CUST2694,33,Other,Pakistan,paused,1,8,1176.32,1176.32,147.04,3.9,1,12.0,12,12,2025-01-14,2025-01-14,2021-04-18,328,1367,0.02147458840372226,8.0,1,1,1,1.0,1176.32,147.04,0.0007309941520467836,2093.8496,25.815362106803214,0.1755669348939283,1.0,2680.127488,1.0,0.2670080468178493,314.08690563277247,2.1360643745427943,45.951344550109724,3.745205479452055,0.2670080468178493,25.815362106803214,15292.16,0.0007309941520467836,1.530591812865497,13.0,2.0,Long Inactive,High Value,Low Frequency
CUST2695,59,Male,UK,active,1,9,610.5600000000001,610.5600000000001,67.84,4.2,0,12.0,12,12,2024-12-30,2024-12-30,2022-02-14,343,1050,0.027777777777777776,9.0,1,1,1,0.0,610.5600000000001,67.84,0.0009514747859181732,1123.4304000000002,17.44457142857143,0.2571428571428571,0.0,1505.3967360000004,1.0,0.3476190476190476,212.24228571428574,3.1285714285714286,32.09801142857143,2.8767123287671232,0.3476190476190476,17.44457142857143,7937.280000000001,0.0009514747859181732,1.068915699333968,0.0,2.0,Long Inactive,Medium Value,Low Frequency
CUST2696,60,Male,UK,active,1,1,488.97,488.97,488.97,4.2,3,49.0,49,49,2024-01-16,2024-01-16,2023-05-13,692,248,0.1079136690647482,1.0,1,1,1,3.0,488.97,488.97,0.004016064257028112,899.7048000000001,59.14959677419355,0.12096774193548386,3.0,1205.604432,1.0,1.4717741935483872,719.6534274193549,1.4717741935483872,108.83525806451613,0.6794520547945205,1.4717741935483872,59.14959677419355,24448.5,0.004016064257028112,3.6132722891566265,150.0,2.0,Long Inactive,Low Value,Low Frequency
CUST2697,21,Male,Pakistan,active,1,7,1803.2000000000003,1803.2000000000003,257.6,3.7,1,34.0,34,34,2024-02-27,2024-02-27,2023-06-22,650,250,0.10714285714285714,7.0,1,1,1,1.0,1803.2000000000003,257.6,0.00398406374501992,3137.5680000000007,216.38400000000001,0.84,1.0,3890.584320000001,1.0,1.4600000000000002,2632.6720000000005,10.22,376.50816000000003,0.684931506849315,1.4600000000000002,216.38400000000001,63112.00000000001,0.00398406374501992,12.500270916334664,35.0,2.0,Long Inactive,Very High Value,Low Frequency
CUST2698,62,Female,Pakistan,paused,1,2,400.98,400.98,200.49,3.7,4,41.0,41,41,2022-11-07,2022-11-07,2020-09-21,1127,777,0.03717472118959108,2.0,1,1,1,4.0,400.98,200.49,0.0012853470437017994,697.7052,15.481853281853283,0.07722007722007722,4.0,865.154448,1.0,0.4697554697554698,188.3625482625483,0.9395109395109396,26.938424710424712,2.128767123287671,0.4697554697554698,15.481853281853283,16841.16,0.0012853470437017994,0.8967933161953727,168.0,2.0,Long Inactive,Low Value,Low Frequency
CUST2699,52,Male,Pakistan,active,1,9,728.1,728.1,80.9,3.4,3,22.0,22,22,2025-05-19,2025-05-19,2023-05-16,203,734,0.03926701570680628,9.0,1,1,1,3.0,728.1,80.9,0.0013605442176870747,1223.208,29.758855585831064,0.36784741144414174,3.0,1443.38544,1.0,0.49727520435967304,362.06607629427793,4.475476839237057,49.994877384196194,2.010958904109589,0.49727520435967304,29.758855585831064,16746.3,0.0013605442176870747,1.6642285714285714,69.0,2.0,Long Inactive,Medium Value,Low Frequency
CUST2700,44,Male,Germany,cancelled,1,9,1419.03,1419.03,157.67,4.2,3,13.0,13,13,2024-05-17,2024-05-17,2023-03-26,570,418,0.06696428571428571,9.0,1,1,1,3.0,1419.03,157.67,0.002386634844868735,2611.0152000000003,101.84425837320573,0.645933014354067,3.0,3498.7603680000007,1.0,0.8732057416267943,1239.1051435406698,7.858851674641149,187.3934354066986,1.1452054794520548,0.8732057416267943,101.84425837320573,19866.42,0.002386634844868735,6.23153985680191,42.0,2.0,Long Inactive,High Value,Low Frequency
CUST2701,65,Female,USA,active,1,8,839.84,839.84,104.98,4.0,5,26.0,26,26,2024-01-16,2024-01-16,2020-09-26,692,1207,0.024252223120452707,8.0,1,1,1,5.0,839.84,104.98,0.0008278145695364238,1511.712,20.87423363711682,0.1988400994200497,5.0,1965.2256,1.0,0.3024026512013256,253.9698425849213,2.4192212096106047,37.573620546810275,3.3068493150684932,0.3024026512013256,20.87423363711682,22675.68,0.0008278145695364238,1.2514172185430463,135.0,2.0,Long Inactive,Medium Value,Low Frequency
CUST2702,50,Female,Pakistan,active,1,4,251.6,251.6,62.9,4.1,4,13.0,13,13,2024-08-07,2024-08-07,2022-12-30,488,586,0.0487012987012987,4.0,1,1,1,4.0,251.6,62.9,0.0017035775127768314,457.912,12.880546075085324,0.20477815699658702,4.0,604.4438399999999,1.0,0.6228668941979522,156.71331058020476,2.4914675767918086,23.442593856655286,1.6054794520547946,0.6228668941979522,12.880546075085324,3522.4,0.0017035775127768314,0.7800885860306643,56.0,2.0,Long Inactive,Low Value,Low Frequency
CUST2703,30,Male,Canada,cancelled,1,3,435.87,435.87,145.29,3.9,4,24.0,24,24,2025-04-22,2025-04-22,2020-02-12,230,1896,0.01557632398753894,3.0,1,1,1,4.0,435.87,145.29,0.0005271481286241434,775.8486,6.896677215189873,0.04746835443037974,4.0,993.086208,1.0,0.19251054852320676,83.90957278481012,0.5775316455696202,12.276085443037974,5.1945205479452055,0.19251054852320676,6.896677215189873,10896.75,0.0005271481286241434,0.40898713758566163,100.0,2.0,Long Inactive,Low Value,Low Frequency
CUST2704,28,Female,India,cancelled,1,2,1716.72,1716.72,858.36,4.0,4,44.0,44,44,2024-10-16,2024-10-16,2022-06-24,418,845,0.03428571428571429,2.0,1,1,1,4.0,1716.72,858.36,0.001182033096926714,3090.096,60.94863905325444,0.07100591715976332,4.0,4017.1248,1.0,0.43195266272189353,741.541775147929,0.8639053254437871,109.70755029585798,2.315068493150685,0.43195266272189353,60.94863905325444,77252.4,0.001182033096926714,3.652595744680851,180.0,2.0,Long Inactive,Very High Value,Low Frequency
CUST2705,57,Male,Canada,cancelled,1,2,1642.48,1642.48,821.24,3.9,1,23.0,23,23,2021-06-08,2021-06-08,2021-06-29,1644,0,1.0,2.0,1,1,1,1.0,1642.48,821.24,1.0,2923.6144,16424.8,20.0,1.0,3742.226432,1.0,365.0,599505.2,730.0,29236.143999999997,0.0,365.0,16424.8,39419.520000000004,1.0,2923.6144,24.0,2.0,Long Inactive,Very High Value,Low Frequency
CUST2706,40,Male,UK,cancelled,1,8,1324.64,1324.64,165.58,4.2,3,21.0,21,21,2025-01-24,2025-01-24,2021-08-11,318,1262,0.023219814241486066,8.0,1,1,1,3.0,1324.64,165.58,0.000791765637371338,2437.3376000000003,31.48906497622821,0.19017432646592708,3.0,3266.0323840000005,1.0,0.28922345483359746,383.1169572107766,2.3137876386687797,57.93987955625991,3.4575342465753423,0.28922345483359746,31.48906497622821,29142.08,0.000791765637371338,1.9298001583531277,66.0,2.0,Long Inactive,High Value,Low Frequency
CUST2707,39,Female,USA,active,1,9,841.32,841.32,93.48,4.3,5,39.0,39,39,2025-06-14,2025-06-14,2022-11-01,177,956,0.030425963488843813,9.0,1,1,1,5.0,841.32,93.48,0.0010449320794148381,1564.8552,26.401255230125525,0.2824267782426778,5.0,2128.203072,1.0,0.38179916317991636,321.2152719665272,3.436192468619247,49.106334728033474,2.6191780821917807,0.38179916317991636,26.401255230125525,33652.8,0.0010449320794148381,1.6351673981191224,200.0,2.0,At Risk,Medium Value,Low Frequency
CUST2708,33,Female,USA,cancelled,1,8,1820.32,1820.32,227.54,4.0,1,10.0,10,10,2024-12-10,2024-12-10,2021-09-27,363,1170,0.025,8.0,1,1,1,1.0,1820.32,227.54,0.0008539709649871904,3276.576,46.67487179487179,0.20512820512820512,1.0,4259.5488000000005,1.0,0.31196581196581197,567.8776068376068,2.4957264957264957,84.01476923076923,3.2054794520547945,0.31196581196581197,46.67487179487179,20023.52,0.0008539709649871904,2.7981007685738684,11.0,2.0,Long Inactive,Very High Value,Low Frequency
CUST2709,40,Male,USA,paused,1,6,1559.6399999999999,1559.6399999999999,259.94,2.6,1,35.0,35,35,2025-04-20,2025-04-20,2023-03-13,232,769,0.03754693366708386,6.0,1,1,1,1.0,1559.6399999999999,259.94,0.0012987012987012987,2370.6528,60.84421326397919,0.2340702210663199,1.0,2418.0658559999997,1.0,0.4746423927178154,740.2712613784136,2.8478543563068923,92.48320416124837,2.106849315068493,0.4746423927178154,60.84421326397919,56147.03999999999,0.0012987012987012987,3.07876987012987,36.0,2.0,Long Inactive,Very High Value,Low Frequency
CUST2710,20,Female,India,active,1,8,1856.0,1856.0,232.0,3.8,0,39.0,39,39,2024-09-02,2024-09-02,2022-03-30,462,887,0.03271537622682661,8.0,1,1,1,0.0,1856.0,232.0,0.0011261261261261261,3266.56,62.773393461104845,0.2705749718151071,0.0,4115.8656,1.0,0.41149943630214203,763.7429537767756,3.2919954904171362,110.48117249154453,2.43013698630137,0.41149943630214203,62.773393461104845,74240.0,0.0011261261261261261,3.6785585585585583,0.0,2.0,Long Inactive,Very High Value,Low Frequency
CUST2711,47,Male,India,paused,1,7,1294.4399999999998,1294.4399999999998,184.92,4.5,5,34.0,34,34,2024-04-09,2024-04-09,2022-02-04,608,795,0.03636363636363636,7.0,1,1,1,5.0,1294.4399999999998,184.92,0.001256281407035176,2459.4359999999997,48.84679245283018,0.2641509433962264,5.0,3443.2103999999995,1.0,0.459119496855346,594.3026415094339,3.213836477987422,92.80890566037735,2.1780821917808217,0.459119496855346,48.84679245283018,45305.399999999994,0.001256281407035176,3.0897437185929646,175.0,2.0,Long Inactive,High Value,Low Frequency
CUST2712,53,Male,UK,active,1,6,1121.46,1121.46,186.91,3.5,2,30.0,30,30,2025-05-21,2025-05-21,2023-06-03,201,718,0.040106951871657755,6.0,1,1,1,2.0,1121.46,186.91,0.0013908205841446453,1906.482,46.85766016713092,0.25069637883008355,2.0,2287.7783999999997,1.0,0.5083565459610028,570.1015320334262,3.050139275766017,79.65802228412257,1.9671232876712328,0.5083565459610028,46.85766016713092,34765.26,0.0013908205841446453,2.6515744089012516,62.0,2.0,Long Inactive,High Value,Low Frequency
CUST2713,66,Female,India,active,1,9,743.3100000000001,743.3100000000001,82.59,3.9,4,46.0,46,46,2025-09-04,2025-09-04,2021-04-08,95,1610,0.01829268292682927,9.0,1,1,1,4.0,743.3100000000001,82.59,0.0006207324643078833,1323.0918000000001,13.85049689440994,0.16770186335403728,4.0,1693.5575040000003,1.0,0.2267080745341615,168.5143788819876,2.0403726708074537,24.653884472049693,4.410958904109589,0.2267080745341615,13.85049689440994,34935.57,0.0006207324643078833,0.8212860335195532,188.0,2.0,At Risk,Medium Value,Low Frequency
CUST2714,27,Male,USA,active,1,3,95.78999999999999,95.78999999999999,31.93,4.0,4,36.0,36,36,2023-03-20,2023-03-20,2021-10-18,994,518,0.05474452554744526,3.0,1,1,1,4.0,95.78999999999999,31.929999999999996,0.0019267822736030828,172.422,5.5476833976833975,0.17374517374517376,4.0,224.14860000000002,1.0,0.7046332046332047,67.49681467181468,2.113899613899614,9.985830115830117,1.4191780821917808,0.7046332046332047,5.5476833976833975,3544.2299999999996,0.0019267822736030828,0.3322196531791907,148.0,2.0,Long Inactive,Low Value,Low Frequency
CUST2715,48,Male,Pakistan,paused,1,4,979.84,979.84,244.96,4.0,4,7.0,7,7,2024-05-13,2024-05-13,2022-07-16,574,667,0.0430416068866571,4.0,1,1,1,4.0,979.84,244.96,0.0014970059880239522,1763.712,44.070764617691154,0.17991004497751123,4.0,2292.8256,1.0,0.5472263868065967,536.1943028485757,2.188905547226387,79.32737631184408,1.8273972602739725,0.5472263868065967,44.070764617691154,7838.72,0.0014970059880239522,2.6402874251497006,32.0,2.0,Long Inactive,Medium Value,Low Frequency
CUST2716,36,Female,India,cancelled,1,4,317.08,317.08,79.27,3.5,2,48.0,48,48,2021-10-10,2021-10-10,2021-05-18,1520,145,0.17142857142857143,4.0,1,1,1,2.0,317.08,79.27,0.00684931506849315,539.036,65.60275862068966,0.8275862068965518,2.0,646.8431999999999,1.0,2.5172413793103448,798.1668965517241,10.068965517241379,111.52468965517241,0.3972602739726027,2.5172413793103448,65.60275862068966,15536.92,0.00684931506849315,3.6920273972602735,98.0,2.0,Long Inactive,Low Value,Low Frequency
CUST2717,43,Male,Pakistan,active,1,9,248.49,248.49,27.61,4.0,4,42.0,42,42,2025-01-22,2025-01-22,2023-01-04,320,749,0.038510911424903725,9.0,1,1,1,4.0,248.49,27.61,0.0013333333333333333,447.28200000000004,9.952870493991991,0.3604806408544727,4.0,581.4666000000001,1.0,0.4873164218958611,121.09325767690254,4.38584779706275,17.915166889185585,2.052054794520548,0.4873164218958611,9.952870493991991,10685.07,0.0013333333333333333,0.596376,172.0,2.0,Long Inactive,Low Value,Low Frequency
CUST2718,18,Male,Canada,cancelled,1,9,273.87,273.87,30.43,3.4,5,18.0,18,18,2022-02-13,2022-02-13,2022-01-18,1394,26,0.5357142857142857,9.0,1,1,1,5.0,273.87,30.43,0.037037037037037035,460.1016,316.00384615384615,10.384615384615385,5.0,542.919888,1.0,14.038461538461538,3844.7134615384616,126.34615384615385,530.8864615384615,0.07123287671232877,14.038461538461538,316.00384615384615,5203.53,0.037037037037037035,17.0408,95.0,2.0,Long Inactive,Low Value,Low Frequency
CUST2719,40,Female,Pakistan,cancelled,1,2,1740.44,1740.44,870.22,4.2,1,35.0,35,35,2023-08-03,2023-08-03,2020-05-11,858,1179,0.02481389578163772,2.0,1,1,1,1.0,1740.44,870.22,0.000847457627118644,3202.4096000000004,44.28600508905853,0.050890585241730284,1.0,4291.228864000001,1.0,0.3095843935538592,538.8130619168787,0.6191687871077184,81.4862493638677,3.23013698630137,0.3095843935538592,44.28600508905853,62655.840000000004,0.000847457627118644,2.7139064406779663,36.0,2.0,Long Inactive,Very High Value,Low Frequency
CUST2720,22,Female,USA,paused,1,9,1580.31,1580.31,175.59,3.8,3,41.0,41,41,2025-05-26,2025-05-26,2023-10-01,196,603,0.04739336492890995,9.0,1,1,1,3.0,1580.31,175.59,0.0016556291390728477,2781.3456,78.62238805970148,0.4477611940298507,3.0,3504.495456,1.0,0.6053067993366501,956.5723880597014,5.447761194029851,138.37540298507463,1.652054794520548,0.6053067993366501,78.62238805970148,66373.02,0.0016556291390728477,4.604876821192053,126.0,2.0,Long Inactive,Very High Value,Low Frequency
CUST2721,18,Female,UK,active,1,4,1451.92,1451.92,362.98,4.1,2,27.0,27,27,2024-06-04,2024-06-04,2020-09-10,552,1363,0.021536252692031587,4.0,1,1,1,2.0,1451.92,362.98,0.0007331378299120235,2642.4944,31.957153338224508,0.0880410858400587,2.0,3488.0926079999995,1.0,0.2677916360968452,388.8120322817315,1.0711665443873808,58.1620190755686,3.734246575342466,0.2677916360968452,31.957153338224508,40653.76,0.0007331378299120235,1.9373126099706746,56.0,2.0,Long Inactive,High Value,Low Frequency
CUST2722,25,Female,USA,cancelled,1,3,1419.93,1419.93,473.31,4.2,3,2.0,2,2,2024-01-22,2024-01-22,2022-06-14,686,587,0.04862236628849271,3.0,1,1,1,3.0,1419.93,473.31,0.0017006802721088435,2612.6712,72.56882453151619,0.15332197614991483,3.0,3500.9794080000006,1.0,0.6218057921635435,882.9206984667803,1.8654173764906303,133.52663713798978,1.6082191780821917,0.6218057921635435,72.56882453151619,4259.79,0.0017006802721088435,4.443318367346939,9.0,2.0,Long Inactive,High Value,Low Frequency
CUST2723,18,Female,UK,active,1,6,936.36,936.36,156.06,4.3,3,9.0,9,9,2024-09-29,2024-09-29,2022-09-29,435,731,0.03942181340341656,6.0,1,1,1,3.0,936.36,156.06,0.001366120218579235,1741.6296,38.42790697674418,0.24623803009575923,3.0,2368.616256,1.0,0.4993160054719562,467.53953488372093,2.995896032831737,71.47590697674418,2.0027397260273974,0.4993160054719562,38.42790697674418,9363.6,0.001366120218579235,2.3792754098360653,30.0,2.0,Long Inactive,Medium Value,Low Frequency
CUST2724,42,Male,USA,active,1,5,70.75,70.75,14.15,4.2,4,31.0,31,31,2023-09-13,2023-09-13,2023-06-23,817,82,0.26785714285714285,5.0,1,1,1,4.0,70.75,14.15,0.012048192771084338,130.18,25.884146341463413,1.829268292682927,4.0,174.4412,1.0,4.451219512195122,314.9237804878049,22.25609756097561,47.62682926829268,0.22465753424657534,4.451219512195122,25.884146341463413,2264.0,0.012048192771084338,1.5684337349397592,128.0,2.0,Long Inactive,Low Value,Low Frequency
CUST2725,26,Male,Canada,cancelled,1,8,1312.32,1312.32,164.04,4.1,5,13.0,13,13,2021-06-13,2021-06-13,2021-04-05,1639,69,0.30303030303030304,8.0,1,1,1,5.0,1312.32,164.04,0.014285714285714285,2388.4223999999995,570.5739130434782,3.4782608695652177,5.0,3152.717567999999,1.0,5.2898550724637685,6941.982608695652,42.31884057971015,1038.4445217391303,0.18904109589041096,5.2898550724637685,570.5739130434782,18372.48,0.014285714285714285,34.12031999999999,70.0,2.0,Long Inactive,High Value,Low Frequency
CUST2726,53,Female,Canada,active,1,3,620.3100000000001,620.3100000000001,206.77,3.9,5,23.0,23,23,2021-05-30,2021-05-30,2021-01-24,1653,126,0.1923076923076923,3.0,1,1,1,5.0,620.3100000000001,206.77,0.007874015748031496,1104.1518,147.69285714285715,0.7142857142857143,5.0,1413.3143040000002,1.0,2.8968253968253967,1796.929761904762,8.69047619047619,262.89328571428575,0.3452054794520548,2.8968253968253967,147.69285714285715,14887.440000000002,0.007874015748031496,8.694108661417323,120.0,2.0,Long Inactive,Medium Value,Low Frequency
CUST2727,49,Other,Germany,cancelled,1,2,1944.3,1944.3,972.15,3.3,1,1.0,1,1,2023-02-14,2023-02-14,2021-04-17,1028,668,0.042979942693409746,2.0,1,1,1,1.0,1944.3,972.15,0.0014947683109118087,3227.5379999999996,87.3188622754491,0.08982035928143713,1.0,3743.9440799999993,1.0,0.5464071856287425,1062.379491017964,1.092814371257485,144.9493113772455,1.83013698630137,0.5464071856287425,87.3188622754491,3888.6,0.0014947683109118087,4.824421524663677,2.0,2.0,Long Inactive,Very High Value,Low Frequency
CUST2728,43,Female,USA,active,1,2,67.1,67.1,33.55,4.3,3,36.0,36,36,2025-05-25,2025-05-25,2023-01-23,197,853,0.03397508493771234,2.0,1,1,1,3.0,67.1,33.55,0.00117096018735363,124.80599999999998,2.3599062133645954,0.07033997655334115,3.0,169.73615999999996,1.0,0.42790152403282533,28.712192262602578,0.8558030480656507,4.389425556858147,2.336986301369863,0.42790152403282533,2.3599062133645954,2482.7,0.00117096018735363,0.14614285714285713,111.0,2.0,Long Inactive,Low Value,Low Frequency
CUST2729,18,Other,Pakistan,active,1,4,909.6,909.6,227.4,3.9,5,18.0,18,18,2023-07-03,2023-07-03,2022-08-07,889,330,0.08333333333333333,4.0,1,1,1,5.0,909.6,227.4,0.0030211480362537764,1619.088,82.69090909090909,0.36363636363636365,5.0,2072.43264,1.0,1.1060606060606062,1006.0727272727273,4.424242424242425,147.18981818181817,0.9041095890410958,1.1060606060606062,82.69090909090909,17282.4,0.0030211480362537764,4.891504531722054,95.0,2.0,Long Inactive,Medium Value,Low Frequency
CUST2730,25,Male,USA,cancelled,1,4,1050.24,1050.24,262.56,4.3,2,26.0,26,26,2023-07-24,2023-07-24,2021-02-22,868,882,0.03289473684210526,4.0,1,1,1,2.0,1050.24,262.56,0.0011325028312570782,1953.4463999999998,35.72244897959184,0.1360544217687075,2.0,2656.6871039999996,1.0,0.41383219954648526,434.6231292517007,1.655328798185941,66.44375510204081,2.4164383561643836,0.41383219954648526,35.72244897959184,28356.48,0.0011325028312570782,2.2122835787089468,54.0,2.0,Long Inactive,Medium Value,Low Frequency
CUST2731,42,Female,India,active,1,2,776.76,776.76,388.38,3.6,3,35.0,35,35,2023-03-02,2023-03-02,2022-04-08,1012,328,0.08379888268156424,2.0,1,1,1,3.0,776.76,388.38,0.00303951367781155,1336.0272,71.04512195121951,0.18292682926829268,3.0,1629.953184,1.0,1.1128048780487805,864.3823170731707,2.225609756097561,122.19760975609756,0.8986301369863013,1.1128048780487805,71.04512195121951,27963.36,0.00303951367781155,4.060872948328267,108.0,2.0,Long Inactive,Medium Value,Low Frequency
CUST2732,47,Male,Germany,active,1,9,1413.54,1413.54,157.06,3.8,3,34.0,34,34,2025-08-04,2025-08-04,2022-09-09,126,1060,0.027522935779816512,9.0,1,1,1,3.0,1413.54,157.06,0.000942507068803016,2487.8304,40.00584905660377,0.25471698113207547,3.0,3134.666304,1.0,0.3443396226415094,486.7378301886792,3.099056603773585,70.41029433962264,2.904109589041096,0.3443396226415094,40.00584905660377,49473.9,0.000942507068803016,2.3447977379830345,105.0,2.0,At Risk,High Value,Low Frequency
CUST2733,20,Female,Canada,active,1,5,855.45,855.45,171.09,3.9,2,36.0,36,36,2025-06-25,2025-06-25,2022-07-27,166,1064,0.027422303473491772,5.0,1,1,1,2.0,855.45,171.09,0.0009389671361502347,1522.701,24.11983082706767,0.14097744360902256,2.0,1949.05728,1.0,0.3430451127819549,293.4579417293233,1.7152255639097744,42.93329887218045,2.915068493150685,0.3430451127819549,24.11983082706767,31651.65,0.0009389671361502347,1.4297661971830986,74.0,2.0,At Risk,Medium Value,Low Frequency
CUST2734,41,Female,India,active,1,5,1586.8000000000002,1586.8000000000002,317.36,4.6,1,19.0,19,19,2023-06-24,2023-06-24,2022-12-12,898,194,0.13392857142857142,5.0,1,1,1,1.0,1586.8000000000002,317.36,0.005128205128205128,3046.6560000000004,245.3814432989691,0.7731958762886598,1.0,4326.251520000001,1.0,1.8814432989690721,2985.4742268041236,9.40721649484536,471.1323711340207,0.5315068493150685,1.8814432989690721,245.3814432989691,31736.000000000004,0.005128205128205128,15.623876923076924,20.0,2.0,Long Inactive,Very High Value,Low Frequency
CUST2735,65,Male,UK,active,1,3,1839.21,1839.21,613.07,3.8,0,22.0,22,22,2024-06-07,2024-06-07,2022-04-19,549,780,0.037037037037037035,3.0,1,1,1,0.0,1839.21,613.07,0.0012804097311139564,3237.0096,70.73884615384615,0.11538461538461539,0.0,4078.632096,1.0,0.46794871794871795,860.6559615384615,1.4038461538461537,124.50036923076922,2.136986301369863,0.46794871794871795,70.73884615384615,42301.83,0.0012804097311139564,4.144698591549296,0.0,2.0,Long Inactive,Very High Value,Low Frequency
CUST2736,33,Male,Germany,active,1,9,785.61,785.61,87.29,3.9,4,40.0,40,40,2023-07-08,2023-07-08,2022-03-04,884,491,0.05758157389635316,9.0,1,1,1,4.0,785.61,87.29,0.0020325203252032522,1398.3858,48.00061099796334,0.5498981670061099,4.0,1789.933824,1.0,0.7433808553971487,584.007433808554,6.6904276985743385,85.44108757637474,1.3452054794520547,0.7433808553971487,48.00061099796334,32210.010000000002,0.0020325203252032522,2.84224756097561,164.0,2.0,Long Inactive,Medium Value,Low Frequency
CUST2737,69,Female,USA,active,1,5,454.95,454.95,90.99,4.1,4,35.0,35,35,2022-10-17,2022-10-17,2022-05-29,1148,141,0.17543859649122806,5.0,1,1,1,4.0,454.95,90.99,0.007042253521126761,828.0089999999999,96.79787234042553,1.0638297872340425,4.0,1092.9718799999998,1.0,2.588652482269503,1177.7074468085104,12.943262411347517,176.17212765957444,0.3863013698630137,2.588652482269503,96.79787234042553,16378.199999999999,0.007042253521126761,5.831049295774648,144.0,2.0,Long Inactive,Low Value,Low Frequency
CUST2738,27,Male,Germany,active,1,3,874.29,874.29,291.43,3.6,4,40.0,40,40,2024-02-22,2024-02-22,2022-10-31,655,479,0.058939096267190565,3.0,1,1,1,4.0,874.29,291.43,0.0020833333333333333,1503.7787999999998,54.757202505219205,0.18789144050104384,4.0,1834.6101359999998,1.0,0.7620041753653445,666.2126304801669,2.2860125260960333,94.18238830897702,1.3123287671232877,0.7620041753653445,54.757202505219205,35845.89,0.0020833333333333333,3.1328724999999995,164.0,2.0,Long Inactive,Medium Value,Low Frequency
CUST2739,36,Male,Pakistan,cancelled,1,1,407.69,407.69,407.69,4.4,3,47.0,47,47,2023-09-16,2023-09-16,2023-06-18,814,90,0.25,1.0,1,1,1,3.0,407.69,407.69,0.01098901098901099,766.4572000000001,135.89666666666668,0.3333333333333333,3.0,1057.7109360000002,1.0,4.055555555555555,1653.4094444444445,4.055555555555555,255.48573333333334,0.2465753424657534,4.055555555555555,135.89666666666668,19569.12,0.01098901098901099,8.422606593406595,144.0,2.0,Long Inactive,Low Value,Low Frequency
CUST2740,69,Male,India,active,1,8,422.4,422.4,52.8,4.3,3,33.0,33,33,2025-08-05,2025-08-05,2023-01-20,125,928,0.031315240083507306,8.0,1,1,1,3.0,422.4,52.8,0.001076426264800861,785.6639999999999,13.655172413793103,0.25862068965517243,3.0,1068.5030399999998,1.0,0.3933189655172413,166.13793103448273,3.1465517241379306,25.398620689655168,2.5424657534246577,0.3933189655172413,13.655172413793103,14361.599999999999,0.001076426264800861,0.8457093649085036,102.0,2.0,At Risk,Low Value,Low Frequency
CUST2741,32,Female,USA,active,1,1,248.17,248.17,248.17,4.7,4,18.0,18,18,2020-10-17,2020-10-17,2020-08-23,1878,55,0.35294117647058826,1.0,1,1,1,4.0,248.17,248.17,0.017857142857142856,481.4498,135.36545454545455,0.5454545454545455,4.0,693.2877119999999,1.0,6.636363636363637,1646.9463636363637,6.636363636363637,262.6089818181818,0.1506849315068493,6.636363636363637,135.36545454545455,4715.23,0.017857142857142856,8.597317857142857,76.0,2.0,Long Inactive,Low Value,Low Frequency
CUST2742,52,Female,India,active,1,4,1625.6,1625.6,406.4,4.3,1,19.0,19,19,2025-06-19,2025-06-19,2020-08-22,172,1762,0.016741071428571428,4.0,1,1,1,1.0,1625.6,406.4,0.0005672149744753262,3023.6159999999995,27.677639046538022,0.0681044267877412,1.0,4112.117759999999,1.0,0.20715096481271283,336.74460839954594,0.8286038592508513,51.48040862656072,4.8273972602739725,0.20715096481271283,27.677639046538022,32512.0,0.0005672149744753262,1.7150402722631877,20.0,2.0,At Risk,Very High Value,Low Frequency
CUST2743,62,Female,Canada,active,1,6,297.71999999999997,297.71999999999997,49.62,3.9,2,49.0,49,49,2022-01-27,2022-01-27,2021-12-04,1411,54,0.35714285714285715,6.0,1,1,1,2.0,297.71999999999997,49.62,0.01818181818181818,529.9416,165.39999999999998,3.333333333333333,2.0,678.325248,1.0,6.7592592592592595,2012.3666666666663,40.55555555555556,294.412,0.14794520547945206,6.7592592592592595,165.39999999999998,14885.999999999998,0.01818181818181818,9.635301818181818,100.0,2.0,Long Inactive,Low Value,Low Frequency
CUST2744,26,Male,Pakistan,active,1,6,1165.8000000000002,1165.8000000000002,194.3,3.9,5,11.0,11,11,2022-01-17,2022-01-17,2021-11-20,1421,58,0.3409090909090909,6.0,1,1,1,5.0,1165.8000000000002,194.30000000000004,0.01694915254237288,2075.1240000000003,603.0000000000001,3.103448275862069,5.0,2656.1587200000004,1.0,6.293103448275861,7336.500000000001,37.75862068965517,1073.3400000000001,0.1589041095890411,6.293103448275861,603.0000000000001,13989.600000000002,0.01694915254237288,35.171593220338984,60.0,2.0,Long Inactive,High Value,Low Frequency
CUST2745,33,Female,USA,active,1,7,988.75,988.75,141.25,3.7,0,16.0,16,16,2023-01-27,2023-01-27,2021-05-14,1046,623,0.045941807044410414,7.0,1,1,1,0.0,988.75,141.25,0.0016025641025641025,1720.425,47.6123595505618,0.33707865168539325,0.0,2133.3269999999998,1.0,0.5858747993579454,579.2837078651686,4.1011235955056184,82.84550561797752,1.7068493150684931,0.5858747993579454,47.6123595505618,16808.75,0.0016025641025641025,2.757091346153846,0.0,2.0,Long Inactive,Medium Value,Low Frequency
CUST2746,53,Female,Canada,paused,1,3,1498.23,1498.23,499.41,3.5,1,35.0,35,35,2024-05-25,2024-05-25,2022-10-17,562,586,0.0487012987012987,3.0,1,1,1,1.0,1498.23,499.41,0.0017035775127768314,2546.991,76.70119453924914,0.15358361774744025,1.0,3056.3892,1.0,0.6228668941979522,933.1978668941979,1.8686006825938566,130.39203071672353,1.6054794520547946,0.6228668941979522,76.70119453924914,53936.28,0.0017035775127768314,4.338996592844975,36.0,2.0,Long Inactive,Very High Value,Low Frequency
CUST2747,56,Female,UK,cancelled,1,1,242.33,242.33,242.33,4.0,1,12.0,12,12,2024-12-08,2024-12-08,2022-06-23,365,899,0.03229278794402583,1.0,1,1,1,1.0,242.33,242.33,0.0011111111111111111,436.194,8.086651835372637,0.03337041156840934,1.0,567.0522000000001,1.0,0.40600667408231367,98.38759733036709,0.40600667408231367,14.555973303670747,2.463013698630137,0.40600667408231367,8.086651835372637,3150.29,0.0011111111111111111,0.48466000000000004,13.0,2.0,Long Inactive,Low Value,Low Frequency
CUST2748,52,Female,UK,active,1,1,946.91,946.91,946.91,4.1,2,21.0,21,21,2023-08-19,2023-08-19,2021-03-15,842,887,0.03271537622682661,1.0,1,1,1,2.0,946.91,946.91,0.0011261261261261261,1723.3761999999997,32.026268320180385,0.033821871476888386,2.0,2274.856583999999,1.0,0.41149943630214203,389.6529312288613,0.41149943630214203,58.28780834272829,2.43013698630137,0.41149943630214203,32.026268320180385,20832.02,0.0011261261261261261,1.9407389639639636,44.0,2.0,Long Inactive,Medium Value,Low Frequency
CUST2749,50,Male,UK,active,1,1,411.67,411.67,411.67,3.9,0,25.0,25,25,2022-11-04,2022-11-04,2021-11-28,1130,341,0.08086253369272237,1.0,1,1,1,0.0,411.67,411.67,0.0029239766081871343,732.7726,36.217302052785925,0.0879765395894428,0.0,937.948928,1.0,1.0703812316715542,440.6438416422287,1.0703812316715542,64.46679765395895,0.9342465753424658,1.0703812316715542,36.217302052785925,10703.42,0.0029239766081871343,2.1426099415204676,0.0,2.0,Long Inactive,Low Value,Low Frequency
CUST2750,34,Female,Canada,active,1,8,1421.92,1421.92,177.74,4.4,1,34.0,34,34,2025-07-03,2025-07-03,2021-12-14,158,1297,0.02260738507912585,8.0,1,1,1,1.0,1421.92,177.74,0.0007704160246533128,2673.2096,32.889437162683116,0.18504240555127216,1.0,3689.0292480000003,1.0,0.28141865844255975,400.1548188126446,2.251349267540478,61.83214186584426,3.5534246575342467,0.28141865844255975,32.889437162683116,49767.200000000004,0.0007704160246533128,2.0594835130970726,35.0,2.0,At Risk,High Value,Low Frequency
CUST2751,26,Female,UK,active,1,3,1500.18,1500.18,500.06,4.3,4,4.0,4,4,2022-12-11,2022-12-11,2021-08-21,1093,477,0.0591715976331361,3.0,1,1,1,4.0,1500.18,500.06,0.0020920502092050207,2790.3348,94.35094339622641,0.18867924528301885,4.0,3794.8553279999996,1.0,0.7651991614255764,1147.9364779874213,2.2955974842767293,175.49275471698112,1.3068493150684932,0.7651991614255764,94.35094339622641,7500.900000000001,0.0020920502092050207,5.83752050209205,20.0,2.0,Long Inactive,Very High Value,Low Frequency
CUST2752,59,Female,Canada,active,1,3,1193.5500000000002,1193.5500000000002,397.85,4.5,5,24.0,24,24,2024-01-29,2024-01-29,2022-02-22,679,706,0.04076086956521739,3.0,1,1,1,5.0,1193.5500000000002,397.8500000000001,0.0014144271570014145,2267.7450000000003,50.717422096317286,0.1274787535410765,5.0,3174.8430000000003,1.0,0.5169971671388102,617.061968838527,1.5509915014164306,96.36310198300284,1.9342465753424658,0.5169971671388102,50.717422096317286,29838.750000000004,0.0014144271570014145,3.207560113154173,125.0,2.0,Long Inactive,High Value,Low Frequency
CUST2753,29,Male,UK,active,1,5,240.85000000000002,240.85000000000002,48.17,4.0,3,12.0,12,12,2024-01-25,2024-01-25,2022-12-14,683,407,0.06864988558352403,5.0,1,1,1,3.0,240.85000000000002,48.17,0.0024509803921568627,433.53000000000003,17.753071253071255,0.36855036855036855,3.0,563.589,1.0,0.8968058968058968,215.99570024570028,4.4840294840294845,31.955528255528257,1.115068493150685,0.8968058968058968,17.753071253071255,3131.05,0.0024509803921568627,1.0625735294117649,39.0,2.0,Long Inactive,Low Value,Low Frequency
CUST2754,41,Male,USA,paused,1,6,1230.84,1230.84,205.14,3.9,4,38.0,38,38,2022-04-30,2022-04-30,2022-09-03,1318,0,1.0,6.0,1,1,1,4.0,1230.84,205.14,1.0,2190.8952,12308.399999999998,60.0,4.0,2804.345856,1.0,365.0,449256.6,2190.0,21908.951999999997,0.0,365.0,12308.399999999998,48002.759999999995,1.0,2190.8952,156.0,2.0,Long Inactive,High Value,Low Frequency
CUST2755,51,Female,USA,active,1,5,843.85,843.85,168.77,4.2,4,25.0,25,25,2023-12-18,2023-12-18,2022-03-08,721,650,0.044117647058823525,5.0,1,1,1,4.0,843.85,168.77,0.0015360983102918587,1552.6840000000002,38.94692307692308,0.23076923076923075,4.0,2080.5965600000004,1.0,0.5615384615384615,473.85423076923075,2.8076923076923075,71.66233846153847,1.7808219178082192,0.5615384615384615,38.94692307692308,21940.100000000002,0.0015360983102918587,2.3850752688172046,104.0,2.0,Long Inactive,Medium Value,Low Frequency
CUST2756,56,Male,Pakistan,active,1,6,1478.58,1478.58,246.43,4.1,5,25.0,25,25,2023-07-08,2023-07-08,2023-02-24,884,134,0.18292682926829268,6.0,1,1,1,5.0,1478.58,246.42999999999998,0.007407407407407408,2691.0155999999997,331.02537313432833,1.3432835820895521,5.0,3552.1405919999993,1.0,2.7238805970149254,4027.475373134328,16.34328358208955,602.4661791044775,0.36712328767123287,2.7238805970149254,331.02537313432833,38443.08,0.007407407407407408,19.933448888888886,130.0,2.0,Long Inactive,High Value,Low Frequency
CUST2757,22,Male,Germany,active,1,5,1463.1999999999998,1463.1999999999998,292.64,3.7,0,32.0,32,32,2025-02-08,2025-02-08,2021-08-25,303,1263,0.02320185614849188,5.0,1,1,1,0.0,1463.1999999999998,292.64,0.0007911392405063291,2545.968,34.75534441805225,0.1187648456057007,0.0,3157.0003199999996,1.0,0.2889944576405384,422.85669041963575,1.444972288202692,60.47429928741092,3.4602739726027396,0.2889944576405384,34.75534441805225,48285.59999999999,0.0007911392405063291,2.0142151898734175,0.0,2.0,Long Inactive,High Value,Low Frequency
CUST2758,61,Female,Canada,cancelled,1,5,1016.4,1016.4,203.28,4.1,4,47.0,47,47,2025-09-03,2025-09-03,2022-11-25,96,1013,0.028763183125599234,5.0,1,1,1,4.0,1016.4,203.28,0.0009861932938856016,1849.8479999999997,30.100691016781838,0.14807502467917077,4.0,2441.7993599999995,1.0,0.36031589338598224,366.22507403751234,1.8015794669299112,54.783257650542936,2.7753424657534245,0.36031589338598224,30.100691016781838,48787.2,0.0009861932938856016,1.8243076923076922,192.0,2.0,At Risk,Medium Value,Low Frequency
CUST2759,37,Male,Pakistan,paused,1,2,1863.6,1863.6,931.8,4.2,4,46.0,46,46,2023-09-04,2023-09-04,2022-12-17,826,261,0.10309278350515465,2.0,1,1,1,4.0,1863.6,931.8,0.003816793893129771,3429.024,214.20689655172416,0.2298850574712644,4.0,4594.89216,1.0,1.3984674329501916,2606.183908045977,2.796934865900383,394.1406896551724,0.7150684931506849,1.3984674329501916,214.20689655172416,87589.2,0.003816793893129771,13.08787786259542,188.0,2.0,Long Inactive,Very High Value,Low Frequency
CUST2760,62,Male,USA,cancelled,1,9,1054.6200000000001,1054.6200000000001,117.18,4.3,1,9.0,9,9,2023-07-18,2023-07-18,2022-04-12,874,462,0.06097560975609757,9.0,1,1,1,1.0,1054.6200000000001,117.18,0.0021598272138228943,1961.5932,68.48181818181818,0.5844155844155844,1.0,2667.766752,1.0,0.7900432900432901,833.1954545454547,7.1103896103896105,127.37618181818182,1.2657534246575342,0.7900432900432901,68.48181818181818,10546.2,0.0021598272138228943,4.236702375809935,10.0,2.0,Long Inactive,Medium Value,Low Frequency
CUST2761,42,Male,Canada,cancelled,1,7,277.62,277.62,39.66,3.6,4,34.0,34,34,2022-02-07,2022-02-07,2021-04-08,1400,305,0.08955223880597016,7.0,1,1,1,4.0,277.62,39.660000000000004,0.0032679738562091504,477.5064,27.30688524590164,0.6885245901639344,4.0,582.557808,1.0,1.1967213114754098,332.2337704918033,8.37704918032787,46.96784262295082,0.8356164383561644,1.1967213114754098,27.30688524590164,9716.7,0.0032679738562091504,1.560478431372549,140.0,2.0,Long Inactive,Low Value,Low Frequency
CUST2762,26,Male,Pakistan,cancelled,1,5,237.60000000000002,237.60000000000002,47.52,4.1,1,25.0,25,25,2022-10-06,2022-10-06,2022-03-19,1159,201,0.12987012987012986,5.0,1,1,1,1.0,237.60000000000002,47.52,0.0049504950495049506,432.432,35.462686567164184,0.7462686567164178,1.0,570.8102399999999,1.0,1.8159203980099503,431.46268656716427,9.079601990049753,64.5420895522388,0.5506849315068493,1.8159203980099503,35.462686567164184,6177.6,0.0049504950495049506,2.140752475247525,26.0,2.0,Long Inactive,Low Value,Low Frequency
CUST2763,34,Male,Germany,cancelled,1,9,1486.44,1486.44,165.16,4.5,1,9.0,9,9,2025-07-29,2025-07-29,2023-02-03,132,907,0.032017075773746,9.0,1,1,1,1.0,1486.44,165.16,0.0011013215859030838,2824.236,49.16560088202866,0.29768467475192945,1.0,3953.9303999999997,1.0,0.402425578831312,598.1814773980154,3.6218302094818084,93.41464167585445,2.484931506849315,0.402425578831312,49.16560088202866,14864.400000000001,0.0011013215859030838,3.1103920704845818,10.0,2.0,At Risk,High Value,Low Frequency
CUST2764,46,Female,India,active,1,2,57.6,57.6,28.8,4.2,5,15.0,15,15,2024-05-01,2024-05-01,2022-09-20,586,589,0.048465266558966075,2.0,1,1,1,5.0,57.6,28.8,0.001694915254237288,105.98400000000001,2.933786078098472,0.10186757215619695,5.0,142.01856,1.0,0.6196943972835315,35.69439728353141,1.239388794567063,5.398166383701189,1.6136986301369862,0.6196943972835315,2.933786078098472,921.6,0.001694915254237288,0.17963389830508475,80.0,2.0,Long Inactive,Low Value,Low Frequency
CUST2765,44,Female,India,active,1,9,578.16,578.16,64.24,4.3,1,39.0,39,39,2025-01-04,2025-01-04,2023-02-27,338,677,0.042432814710042434,9.0,1,1,1,1.0,578.16,64.24,0.0014749262536873156,1075.3775999999998,25.620088626292464,0.39881831610044316,1.0,1462.5135359999997,1.0,0.5391432791728212,311.71107828655835,4.852289512555392,47.65336484490398,1.8547945205479452,0.5391432791728212,25.620088626292464,23126.399999999998,0.0014749262536873156,1.5861026548672563,40.0,2.0,Long Inactive,Medium Value,Low Frequency
CUST2766,29,Male,USA,active,1,2,987.2,987.2,493.6,4.0,1,31.0,31,31,2025-06-30,2025-06-30,2023-07-17,161,714,0.04032258064516129,2.0,1,1,1,1.0,987.2,493.6,0.0013986013986013986,1776.96,41.47899159663866,0.08403361344537814,1.0,2310.0480000000002,1.0,0.511204481792717,504.66106442577035,1.022408963585434,74.66218487394958,1.9561643835616438,0.511204481792717,41.47899159663866,31590.4,0.0013986013986013986,2.4852587412587415,32.0,2.0,At Risk,Medium Value,Low Frequency
CUST2767,42,Male,Germany,paused,1,7,1261.3999999999999,1261.3999999999999,180.2,4.2,2,39.0,39,39,2023-03-26,2023-03-26,2023-02-17,988,37,0.44776119402985076,7.0,1,1,1,2.0,1261.3999999999999,180.2,0.02631578947368421,2320.9759999999997,1022.7567567567565,5.675675675675675,2.0,3110.1078399999997,1.0,9.864864864864865,12443.54054054054,69.05405405405405,1881.872432432432,0.10136986301369863,9.864864864864865,1022.7567567567565,50455.99999999999,0.02631578947368421,61.07831578947367,80.0,2.0,Long Inactive,High Value,Low Frequency
CUST2768,37,Female,UK,active,1,3,364.29,364.29,121.43,4.2,4,36.0,36,36,2024-09-02,2024-09-02,2022-12-19,462,623,0.045941807044410414,3.0,1,1,1,4.0,364.29,121.43,0.0016025641025641025,670.2936000000001,17.542054574638847,0.14446227929373998,4.0,898.1934240000002,1.0,0.5858747993579454,213.42833065810595,1.7576243980738362,32.27738041733548,1.7068493150684931,0.5858747993579454,17.542054574638847,13478.730000000001,0.0016025641025641025,1.0741884615384616,148.0,2.0,Long Inactive,Low Value,Low Frequency
CUST2769,46,Other,UK,paused,1,3,968.0999999999999,968.0999999999999,322.7,4.5,0,26.0,26,26,2023-01-14,2023-01-14,2021-01-27,1059,717,0.040160642570281124,3.0,1,1,1,0.0,968.0999999999999,322.7,0.001392757660167131,1839.3899999999996,40.50627615062761,0.12552301255230125,0.0,2575.1459999999993,1.0,0.509065550906555,492.82635983263594,1.5271966527196652,76.96192468619246,1.9643835616438357,0.509065550906555,40.50627615062761,26138.699999999997,0.001392757660167131,2.5618245125348182,0.0,2.0,Long Inactive,Medium Value,Low Frequency
CUST2770,58,Female,Germany,cancelled,1,1,527.36,527.36,527.36,3.8,4,35.0,35,35,2023-05-15,2023-05-15,2022-06-08,938,341,0.08086253369272237,1.0,1,1,1,4.0,527.36,527.36,0.0029239766081871343,928.1536,46.39530791788856,0.0879765395894428,4.0,1169.473536,1.0,1.0703812316715542,564.4762463343109,1.0703812316715542,81.65574193548386,0.9342465753424658,1.0703812316715542,46.39530791788856,18984.96,0.0029239766081871343,2.7138994152046783,144.0,2.0,Long Inactive,Low Value,Low Frequency
CUST2771,50,Male,Canada,active,1,9,912.96,912.96,101.44,4.4,3,33.0,33,33,2024-09-11,2024-09-11,2021-08-29,453,1109,0.026338893766461806,9.0,1,1,1,3.0,912.96,101.44,0.0009009009009009009,1716.3648000000003,24.696844003606852,0.24346257889990983,3.0,2368.5834240000004,1.0,0.3291253381424707,300.47826871055,2.9621280432822363,46.430066726780886,3.0383561643835617,0.3291253381424707,24.696844003606852,31040.64,0.0009009009009009009,1.5462745945945948,102.0,2.0,Long Inactive,Medium Value,Low Frequency
CUST2772,44,Male,Canada,active,1,5,1127.05,1127.05,225.41,4.1,2,1.0,1,1,2022-01-16,2022-01-16,2021-07-07,1422,193,0.13452914798206278,5.0,1,1,1,2.0,1127.05,225.41,0.005154639175257732,2051.2309999999998,175.18911917098444,0.7772020725388601,2.0,2707.6249199999993,1.0,1.8911917098445594,2131.4676165803107,9.455958549222798,318.84419689119164,0.5287671232876713,1.8911917098445594,175.18911917098444,2254.1,0.005154639175257732,10.57335567010309,4.0,2.0,Long Inactive,High Value,Low Frequency
CUST2773,33,Female,UK,active,1,1,554.73,554.73,554.73,4.2,1,16.0,16,16,2024-02-27,2024-02-27,2022-04-15,650,683,0.04207573632538569,1.0,1,1,1,1.0,554.73,554.73,0.0014619883040935672,1020.7032,24.36588579795022,0.043923865300146414,1.0,1367.7422880000001,1.0,0.5344070278184481,296.4516105417277,0.5344070278184481,44.83322986822841,1.8712328767123287,0.5344070278184481,24.36588579795022,9430.41,0.0014619883040935672,1.4922561403508772,17.0,2.0,Long Inactive,Medium Value,Low Frequency
CUST2774,58,Male,UK,active,1,3,1925.28,1925.28,641.76,4.3,2,18.0,18,18,2023-12-06,2023-12-06,2022-10-19,733,413,0.06772009029345372,3.0,1,1,1,2.0,1925.28,641.76,0.0024154589371980675,3581.0208,139.8508474576271,0.2179176755447942,2.0,4870.188287999999,1.0,0.8837772397094432,1701.5186440677967,2.6513317191283297,260.1225762711864,1.1315068493150684,0.8837772397094432,139.8508474576271,36580.32,0.0024154589371980675,8.649808695652172,38.0,2.0,Long Inactive,Very High Value,Low Frequency
CUST2775,26,Male,Germany,paused,1,9,1047.51,1047.51,116.39,4.1,0,38.0,38,38,2023-09-28,2023-09-28,2023-02-26,802,214,0.12295081967213116,9.0,1,1,1,0.0,1047.51,116.39,0.004651162790697674,1906.4681999999998,146.84719626168223,1.2616822429906542,0.0,2516.5380239999995,1.0,1.7056074766355138,1786.6408878504672,15.350467289719626,267.26189719626166,0.5863013698630137,1.7056074766355138,146.84719626168223,40852.89,0.004651162790697674,8.867293953488371,0.0,2.0,Long Inactive,Medium Value,Low Frequency
CUST2776,48,Male,USA,cancelled,1,3,831.27,831.27,277.09,4.2,4,12.0,12,12,2023-09-13,2023-09-13,2022-02-04,817,586,0.0487012987012987,3.0,1,1,1,4.0,831.27,277.09,0.0017035775127768314,1529.5368,42.55648464163822,0.15358361774744025,4.0,2049.5793120000003,1.0,0.6228668941979522,517.7705631399317,1.8686006825938566,78.30393174061433,1.6054794520547946,0.6228668941979522,42.55648464163822,10806.51,0.0017035775127768314,2.605684497444634,52.0,2.0,Long Inactive,Medium Value,Low Frequency
CUST2777,60,Female,Germany,active,1,8,546.4,546.4,68.3,4.1,5,9.0,9,9,2025-02-07,2025-02-07,2021-06-05,304,1343,0.021849963583394028,8.0,1,1,1,5.0,546.4,68.3,0.000744047619047619,994.4479999999999,12.205510052122115,0.17870439314966494,5.0,1312.6713599999996,1.0,0.2717795979151154,148.50037230081907,2.1742367833209233,22.214028294862246,3.6794520547945204,0.2717795979151154,12.205510052122115,5464.0,0.000744047619047619,0.7399166666666666,50.0,2.0,Long Inactive,Low Value,Low Frequency
CUST2778,33,Male,Germany,cancelled,1,2,1957.08,1957.08,978.54,3.9,3,37.0,37,37,2024-05-06,2024-05-06,2022-03-02,581,796,0.03631961259079903,2.0,1,1,1,3.0,1957.08,978.54,0.0012547051442910915,3483.6023999999998,73.75929648241205,0.07537688442211055,3.0,4459.011072,1.0,0.4585427135678392,897.4047738693467,0.9170854271356784,131.29154773869345,2.180821917808219,0.4585427135678392,73.75929648241205,74369.04,0.0012547051442910915,4.370893851944793,114.0,2.0,Long Inactive,Very High Value,Low Frequency
CUST2779,35,Male,Pakistan,active,1,1,1241.77,1241.77,1241.77,3.9,0,36.0,36,36,2024-12-11,2024-12-11,2021-12-08,362,1099,0.026572187776793623,1.0,1,1,1,0.0,1241.77,1241.77,0.0009090909090909091,2210.3506,33.89727024567789,0.0272975432211101,0.0,2829.2487680000004,1.0,0.3321201091901729,412.416787989081,0.3321201091901729,60.33714103730665,3.010958904109589,0.3321201091901729,33.89727024567789,45945.49,0.0009090909090909091,2.0094096363636367,0.0,2.0,Long Inactive,High Value,Low Frequency
CUST2780,30,Male,India,active,1,3,1183.6200000000001,1183.6200000000001,394.54,3.8,0,11.0,11,11,2025-04-06,2025-04-06,2022-11-14,246,874,0.033185840707964605,3.0,1,1,1,0.0,1183.6200000000001,394.54,0.001142857142857143,2083.1712,40.627688787185356,0.10297482837528604,0.0,2624.795712,1.0,0.41762013729977115,494.3035469107552,1.2528604118993134,71.50473226544624,2.3945205479452056,0.41762013729977115,40.627688787185356,14203.440000000002,0.001142857142857143,2.380767085714286,0.0,2.0,Long Inactive,High Value,Low Frequency
CUST2781,50,Female,India,cancelled,1,8,43.12,43.12,5.39,4.6,1,38.0,38,38,2024-10-15,2024-10-15,2023-06-30,419,473,0.05964214711729623,8.0,1,1,1,1.0,43.12,5.39,0.002109704641350211,82.79039999999999,2.7348837209302324,0.507399577167019,1.0,117.56236799999998,1.0,0.7716701902748415,33.27441860465116,6.173361522198732,5.250976744186046,1.295890410958904,0.7716701902748415,2.7348837209302324,1681.6799999999998,0.002109704641350211,0.17466329113924048,39.0,2.0,Long Inactive,Low Value,Low Frequency
CUST2782,40,Male,India,active,1,8,963.28,963.28,120.41,3.6,5,19.0,19,19,2025-01-19,2025-01-19,2021-05-24,323,1336,0.021961932650073207,8.0,1,1,1,5.0,963.28,120.41,0.0007479431563201197,1656.8416,21.63053892215569,0.17964071856287425,5.0,2021.346752,1.0,0.27320359281437123,263.1715568862275,2.18562874251497,37.204526946107784,3.66027397260274,0.27320359281437123,21.63053892215569,19265.6,0.0007479431563201197,1.239223335826477,100.0,2.0,Long Inactive,Medium Value,Low Frequency
CUST2783,48,Male,UK,active,1,8,994.4,994.4,124.3,4.1,3,15.0,15,15,2023-02-05,2023-02-05,2022-11-08,1037,89,0.25210084033613445,8.0,1,1,1,3.0,994.4,124.3,0.011111111111111112,1809.8079999999998,335.19101123595505,2.696629213483146,3.0,2388.9465599999994,1.0,4.1011235955056184,4078.1573033707864,32.80898876404495,610.0476404494381,0.24383561643835616,4.1011235955056184,335.19101123595505,15910.4,0.011111111111111112,20.108977777777778,48.0,2.0,Long Inactive,Medium Value,Low Frequency
CUST2784,48,Male,UK,active,1,2,359.8,359.8,179.9,4.2,5,40.0,40,40,2021-10-23,2021-10-23,2021-08-18,1507,66,0.3125,2.0,1,1,1,5.0,359.8,179.9,0.014925373134328358,662.032,163.54545454545453,0.9090909090909091,5.0,887.1228800000001,1.0,5.53030303030303,1989.8030303030303,11.06060606060606,300.9236363636364,0.18082191780821918,5.53030303030303,163.54545454545453,14751.800000000001,0.014925373134328358,9.881074626865672,205.0,2.0,Long Inactive,Low Value,Low Frequency
CUST2785,64,Male,Canada,cancelled,1,7,1061.0600000000002,1061.0600000000002,151.58,4.3,1,47.0,47,47,2022-11-10,2022-11-10,2021-06-18,1124,510,0.05555555555555555,7.0,1,1,1,1.0,1061.0600000000002,151.58,0.0019569471624266144,1973.5716000000002,62.41529411764707,0.4117647058823529,1.0,2684.057376,1.0,0.7156862745098039,759.3860784313727,5.009803921568627,116.09244705882354,1.3972602739726028,0.7156862745098039,62.41529411764707,50930.880000000005,0.0019569471624266144,3.8621753424657537,48.0,2.0,Long Inactive,High Value,Low Frequency
CUST2786,61,Female,USA,active,1,8,1321.44,1321.44,165.18,3.9,3,19.0,19,19,2023-08-11,2023-08-11,2023-11-07,850,0,1.0,8.0,1,1,1,3.0,1321.44,165.18,1.0,2352.1632,13214.4,80.0,3.0,3010.768896,1.0,365.0,482325.60000000003,2920.0,23521.631999999998,0.0,365.0,13214.4,26428.800000000003,1.0,2352.1632,60.0,2.0,Long Inactive,High Value,Low Frequency
CUST2787,29,Male,Canada,active,1,7,460.32000000000005,460.32000000000005,65.76,3.9,4,5.0,5,5,2023-10-14,2023-10-14,2022-11-14,786,334,0.08241758241758242,7.0,1,1,1,4.0,460.32000000000005,65.76,0.0029850746268656717,819.3696000000001,41.34610778443114,0.62874251497006,4.0,1048.7930880000001,1.0,1.092814371257485,503.04431137724555,7.649700598802395,73.59607185628744,0.915068493150685,1.092814371257485,41.34610778443114,2761.92,0.0029850746268656717,2.445879402985075,24.0,2.0,Long Inactive,Low Value,Low Frequency
CUST2788,64,Female,Pakistan,cancelled,1,9,1113.6599999999999,1113.6599999999999,123.74,4.0,1,8.0,8,8,2025-03-30,2025-03-30,2021-07-26,253,1343,0.021849963583394028,9.0,1,1,1,1.0,1113.6599999999999,123.73999999999998,0.000744047619047619,2004.5879999999997,24.876991809381977,0.20104244229337304,1.0,2605.9644,1.0,0.2717795979151154,302.6700670141474,2.446016381236039,44.77858525688756,3.6794520547945204,0.2717795979151154,24.876991809381977,10022.939999999999,0.000744047619047619,1.4915089285714282,9.0,2.0,Long Inactive,High Value,Low Frequency
CUST2789,22,Male,Canada,active,1,4,248.8,248.8,62.2,4.4,1,11.0,11,11,2021-05-29,2021-05-29,2020-09-15,1654,256,0.1048951048951049,4.0,1,1,1,1.0,248.8,62.2,0.0038910505836575876,467.744,29.15625,0.46875,1.0,645.4867200000001,1.0,1.42578125,354.734375,5.703125,54.813750000000006,0.7013698630136986,1.42578125,29.15625,2985.6000000000004,0.0038910505836575876,1.8200155642023348,12.0,2.0,Long Inactive,Low Value,Low Frequency
CUST2790,54,Female,Germany,active,1,4,40.72,40.72,10.18,4.2,3,13.0,13,13,2023-12-05,2023-12-05,2022-01-12,734,692,0.04155124653739612,4.0,1,1,1,3.0,40.72,10.18,0.001443001443001443,74.9248,1.7653179190751445,0.17341040462427745,3.0,100.39923200000001,1.0,0.5274566473988439,21.478034682080924,2.1098265895953756,3.248184971098266,1.895890410958904,0.5274566473988439,1.7653179190751445,570.0799999999999,0.001443001443001443,0.10811659451659453,42.0,2.0,Long Inactive,Low Value,Low Frequency
CUST2791,52,Female,Germany,paused,1,7,1246.98,1246.98,178.14,4.5,5,31.0,31,31,2025-05-06,2025-05-06,2022-12-22,216,866,0.033482142857142856,7.0,1,1,1,5.0,1246.98,178.14000000000001,0.0011534025374855825,2369.2619999999997,43.197921478060046,0.24249422632794457,5.0,3316.9667999999992,1.0,0.42147806004618943,525.5747113163973,2.950346420323326,82.07605080831408,2.372602739726027,0.42147806004618943,43.197921478060046,39903.36,0.0011534025374855825,2.732712802768166,160.0,2.0,Long Inactive,High Value,Low Frequency
CUST2792,47,Male,Canada,active,1,1,821.69,821.69,821.69,4.1,4,44.0,44,44,2025-02-22,2025-02-22,2022-08-08,289,929,0.03128258602711158,1.0,1,1,1,4.0,821.69,821.69,0.001075268817204301,1495.4758,26.53466092572659,0.03229278794402583,4.0,1974.0280559999997,1.0,0.39289558665231433,322.8383745963402,0.39289558665231433,48.29308288482239,2.5452054794520547,0.39289558665231433,26.53466092572659,36976.05,0.001075268817204301,1.608038494623656,180.0,2.0,Long Inactive,Medium Value,Low Frequency
CUST2793,63,Male,Canada,paused,1,7,1166.62,1166.62,166.66,4.1,0,16.0,16,16,2023-01-10,2023-01-10,2023-04-30,1063,0,1.0,7.0,1,1,1,0.0,1166.62,166.66,1.0,2123.2483999999995,11666.199999999999,70.0,0.0,2802.687887999999,1.0,365.0,425816.29999999993,2555.0,21232.483999999993,0.0,365.0,11666.199999999999,19832.539999999997,1.0,2123.2483999999995,0.0,2.0,Long Inactive,High Value,Low Frequency
CUST2794,25,Female,India,paused,1,1,715.99,715.99,715.99,4.2,2,39.0,39,39,2023-11-30,2023-11-30,2022-04-25,739,584,0.048859934853420196,1.0,1,1,1,2.0,715.99,715.99,0.0017094017094017094,1317.4216000000001,36.78030821917809,0.051369863013698634,2.0,1765.3449440000002,1.0,0.625,447.49375,0.625,67.67576712328768,1.6,0.625,36.78030821917809,28639.6,0.0017094017094017094,2.252002735042735,80.0,2.0,Long Inactive,Medium Value,Low Frequency
CUST2795,50,Male,India,cancelled,1,1,1397.94,1397.94,1397.94,4.2,1,5.0,5,5,2025-01-30,2025-01-30,2022-06-18,312,957,0.030395136778115502,1.0,1,1,1,1.0,1397.94,1397.94,0.0010438413361169101,2572.2096,43.822570532915364,0.031347962382445145,1.0,3446.7608640000003,1.0,0.38140020898641586,533.1746081504702,0.38140020898641586,80.63352978056427,2.621917808219178,0.38140020898641586,43.822570532915364,8387.64,0.0010438413361169101,2.684978705636743,6.0,2.0,Long Inactive,High Value,Low Frequency
CUST2796,21,Female,Germany,active,1,5,1539.4499999999998,1539.4499999999998,307.89,4.0,1,35.0,35,35,2023-11-15,2023-11-15,2021-03-13,754,977,0.029791459781529292,5.0,1,1,1,1.0,1539.4499999999998,307.89,0.0010224948875255625,2771.0099999999998,47.27072671443192,0.15353121801432956,1.0,3602.3129999999996,1.0,0.3735926305015353,575.1271750255884,1.8679631525076763,85.08730808597747,2.6767123287671235,0.3735926305015353,47.27072671443192,55420.2,0.0010224948875255625,2.8333435582822086,36.0,2.0,Long Inactive,Very High Value,Low Frequency
CUST2797,68,Female,Germany,active,1,9,1321.02,1321.02,146.78,4.3,4,6.0,6,6,2024-05-12,2024-05-12,2021-08-29,575,987,0.029498525073746312,9.0,1,1,1,4.0,1321.02,146.78,0.0010121457489878543,2457.0971999999997,40.15258358662614,0.27355623100303955,4.0,3341.652191999999,1.0,0.369807497467072,488.52310030395137,3.3282674772036476,74.68380547112461,2.7041095890410958,0.369807497467072,40.15258358662614,9247.14,0.0010121457489878543,2.486940485829959,28.0,2.0,Long Inactive,High Value,Low Frequency
CUST2798,40,Female,Germany,active,1,3,247.38,247.38,82.46,3.6,1,41.0,41,41,2025-01-28,2025-01-28,2023-02-17,314,711,0.04048582995951417,3.0,1,1,1,1.0,247.38,82.46,0.0014044943820224719,425.49359999999996,10.437974683544304,0.12658227848101267,1.0,519.102192,1.0,0.5133614627285513,126.99535864978903,1.5400843881856539,17.9533164556962,1.9479452054794522,0.5133614627285513,10.437974683544304,10389.96,0.0014044943820224719,0.5976033707865168,42.0,2.0,Long Inactive,Low Value,Low Frequency
CUST2799,20,Female,Germany,active,1,4,1625.72,1625.72,406.43,3.5,1,11.0,11,11,2021-11-10,2021-11-10,2021-08-09,1489,93,0.24390243902439027,4.0,1,1,1,1.0,1625.72,406.43,0.010638297872340425,2763.724,524.4258064516129,1.2903225806451613,1.0,3316.4688,1.0,3.924731182795699,6380.513978494623,15.698924731182796,891.5238709677419,0.2547945205479452,3.924731182795699,524.4258064516129,19508.64,0.010638297872340425,29.40131914893617,12.0,2.0,Long Inactive,Very High Value,Low Frequency
CUST2800,20,Female,Germany,active,1,2,1742.88,1742.88,871.44,4.3,2,35.0,35,35,2022-04-05,2022-04-05,2021-11-24,1343,132,0.18518518518518517,2.0,1,1,1,2.0,1742.88,871.44,0.007518796992481203,3241.7568,396.1090909090909,0.45454545454545453,2.0,4408.789248,1.0,2.765151515151515,4819.327272727272,5.53030303030303,736.762909090909,0.36164383561643837,2.765151515151515,396.1090909090909,62743.68000000001,0.007518796992481203,24.37411127819549,72.0,2.0,Long Inactive,Very High Value,Low Frequency
CUST2801,51,Female,Germany,active,1,8,1636.0,1636.0,204.5,3.6,5,9.0,9,9,2025-06-21,2025-06-21,2022-11-12,170,952,0.03054989816700611,8.0,1,1,1,5.0,1636.0,204.5,0.001049317943336831,2813.92,51.554621848739494,0.25210084033613445,5.0,3432.9824,1.0,0.38340336134453784,627.2478991596639,3.0672268907563027,88.67394957983193,2.6082191780821917,0.38340336134453784,51.554621848739494,16360.0,0.001049317943336831,2.9526967471143757,50.0,2.0,At Risk,Very High Value,Low Frequency
CUST2802,37,Female,Pakistan,active,1,2,780.48,780.48,390.24,2.9,4,49.0,49,49,2021-12-14,2021-12-14,2020-08-12,1455,489,0.057803468208092484,2.0,1,1,1,4.0,780.48,390.24,0.0020408163265306124,1233.1584,47.882208588957056,0.12269938650306748,4.0,1331.8110720000002,1.0,0.7464212678936606,582.5668711656442,1.4928425357873212,75.65388957055215,1.3397260273972602,0.7464212678936606,47.882208588957056,39024.0,0.0020408163265306124,2.516649795918368,200.0,2.0,Long Inactive,Medium Value,Low Frequency
CUST2803,57,Male,Pakistan,active,1,6,1772.22,1772.22,295.37,4.2,1,27.0,27,27,2025-03-19,2025-03-19,2022-12-08,264,832,0.03480278422273782,6.0,1,1,1,1.0,1772.22,295.37,0.0012004801920768306,3260.8848000000003,63.90216346153846,0.21634615384615383,1.0,4369.585632,1.0,0.4387019230769231,777.4763221153846,2.6322115384615383,117.57998076923077,2.2794520547945205,0.4387019230769231,63.90216346153846,49622.16,0.0012004801920768306,3.914627611044418,28.0,2.0,Long Inactive,Very High Value,Low Frequency
CUST2804,40,Male,Germany,cancelled,1,2,1710.14,1710.14,855.07,4.4,5,2.0,2,2,2025-11-01,2025-11-01,2022-08-04,37,1185,0.024691358024691357,2.0,1,1,1,5.0,1710.14,855.07,0.0008431703204047217,3215.0632000000005,43.2946835443038,0.05063291139240506,5.0,4436.787216000001,1.0,0.3080168776371308,526.7519831223628,0.6160337552742616,81.39400506329115,3.2465753424657535,0.3080168776371308,43.2946835443038,5130.42,0.0008431703204047217,2.71084586846543,15.0,2.0,Recent,Very High Value,Low Frequency
CUST2805,55,Female,Canada,active,1,1,1595.97,1595.97,1595.97,4.1,0,9.0,9,9,2024-01-29,2024-01-29,2022-10-26,679,460,0.06122448979591836,1.0,1,1,1,0.0,1595.97,1595.97,0.0021691973969631237,2904.6654,104.085,0.06521739130434782,0.0,3834.1583279999995,1.0,0.7934782608695653,1266.3675,0.7934782608695653,189.4347,1.2602739726027397,0.7934782608695653,104.085,15959.7,0.0021691973969631237,6.30079262472885,0.0,2.0,Long Inactive,Very High Value,Low Frequency
CUST2806,66,Female,UK,cancelled,1,3,418.74,418.74,139.58,3.8,5,17.0,17,17,2023-03-03,2023-03-03,2022-03-22,1011,346,0.0797872340425532,3.0,1,1,1,5.0,418.74,139.58,0.002881844380403458,736.9824,36.306936416184975,0.26011560693641617,5.0,928.597824,1.0,1.0549132947976878,441.7343930635838,3.1647398843930636,63.90020809248555,0.947945205479452,1.0549132947976878,36.306936416184975,7537.32,0.002881844380403458,2.1238685878962533,90.0,2.0,Long Inactive,Low Value,Low Frequency
CUST2807,44,Female,Pakistan,active,1,4,1972.76,1972.76,493.19,3.5,5,7.0,7,7,2025-10-03,2025-10-03,2022-12-08,66,1030,0.028301886792452827,4.0,1,1,1,5.0,1972.76,493.19,0.0009699321047526673,3353.692,57.459029126213586,0.11650485436893203,5.0,4024.4303999999997,1.0,0.3543689320388349,699.084854368932,1.4174757281553396,97.6803495145631,2.8219178082191783,0.3543689320388349,57.459029126213586,15782.08,0.0009699321047526673,3.2528535402521825,40.0,2.0,Moderate,Very High Value,Low Frequency
CUST2808,25,Female,UK,active,1,9,34.83,34.83,3.87,4.1,4,3.0,3,3,2023-01-12,2023-01-12,2020-06-09,1061,947,0.030706243602865918,9.0,1,1,1,4.0,34.83,3.8699999999999997,0.0010548523206751054,63.39059999999999,1.1033790918690602,0.28511087645195354,4.0,83.67559199999998,1.0,0.38542766631467795,13.424445617740233,3.4688489968321017,2.0081499472016895,2.5945205479452054,0.38542766631467795,1.1033790918690602,139.32,0.0010548523206751054,0.06686772151898733,16.0,2.0,Long Inactive,Low Value,Low Frequency
CUST2809,53,Female,USA,active,1,3,1938.06,1938.06,646.02,3.2,3,46.0,46,46,2022-08-16,2022-08-16,2021-08-21,1210,360,0.07692307692307693,3.0,1,1,1,3.0,1938.06,646.02,0.002770083102493075,3178.4184,161.505,0.25,3.0,3623.3969760000004,1.0,1.0138888888888888,1964.9775,3.041666666666667,264.8682,0.9863013698630136,1.0138888888888888,161.505,91088.81999999999,0.002770083102493075,8.804483102493075,141.0,2.0,Long Inactive,Very High Value,Low Frequency
CUST2810,65,Female,Pakistan,cancelled,1,6,1987.7400000000002,1987.7400000000002,331.29,4.4,1,20.0,20,20,2025-04-23,2025-04-23,2021-11-02,229,1268,0.023112480739599383,6.0,1,1,1,1.0,1987.7400000000002,331.29,0.0007880220646178094,3736.951200000001,47.02854889589906,0.14195583596214512,1.0,5156.992656000001,1.0,0.28785488958990535,572.1806782334386,1.727129337539432,88.41367192429024,3.473972602739726,0.28785488958990535,47.02854889589906,41742.54000000001,0.0007880220646178094,2.9448000000000008,21.0,2.0,Long Inactive,Very High Value,Low Frequency
CUST2811,44,Male,Germany,active,1,5,479.65000000000003,479.65000000000003,95.93,3.6,3,17.0,17,17,2024-04-05,2024-04-05,2022-05-25,612,681,0.04219409282700422,5.0,1,1,1,3.0,479.65000000000003,95.93,0.001466275659824047,824.998,21.129955947136565,0.22026431718061676,3.0,1006.49756,1.0,0.5359765051395007,257.08113069016156,2.679882525697504,36.343524229074895,1.8657534246575342,0.5359765051395007,21.129955947136565,8633.7,0.001466275659824047,1.2096744868035192,54.0,2.0,Long Inactive,Low Value,Low Frequency
CUST2812,24,Female,Canada,cancelled,1,7,1706.95,1706.95,243.85,3.1,5,5.0,5,5,2021-06-02,2021-06-02,2021-03-01,1650,93,0.24390243902439027,7.0,1,1,1,5.0,1706.95,243.85,0.010638297872340425,2765.2590000000005,550.6290322580645,2.258064516129032,5.0,3097.090080000001,1.0,3.924731182795699,6699.319892473119,27.473118279569892,892.0190322580646,0.2547945205479452,3.924731182795699,550.6290322580645,10241.7,0.010638297872340425,29.417648936170217,30.0,2.0,Long Inactive,Very High Value,Low Frequency
CUST2813,69,Other,UK,active,1,9,513.54,513.54,57.06,4.0,0,36.0,36,36,2023-02-06,2023-02-06,2021-12-03,1036,430,0.06521739130434782,9.0,1,1,1,0.0,513.54,57.059999999999995,0.002320185614849188,924.372,35.828372093023255,0.627906976744186,0.0,1201.6836,1.0,0.8488372093023255,435.9118604651162,7.63953488372093,64.49106976744186,1.178082191780822,0.8488372093023255,35.828372093023255,19000.98,0.002320185614849188,2.1447146171693734,0.0,2.0,Long Inactive,Low Value,Low Frequency
CUST2814,56,Female,India,active,1,5,1241.0,1241.0,248.2,4.1,3,49.0,49,49,2021-09-14,2021-09-14,2021-07-03,1546,73,0.29126213592233013,5.0,1,1,1,3.0,1241.0,248.2,0.013513513513513514,2258.62,510.00000000000006,2.0547945205479454,3.0,2981.3783999999996,1.0,5.0,6205.0,25.0,928.2,0.2,5.0,510.00000000000006,62050.0,0.013513513513513514,30.521891891891894,150.0,2.0,Long Inactive,High Value,Low Frequency
CUST2815,54,Female,India,active,1,8,322.32,322.32,40.29,3.6,2,27.0,27,27,2023-04-23,2023-04-23,2021-11-09,960,530,0.05357142857142857,8.0,1,1,1,2.0,322.32,40.29,0.0018832391713747645,554.3904,18.244528301886792,0.45283018867924524,2.0,676.356288,1.0,0.6886792452830188,221.97509433962264,5.509433962264151,31.38058867924528,1.452054794520548,0.6886792452830188,18.244528301886792,9024.96,0.0018832391713747645,1.0440497175141243,56.0,2.0,Long Inactive,Low Value,Low Frequency
CUST2816,37,Male,Canada,active,1,5,1471.85,1471.85,294.37,4.0,2,30.0,30,30,2024-12-17,2024-12-17,2021-03-09,356,1379,0.021291696238467,5.0,1,1,1,2.0,1471.85,294.37,0.0007246376811594203,2649.33,32.01994198694706,0.10877447425670775,2.0,3444.129,1.0,0.26468455402465557,389.57596084118927,1.3234227701232777,57.63589557650471,3.778082191780822,0.26468455402465557,32.01994198694706,45627.35,0.0007246376811594203,1.9198043478260869,62.0,2.0,Long Inactive,High Value,Low Frequency
CUST2817,58,Male,UK,active,1,9,932.76,932.76,103.64,4.3,0,1.0,1,1,2022-02-22,2022-02-22,2021-12-26,1385,58,0.3409090909090909,9.0,1,1,1,0.0,932.76,103.64,0.01694915254237288,1734.9335999999998,482.46206896551723,4.655172413793103,0.0,2359.5096959999996,1.0,6.293103448275861,5869.955172413793,56.637931034482754,897.3794482758619,0.1589041095890411,6.293103448275861,482.46206896551723,1865.52,0.01694915254237288,29.405654237288132,0.0,2.0,Long Inactive,Medium Value,Low Frequency
CUST2818,28,Male,Germany,active,1,4,1808.0,1808.0,452.0,4.1,2,20.0,20,20,2022-01-03,2022-01-03,2020-08-28,1435,493,0.05736137667304015,4.0,1,1,1,2.0,1808.0,452.0,0.0020242914979757085,3290.5599999999995,110.02028397565923,0.2434077079107505,2.0,4343.539199999999,1.0,0.7403651115618662,1338.580121703854,2.961460446247465,200.23691683569976,1.3506849315068492,0.7403651115618662,110.02028397565923,37968.0,0.0020242914979757085,6.661052631578946,42.0,2.0,Long Inactive,Very High Value,Low Frequency
CUST2819,18,Female,UK,active,1,1,899.63,899.63,899.63,4.2,5,10.0,10,10,2025-04-23,2025-04-23,2021-09-29,229,1302,0.022522522522522525,1.0,1,1,1,5.0,899.63,899.63,0.0007674597083653108,1655.3192000000001,20.728801843317974,0.02304147465437788,5.0,2218.1277280000004,1.0,0.28033794162826425,252.20042242703533,0.28033794162826425,38.140995391705076,3.5671232876712327,0.28033794162826425,20.728801843317974,9895.93,0.0007674597083653108,1.2703907904834997,55.0,2.0,Long Inactive,Medium Value,Low Frequency
CUST2820,26,Female,USA,active,1,9,1976.58,1976.58,219.62,3.9,2,21.0,21,21,2021-10-31,2021-10-31,2021-10-04,1499,27,0.5263157894736842,9.0,1,1,1,2.0,1976.58,219.62,0.03571428571428571,3518.3124,2196.2,10.0,2.0,4503.439872,1.0,13.518518518518519,26720.43333333333,121.66666666666666,3909.236,0.07397260273972603,13.518518518518519,2196.2,43484.759999999995,0.03571428571428571,125.65401428571427,44.0,2.0,Long Inactive,Very High Value,Low Frequency
CUST2821,21,Male,USA,active,1,9,1650.1499999999999,1650.1499999999999,183.35,4.0,2,13.0,13,13,2024-04-27,2024-04-27,2020-12-25,590,1219,0.02401921537229784,9.0,1,1,1,2.0,1650.1499999999999,183.35,0.000819672131147541,2970.27,40.61074651353568,0.22149302707136997,2.0,3861.351,1.0,0.29942575881870387,494.0974159146841,2.6948318293683347,73.09934372436423,3.33972602739726,0.29942575881870387,40.61074651353568,23102.1,0.000819672131147541,2.4346475409836064,28.0,2.0,Long Inactive,Very High Value,Low Frequency
CUST2822,28,Female,USA,active,1,3,1903.08,1903.08,634.36,4.2,5,21.0,21,21,2024-04-28,2024-04-28,2022-12-11,589,504,0.056179775280898875,3.0,1,1,1,5.0,1903.08,634.36,0.0019801980198019802,3501.6672,113.27857142857142,0.17857142857142858,5.0,4692.234048,1.0,0.7242063492063492,1378.222619047619,2.1726190476190474,208.4325714285714,1.3808219178082193,0.7242063492063492,113.27857142857142,41867.759999999995,0.0019801980198019802,6.933994455445545,110.0,2.0,Long Inactive,Very High Value,Low Frequency
CUST2823,20,Female,Pakistan,active,1,8,720.32,720.32,90.04,4.2,0,47.0,47,47,2022-12-30,2022-12-30,2021-02-27,1074,671,0.042796005706134094,8.0,1,1,1,0.0,720.32,90.04,0.001488095238095238,1325.3888000000002,32.20506706408346,0.35767511177347244,0.0,1776.0209920000004,1.0,0.5439642324888226,391.8283159463487,4.351713859910581,59.25732339791357,1.8383561643835618,0.5439642324888226,32.20506706408346,34575.36,0.001488095238095238,1.972304761904762,0.0,2.0,Long Inactive,Medium Value,Low Frequency
CUST2824,53,Other,Pakistan,active,1,3,397.26,397.26,132.42,4.1,0,1.0,1,1,2023-01-10,2023-01-10,2021-10-24,1063,443,0.06342494714587738,3.0,1,1,1,0.0,397.26,132.42,0.0022522522522522522,723.0131999999999,26.902483069977425,0.20316027088036115,0.0,954.3774239999997,1.0,0.8239277652370203,327.3135440180587,2.471783295711061,48.96251918735891,1.2136986301369863,0.8239277652370203,26.902483069977425,794.52,0.0022522522522522522,1.6284081081081079,0.0,2.0,Long Inactive,Low Value,Low Frequency
CUST2825,39,Male,USA,paused,1,2,739.8,739.8,369.9,4.4,1,48.0,48,48,2025-04-08,2025-04-08,2022-06-27,244,1016,0.028680688336520075,2.0,1,1,1,1.0,739.8,369.9,0.0009832841691248771,1390.824,21.844488188976378,0.05905511811023622,1.0,1919.3371200000004,1.0,0.359251968503937,265.77460629921256,0.718503937007874,41.067637795275594,2.7835616438356166,0.359251968503937,21.844488188976378,36250.2,0.0009832841691248771,1.3675752212389383,49.0,2.0,Long Inactive,Medium Value,Low Frequency
CUST2826,45,Male,Pakistan,cancelled,1,6,1163.8799999999999,1163.8799999999999,193.98,4.1,2,43.0,43,43,2022-01-01,2022-01-01,2020-09-19,1437,469,0.06012024048096193,6.0,1,1,1,2.0,1163.8799999999999,193.98,0.002127659574468085,2118.2616,74.44861407249466,0.3837953091684435,2.0,2796.1053119999992,1.0,0.7782515991471216,905.7914712153517,4.669509594882729,135.4964776119403,1.284931506849315,0.7782515991471216,74.44861407249466,51210.719999999994,0.002127659574468085,4.506939574468085,88.0,2.0,Long Inactive,High Value,Low Frequency
CUST2827,61,Female,Germany,active,1,3,641.9399999999999,641.9399999999999,213.98,4.2,4,27.0,27,27,2025-06-01,2025-06-01,2021-07-19,190,1413,0.020790020790020788,3.0,1,1,1,4.0,641.9399999999999,213.98,0.0007072135785007072,1181.1696,13.629299363057322,0.06369426751592357,4.0,1582.767264,1.0,0.25831564048124556,165.82314225053076,0.7749469214437367,25.077910828025477,3.871232876712329,0.25831564048124556,13.629299363057322,17974.32,0.0007072135785007072,0.8353391796322489,112.0,2.0,Long Inactive,Medium Value,Low Frequency
CUST2828,51,Female,Canada,cancelled,1,9,1252.8,1252.8,139.2,4.1,5,48.0,48,48,2022-08-17,2022-08-17,2020-08-22,1209,725,0.03973509933774834,9.0,1,1,1,5.0,1252.8,139.2,0.0013774104683195593,2280.0959999999995,51.839999999999996,0.37241379310344824,5.0,3009.726719999999,1.0,0.503448275862069,630.72,4.531034482758621,94.34879999999998,1.9863013698630136,0.503448275862069,51.839999999999996,61387.2,0.0013774104683195593,3.1406280991735533,245.0,2.0,Long Inactive,High Value,Low Frequency
CUST2829,39,Female,UK,cancelled,1,1,429.99,429.99,429.99,3.9,5,29.0,29,29,2023-05-30,2023-05-30,2023-03-15,923,76,0.2830188679245283,1.0,1,1,1,5.0,429.99,429.99,0.012987012987012988,765.3822,169.73289473684213,0.39473684210526316,5.0,979.689216,1.0,4.802631578947368,2065.083552631579,4.802631578947368,302.124552631579,0.20821917808219179,4.802631578947368,169.73289473684213,12899.7,0.012987012987012988,9.940028571428572,150.0,2.0,Long Inactive,Low Value,Low Frequency
CUST2830,66,Male,Germany,cancelled,1,6,1226.8799999999999,1226.8799999999999,204.48,3.9,5,10.0,10,10,2023-05-29,2023-05-29,2023-10-04,924,0,1.0,6.0,1,1,1,5.0,1226.8799999999999,204.48,1.0,2183.8464,12268.799999999997,60.0,5.0,2795.323392,1.0,365.0,447811.19999999995,2190.0,21838.463999999996,0.0,365.0,12268.799999999997,13495.679999999998,1.0,2183.8464,55.0,2.0,Long Inactive,High Value,Low Frequency
CUST2831,62,Female,Germany,cancelled,1,5,134.75,134.75,26.95,4.2,0,33.0,33,33,2025-05-06,2025-05-06,2022-05-01,216,1101,0.02652519893899204,5.0,1,1,1,0.0,134.75,26.95,0.0009074410163339383,247.94,3.671662125340599,0.13623978201634876,0.0,332.2396,1.0,0.3315168029064487,44.671889191643956,1.6575840145322434,6.755858310626702,3.0164383561643837,0.3315168029064487,3.671662125340599,4581.5,0.0009074410163339383,0.22499092558983666,0.0,2.0,Long Inactive,Low Value,Low Frequency
CUST2832,53,Female,Canada,active,1,6,135.96,135.96,22.66,4.2,1,32.0,32,32,2023-03-24,2023-03-24,2022-06-15,990,282,0.09615384615384615,6.0,1,1,1,1.0,135.96,22.66,0.0035335689045936395,250.16640000000004,14.463829787234042,0.6382978723404255,1.0,335.2229760000001,1.0,1.2943262411347516,175.97659574468085,7.76595744680851,26.61344680851064,0.7726027397260274,1.2943262411347516,14.463829787234042,4486.68,0.0035335689045936395,0.8839802120141343,33.0,2.0,Long Inactive,Low Value,Low Frequency
CUST2833,32,Male,Pakistan,active,1,9,1357.7400000000002,1357.7400000000002,150.86,3.7,2,48.0,48,48,2025-07-28,2025-07-28,2023-10-04,133,663,0.04329004329004329,9.0,1,1,1,2.0,1357.7400000000002,150.86,0.0015060240963855422,2362.4676000000004,61.43619909502263,0.4072398190045249,2.0,2929.4598240000005,1.0,0.55052790346908,747.4737556561088,4.95475113122172,106.89898642533937,1.8164383561643835,0.55052790346908,61.43619909502263,66529.26000000001,0.0015060240963855422,3.5579331325301213,98.0,2.0,At Risk,High Value,Low Frequency
CUST2834,38,Male,India,paused,1,3,1043.22,1043.22,347.74,3.7,0,29.0,29,29,2023-04-07,2023-04-07,2022-08-19,976,231,0.1149425287356322,3.0,1,1,1,0.0,1043.22,347.74,0.004310344827586207,1815.2028,135.48311688311688,0.38961038961038963,0.0,2250.851472,1.0,1.5800865800865802,1648.3779220779222,4.740259740259741,235.74062337662338,0.6328767123287671,1.5800865800865802,135.48311688311688,31296.600000000002,0.004310344827586207,7.82415,0.0,2.0,Long Inactive,Medium Value,Low Frequency
CUST2835,38,Female,Pakistan,cancelled,1,9,102.78,102.78,11.42,3.4,4,34.0,34,34,2024-02-14,2024-02-14,2022-05-05,663,650,0.044117647058823525,9.0,1,1,1,4.0,102.78,11.42,0.0015360983102918587,172.6704,4.743692307692307,0.41538461538461535,4.0,203.751072,1.0,0.5615384615384615,57.71492307692308,5.053846153846154,7.969403076923077,1.7808219178082192,0.5615384615384615,4.743692307692307,3597.3,0.0015360983102918587,0.26523870967741936,140.0,2.0,Long Inactive,Low Value,Low Frequency
CUST2836,64,Male,Germany,active,1,3,1593.4499999999998,1593.4499999999998,531.15,4.2,1,26.0,26,26,2023-01-15,2023-01-15,2022-03-26,1058,295,0.0923076923076923,3.0,1,1,1,1.0,1593.4499999999998,531.15,0.0033783783783783786,2931.948,162.04576271186437,0.30508474576271183,1.0,3928.81032,1.0,1.2372881355932204,1971.5567796610167,3.711864406779661,298.1642033898305,0.8082191780821918,1.2372881355932204,162.04576271186437,43023.149999999994,0.0033783783783783786,9.90522972972973,27.0,2.0,Long Inactive,Very High Value,Low Frequency
CUST2837,33,Female,India,paused,1,1,1339.0,1339.0,1339.0,4.0,3,48.0,48,48,2022-09-10,2022-09-10,2022-12-07,1185,0,1.0,1.0,1,1,1,3.0,1339.0,1339.0,1.0,2410.2000000000003,13390.0,10.0,3.0,3133.2600000000007,1.0,365.0,488735.0,365.0,24102.0,0.0,365.0,13390.0,65611.0,1.0,2410.2000000000003,147.0,2.0,Long Inactive,High Value,Low Frequency
CUST2838,23,Male,India,active,1,1,809.03,809.03,809.03,4.1,0,42.0,42,42,2022-02-05,2022-02-05,2021-11-04,1402,93,0.24390243902439027,1.0,1,1,1,0.0,809.03,809.03,0.010638297872340425,1472.4345999999998,260.9774193548387,0.3225806451612903,0.0,1943.6136719999995,1.0,3.924731182795699,3175.225268817204,3.924731182795699,474.9789032258064,0.2547945205479452,3.924731182795699,260.9774193548387,34788.29,0.010638297872340425,15.664197872340424,0.0,2.0,Long Inactive,Medium Value,Low Frequency
CUST2839,45,Male,USA,cancelled,1,3,1271.16,1271.16,423.72,3.9,1,43.0,43,43,2025-05-28,2025-05-28,2023-04-01,194,788,0.03667481662591687,3.0,1,1,1,1.0,1271.16,423.72,0.0012674271229404308,2262.6648,48.394416243654824,0.11421319796954316,1.0,2896.210944,1.0,0.4631979695431472,588.798730964467,1.3895939086294415,86.14206091370559,2.158904109589041,0.4631979695431472,48.394416243654824,55931.04,0.0012674271229404308,2.8677627376425856,44.0,2.0,Long Inactive,High Value,Low Frequency
CUST2840,31,Male,USA,cancelled,1,7,507.08,507.08,72.44,4.0,3,33.0,33,33,2023-01-22,2023-01-22,2022-09-16,1051,128,0.189873417721519,7.0,1,1,1,3.0,507.08,72.44,0.007751937984496124,912.744,118.846875,1.640625,3.0,1186.5672000000002,1.0,2.8515625,1445.9703124999999,19.9609375,213.924375,0.3506849315068493,2.8515625,118.846875,17240.72,0.007751937984496124,7.07553488372093,102.0,2.0,Long Inactive,Low Value,Low Frequency
CUST2841,58,Female,USA,paused,1,4,625.76,625.76,156.44,3.9,2,36.0,36,36,2022-12-02,2022-12-02,2022-07-02,1102,153,0.1639344262295082,4.0,1,1,1,2.0,625.76,156.44,0.006493506493506494,1113.8528,122.69803921568628,0.7843137254901962,2.0,1425.7315839999999,1.0,2.3856209150326797,1492.8261437908498,9.542483660130719,218.40250980392156,0.4191780821917808,2.3856209150326797,122.69803921568628,23153.12,0.006493506493506494,7.232810389610389,74.0,2.0,Long Inactive,Medium Value,Low Frequency
CUST2842,34,Male,Canada,active,1,6,948.48,948.48,158.08,4.2,3,7.0,7,7,2022-02-22,2022-02-22,2021-01-07,1385,411,0.06802721088435375,6.0,1,1,1,3.0,948.48,158.08,0.0024271844660194173,1745.2032000000002,69.23211678832118,0.43795620437956206,3.0,2338.5722880000003,1.0,0.8880778588807786,842.324087591241,5.328467153284672,127.38709489051097,1.126027397260274,0.8880778588807786,69.23211678832118,7587.84,0.0024271844660194173,4.235930097087379,24.0,2.0,Long Inactive,Medium Value,Low Frequency
CUST2843,26,Male,Pakistan,active,1,1,644.69,644.69,644.69,4.3,2,46.0,46,46,2024-01-21,2024-01-21,2022-09-26,687,482,0.05859375,1.0,1,1,1,2.0,644.69,644.69,0.002070393374741201,1199.1234,40.12593360995851,0.06224066390041494,2.0,1630.8078239999998,1.0,0.7572614107883818,488.1988589211619,0.7572614107883818,74.63423651452283,1.3205479452054794,0.7572614107883818,40.12593360995851,30300.430000000004,0.002070393374741201,2.482657142857143,94.0,2.0,Long Inactive,Medium Value,Low Frequency
CUST2844,43,Male,India,active,1,3,1710.75,1710.75,570.25,4.0,4,33.0,33,33,2024-02-22,2024-02-22,2021-12-20,655,794,0.03640776699029127,3.0,1,1,1,4.0,1710.75,570.25,0.0012578616352201257,3079.35,64.63790931989925,0.11335012594458439,4.0,4003.155,1.0,0.45969773299748107,786.4278967254407,1.3790931989924433,116.34823677581865,2.175342465753425,0.45969773299748107,64.63790931989925,58165.5,0.0012578616352201257,3.873396226415094,136.0,2.0,Long Inactive,Very High Value,Low Frequency
CUST2845,61,Male,Germany,active,1,7,1869.0,1869.0,267.0,2.6,1,14.0,14,14,2023-04-24,2023-04-24,2021-02-09,959,804,0.03597122302158273,7.0,1,1,1,1.0,1869.0,267.0,0.0012422360248447205,2840.88,69.73880597014926,0.26119402985074625,1.0,2897.6976,1.0,0.4539800995024876,848.4888059701493,3.177860696517413,106.00298507462686,2.202739726027397,0.4539800995024876,69.73880597014926,28035.0,0.0012422360248447205,3.5290434782608697,15.0,2.0,Long Inactive,Very High Value,Low Frequency
CUST2846,19,Male,USA,active,1,4,553.68,553.68,138.42,3.8,3,14.0,14,14,2024-03-09,2024-03-09,2022-04-01,639,708,0.04065040650406504,4.0,1,1,1,3.0,553.68,138.42,0.0014104372355430183,974.4767999999999,23.46101694915254,0.1694915254237288,3.0,1227.8407679999998,1.0,0.5155367231638418,285.4423728813559,2.062146892655367,41.29138983050847,1.9397260273972603,0.5155367231638418,23.46101694915254,8305.199999999999,0.0014104372355430183,1.3744383638928066,45.0,2.0,Long Inactive,Medium Value,Low Frequency
CUST2847,47,Female,Pakistan,active,1,7,502.53000000000003,502.53000000000003,71.79,4.5,4,33.0,33,33,2024-05-18,2024-05-18,2020-08-10,569,1377,0.021321961620469083,7.0,1,1,1,4.0,502.53000000000003,71.79,0.000725689404934688,954.807,10.948366013071896,0.15250544662309368,4.0,1336.7297999999998,1.0,0.26506899055918665,133.20511982570807,1.8554829339143064,20.8018954248366,3.7726027397260276,0.26506899055918665,10.948366013071896,17086.02,0.000725689404934688,0.6928933236574746,136.0,2.0,Long Inactive,Low Value,Low Frequency
CUST2848,30,Male,USA,active,1,4,1909.84,1909.84,477.46,3.5,3,28.0,28,28,2023-07-19,2023-07-19,2023-05-22,873,58,0.3409090909090909,4.0,1,1,1,3.0,1909.84,477.46,0.01694915254237288,3246.7279999999996,987.8482758620689,2.0689655172413794,3.0,3896.0735999999993,1.0,6.293103448275861,12018.820689655171,25.172413793103445,1679.342068965517,0.1589041095890411,6.293103448275861,987.8482758620689,55385.36,0.01694915254237288,55.02928813559321,87.0,2.0,Long Inactive,Very High Value,Low Frequency
CUST2849,43,Male,India,active,1,1,601.04,601.04,601.04,3.9,3,5.0,5,5,2022-09-09,2022-09-09,2022-04-25,1186,137,0.17964071856287425,1.0,1,1,1,3.0,601.04,601.04,0.007246376811594203,1069.8512,131.61459854014598,0.21897810218978103,3.0,1369.4095360000001,1.0,2.6642335766423355,1601.3109489051094,2.6642335766423355,234.27398540145987,0.37534246575342467,2.6642335766423355,131.61459854014598,3606.24,0.007246376811594203,7.752544927536232,18.0,2.0,Long Inactive,Medium Value,Low Frequency
CUST2850,28,Female,UK,cancelled,1,3,1403.1299999999999,1403.1299999999999,467.71,4.0,4,30.0,30,30,2024-10-14,2024-10-14,2021-04-04,420,1289,0.022744503411675512,3.0,1,1,1,4.0,1403.1299999999999,467.71,0.0007751937984496124,2525.634,32.65624515128006,0.06982156710628394,4.0,3283.3242,1.0,0.2831652443754849,397.31764934057406,0.8494957331264547,58.78124127230411,3.5315068493150683,0.2831652443754849,32.65624515128006,43497.03,0.0007751937984496124,1.9578558139534883,124.0,2.0,Long Inactive,High Value,Low Frequency
CUST2851,47,Male,Germany,active,1,7,1029.98,1029.98,147.14,4.0,1,36.0,36,36,2022-03-18,2022-03-18,2020-12-09,1361,464,0.060728744939271245,7.0,1,1,1,1.0,1029.98,147.14000000000001,0.002150537634408602,1853.9640000000002,66.59353448275863,0.4525862068965517,1.0,2410.1532,1.0,0.7866379310344827,810.2213362068965,5.506465517241379,119.86836206896552,1.2712328767123289,0.7866379310344827,66.59353448275863,38109.26,0.002150537634408602,3.98701935483871,37.0,2.0,Long Inactive,Medium Value,Low Frequency
CUST2852,60,Male,USA,cancelled,1,2,566.78,566.78,283.39,3.5,3,17.0,17,17,2023-11-30,2023-11-30,2022-05-14,739,565,0.05042016806722689,2.0,1,1,1,3.0,566.78,283.39,0.0017667844522968198,963.526,30.094513274336283,0.10619469026548674,3.0,1156.2312,1.0,0.6460176991150443,366.1499115044248,1.2920353982300885,51.16067256637168,1.547945205479452,0.6460176991150443,30.094513274336283,10202.039999999999,0.0017667844522968198,1.7023427561837454,54.0,2.0,Long Inactive,Medium Value,Low Frequency
CUST2853,21,Female,Germany,cancelled,1,2,1487.12,1487.12,743.56,4.0,1,28.0,28,28,2025-07-30,2025-07-30,2021-10-16,131,1383,0.021231422505307854,2.0,1,1,1,1.0,1487.12,743.56,0.000722543352601156,2676.816,32.258568329718,0.04338394793926247,1.0,3479.8608,1.0,0.26391901663051337,392.47924801156904,0.5278380332610267,58.065422993492405,3.789041095890411,0.26391901663051337,32.258568329718,43126.479999999996,0.000722543352601156,1.934115606936416,29.0,2.0,At Risk,High Value,Low Frequency
CUST2854,61,Male,USA,active,1,8,504.8,504.8,63.1,3.4,1,29.0,29,29,2022-10-13,2022-10-13,2021-01-08,1152,643,0.04457652303120357,8.0,1,1,1,1.0,504.8,63.1,0.0015527950310559005,848.064,23.552099533437016,0.37325038880248834,1.0,1000.7155199999999,1.0,0.5676516329704511,286.5505443234837,4.541213063763609,39.567527216174184,1.7616438356164383,0.5676516329704511,23.552099533437016,15144.0,0.0015527950310559005,1.3168695652173912,30.0,2.0,Long Inactive,Low Value,Low Frequency
CUST2855,28,Male,UK,paused,1,7,1325.3100000000002,1325.3100000000002,189.33,4.2,3,4.0,4,4,2024-07-18,2024-07-18,2022-12-20,508,576,0.04950495049504951,7.0,1,1,1,3.0,1325.3100000000002,189.33,0.0017331022530329288,2438.5704000000005,69.02656250000001,0.36458333333333337,3.0,3267.6843360000007,1.0,0.6336805555555556,839.8231770833335,4.435763888888889,127.00887500000003,1.5780821917808219,0.6336805555555556,69.02656250000001,6626.550000000001,0.0017331022530329288,4.2262918544194115,15.0,2.0,Long Inactive,High Value,Low Frequency
CUST2856,65,Other,Germany,active,1,4,1461.2,1461.2,365.3,3.8,0,18.0,18,18,2024-01-09,2024-01-09,2023-02-26,699,317,0.08645533141210375,4.0,1,1,1,0.0,1461.2,365.3,0.0031446540880503146,2571.712,138.2839116719243,0.37854889589905366,0.0,3240.35712,1.0,1.1514195583596214,1682.454258675079,4.605678233438486,243.37968454258674,0.8684931506849315,1.1514195583596214,138.2839116719243,27762.8,0.0031446540880503146,8.08714465408805,0.0,2.0,Long Inactive,High Value,Low Frequency
CUST2857,61,Female,Canada,active,1,9,404.46,404.46,44.94,4.1,1,7.0,7,7,2023-10-10,2023-10-10,2023-02-23,790,229,0.11583011583011583,9.0,1,1,1,1.0,404.46,44.94,0.004347826086956522,736.1171999999999,52.986026200873354,1.1790393013100435,1.0,971.6747039999998,1.0,1.5938864628820961,644.6633187772926,14.344978165938866,96.4345676855895,0.6273972602739726,1.5938864628820961,52.986026200873354,3235.68,0.004347826086956522,3.200509565217391,8.0,2.0,Long Inactive,Low Value,Low Frequency
CUST2858,46,Male,USA,active,1,2,1112.84,1112.84,556.42,4.2,1,6.0,6,6,2023-08-29,2023-08-29,2022-12-31,832,241,0.11070110701107011,2.0,1,1,1,1.0,1112.84,556.42,0.004132231404958678,2047.6255999999998,138.5278008298755,0.24896265560165975,1.0,2743.818304,1.0,1.5145228215767637,1685.4215767634855,3.0290456431535273,254.89115352697095,0.6602739726027397,1.5145228215767637,138.5278008298755,7789.879999999999,0.004132231404958678,8.461262809917354,7.0,2.0,Long Inactive,High Value,Low Frequency
CUST2859,63,Male,USA,cancelled,1,6,620.52,620.52,103.42,4.3,2,40.0,40,40,2024-12-18,2024-12-18,2022-05-30,355,933,0.03115264797507788,6.0,1,1,1,2.0,620.52,103.42,0.0010706638115631692,1154.1671999999999,19.9524115755627,0.19292604501607716,2.0,1569.6673919999996,1.0,0.3912111468381565,242.75434083601286,2.347266881028939,37.11148553054662,2.5561643835616437,0.3912111468381565,19.9524115755627,25441.32,0.0010706638115631692,1.2357250535331905,82.0,2.0,Long Inactive,Medium Value,Low Frequency
CUST2860,35,Other,Pakistan,active,1,4,1200.32,1200.32,300.08,4.2,0,25.0,25,25,2024-12-17,2024-12-17,2023-02-17,356,669,0.04291845493562232,4.0,1,1,1,0.0,1200.32,300.08,0.0014925373134328358,2208.5888,53.82600896860986,0.17937219730941703,0.0,2959.508992,1.0,0.5455904334828102,654.8831091180867,2.182361733931241,99.03985650224215,1.832876712328767,0.5455904334828102,53.82600896860986,31208.32,0.0014925373134328358,3.2964011940298508,0.0,2.0,Long Inactive,High Value,Low Frequency
CUST2861,39,Female,USA,active,1,2,235.16,235.16,117.58,4.1,5,4.0,4,4,2024-08-15,2024-08-15,2021-08-04,480,1107,0.026385224274406333,2.0,1,1,1,5.0,235.16,117.58,0.0009025270758122744,427.99119999999994,6.37289972899729,0.05420054200542006,5.0,564.9483839999998,1.0,0.32971996386630537,77.53694670280036,0.6594399277326107,11.598677506775067,3.032876712328767,0.32971996386630537,6.37289972899729,1175.8,0.0009025270758122744,0.38627364620938626,25.0,2.0,Long Inactive,Low Value,Low Frequency
CUST2862,43,Male,UK,active,1,1,1685.5,1685.5,1685.5,3.9,4,8.0,8,8,2021-02-24,2021-02-24,2020-10-18,1748,129,0.18867924528301888,1.0,1,1,1,4.0,1685.5,1685.5,0.007692307692307693,3000.19,391.9767441860465,0.23255813953488372,4.0,3840.2432000000003,1.0,2.8294573643410854,4769.0503875969,2.8294573643410854,697.7186046511629,0.35342465753424657,2.8294573643410854,391.9767441860465,15169.5,0.007692307692307693,23.078384615384618,36.0,2.0,Long Inactive,Very High Value,Low Frequency
CUST2863,58,Male,Germany,active,1,5,1656.9,1656.9,331.38,3.3,4,6.0,6,6,2023-01-10,2023-01-10,2021-08-17,1063,511,0.055452865064695,5.0,1,1,1,4.0,1656.9,331.38,0.001953125,2750.454,97.27397260273972,0.29354207436399216,4.0,3190.52664,1.0,0.7142857142857143,1183.5000000000002,3.5714285714285716,161.47479452054793,1.4,0.7142857142857143,97.27397260273972,11598.300000000001,0.001953125,5.37198046875,28.0,2.0,Long Inactive,Very High Value,Low Frequency
CUST2864,21,Female,USA,paused,1,1,529.98,529.98,529.98,4.3,0,41.0,41,41,2023-04-11,2023-04-11,2020-11-23,972,869,0.03337041156840934,1.0,1,1,1,0.0,529.98,529.98,0.0011494252873563218,985.7628,18.296202531645573,0.03452243958573073,0.0,1340.6374079999998,1.0,0.42002301495972383,222.60379746835443,0.42002301495972383,34.03093670886076,2.3808219178082193,0.42002301495972383,18.296202531645573,22259.16,0.0011494252873563218,1.1330606896551723,0.0,2.0,Long Inactive,Low Value,Low Frequency
CUST2865,46,Male,Pakistan,cancelled,1,3,1927.23,1927.23,642.41,3.9,5,26.0,26,26,2025-06-13,2025-06-13,2022-07-15,178,1064,0.027422303473491772,3.0,1,1,1,5.0,1927.23,642.41,0.0009389671361502347,3430.4694,54.3391917293233,0.08458646616541353,5.0,4391.000832,1.0,0.3430451127819549,661.1268327067669,1.0291353383458646,96.72376127819548,2.915068493150685,0.3430451127819549,54.3391917293233,52035.21,0.0009389671361502347,3.221098028169014,135.0,2.0,At Risk,Very High Value,Low Frequency
CUST2866,67,Female,Canada,active,1,9,1068.1200000000001,1068.1200000000001,118.68,4.3,3,38.0,38,38,2025-07-25,2025-07-25,2022-01-24,136,1278,0.02293577981651376,9.0,1,1,1,3.0,1068.1200000000001,118.68,0.0007818608287724785,1986.7032000000002,25.07323943661972,0.2112676056338028,3.0,2701.9163519999997,1.0,0.2856025039123631,305.05774647887324,2.5704225352112675,46.636225352112675,3.5013698630136987,0.2856025039123631,25.07323943661972,41656.68000000001,0.0007818608287724785,1.5533254104769352,117.0,2.0,At Risk,High Value,Low Frequency
CUST2867,24,Female,Canada,cancelled,1,1,570.81,570.81,570.81,3.6,2,40.0,40,40,2022-09-27,2022-09-27,2022-03-17,1168,194,0.13392857142857142,1.0,1,1,1,2.0,570.81,570.81,0.005128205128205128,981.7931999999998,88.26958762886596,0.15463917525773196,2.0,1197.7877039999998,1.0,1.8814432989690721,1073.946649484536,1.8814432989690721,151.82369072164946,0.5315068493150685,1.8814432989690721,88.26958762886596,23403.21,0.005128205128205128,5.034836923076922,82.0,2.0,Long Inactive,Medium Value,Low Frequency
CUST2868,28,Female,Canada,active,1,3,1232.01,1232.01,410.67,3.8,0,42.0,42,42,2022-12-31,2022-12-31,2020-09-11,1073,841,0.03444316877152698,3.0,1,1,1,0.0,1232.01,410.67,0.0011876484560570072,2168.3376,43.94803804994054,0.1070154577883472,0.0,2732.105376,1.0,0.4340071343638526,534.70112960761,1.3020214030915578,77.34854696789536,2.304109589041096,0.4340071343638526,43.94803804994054,52976.43,0.0011876484560570072,2.575222802850356,0.0,2.0,Long Inactive,High Value,Low Frequency
CUST2869,68,Male,UK,active,1,8,175.2,175.2,21.9,3.9,1,14.0,14,14,2023-05-15,2023-05-15,2021-11-08,938,553,0.051457975986277875,8.0,1,1,1,1.0,175.2,21.9,0.0018050541516245488,311.856,9.504520795660035,0.43399638336347196,1.0,399.17568,1.0,0.6600361663652803,115.6383363471971,5.280289330922242,16.918047016274866,1.515068493150685,0.6600361663652803,9.504520795660035,2628.0,0.0018050541516245488,0.5629169675090253,15.0,2.0,Long Inactive,Low Value,Low Frequency
CUST2870,26,Female,UK,cancelled,1,8,1919.04,1919.04,239.88,4.6,2,44.0,44,44,2025-06-02,2025-06-02,2023-06-14,189,719,0.04005340453938585,8.0,1,1,1,2.0,1919.04,239.88,0.001388888888888889,3684.5568,80.07121001390821,0.3337969401947149,2.0,5232.070656,1.0,0.5076495132127955,974.1997218358831,4.061196105702364,153.73672322670376,1.9698630136986301,0.5076495132127955,80.07121001390821,86356.8,0.001388888888888889,5.11744,90.0,2.0,Long Inactive,Very High Value,Low Frequency
CUST2871,27,Male,Pakistan,cancelled,1,1,1761.57,1761.57,1761.57,3.8,1,16.0,16,16,2025-08-07,2025-08-07,2023-09-05,123,702,0.04098360655737705,1.0,1,1,1,1.0,1761.57,1761.57,0.001422475106685633,3100.3632,75.28076923076924,0.042735042735042736,1.0,3906.4576319999996,1.0,0.51994301994302,915.9160256410256,0.51994301994302,132.49415384615384,1.9232876712328768,0.51994301994302,75.28076923076924,29946.69,0.001422475106685633,4.41018947368421,17.0,2.0,At Risk,Very High Value,Low Frequency
CUST2872,48,Male,USA,active,1,1,1081.8,1081.8,1081.8,3.9,5,40.0,40,40,2024-04-22,2024-04-22,2021-01-10,595,1198,0.024429967426710098,1.0,1,1,1,5.0,1081.8,1081.8,0.0008340283569641367,1925.604,27.090150250417363,0.025041736227045076,5.0,2464.7731200000003,1.0,0.3046744574290484,329.5968280467446,0.3046744574290484,48.22046744574291,3.282191780821918,0.3046744574290484,27.090150250417363,44353.799999999996,0.0008340283569641367,1.6060083402835696,205.0,2.0,Long Inactive,High Value,Low Frequency
CUST2873,37,Male,Germany,active,1,5,762.45,762.45,152.49,4.1,3,42.0,42,42,2023-06-12,2023-06-12,2022-03-07,910,462,0.06097560975609757,5.0,1,1,1,3.0,762.45,152.49,0.0021598272138228943,1387.6589999999999,49.50974025974026,0.3246753246753247,3.0,1831.7098799999997,1.0,0.7900432900432901,602.3685064935066,3.9502164502164505,90.10772727272726,1.2657534246575342,0.7900432900432901,49.50974025974026,32785.35,0.0021598272138228943,2.9971036717062636,129.0,2.0,Long Inactive,Medium Value,Low Frequency
CUST2874,50,Male,India,cancelled,1,1,1955.81,1955.81,1955.81,3.6,0,30.0,30,30,2025-02-16,2025-02-16,2021-05-21,295,1367,0.02147458840372226,1.0,1,1,1,0.0,1955.81,1955.81,0.0007309941520467836,3363.9932,42.92194586686173,0.021945866861741038,0.0,4104.071704,1.0,0.2670080468178493,522.2170080468178,0.2670080468178493,73.82574689100218,3.745205479452055,0.2670080468178493,42.92194586686173,60630.11,0.0007309941520467836,2.459059356725146,0.0,2.0,Long Inactive,Very High Value,Low Frequency
CUST2875,44,Male,Canada,active,1,7,647.5,647.5,92.5,4.4,2,11.0,11,11,2020-09-11,2020-09-11,2020-09-13,1914,0,1.0,7.0,1,1,1,2.0,647.5,92.5,1.0,1217.3000000000002,6475.0,70.0,2.0,1679.8740000000005,1.0,365.0,236337.5,2555.0,12173.000000000002,0.0,365.0,6475.0,7770.0,1.0,1217.3000000000002,24.0,2.0,Long Inactive,Medium Value,Low Frequency
CUST2876,41,Female,Canada,paused,1,3,621.03,621.03,207.01,4.3,1,17.0,17,17,2021-12-25,2021-12-25,2021-06-18,1444,190,0.13636363636363638,3.0,1,1,1,1.0,621.03,207.01,0.005235602094240838,1155.1157999999998,98.05736842105263,0.4736842105263158,1.0,1570.9574879999996,1.0,1.9210526315789476,1193.0313157894736,5.7631578947368425,182.38670526315786,0.5205479452054794,1.9210526315789476,98.05736842105263,11178.539999999999,0.005235602094240838,6.04772670157068,18.0,2.0,Long Inactive,Medium Value,Low Frequency
CUST2877,66,Other,Germany,paused,1,8,409.68,409.68,51.21,4.7,2,48.0,48,48,2023-02-19,2023-02-19,2022-02-27,1023,357,0.07751937984496124,8.0,1,1,1,2.0,409.68,51.21,0.002793296089385475,794.7792,34.42689075630252,0.6722689075630252,2.0,1144.4820479999998,1.0,1.022408963585434,418.86050420168067,8.179271708683473,66.78816806722688,0.9780821917808219,1.022408963585434,34.42689075630252,20074.32,0.002793296089385475,2.220053631284916,98.0,2.0,Long Inactive,Low Value,Low Frequency
CUST2878,30,Male,UK,active,1,1,1358.08,1358.08,1358.08,4.3,5,46.0,46,46,2024-01-20,2024-01-20,2022-01-20,688,730,0.03947368421052632,1.0,1,1,1,5.0,1358.08,1358.08,0.0013679890560875513,2526.0287999999996,55.811506849315066,0.04109589041095891,5.0,3435.399167999999,1.0,0.5,679.04,0.5,103.80940273972601,2.0,0.5,55.811506849315066,63829.759999999995,0.0013679890560875513,3.4555797537619695,235.0,2.0,Long Inactive,High Value,Low Frequency
CUST2879,46,Female,Pakistan,active,1,2,840.7,840.7,420.35,3.9,1,21.0,21,21,2022-03-20,2022-03-20,2021-03-16,1359,369,0.07518796992481203,2.0,1,1,1,1.0,840.7,420.35,0.002702702702702703,1496.4460000000001,68.34959349593495,0.16260162601626016,1.0,1915.4508800000003,1.0,0.989159891598916,831.5867208672088,1.978319783197832,121.66227642276424,1.010958904109589,0.989159891598916,68.34959349593495,18495.4,0.002702702702702703,4.0444486486486495,22.0,2.0,Long Inactive,Medium Value,Low Frequency
CUST2880,51,Male,India,cancelled,1,3,1255.59,1255.59,418.53,3.9,1,43.0,43,43,2024-11-06,2024-11-06,2022-05-26,397,895,0.032432432432432434,3.0,1,1,1,1.0,1255.59,418.53,0.0011160714285714285,2234.9501999999998,42.0868156424581,0.1005586592178771,1.0,2860.7362559999997,1.0,0.40782122905027934,512.0562569832401,1.223463687150838,74.91453184357542,2.452054794520548,0.40782122905027934,42.0868156424581,55245.96,0.0011160714285714285,2.4943640624999994,44.0,2.0,Long Inactive,High Value,Low Frequency
CUST2881,53,Male,UK,active,1,6,1152.96,1152.96,192.16,3.7,3,22.0,22,22,2023-08-09,2023-08-09,2021-11-01,852,646,0.04437869822485207,6.0,1,1,1,3.0,1152.96,192.16,0.0015455950540958269,2006.1504,53.54303405572755,0.2786377708978328,3.0,2487.626496,1.0,0.565015479876161,651.4402476780185,3.390092879256966,93.16487925696593,1.7698630136986302,0.565015479876161,53.54303405572755,26518.08,0.0015455950540958269,3.1006961360123646,69.0,2.0,Long Inactive,High Value,Low Frequency
CUST2882,54,Female,USA,cancelled,1,3,1231.29,1231.29,410.43,3.5,4,42.0,42,42,2023-03-26,2023-03-26,2021-09-09,988,563,0.050590219224283306,3.0,1,1,1,4.0,1231.29,410.43,0.0017730496453900709,2093.1929999999998,65.61047957371225,0.15985790408525755,4.0,2511.8315999999995,1.0,0.6483126110124334,798.2608348134991,1.9449378330373002,111.53781527531083,1.5424657534246575,0.6483126110124334,65.61047957371225,52945.47,0.0017730496453900709,3.711335106382978,172.0,2.0,Long Inactive,High Value,Low Frequency
CUST2883,58,Male,Canada,active,1,6,1023.96,1023.96,170.66,4.0,2,46.0,46,46,2024-03-16,2024-03-16,2022-09-25,632,538,0.0528169014084507,6.0,1,1,1,2.0,1023.96,170.66,0.0018552875695732839,1843.1280000000002,57.09814126394052,0.3345724907063197,2.0,2396.0664,1.0,0.6784386617100372,694.6940520446097,4.070631970260223,102.77665427509294,1.473972602739726,0.6784386617100372,57.09814126394052,48126.12,0.0018552875695732839,3.419532467532468,94.0,2.0,Long Inactive,Medium Value,Low Frequency
CUST2884,48,Male,USA,paused,1,8,261.36,261.36,32.67,4.1,0,9.0,9,9,2024-04-17,2024-04-17,2023-04-13,600,370,0.075,8.0,1,1,1,0.0,261.36,32.67,0.0026954177897574125,475.67519999999996,21.19135135135135,0.6486486486486486,0.0,627.8912639999999,1.0,0.9864864864864864,257.8281081081081,7.891891891891891,38.568259459459455,1.0136986301369864,0.9864864864864864,21.19135135135135,2613.6000000000004,0.0026954177897574125,1.282143396226415,0.0,2.0,Long Inactive,Low Value,Low Frequency
CUST2885,59,Female,Germany,active,1,1,1453.08,1453.08,1453.08,3.9,0,34.0,34,34,2024-03-21,2024-03-21,2022-09-16,627,552,0.051546391752577324,1.0,1,1,1,0.0,1453.08,1453.08,0.0018083182640144665,2586.4824,78.97173913043478,0.05434782608695653,0.0,3310.697472,1.0,0.6612318840579711,960.8228260869565,0.6612318840579711,140.56969565217392,1.5123287671232877,0.6612318840579711,78.97173913043478,50857.799999999996,0.0018083182640144665,4.677183363471971,0.0,2.0,Long Inactive,High Value,Low Frequency
CUST2886,69,Female,Germany,active,1,9,939.51,939.51,104.39,4.4,0,19.0,19,19,2024-11-07,2024-11-07,2022-01-20,396,1022,0.028517110266159693,9.0,1,1,1,0.0,939.51,104.39,0.0009775171065493646,1766.2788,27.578571428571426,0.26418786692759294,0.0,2437.4647440000003,1.0,0.35714285714285715,335.5392857142857,3.2142857142857144,51.84771428571428,2.8,0.35714285714285715,27.578571428571426,18790.2,0.0009775171065493646,1.726567741935484,0.0,2.0,Long Inactive,Medium Value,Low Frequency
CUST2887,25,Female,India,cancelled,1,1,935.95,935.95,935.95,4.3,0,11.0,11,11,2024-10-24,2024-10-24,2022-08-14,410,802,0.036057692307692304,1.0,1,1,1,0.0,935.95,935.95,0.0012453300124533001,1740.867,35.010598503740646,0.03740648379052369,0.0,2367.57912,1.0,0.45511221945137154,425.9622817955112,0.45511221945137154,65.1197132169576,2.197260273972603,0.45511221945137154,35.010598503740646,11231.400000000001,0.0012453300124533001,2.1679539227895392,0.0,2.0,Long Inactive,Medium Value,Low Frequency
CUST2888,28,Male,India,cancelled,1,6,38.58,38.58,6.43,4.5,4,43.0,43,43,2023-03-20,2023-03-20,2020-08-30,994,932,0.03118503118503119,6.0,1,1,1,4.0,38.58,6.43,0.0010718113612004287,73.30199999999999,1.2418454935622316,0.19313304721030042,4.0,102.62279999999998,1.0,0.3916309012875536,15.109120171673817,2.3497854077253217,2.35950643776824,2.5534246575342467,0.3916309012875536,1.2418454935622316,1697.52,0.0010718113612004287,0.07856591639871381,176.0,2.0,Long Inactive,Low Value,Low Frequency
CUST2889,31,Male,India,paused,1,2,669.0,669.0,334.5,4.0,4,15.0,15,15,2023-12-12,2023-12-12,2021-03-28,727,989,0.02944062806673209,2.0,1,1,1,4.0,669.0,334.5,0.00101010101010101,1204.2,20.293225480283112,0.06066734074823053,4.0,1565.46,1.0,0.3690596562184024,246.9009100101112,0.7381193124368048,36.5278058645096,2.7095890410958905,0.3690596562184024,20.293225480283112,10704.0,0.00101010101010101,1.2163636363636363,64.0,2.0,Long Inactive,Medium Value,Low Frequency
CUST2890,51,Female,UK,active,1,7,505.12,505.12,72.16,3.9,2,4.0,4,4,2021-04-08,2021-04-08,2021-06-23,1705,0,1.0,7.0,1,1,1,2.0,505.12,72.16,1.0,899.1136,5051.2,70.0,2.0,1150.8654080000001,1.0,365.0,184368.8,2555.0,8991.136,0.0,365.0,5051.2,2525.6,1.0,899.1136,10.0,2.0,Long Inactive,Low Value,Low Frequency
CUST2891,22,Female,India,cancelled,1,5,990.3499999999999,990.3499999999999,198.07,4.2,1,36.0,36,36,2024-09-22,2024-09-22,2022-04-30,442,876,0.033112582781456956,5.0,1,1,1,1.0,990.3499999999999,198.07,0.0011402508551881414,1822.244,33.91609589041096,0.17123287671232876,1.0,2441.80696,1.0,0.4166666666666667,412.6458333333333,2.0833333333333335,62.40561643835616,2.4,0.4166666666666667,33.91609589041096,36642.95,0.0011402508551881414,2.0778152793614595,37.0,2.0,Long Inactive,Medium Value,Low Frequency
CUST2892,34,Male,USA,active,1,1,1180.59,1180.59,1180.59,4.1,1,22.0,22,22,2023-11-04,2023-11-04,2022-02-19,765,623,0.045941807044410414,1.0,1,1,1,1.0,1180.59,1180.59,0.0016025641025641025,2148.6737999999996,56.85024077046549,0.048154093097913325,1.0,2836.249415999999,1.0,0.5858747993579454,691.6779293739968,0.5858747993579454,103.46743820224718,1.7068493150684931,0.5858747993579454,56.85024077046549,27153.57,0.0016025641025641025,3.443387499999999,23.0,2.0,Long Inactive,High Value,Low Frequency
CUST2893,24,Female,India,active,1,5,418.45,418.45,83.69,3.7,3,7.0,7,7,2024-11-14,2024-11-14,2021-05-07,389,1287,0.022779043280182234,5.0,1,1,1,3.0,418.45,83.69,0.0007763975155279503,728.103,9.754079254079254,0.11655011655011656,3.0,902.84772,1.0,0.2836052836052836,118.67463092463092,1.418026418026418,16.9720979020979,3.526027397260274,0.2836052836052836,9.754079254079254,3347.6,0.0007763975155279503,0.5652973602484471,24.0,2.0,Long Inactive,Low Value,Low Frequency
CUST2894,24,Male,USA,active,1,7,1596.8400000000001,1596.8400000000001,228.12,4.1,5,25.0,25,25,2024-05-15,2024-05-15,2023-01-08,572,493,0.05736137667304015,7.0,1,1,1,5.0,1596.8400000000001,228.12000000000003,0.0020242914979757085,2906.2488,97.17079107505072,0.42596348884381335,5.0,3836.2484159999995,1.0,0.7403651115618662,1182.2446247464504,5.182555780933063,176.85083975659228,1.3506849315068492,0.7403651115618662,97.17079107505072,41517.840000000004,0.0020242914979757085,5.883094736842105,130.0,2.0,Long Inactive,Very High Value,Low Frequency
CUST2895,53,Female,Germany,active,1,5,1423.45,1423.45,284.69,4.2,4,13.0,13,13,2022-11-02,2022-11-02,2020-08-28,1132,796,0.03631961259079903,5.0,1,1,1,4.0,1423.45,284.69,0.0012547051442910915,2619.148,53.64761306532663,0.18844221105527637,4.0,3509.6583200000005,1.0,0.4585427135678392,652.7126256281407,2.292713567839196,98.711608040201,2.180821917808219,0.4585427135678392,53.64761306532663,19928.3,0.0012547051442910915,3.286258469259724,56.0,2.0,Long Inactive,High Value,Low Frequency
CUST2896,67,Male,India,paused,1,5,51.7,51.7,10.34,4.3,1,10.0,10,10,2024-07-09,2024-07-09,2021-05-08,517,1158,0.025252525252525252,5.0,1,1,1,1.0,51.7,10.34,0.0008628127696289905,96.16199999999999,1.339378238341969,0.12953367875647667,1.0,130.78032,1.0,0.31519861830742657,16.295768566493955,1.575993091537133,2.491243523316062,3.1726027397260275,0.31519861830742657,1.339378238341969,568.7,0.0008628127696289905,0.08296980155306298,11.0,2.0,Long Inactive,Low Value,Low Frequency
CUST2897,57,Female,Canada,active,1,6,1312.32,1312.32,218.72,3.6,5,37.0,37,37,2023-10-11,2023-10-11,2022-04-02,789,557,0.05110732538330494,6.0,1,1,1,5.0,1312.32,218.72,0.0017921146953405018,2257.1904,70.68150807899461,0.3231597845601436,5.0,2753.7722879999997,1.0,0.6552962298025135,859.9583482944344,3.9317773788150805,121.57219389587074,1.526027397260274,0.6552962298025135,70.68150807899461,49868.159999999996,0.0017921146953405018,4.045144086021505,190.0,2.0,Long Inactive,High Value,Low Frequency
CUST2898,32,Female,Pakistan,cancelled,1,6,1270.08,1270.08,211.68,4.1,5,25.0,25,25,2023-04-22,2023-04-22,2020-05-12,961,1075,0.027149321266968323,6.0,1,1,1,5.0,1270.08,211.67999999999998,0.0009293680297397769,2311.5455999999995,35.44409302325581,0.16744186046511628,5.0,3051.240191999999,1.0,0.33953488372093027,431.2364651162791,2.0372093023255817,64.50824930232557,2.9452054794520546,0.33953488372093027,35.44409302325581,33022.08,0.0009293680297397769,2.14827657992565,130.0,2.0,Long Inactive,High Value,Low Frequency
CUST2899,45,Male,Pakistan,active,1,7,720.44,720.44,102.92,4.5,1,2.0,2,2,2024-01-04,2024-01-04,2023-03-16,704,294,0.09259259259259259,7.0,1,1,1,1.0,720.44,102.92,0.003389830508474576,1368.836,73.51428571428572,0.7142857142857142,1.0,1916.3703999999998,1.0,1.2414965986394557,894.4238095238096,8.69047619047619,139.67714285714285,0.8054794520547945,1.2414965986394557,73.51428571428572,2161.32,0.003389830508474576,4.640122033898305,3.0,2.0,Long Inactive,Medium Value,Low Frequency
CUST2900,52,Female,Pakistan,active,1,6,1666.98,1666.98,277.83,4.2,5,41.0,41,41,2023-06-06,2023-06-06,2021-10-25,916,589,0.048465266558966075,6.0,1,1,1,5.0,1666.98,277.83,0.001694915254237288,3067.2432000000003,84.9056027164686,0.30560271646859083,5.0,4110.105888000001,1.0,0.6196943972835315,1033.0181663837013,3.7181663837011887,156.22630899830222,1.6136986301369862,0.6196943972835315,84.9056027164686,70013.16,0.001694915254237288,5.198717288135594,210.0,2.0,Long Inactive,Very High Value,Low Frequency
CUST2901,51,Male,Canada,active,1,6,1346.76,1346.76,224.46,4.3,2,30.0,30,30,2022-02-22,2022-02-22,2021-02-26,1385,361,0.07672634271099744,6.0,1,1,1,2.0,1346.76,224.46,0.0027624309392265192,2504.9736,111.9191135734072,0.4986149584487535,2.0,3406.7640959999994,1.0,1.0110803324099722,1361.6825484764543,6.066481994459833,208.1695512465374,0.989041095890411,1.0110803324099722,111.9191135734072,41749.56,0.0027624309392265192,6.919816574585634,62.0,2.0,Long Inactive,High Value,Low Frequency
CUST2902,21,Male,UK,active,1,3,832.89,832.89,277.63,4.0,4,16.0,16,16,2022-04-25,2022-04-25,2021-03-21,1323,400,0.06976744186046512,3.0,1,1,1,4.0,832.89,277.63,0.0024937655860349127,1499.202,62.46675,0.22499999999999998,4.0,1948.9626,1.0,0.9125000000000001,760.0121250000001,2.7375000000000003,112.44014999999999,1.095890410958904,0.9125000000000001,62.46675,14159.13,0.0024937655860349127,3.738658354114713,68.0,2.0,Long Inactive,Medium Value,Low Frequency
CUST2903,28,Female,UK,active,1,4,1401.44,1401.44,350.36,4.2,4,22.0,22,22,2022-10-22,2022-10-22,2021-09-15,1143,402,0.06944444444444445,4.0,1,1,1,4.0,1401.44,350.36,0.0024813895781637717,2578.6496,104.58507462686568,0.29850746268656714,4.0,3455.3904640000005,1.0,0.9079601990049752,1272.4517412935325,3.6318407960199006,192.43653731343284,1.1013698630136985,0.9079601990049752,104.58507462686568,32233.120000000003,0.0024813895781637717,6.398634243176179,92.0,2.0,Long Inactive,High Value,Low Frequency
CUST2904,26,Female,UK,paused,1,5,1068.4,1068.4,213.68,4.2,2,35.0,35,35,2024-09-06,2024-09-06,2022-10-18,458,689,0.04172461752433936,5.0,1,1,1,2.0,1068.4,213.68,0.0014492753623188406,1965.8560000000002,46.519593613933246,0.2177068214804064,2.0,2634.2470400000007,1.0,0.5297532656023223,565.9883889695211,2.6487663280116114,85.59605224963717,1.8876712328767122,0.5297532656023223,46.519593613933246,38462.4,0.0014492753623188406,2.849066666666667,72.0,2.0,Long Inactive,High Value,Low Frequency
CUST2905,59,Female,Pakistan,active,1,8,288.72,288.72,36.09,4.5,4,27.0,27,27,2023-01-26,2023-01-26,2022-08-13,1047,166,0.15306122448979592,8.0,1,1,1,4.0,288.72,36.09,0.005988023952095809,548.568,52.17831325301206,1.4457831325301205,4.0,767.9952,1.0,2.1987951807228914,634.8361445783133,17.59036144578313,99.1387951807229,0.4547945205479452,2.1987951807228914,52.17831325301206,8084.160000000001,0.005988023952095809,3.2848383233532936,112.0,2.0,Long Inactive,Low Value,Low Frequency
CUST2906,18,Male,India,cancelled,1,6,1607.34,1607.34,267.89,3.8,3,2.0,2,2,2022-09-08,2022-09-08,2022-11-03,1187,0,1.0,6.0,1,1,1,3.0,1607.34,267.89,1.0,2828.9184,16073.399999999998,60.0,3.0,3564.437184,1.0,365.0,586679.1,2190.0,28289.183999999997,0.0,365.0,16073.399999999998,4822.0199999999995,1.0,2828.9184,9.0,2.0,Long Inactive,Very High Value,Low Frequency
CUST2907,40,Male,Germany,active,1,2,1511.28,1511.28,755.64,4.4,5,38.0,38,38,2025-01-21,2025-01-21,2023-04-27,321,635,0.045112781954887216,2.0,1,1,1,5.0,1511.28,755.64,0.0015723270440251573,2841.2064,71.39905511811023,0.09448818897637795,5.0,3920.864832,1.0,0.5748031496062992,868.6885039370078,1.1496062992125984,134.23022362204725,1.7397260273972603,0.5748031496062992,71.39905511811023,58939.92,0.0015723270440251573,4.467305660377359,195.0,2.0,Long Inactive,Very High Value,Low Frequency
CUST2908,25,Male,India,cancelled,1,1,1725.32,1725.32,1725.32,4.1,5,5.0,5,5,2021-08-31,2021-08-31,2020-12-10,1560,264,0.1020408163265306,1.0,1,1,1,5.0,1725.32,1725.32,0.0037735849056603774,3140.0824,196.05909090909088,0.11363636363636363,5.0,4144.908767999999,1.0,1.3825757575757576,2385.385606060606,1.3825757575757576,356.8275454545454,0.7232876712328767,1.3825757575757576,196.05909090909088,10351.92,0.0037735849056603774,11.84936754716981,30.0,2.0,Long Inactive,Very High Value,Low Frequency
CUST2909,29,Male,USA,active,1,7,609.6999999999999,609.6999999999999,87.1,4.2,5,45.0,45,45,2024-10-10,2024-10-10,2021-06-24,424,1204,0.024311183144246355,7.0,1,1,1,5.0,609.6999999999999,87.1,0.0008298755186721991,1121.848,15.191860465116278,0.1744186046511628,5.0,1503.27632,1.0,0.30315614617940195,184.83430232558138,2.1220930232558137,27.953023255813953,3.2986301369863016,0.30315614617940195,15.191860465116278,28046.199999999997,0.0008298755186721991,0.9309941908713693,230.0,2.0,Long Inactive,Medium Value,Low Frequency
CUST2910,63,Male,USA,active,1,6,627.54,627.54,104.59,4.3,1,22.0,22,22,2024-06-20,2024-06-20,2021-01-29,536,1238,0.023659305993690854,6.0,1,1,1,1.0,627.54,104.58999999999999,0.0008071025020177562,1167.2243999999998,15.206946688206784,0.14539579967689822,1.0,1587.4251839999997,1.0,0.2948303715670436,185.01785137318254,1.7689822294022617,28.28492084006462,3.3917808219178083,0.2948303715670436,15.206946688206784,14433.419999999998,0.0008071025020177562,0.9420697336561742,23.0,2.0,Long Inactive,Medium Value,Low Frequency
CUST2911,44,Female,UK,cancelled,1,2,158.56,158.56,79.28,4.1,1,9.0,9,9,2023-11-30,2023-11-30,2021-09-05,739,816,0.03546099290780142,2.0,1,1,1,1.0,158.56,79.28,0.0012239902080783353,288.57919999999996,5.829411764705883,0.07352941176470588,1.0,380.9245439999999,1.0,0.4473039215686274,70.92450980392157,0.8946078431372548,10.609529411764704,2.2356164383561645,0.4473039215686274,5.829411764705883,1585.6,0.0012239902080783353,0.3532181150550795,10.0,2.0,Long Inactive,Low Value,Low Frequency
CUST2912,48,Male,Pakistan,active,1,6,1183.32,1183.32,197.22,4.2,0,9.0,9,9,2024-09-26,2024-09-26,2023-11-01,438,330,0.08333333333333333,6.0,1,1,1,0.0,1183.32,197.22,0.0030211480362537764,2177.3088,107.57454545454544,0.5454545454545454,0.0,2917.593792,1.0,1.1060606060606062,1308.8236363636363,6.636363636363637,197.9371636363636,0.9041095890410958,1.1060606060606062,107.57454545454544,11833.199999999999,0.0030211480362537764,6.577972205438066,0.0,2.0,Long Inactive,High Value,Low Frequency
CUST2913,45,Male,Pakistan,paused,1,1,343.73,343.73,343.73,4.1,4,23.0,23,23,2022-06-06,2022-06-06,2021-04-02,1281,430,0.06521739130434782,1.0,1,1,1,4.0,343.73,343.73,0.002320185614849188,625.5885999999999,23.981162790697674,0.06976744186046512,4.0,825.7769519999998,1.0,0.8488372093023255,291.77081395348836,0.8488372093023255,43.64571627906976,1.178082191780822,0.8488372093023255,23.981162790697674,8249.52,0.002320185614849188,1.4514816705336424,96.0,2.0,Long Inactive,Low Value,Low Frequency
CUST2914,67,Female,India,active,1,6,1101.72,1101.72,183.62,3.9,3,37.0,37,37,2023-10-14,2023-10-14,2023-05-21,786,146,0.17045454545454547,6.0,1,1,1,3.0,1101.72,183.62,0.006802721088435374,1961.0616,226.38082191780825,1.2328767123287672,3.0,2510.158848,1.0,2.5,2754.2999999999997,15.0,402.95786301369867,0.4,2.5,226.38082191780825,41865.36,0.006802721088435374,13.340555102040815,114.0,2.0,Long Inactive,High Value,Low Frequency
CUST2915,25,Other,Canada,active,1,7,1863.82,1863.82,266.26,3.9,5,15.0,15,15,2025-09-01,2025-09-01,2020-11-26,98,1740,0.01694915254237288,7.0,1,1,1,5.0,1863.82,266.26,0.0005743825387708214,3317.5996,32.134827586206896,0.1206896551724138,5.0,4246.527488,1.0,0.20977011494252873,390.9737356321839,1.468390804597701,57.19999310344828,4.767123287671233,0.20977011494252873,32.134827586206896,29821.12,0.0005743825387708214,1.9055712808730616,80.0,2.0,At Risk,Very High Value,Low Frequency
CUST2916,39,Male,Germany,active,1,6,1386.48,1386.48,231.08,3.8,3,4.0,4,4,2025-04-26,2025-04-26,2020-04-09,226,1843,0.01601708489054992,6.0,1,1,1,3.0,1386.48,231.08,0.0005422993492407809,2440.2048,22.568855127509497,0.09766684753119914,3.0,3074.658048,1.0,0.19804666304937601,274.58773738469887,1.188279978296256,39.72118502441671,5.049315068493151,0.19804666304937601,22.568855127509497,6932.4,0.0005422993492407809,1.32332147505423,15.0,2.0,Long Inactive,High Value,Low Frequency
CUST2917,42,Male,Pakistan,active,1,7,1827.2099999999998,1827.2099999999998,261.03,4.6,2,15.0,15,15,2022-11-20,2022-11-20,2021-12-08,1114,347,0.07957559681697612,7.0,1,1,1,2.0,1827.2099999999998,261.03,0.0028735632183908046,3508.2431999999994,157.97204610951007,0.6051873198847262,2.0,4981.705343999999,1.0,1.0518731988472623,1921.993227665706,7.363112391930835,303.30632853025935,0.9506849315068493,1.0518731988472623,157.97204610951007,29235.359999999997,0.0028735632183908046,10.081158620689653,32.0,2.0,Long Inactive,Very High Value,Low Frequency
CUST2918,49,Male,India,active,1,4,881.4,881.4,220.35,3.6,2,25.0,25,25,2023-11-17,2023-11-17,2020-09-24,752,1149,0.025445292620865142,4.0,1,1,1,2.0,881.4,220.35,0.0008695652173913044,1516.008,23.013054830287206,0.10443864229765014,2.0,1849.52976,1.0,0.31766753698868583,279.99216710182765,1.2706701479547433,39.582454308094,3.147945205479452,0.31766753698868583,23.013054830287206,22916.399999999998,0.0008695652173913044,1.3182678260869567,52.0,2.0,Long Inactive,Medium Value,Low Frequency
CUST2919,22,Female,Canada,paused,1,7,619.43,619.43,88.49,4.1,2,34.0,34,34,2021-07-22,2021-07-22,2021-06-04,1600,48,0.3846153846153846,7.0,1,1,1,2.0,619.43,88.49,0.02040816326530612,1127.3625999999997,387.14374999999995,4.375,2.0,1488.1186319999995,1.0,7.604166666666668,4710.248958333334,53.22916666666667,704.6016249999998,0.13150684931506848,7.604166666666668,387.14374999999995,21680.05,0.02040816326530612,23.007399999999993,70.0,2.0,Long Inactive,Medium Value,Low Frequency
CUST2920,64,Female,Pakistan,cancelled,1,7,1606.92,1606.92,229.56,4.2,4,9.0,9,9,2022-01-28,2022-01-28,2021-12-14,1410,45,0.4,7.0,1,1,1,4.0,1606.92,229.56,0.021739130434782608,2956.7328,1071.28,4.666666666666667,4.0,3962.0219520000005,1.0,8.11111111111111,13033.906666666668,56.77777777777778,1971.1552000000001,0.1232876712328767,8.11111111111111,1071.28,16069.2,0.021739130434782608,64.27680000000001,40.0,2.0,Long Inactive,Very High Value,Low Frequency
CUST2921,64,Female,Pakistan,active,1,6,230.52,230.52,38.42,4.3,3,34.0,34,34,2025-12-04,2025-12-04,2022-11-25,4,1105,0.026431718061674006,6.0,1,1,1,3.0,230.52,38.42,0.0009041591320072332,428.7672,6.258461538461538,0.16289592760180993,3.0,583.123392,1.0,0.33031674208144796,76.14461538461539,1.9819004524886876,11.640738461538461,3.0273972602739727,0.33031674208144796,6.258461538461538,8068.200000000001,0.0009041591320072332,0.3876737793851718,105.0,2.0,Very Recent,Low Value,Low Frequency
CUST2922,51,Male,Pakistan,cancelled,1,6,211.07999999999998,211.07999999999998,35.18,3.9,1,26.0,26,26,2025-09-02,2025-09-02,2023-05-24,97,832,0.03480278422273782,6.0,1,1,1,1.0,211.07999999999998,35.18,0.0012004801920768306,375.7224,7.611057692307692,0.21634615384615383,1.0,480.924672,1.0,0.4387019230769231,92.60120192307691,2.6322115384615383,13.547682692307692,2.2794520547945205,0.4387019230769231,7.611057692307692,5699.16,0.0012004801920768306,0.4510472989195678,27.0,2.0,At Risk,Low Value,Low Frequency
CUST2923,44,Female,Germany,active,1,1,96.43,96.43,96.43,3.9,0,8.0,8,8,2021-11-28,2021-11-28,2021-05-20,1471,192,0.13513513513513511,1.0,1,1,1,0.0,96.43,96.43,0.0051813471502590676,171.64540000000002,15.067187500000001,0.15625,0.0,219.70611200000005,1.0,1.901041666666667,183.3174479166667,1.901041666666667,26.819593750000003,0.5260273972602739,1.901041666666667,15.067187500000001,867.8700000000001,0.0051813471502590676,0.8893544041450778,0.0,2.0,Long Inactive,Low Value,Low Frequency
CUST2924,53,Male,USA,active,1,9,1786.68,1786.68,198.52,4.0,0,44.0,44,44,2025-02-21,2025-02-21,2021-03-11,290,1443,0.020366598778004074,9.0,1,1,1,0.0,1786.68,198.52,0.0006925207756232687,3216.0240000000003,37.145114345114344,0.1871101871101871,0.0,4180.8312000000005,1.0,0.25294525294525294,451.93222453222455,2.2765072765072762,66.86120582120583,3.9534246575342467,0.25294525294525294,37.145114345114344,80400.6,0.0006925207756232687,2.2271634349030474,0.0,2.0,Long Inactive,Very High Value,Low Frequency
CUST2925,33,Female,Pakistan,paused,1,3,1271.6999999999998,1271.6999999999998,423.9,4.4,4,47.0,47,47,2021-10-28,2021-10-28,2020-12-26,1502,306,0.08928571428571429,3.0,1,1,1,4.0,1271.6999999999998,423.8999999999999,0.003257328990228013,2390.796,124.67647058823529,0.29411764705882354,4.0,3299.29848,1.0,1.1928104575163399,1516.8970588235293,3.5784313725490198,234.39176470588234,0.8383561643835616,1.1928104575163399,124.67647058823529,61041.59999999999,0.003257328990228013,7.787609120521172,192.0,2.0,Long Inactive,High Value,Low Frequency
CUST2926,27,Female,Canada,active,1,4,728.64,728.64,182.16,4.2,2,48.0,48,48,2024-07-24,2024-07-24,2023-06-03,502,417,0.06711409395973154,4.0,1,1,1,2.0,728.64,182.16,0.0023923444976076554,1340.6976,52.420143884892084,0.28776978417266186,2.0,1796.5347840000002,1.0,0.8752997601918464,637.778417266187,3.5011990407673856,96.45306474820143,1.1424657534246576,0.8752997601918464,52.420143884892084,35703.36,0.0023923444976076554,3.207410526315789,98.0,2.0,Long Inactive,Medium Value,Low Frequency
CUST2927,30,Female,USA,cancelled,1,1,978.85,978.85,978.85,4.5,2,44.0,44,44,2022-06-29,2022-06-29,2022-12-05,1258,0,1.0,1.0,1,1,1,2.0,978.85,978.85,1.0,1859.815,9788.5,10.0,2.0,2603.741,1.0,365.0,357280.25,365.0,18598.149999999998,0.0,365.0,9788.5,44048.25,1.0,1859.815,90.0,2.0,Long Inactive,Medium Value,Low Frequency
CUST2928,27,Female,Germany,cancelled,1,2,1314.12,1314.12,657.06,4.1,1,31.0,31,31,2022-05-14,2022-05-14,2022-04-25,1304,19,0.6122448979591837,2.0,1,1,1,1.0,1314.12,657.06,0.05,2391.6983999999998,2074.9263157894734,3.1578947368421053,1.0,3157.0418879999993,1.0,19.210526315789473,25244.93684210526,38.421052631578945,3776.3658947368417,0.052054794520547946,19.210526315789473,2074.9263157894734,42051.84,0.05,119.58492,32.0,2.0,Long Inactive,High Value,Low Frequency
CUST2929,18,Female,USA,active,1,8,54.24,54.24,6.78,4.1,5,41.0,41,41,2023-09-14,2023-09-14,2020-11-30,816,1018,0.028625954198473285,8.0,1,1,1,5.0,54.24,6.78,0.0009813542688910696,98.71679999999999,1.5984282907662084,0.23575638506876231,5.0,130.30617599999997,1.0,0.35854616895874264,19.447544204322202,2.868369351669941,2.9091394891944993,2.789041095890411,0.35854616895874264,1.5984282907662084,2278.08,0.0009813542688910696,0.09687615309126593,210.0,2.0,Long Inactive,Low Value,Low Frequency
CUST2930,21,Male,India,cancelled,1,2,579.6,579.6,289.8,4.2,0,48.0,48,48,2023-10-24,2023-10-24,2021-01-21,776,1006,0.02895752895752896,2.0,1,1,1,0.0,579.6,289.8,0.0009930486593843098,1066.4640000000002,17.284294234592448,0.05964214711729623,0.0,1429.0617600000003,1.0,0.3628230616302187,210.29224652087476,0.7256461232604374,31.803101391650106,2.756164383561644,0.3628230616302187,17.284294234592448,28400.4,0.0009930486593843098,1.0590506454816286,0.0,2.0,Long Inactive,Medium Value,Low Frequency
CUST2931,19,Female,USA,cancelled,1,8,173.76,173.76,21.72,4.2,0,12.0,12,12,2023-01-26,2023-01-26,2022-02-06,1047,354,0.078125,8.0,1,1,1,0.0,173.76,21.72,0.0028169014084507044,319.7184,14.725423728813558,0.6779661016949152,0.0,428.422656,1.0,1.0310734463276836,179.1593220338983,8.248587570621469,27.094779661016947,0.9698630136986301,1.0310734463276836,14.725423728813558,2258.88,0.0028169014084507044,0.9006152112676056,0.0,2.0,Long Inactive,Low Value,Low Frequency
CUST2932,49,Female,UK,cancelled,1,1,780.1,780.1,780.1,4.0,1,32.0,32,32,2022-10-21,2022-10-21,2021-07-06,1144,472,0.0597609561752988,1.0,1,1,1,1.0,780.1,780.1,0.0021141649048625794,1404.18,49.58262711864407,0.0635593220338983,1.0,1825.4340000000002,1.0,0.7733050847457626,603.2552966101695,0.7733050847457626,89.24872881355932,1.2931506849315069,0.7733050847457626,49.58262711864407,25743.3,0.0021141649048625794,2.9686680761099367,33.0,2.0,Long Inactive,Medium Value,Low Frequency
CUST2933,46,Male,Canada,active,1,3,1381.44,1381.44,460.48,4.3,0,8.0,8,8,2025-01-01,2025-01-01,2022-07-13,341,903,0.03215434083601286,3.0,1,1,1,0.0,1381.44,460.48,0.0011061946902654867,2569.4784,45.89501661129568,0.09966777408637874,0.0,3494.4906239999996,1.0,0.40420819490586934,558.3893687707641,1.212624584717608,85.36473089700996,2.473972602739726,0.40420819490586934,45.89501661129568,12432.960000000001,0.0011061946902654867,2.8423433628318584,0.0,2.0,Long Inactive,High Value,Low Frequency
CUST2934,58,Female,Germany,active,1,6,1994.6999999999998,1994.6999999999998,332.45,3.6,5,1.0,1,1,2022-02-20,2022-02-20,2021-11-29,1387,83,0.26548672566371684,6.0,1,1,1,5.0,1994.6999999999998,332.45,0.011904761904761904,3430.8839999999996,720.9759036144578,2.1686746987951806,5.0,4185.67848,1.0,4.397590361445783,8771.873493975903,26.385542168674696,1240.0785542168674,0.2273972602739726,4.397590361445783,720.9759036144578,3989.3999999999996,0.011904761904761904,40.84385714285713,10.0,2.0,Long Inactive,Very High Value,Low Frequency
CUST2935,26,Other,Germany,active,1,4,265.0,265.0,66.25,3.5,0,2.0,2,2,2023-06-04,2023-06-04,2022-01-17,918,503,0.056285178236397754,4.0,1,1,1,0.0,265.0,66.25,0.001984126984126984,450.5,15.8051689860835,0.2385685884691849,0.0,540.6,1.0,0.7256461232604374,192.29622266401591,2.9025844930417497,26.86878727634195,1.378082191780822,0.7256461232604374,15.8051689860835,795.0,0.001984126984126984,0.8938492063492063,0.0,2.0,Long Inactive,Low Value,Low Frequency
CUST2936,49,Male,USA,cancelled,1,8,1063.36,1063.36,132.92,4.3,0,14.0,14,14,2022-03-14,2022-03-14,2020-09-11,1365,549,0.05181347150259067,8.0,1,1,1,0.0,1063.36,132.92,0.0018181818181818182,1977.8495999999998,58.107103825136605,0.4371584699453552,0.0,2689.8754559999993,1.0,0.6648451730418944,706.9697632058287,5.318761384335155,108.07921311475408,1.5041095890410958,0.6648451730418944,58.107103825136605,15950.399999999998,0.0018181818181818182,3.5960901818181816,0.0,2.0,Long Inactive,High Value,Low Frequency
CUST2937,63,Female,Germany,active,1,9,1685.16,1685.16,187.24,3.6,0,5.0,5,5,2023-09-01,2023-09-01,2022-07-21,829,407,0.06864988558352403,9.0,1,1,1,0.0,1685.16,187.24,0.0024509803921568627,2898.4752000000003,124.21326781326782,0.6633906633906634,0.0,3536.1397440000005,1.0,0.8968058968058968,1511.2614250614251,8.071253071253071,213.64682063882066,1.115068493150685,0.8968058968058968,124.21326781326782,10110.960000000001,0.0024509803921568627,7.1041058823529415,0.0,2.0,Long Inactive,Very High Value,Low Frequency
CUST2938,41,Female,UK,paused,1,1,1575.87,1575.87,1575.87,2.9,2,48.0,48,48,2024-09-01,2024-09-01,2022-01-03,463,972,0.029940119760479042,1.0,1,1,1,2.0,1575.87,1575.87,0.0010277492291880781,2489.8746,48.63796296296296,0.0308641975308642,2.0,2689.0645680000002,1.0,0.37551440329218105,591.7618827160493,0.37551440329218105,76.84798148148148,2.663013698630137,0.37551440329218105,48.63796296296296,77217.62999999999,0.0010277492291880781,2.5589667009249744,98.0,2.0,Long Inactive,Very High Value,Low Frequency
CUST2939,50,Male,India,active,1,5,705.65,705.65,141.13,4.2,0,11.0,11,11,2024-12-02,2024-12-02,2022-08-20,371,835,0.034682080924855495,5.0,1,1,1,0.0,705.65,141.13,0.0011961722488038277,1298.396,25.352694610778443,0.17964071856287425,0.0,1739.85064,1.0,0.43712574850299407,308.4577844311377,2.1856287425149703,46.64895808383233,2.287671232876712,0.43712574850299407,25.352694610778443,8467.8,0.0011961722488038277,1.5531052631578945,0.0,2.0,Long Inactive,Medium Value,Low Frequency
CUST2940,46,Male,Pakistan,active,1,3,1753.1100000000001,1753.1100000000001,584.37,4.4,5,11.0,11,11,2025-02-26,2025-02-26,2021-08-09,285,1297,0.02260738507912585,3.0,1,1,1,5.0,1753.1100000000001,584.37,0.0007704160246533128,3295.8468000000003,40.549961449498845,0.06939090208172706,5.0,4548.268584,1.0,0.28141865844255975,493.35786430223595,0.8442559753276793,76.23392752505784,3.5534246575342467,0.28141865844255975,40.549961449498845,21037.32,0.0007704160246533128,2.539173189522342,60.0,2.0,Long Inactive,Very High Value,Low Frequency
CUST2941,59,Female,USA,active,1,5,1945.25,1945.25,389.05,4.1,4,17.0,17,17,2023-11-17,2023-11-17,2022-02-07,752,648,0.04424778761061947,5.0,1,1,1,4.0,1945.25,389.05,0.0015408320493066256,3540.3549999999996,90.05787037037037,0.23148148148148145,4.0,4673.2685999999985,1.0,0.5632716049382716,1095.7040895061727,2.816358024691358,163.90532407407403,1.7753424657534247,0.5632716049382716,90.05787037037037,35014.5,0.0015408320493066256,5.455092449922958,72.0,2.0,Long Inactive,Very High Value,Low Frequency
CUST2942,61,Female,Germany,active,1,3,1487.22,1487.22,495.74,3.8,2,41.0,41,41,2024-06-12,2024-06-12,2023-03-29,544,441,0.06369426751592357,3.0,1,1,1,2.0,1487.22,495.74,0.0022624434389140274,2617.5072,101.17142857142858,0.20408163265306123,2.0,3298.059072,1.0,0.8276643990929705,1230.9190476190477,2.4829931972789114,178.0617142857143,1.2082191780821918,0.8276643990929705,101.17142857142858,62463.24,0.0022624434389140274,5.921961990950227,84.0,2.0,Long Inactive,High Value,Low Frequency
CUST2943,60,Male,Germany,active,1,9,174.51,174.51,19.39,3.5,5,32.0,32,32,2025-08-05,2025-08-05,2022-04-25,125,1198,0.024429967426710098,9.0,1,1,1,5.0,174.51,19.39,0.0008340283569641367,296.667,4.3700333889816365,0.2253756260434057,5.0,356.00039999999996,1.0,0.3046744574290484,53.168739565943234,2.7420701168614356,7.4290567612687815,3.282191780821918,0.3046744574290484,4.3700333889816365,5758.83,0.0008340283569641367,0.24742869057547953,165.0,2.0,At Risk,Low Value,Low Frequency
CUST2944,35,Male,UK,cancelled,1,3,1334.76,1334.76,444.92,4.1,2,28.0,28,28,2023-06-29,2023-06-29,2023-02-26,893,123,0.19607843137254904,3.0,1,1,1,2.0,1334.76,444.92,0.008064516129032258,2429.2632,325.55121951219513,0.7317073170731708,2.0,3206.6274239999993,1.0,2.967479674796748,3960.8731707317074,8.902439024390244,592.5032195121952,0.336986301369863,2.967479674796748,325.55121951219513,38708.04,0.008064516129032258,19.590832258064516,58.0,2.0,Long Inactive,High Value,Low Frequency
CUST2945,36,Female,Canada,cancelled,1,6,515.22,515.22,85.87,3.2,2,28.0,28,28,2022-11-23,2022-11-23,2022-07-14,1111,132,0.18518518518518517,6.0,1,1,1,2.0,515.22,85.87,0.007518796992481203,844.9608000000001,117.09545454545454,1.3636363636363635,2.0,963.2553120000002,1.0,2.765151515151515,1424.6613636363636,16.59090909090909,192.03654545454546,0.36164383561643837,2.765151515151515,117.09545454545454,14941.380000000001,0.007518796992481203,6.353088721804512,58.0,2.0,Long Inactive,Low Value,Low Frequency
CUST2946,64,Female,UK,active,1,3,1148.6399999999999,1148.6399999999999,382.88,4.4,2,1.0,1,1,2023-11-21,2023-11-21,2021-08-05,748,838,0.03456221198156682,3.0,1,1,1,2.0,1148.6399999999999,382.87999999999994,0.0011918951132300357,2159.4431999999997,41.120763723150354,0.10739856801909307,2.0,2980.0316159999998,1.0,0.43556085918854415,500.30262529832925,1.3066825775656323,77.30703579952267,2.2958904109589042,0.43556085918854415,41.120763723150354,2297.2799999999997,0.0011918951132300357,2.5738297973778304,4.0,2.0,Long Inactive,High Value,Low Frequency
CUST2947,34,Male,Canada,active,1,9,1595.61,1595.61,177.29,3.6,2,44.0,44,44,2023-11-12,2023-11-12,2020-12-24,757,1053,0.027700831024930747,9.0,1,1,1,2.0,1595.61,177.29,0.0009487666034155598,2744.4491999999996,45.45897435897435,0.2564102564102564,2.0,3348.2280239999996,1.0,0.3466286799620133,553.0841880341881,3.1196581196581197,78.18943589743589,2.884931506849315,0.3466286799620133,45.45897435897435,71802.45,0.0009487666034155598,2.60384174573055,90.0,2.0,Long Inactive,Very High Value,Low Frequency
CUST2948,67,Male,UK,active,1,6,783.24,783.24,130.54,3.1,2,11.0,11,11,2024-09-27,2024-09-27,2020-10-10,437,1448,0.02029769959404601,6.0,1,1,1,2.0,783.24,130.54,0.0006901311249137336,1268.8488000000002,16.227348066298344,0.12430939226519337,2.0,1421.1106560000003,1.0,0.2520718232044199,197.43273480662984,1.5124309392265194,26.288303867403318,3.967123287671233,0.2520718232044199,16.227348066298344,9398.880000000001,0.0006901311249137336,0.8756720496894411,24.0,2.0,Long Inactive,Medium Value,Low Frequency
CUST2949,27,Female,Germany,active,1,1,1249.74,1249.74,1249.74,4.0,5,5.0,5,5,2025-03-13,2025-03-13,2022-04-27,270,1051,0.02775208140610546,1.0,1,1,1,5.0,1249.74,1249.74,0.0009505703422053232,2249.532,35.672882968601336,0.028544243577545196,5.0,2924.3916000000004,1.0,0.3472882968601332,434.02007611798285,0.3472882968601332,64.2111893434824,2.8794520547945206,0.3472882968601332,35.672882968601336,7498.4400000000005,0.0009505703422053232,2.1383384030418253,30.0,2.0,Long Inactive,High Value,Low Frequency
CUST2950,19,Male,Germany,paused,1,4,1163.24,1163.24,290.81,4.1,4,49.0,49,49,2022-09-19,2022-09-19,2022-10-06,1176,0,1.0,4.0,1,1,1,4.0,1163.24,290.81,1.0,2117.0968,11632.4,40.0,4.0,2794.5677759999994,1.0,365.0,424582.6,1460.0,21170.967999999997,0.0,365.0,11632.4,58162.0,1.0,2117.0968,200.0,2.0,Long Inactive,High Value,Low Frequency
CUST2951,21,Male,India,active,1,5,1830.4499999999998,1830.4499999999998,366.09,3.6,0,5.0,5,5,2024-09-07,2024-09-07,2021-07-04,457,1161,0.025188916876574305,5.0,1,1,1,0.0,1830.4499999999998,366.09,0.0008605851979345956,3148.374,47.29844961240309,0.12919896640826872,0.0,3841.01628,1.0,0.31438415159345395,575.4644702842377,1.5719207579672696,81.35333333333332,3.180821917808219,0.31438415159345395,47.29844961240309,10982.699999999999,0.0008605851979345956,2.709444061962134,0.0,2.0,Long Inactive,Very High Value,Low Frequency
CUST2952,61,Female,Pakistan,active,1,3,103.59,103.59,34.53,4.0,2,36.0,36,36,2025-05-05,2025-05-05,2022-03-12,217,1150,0.02542372881355932,3.0,1,1,1,2.0,103.59,34.53,0.0008688097306689834,186.46200000000002,2.7023478260869562,0.07826086956521738,2.0,242.40060000000003,1.0,0.3173913043478261,32.878565217391305,0.9521739130434782,4.8642260869565215,3.1506849315068495,0.3173913043478261,2.7023478260869562,3832.83,0.0008688097306689834,0.162,74.0,2.0,Long Inactive,Low Value,Low Frequency
CUST2953,60,Female,UK,active,1,8,901.84,901.84,112.73,4.3,0,34.0,34,34,2024-05-14,2024-05-14,2020-12-18,573,1243,0.023566378633150042,8.0,1,1,1,0.0,901.84,112.73,0.0008038585209003215,1677.4224,21.766049879324218,0.1930812550281577,0.0,2281.2944639999996,1.0,0.2936444086886565,264.82027353177796,2.349155269509252,40.48485277554304,3.4054794520547946,0.2936444086886565,21.766049879324218,31564.4,0.0008038585209003215,1.3484102893890675,0.0,2.0,Long Inactive,Medium Value,Low Frequency
CUST2954,62,Male,Canada,cancelled,1,1,1019.71,1019.71,1019.71,4.1,2,8.0,8,8,2023-11-30,2023-11-30,2023-05-23,739,191,0.13574660633484165,1.0,1,1,1,2.0,1019.71,1019.71,0.005208333333333333,1855.8721999999998,160.16387434554974,0.15706806282722513,2.0,2449.7513039999994,1.0,1.910994764397906,1948.6604712041888,1.910994764397906,291.49825130890054,0.5232876712328767,1.910994764397906,160.16387434554974,9177.39,0.005208333333333333,9.666001041666664,18.0,2.0,Long Inactive,Medium Value,Low Frequency
CUST2955,51,Male,India,active,1,6,449.93999999999994,449.93999999999994,74.99,4.2,4,4.0,4,4,2025-07-06,2025-07-06,2023-11-02,155,612,0.04672897196261683,6.0,1,1,1,4.0,449.93999999999994,74.99,0.0016313213703099511,827.8896,22.055882352941175,0.29411764705882354,4.0,1109.3720640000001,1.0,0.5964052287581699,268.34656862745095,3.5784313725490198,40.58282352941177,1.6767123287671233,0.5964052287581699,22.055882352941175,2249.7,0.0016313213703099511,1.3505539967373572,20.0,2.0,At Risk,Low Value,Low Frequency
CUST2956,69,Female,Pakistan,active,1,4,1736.08,1736.08,434.02,4.3,4,44.0,44,44,2023-11-29,2023-11-29,2023-10-03,740,57,0.3448275862068966,4.0,1,1,1,4.0,1736.08,434.02,0.017241379310344827,3229.1087999999995,913.7263157894737,2.1052631578947367,4.0,4391.587967999999,1.0,6.4035087719298245,11117.00350877193,25.614035087719298,1699.5309473684208,0.15616438356164383,6.4035087719298245,913.7263157894737,78123.59999999999,0.017241379310344827,55.6742896551724,180.0,2.0,Long Inactive,Very High Value,Low Frequency
CUST2957,42,Female,UK,active,1,4,1433.28,1433.28,358.32,4.1,4,32.0,32,32,2023-03-19,2023-03-19,2020-11-11,995,858,0.03378378378378378,4.0,1,1,1,4.0,1433.28,358.32,0.0011641443538998836,2608.5696,50.11468531468531,0.13986013986013984,4.0,3443.3118719999993,1.0,0.42540792540792544,609.7286713286713,1.7016317016317017,91.20872727272726,2.350684931506849,0.42540792540792544,50.11468531468531,47298.24,0.0011641443538998836,3.0367515715948774,132.0,2.0,Long Inactive,High Value,Low Frequency
CUST2958,54,Male,Germany,active,1,9,1705.68,1705.68,189.52,4.2,4,48.0,48,48,2023-05-11,2023-05-11,2021-07-09,942,671,0.042796005706134094,9.0,1,1,1,4.0,1705.68,189.52,0.001488095238095238,3138.4512000000004,76.25991058122206,0.40238450074515647,4.0,4205.524608000001,1.0,0.5439642324888226,927.828912071535,4.895678092399404,140.3182354694486,1.8383561643835618,0.5439642324888226,76.25991058122206,83578.32,0.001488095238095238,4.670314285714286,196.0,2.0,Long Inactive,Very High Value,Low Frequency
CUST2959,55,Male,India,paused,1,3,719.28,719.28,239.76,4.1,0,19.0,19,19,2023-12-30,2023-12-30,2022-03-03,709,667,0.0430416068866571,3.0,1,1,1,0.0,719.28,239.76,0.0014970059880239522,1309.0895999999998,32.35142428785607,0.13493253373313344,0.0,1727.9982719999996,1.0,0.5472263868065967,393.6089955022489,1.6416791604197902,58.87959220389804,1.8273972602739725,0.5472263868065967,32.35142428785607,14385.599999999999,0.0014970059880239522,1.95971497005988,0.0,2.0,Long Inactive,Medium Value,Low Frequency
CUST2960,67,Male,UK,cancelled,1,9,390.78000000000003,390.78000000000003,43.42,3.9,4,5.0,5,5,2025-05-22,2025-05-22,2023-01-20,200,853,0.03397508493771234,9.0,1,1,1,4.0,390.78000000000003,43.42,0.00117096018735363,695.5884000000001,13.743728018757327,0.31652989449003516,4.0,890.3531520000001,1.0,0.42790152403282533,167.2153575615475,3.851113716295428,24.463835873388046,2.336986301369863,0.42790152403282533,13.743728018757327,2344.6800000000003,0.00117096018735363,0.8145063231850118,24.0,2.0,Long Inactive,Low Value,Low Frequency
CUST2961,37,Male,Canada,active,1,2,307.74,307.74,153.87,3.9,4,2.0,2,2,2025-02-27,2025-02-27,2023-02-02,284,756,0.03816793893129771,2.0,1,1,1,4.0,307.74,153.87,0.001321003963011889,547.7772,12.211904761904762,0.07936507936507936,4.0,701.154816,1.0,0.48280423280423285,148.5781746031746,0.9656084656084657,21.737190476190477,2.0712328767123287,0.48280423280423285,12.211904761904762,923.22,0.001321003963011889,0.7236158520475562,12.0,2.0,Long Inactive,Low Value,Low Frequency
CUST2962,21,Male,UK,paused,1,4,32.4,32.4,8.1,3.8,4,15.0,15,15,2025-03-15,2025-03-15,2021-11-18,268,1213,0.024135156878519713,4.0,1,1,1,4.0,32.4,8.1,0.0008237232289950577,57.024,0.8013190436933224,0.0989282769991756,4.0,71.85024,1.0,0.3009068425391591,9.749381698268756,1.2036273701566365,1.4103215169002474,3.3232876712328765,0.3009068425391591,0.8013190436933224,518.4,0.0008237232289950577,0.04697199341021417,64.0,2.0,Long Inactive,Low Value,Low Frequency
CUST2963,43,Male,Canada,paused,1,4,1302.12,1302.12,325.53,4.6,4,16.0,16,16,2025-01-16,2025-01-16,2022-07-13,326,918,0.03164556962025316,4.0,1,1,1,4.0,1302.12,325.53,0.001088139281828074,2500.0703999999996,42.55294117647058,0.13071895424836602,4.0,3550.099967999999,1.0,0.3976034858387799,517.7274509803921,1.5904139433551197,81.70164705882351,2.515068493150685,0.3976034858387799,42.55294117647058,22136.039999999997,0.001088139281828074,2.720424809575625,68.0,2.0,Long Inactive,High Value,Low Frequency
CUST2964,58,Male,India,paused,1,8,1691.68,1691.68,211.46,3.6,3,6.0,6,6,2023-03-05,2023-03-05,2023-01-21,1009,43,0.410958904109589,8.0,1,1,1,3.0,1691.68,211.46,0.022727272727272728,2909.6896,1180.2418604651164,5.5813953488372094,3.0,3549.821312,1.0,8.488372093023255,14359.609302325582,67.90697674418604,2030.016,0.1178082191780822,8.488372093023255,1180.2418604651164,11841.76,0.022727272727272728,66.12930909090909,21.0,2.0,Long Inactive,Very High Value,Low Frequency
CUST2965,31,Female,USA,active,1,2,587.4,587.4,293.7,4.1,0,1.0,1,1,2023-04-10,2023-04-10,2022-06-08,973,306,0.08928571428571429,2.0,1,1,1,0.0,587.4,293.7,0.003257328990228013,1069.0679999999998,57.58823529411765,0.19607843137254904,0.0,1411.1697599999995,1.0,1.1928104575163399,700.656862745098,2.3856209150326797,104.8105882352941,0.8383561643835616,1.1928104575163399,57.58823529411765,1174.8,0.003257328990228013,3.482306188925081,0.0,2.0,Long Inactive,Medium Value,Low Frequency
CUST2966,31,Female,Pakistan,active,1,8,1262.88,1262.88,157.86,4.2,4,41.0,41,41,2023-03-13,2023-03-13,2022-11-13,1001,120,0.2,8.0,1,1,1,4.0,1262.88,157.86,0.008264462809917356,2323.6992000000005,315.72,2.0,4.0,3113.7569280000007,1.0,3.041666666666667,3841.2600000000007,24.333333333333336,580.9248000000001,0.3287671232876712,3.041666666666667,315.72,53040.96000000001,0.008264462809917356,19.204125619834716,168.0,2.0,Long Inactive,High Value,Low Frequency
CUST2967,42,Female,UK,cancelled,1,2,1854.44,1854.44,927.22,4.3,1,16.0,16,16,2025-03-04,2025-03-04,2023-07-13,279,600,0.047619047619047616,2.0,1,1,1,1.0,1854.44,927.22,0.0016638935108153079,3449.2583999999997,92.72200000000001,0.1,1.0,4690.991423999999,1.0,0.6083333333333334,1128.1176666666668,1.2166666666666668,172.46292,1.643835616438356,0.6083333333333334,92.72200000000001,31525.48,0.0016638935108153079,5.739198668885191,17.0,2.0,Long Inactive,Very High Value,Low Frequency
CUST2968,57,Male,USA,paused,1,5,167.95000000000002,167.95000000000002,33.59,3.9,5,8.0,8,8,2023-04-14,2023-04-14,2022-07-25,969,263,0.10238907849829351,5.0,1,1,1,5.0,167.95000000000002,33.59,0.003787878787878788,298.951,19.157794676806084,0.5703422053231939,5.0,382.65728,1.0,1.3878326996197718,233.0865019011407,6.939163498098859,34.100874524714825,0.7205479452054795,1.3878326996197718,19.157794676806084,1511.5500000000002,0.003787878787878788,1.1323901515151515,45.0,2.0,Long Inactive,Low Value,Low Frequency
CUST2969,56,Female,USA,active,1,4,1181.72,1181.72,295.43,3.9,4,21.0,21,21,2021-01-17,2021-01-17,2020-11-13,1786,65,0.31578947368421056,4.0,1,1,1,4.0,1181.72,295.43,0.015151515151515152,2103.4616,545.4092307692308,1.8461538461538463,4.0,2692.430848,1.0,5.615384615384616,6635.812307692308,22.461538461538463,970.8284307692309,0.1780821917808219,5.615384615384616,545.4092307692308,25997.84,0.015151515151515152,31.870630303030307,88.0,2.0,Long Inactive,High Value,Low Frequency
CUST2970,33,Male,India,cancelled,1,9,827.1,827.1,91.9,4.0,1,23.0,23,23,2024-03-08,2024-03-08,2022-10-08,640,517,0.054844606946983544,9.0,1,1,1,1.0,827.1,91.9,0.0019305019305019305,1488.78,47.99419729206963,0.5222437137330754,1.0,1935.414,1.0,0.7059961315280464,583.9294003868472,6.353965183752417,86.38955512572534,1.4164383561643836,0.7059961315280464,47.99419729206963,19850.4,0.0019305019305019305,2.874092664092664,24.0,2.0,Long Inactive,Medium Value,Low Frequency
CUST2971,43,Male,India,active,1,2,1062.74,1062.74,531.37,4.4,5,18.0,18,18,2024-09-17,2024-09-17,2021-12-18,447,1004,0.029013539651837523,2.0,1,1,1,5.0,1062.74,531.37,0.0009950248756218905,1997.9512000000002,31.755179282868525,0.0597609561752988,5.0,2757.1726560000006,1.0,0.36354581673306774,386.35468127490043,0.7270916334661355,59.69973705179283,2.750684931506849,0.36354581673306774,31.755179282868525,20192.06,0.0009950248756218905,1.988011144278607,95.0,2.0,Long Inactive,High Value,Low Frequency
CUST2972,41,Male,India,active,1,4,573.76,573.76,143.44,4.2,4,38.0,38,38,2024-02-11,2024-02-11,2021-02-09,666,1097,0.02661934338952972,4.0,1,1,1,4.0,573.76,143.44,0.0009107468123861566,1055.7184,15.690793072014584,0.10938924339106654,4.0,1414.662656,1.0,0.33272561531449407,190.9046490428441,1.3309024612579763,28.871059252506832,3.0054794520547947,0.33272561531449407,15.690793072014584,22376.64,0.0009107468123861566,0.9614921675774134,156.0,2.0,Long Inactive,Medium Value,Low Frequency
CUST2973,46,Male,UK,active,1,4,1731.36,1731.36,432.84,4.5,1,46.0,46,46,2025-12-06,2025-12-06,2023-10-07,2,791,0.03654080389768575,4.0,1,1,1,1.0,1731.36,432.84,0.0012626262626262627,3289.584,65.66472819216182,0.15170670037926676,1.0,4605.4176,1.0,0.4614412136536031,798.9208596713022,1.8457648546144123,124.76298356510745,2.1671232876712327,0.4614412136536031,65.66472819216182,81373.92,0.0012626262626262627,4.153515151515152,47.0,2.0,Very Recent,Very High Value,Low Frequency
CUST2974,56,Male,Pakistan,active,1,4,246.52,246.52,61.63,4.1,1,13.0,13,13,2023-01-06,2023-01-06,2021-04-14,1067,632,0.045317220543806644,4.0,1,1,1,1.0,246.52,61.63,0.001579778830963665,448.66639999999995,11.701898734177215,0.189873417721519,1.0,592.2396479999999,1.0,0.5775316455696202,142.37310126582278,2.310126582278481,21.29745569620253,1.7315068493150685,0.5775316455696202,11.701898734177215,3451.28,0.001579778830963665,0.7087936808846761,14.0,2.0,Long Inactive,Low Value,Low Frequency
CUST2975,24,Male,Germany,active,1,7,1024.03,1024.03,146.29,4.1,3,28.0,28,28,2022-09-09,2022-09-09,2022-07-25,1186,46,0.39473684210526316,7.0,1,1,1,3.0,1024.03,146.29,0.02127659574468085,1863.7345999999998,667.845652173913,4.565217391304348,3.0,2460.1296719999996,1.0,7.934782608695651,8125.455434782608,55.54347826086956,1215.4790869565215,0.12602739726027398,7.934782608695651,667.845652173913,29696.87,0.02127659574468085,39.653927659574464,87.0,2.0,Long Inactive,Medium Value,Low Frequency
CUST2976,28,Female,UK,active,1,2,285.26,285.26,142.63,4.2,0,35.0,35,35,2024-11-23,2024-11-23,2022-08-27,380,819,0.0353356890459364,2.0,1,1,1,0.0,285.26,142.63,0.0012195121951219512,524.8784,10.44908424908425,0.07326007326007326,0.0,703.3370560000001,1.0,0.4456654456654457,127.13052503052502,0.8913308913308914,19.22631501831502,2.243835616438356,0.4456654456654457,10.44908424908425,10269.36,0.0012195121951219512,0.6400956097560976,0.0,2.0,Long Inactive,Low Value,Low Frequency
CUST2977,61,Female,India,active,1,5,1407.55,1407.55,281.51,4.2,3,12.0,12,12,2025-08-13,2025-08-13,2023-02-04,117,921,0.031545741324921134,5.0,1,1,1,3.0,1407.55,281.51,0.0010845986984815619,2589.892,45.84853420195439,0.16286644951140067,3.0,3470.45528,1.0,0.3963083604777416,557.8238327904452,1.981541802388708,84.36130293159609,2.5232876712328767,0.3963083604777416,45.84853420195439,18298.149999999998,0.0010845986984815619,2.808993492407809,39.0,2.0,At Risk,High Value,Low Frequency
CUST2978,61,Male,UK,active,1,4,1257.16,1257.16,314.29,4.0,0,46.0,46,46,2024-09-01,2024-09-01,2021-10-30,463,1037,0.02811621368322399,4.0,1,1,1,0.0,1257.16,314.29,0.0009633911368015414,2262.8880000000004,36.36914175506268,0.11571841851494695,0.0,2941.7544000000007,1.0,0.351976856316297,442.49122468659596,1.407907425265188,65.46445515911283,2.841095890410959,0.351976856316297,36.36914175506268,59086.520000000004,0.0009633911368015414,2.1800462427745666,0.0,2.0,Long Inactive,High Value,Low Frequency
CUST2979,25,Male,Pakistan,cancelled,1,3,1884.12,1884.12,628.04,4.3,4,14.0,14,14,2020-07-11,2020-07-11,2020-08-29,1976,0,1.0,3.0,1,1,1,4.0,1884.12,628.04,1.0,3504.4631999999997,18841.199999999997,30.0,4.0,4766.069951999999,1.0,365.0,687703.7999999999,1095.0,35044.632,0.0,365.0,18841.199999999997,28261.8,1.0,3504.4631999999997,60.0,2.0,Long Inactive,Very High Value,Low Frequency
CUST2980,40,Male,UK,paused,1,3,435.90000000000003,435.90000000000003,145.3,3.6,3,28.0,28,28,2022-12-16,2022-12-16,2022-03-20,1088,271,0.09966777408637874,3.0,1,1,1,3.0,435.90000000000003,145.3,0.003676470588235294,749.748,48.254612546125465,0.33210332103321033,3.0,914.6925600000001,1.0,1.3468634686346865,587.0977859778599,4.04059040590406,82.9979335793358,0.7424657534246575,1.3468634686346865,48.254612546125465,12641.1,0.003676470588235294,2.7564264705882353,87.0,2.0,Long Inactive,Low Value,Low Frequency
CUST2981,56,Male,India,cancelled,1,3,245.57999999999998,245.57999999999998,81.86,3.5,1,10.0,10,10,2024-01-12,2024-01-12,2022-02-28,696,683,0.04207573632538569,3.0,1,1,1,1.0,245.57999999999998,81.86,0.0014619883040935672,417.486,10.786822840409956,0.13177159590043924,1.0,500.98319999999995,1.0,0.5344070278184481,131.23967789165445,1.6032210834553442,18.337598828696926,1.8712328767123287,0.5344070278184481,10.786822840409956,2701.3799999999997,0.0014619883040935672,0.6103596491228069,11.0,2.0,Long Inactive,Low Value,Low Frequency
CUST2982,26,Female,Pakistan,active,1,4,1913.16,1913.16,478.29,4.3,0,3.0,3,3,2025-07-22,2025-07-22,2022-08-04,139,1083,0.026954177897574122,4.0,1,1,1,0.0,1913.16,478.29,0.0009225092250922509,3558.4775999999997,52.99612188365651,0.11080332409972299,0.0,4839.529535999999,1.0,0.33702677746999077,644.7861495844876,1.348107109879963,98.5727867036011,2.967123287671233,0.33702677746999077,52.99612188365651,7652.64,0.0009225092250922509,3.2827284132841323,0.0,2.0,At Risk,Very High Value,Low Frequency
CUST2983,53,Female,USA,paused,1,2,772.34,772.34,386.17,3.6,4,9.0,9,9,2022-07-19,2022-07-19,2022-07-15,1238,4,0.8823529411764706,2.0,1,1,1,4.0,772.34,386.17,0.2,1328.4248,5792.55,15.0,4.0,1620.678256,1.0,91.25,70476.02500000001,182.5,9963.186,0.010958904109589041,91.25,5792.55,7723.400000000001,0.2,265.68496,40.0,2.0,Long Inactive,Medium Value,Low Frequency
CUST2984,23,Female,India,active,1,1,1902.06,1902.06,1902.06,2.9,2,28.0,28,28,2024-03-04,2024-03-04,2022-12-03,644,457,0.061601642710472276,1.0,1,1,1,2.0,1902.06,1902.06,0.002183406113537118,3005.2548,124.86170678336981,0.06564551422319476,2.0,3245.675184,1.0,0.798687089715536,1519.1507658643325,0.798687089715536,197.2814967177243,1.252054794520548,0.798687089715536,124.86170678336981,55159.74,0.002183406113537118,6.561691703056769,58.0,2.0,Long Inactive,Very High Value,Low Frequency
CUST2985,52,Female,UK,cancelled,1,8,89.84,89.84,11.23,4.2,3,6.0,6,6,2023-08-21,2023-08-21,2022-08-26,840,360,0.07692307692307693,8.0,1,1,1,3.0,89.84,11.23,0.002770083102493075,165.30560000000003,7.486666666666667,0.6666666666666666,3.0,221.50950400000005,1.0,1.0138888888888888,91.08777777777779,8.11111111111111,13.775466666666668,0.9863013698630136,1.0138888888888888,7.486666666666667,628.88,0.002770083102493075,0.4579102493074793,21.0,2.0,Long Inactive,Low Value,Low Frequency
CUST2986,21,Female,USA,active,1,2,1045.9,1045.9,522.95,4.4,1,2.0,2,2,2024-03-08,2024-03-08,2021-01-24,640,1139,0.02566295979469632,2.0,1,1,1,1.0,1045.9,522.95,0.0008771929824561404,1966.2920000000004,27.547848990342406,0.05267778753292361,1.0,2713.4829600000007,1.0,0.32045654082528535,335.165496049166,0.6409130816505707,51.78995610184373,3.1205479452054794,0.32045654082528535,27.547848990342406,3137.7000000000003,0.0008771929824561404,1.7248175438596496,3.0,2.0,Long Inactive,Medium Value,Low Frequency
CUST2987,65,Male,Canada,active,1,4,1418.36,1418.36,354.59,4.1,3,47.0,47,47,2024-04-21,2024-04-21,2020-05-12,596,1440,0.02040816326530612,4.0,1,1,1,3.0,1418.36,354.59,0.0006939625260235947,2581.4151999999995,29.549166666666665,0.08333333333333333,3.0,3407.468063999999,1.0,0.2534722222222222,359.5148611111111,1.0138888888888888,53.779483333333324,3.9452054794520546,0.2534722222222222,29.549166666666665,68081.28,0.0006939625260235947,1.7914054129077026,144.0,2.0,Long Inactive,High Value,Low Frequency
CUST2988,50,Male,Canada,active,1,8,285.6,285.6,35.7,3.8,0,38.0,38,38,2024-10-07,2024-10-07,2022-01-20,427,991,0.029382957884427033,8.0,1,1,1,0.0,285.6,35.7,0.0010080645161290322,502.65600000000006,8.645812310797176,0.2421796165489405,0.0,633.3465600000001,1.0,0.36831483350151367,105.1907164480323,2.9465186680121094,15.21662966700303,2.7150684931506848,0.36831483350151367,8.645812310797176,11138.400000000001,0.0010080645161290322,0.5067096774193549,0.0,2.0,Long Inactive,Low Value,Low Frequency
CUST2989,36,Female,Germany,cancelled,1,5,1973.0,1973.0,394.6,3.5,2,43.0,43,43,2025-05-06,2025-05-06,2022-03-23,216,1140,0.02564102564102564,5.0,1,1,1,2.0,1973.0,394.6,0.0008764241893076249,3354.1,51.921052631578945,0.13157894736842105,2.0,4024.9199999999996,1.0,0.3201754385964912,631.7061403508771,1.6008771929824561,88.26578947368421,3.1232876712328768,0.3201754385964912,51.921052631578945,86812.0,0.0008764241893076249,2.939614373356705,88.0,2.0,Long Inactive,Very High Value,Low Frequency
CUST2990,69,Female,Canada,paused,1,5,358.1,358.1,71.62,4.1,4,17.0,17,17,2025-05-21,2025-05-21,2023-08-17,201,643,0.04457652303120357,5.0,1,1,1,4.0,358.1,71.62,0.0015527950310559005,651.742,16.707620528771386,0.2332814930015552,4.0,860.2994399999999,1.0,0.5676516329704511,203.27604976671853,2.838258164852255,30.40786936236392,1.7616438356164383,0.5676516329704511,16.707620528771386,6445.8,0.0015527950310559005,1.0120217391304347,72.0,2.0,Long Inactive,Low Value,Low Frequency
CUST2991,55,Male,India,active,1,3,781.11,781.11,260.37,3.2,4,36.0,36,36,2024-12-16,2024-12-16,2022-07-17,357,883,0.03285870755750274,3.0,1,1,1,4.0,781.11,260.37,0.0011312217194570137,1281.0204,26.53827859569649,0.10192525481313704,4.0,1460.3632560000003,1.0,0.4133635334088335,322.88238958097395,1.2400906002265004,43.52277689694225,2.419178082191781,0.4133635334088335,26.53827859569649,28901.07,0.0011312217194570137,1.4491180995475115,148.0,2.0,Long Inactive,Medium Value,Low Frequency
CUST2992,35,Male,Germany,active,1,3,844.26,844.26,281.42,4.4,5,46.0,46,46,2023-11-14,2023-11-14,2021-05-03,755,925,0.031413612565445025,3.0,1,1,1,5.0,844.26,281.42,0.0010799136069114472,1587.2088,27.381405405405406,0.0972972972972973,5.0,2190.3481440000005,1.0,0.3945945945945946,333.1404324324324,1.183783783783784,51.47704216216217,2.5342465753424657,0.3945945945945946,27.381405405405406,39680.22,0.0010799136069114472,1.7140483801295898,235.0,2.0,Long Inactive,Medium Value,Low Frequency
CUST2993,23,Female,Pakistan,active,1,9,486.45,486.45,54.05,3.6,3,29.0,29,29,2021-09-08,2021-09-08,2020-11-28,1552,284,0.09554140127388534,9.0,1,1,1,3.0,486.45,54.05,0.0035087719298245615,836.694,51.38556338028169,0.9507042253521126,3.0,1020.76668,1.0,1.2852112676056338,625.1910211267606,11.566901408450704,88.3831690140845,0.7780821917808219,1.2852112676056338,51.38556338028169,14593.5,0.0035087719298245615,2.9357684210526314,90.0,2.0,Long Inactive,Low Value,Low Frequency
CUST2994,40,Male,India,active,1,4,311.68,311.68,77.92,3.1,4,5.0,5,5,2024-02-15,2024-02-15,2021-07-02,662,958,0.030364372469635623,4.0,1,1,1,4.0,311.68,77.92,0.0010427528675703858,504.92160000000007,9.760334029227558,0.12526096033402923,4.0,565.5121920000001,1.0,0.38100208768267224,118.75073068893528,1.524008350730689,15.811741127348645,2.6246575342465754,0.38100208768267224,9.760334029227558,1870.08,0.0010427528675703858,0.5265084462982274,24.0,2.0,Long Inactive,Low Value,Low Frequency
CUST2995,27,Female,UK,active,1,7,212.38,212.38,30.34,4.0,0,25.0,25,25,2023-07-22,2023-07-22,2021-11-07,870,622,0.046012269938650305,7.0,1,1,1,0.0,212.38,30.34,0.0016051364365971107,382.284,10.243408360128617,0.337620578778135,0.0,496.9692,1.0,0.5868167202572346,124.6281350482315,4.107717041800643,18.43813504823151,1.704109589041096,0.5868167202572346,10.243408360128617,5521.88,0.0016051364365971107,0.6136179775280899,0.0,2.0,Long Inactive,Low Value,Low Frequency
CUST2996,59,Male,Canada,paused,1,3,1144.1399999999999,1144.1399999999999,381.38,4.1,4,12.0,12,12,2023-10-29,2023-10-29,2022-11-26,771,337,0.08174386920980926,3.0,1,1,1,4.0,1144.1399999999999,381.37999999999994,0.0029585798816568047,2082.3347999999996,101.85222551928783,0.26706231454005935,4.0,2748.681935999999,1.0,1.083086053412463,1239.2020771513353,3.249258160237389,185.37105044510383,0.9232876712328767,1.083086053412463,101.85222551928783,14873.819999999998,0.0029585798816568047,6.160753846153845,52.0,2.0,Long Inactive,High Value,Low Frequency
CUST2997,41,Male,India,active,1,6,1830.3000000000002,1830.3000000000002,305.05,3.6,1,38.0,38,38,2022-08-15,2022-08-15,2022-04-20,1211,117,0.2040816326530612,6.0,1,1,1,1.0,1830.3000000000002,305.05,0.00847457627118644,3148.1160000000004,469.3076923076924,1.5384615384615385,1.0,3840.7015200000005,1.0,3.1196581196581197,5709.910256410257,18.717948717948715,807.2092307692309,0.32054794520547947,3.1196581196581197,469.3076923076924,71381.70000000001,0.00847457627118644,26.678949152542376,39.0,2.0,Long Inactive,Very High Value,Low Frequency
CUST2998,20,Male,USA,active,1,1,229.14,229.14,229.14,4.0,0,49.0,49,49,2024-12-15,2024-12-15,2021-05-16,358,1309,0.022404779686333084,1.0,1,1,1,0.0,229.14,229.14,0.0007633587786259542,412.452,5.251489686783804,0.02291825821237586,0.0,536.1876,1.0,0.27883880825057294,63.89312452253628,0.27883880825057294,9.452681436210849,3.5863013698630137,0.27883880825057294,5.251489686783804,11457.0,0.0007633587786259542,0.31484885496183207,0.0,2.0,Long Inactive,Low Value,Low Frequency
CUST2999,54,Male,India,cancelled,1,7,30.87,30.87,4.41,4.3,5,24.0,24,24,2023-07-25,2023-07-25,2023-01-31,867,175,0.14634146341463417,7.0,1,1,1,5.0,30.87,4.41,0.005681818181818182,57.4182,5.292000000000001,1.2,5.0,78.08875199999999,1.0,2.085714285714286,64.38600000000001,14.600000000000001,9.84312,0.4794520547945205,2.085714285714286,5.292000000000001,771.75,0.005681818181818182,0.3262397727272727,125.0,2.0,Long Inactive,Low Value,Low Frequency
